[probe] scenarios: real-completed (real-completed)
[probe] Building extension + webview bundles via node esbuild.js
[watch] build started
[watch] build started
[watch] build started
[watch] build started
[watch] build started
[watch] build started
[watch] build started
[watch] build started
[watch] build finished
[watch] build finished
[watch] build finished
[watch] build finished
[watch] build finished
[watch] build finished
[watch] build finished
[watch] build finished
[probe] Build complete
[probe] evidence handoff enabled: /Users/jorkeyliu/workspace/repos/kilocode/specs/vscode-orchestrator/evidence/p0-baseline/2026-08-15T08-35-00Z-p2/real-completed (staging /Users/jorkeyliu/workspace/repos/kilocode/specs/vscode-orchestrator/evidence/p0-baseline/2026-08-15T08-35-00Z-p2/.real-completed.staging-38c22a57)
[probe] fixture id: e2e-probe-bd4466b5
[probe] cdp port:   54777
[probe] scratch:    /var/folders/9v/733tfwtj2jvgwygmtrbwj9gm0000gn/T/kilo-e2e-jNSxkS
[probe] real-completed seed: /var/folders/9v/733tfwtj2jvgwygmtrbwj9gm0000gn/T/kilo-e2e-jNSxkS/workspace/.kilo/kilo.json (scripted model port 54778)
[probe] runner bundled: /var/folders/9v/733tfwtj2jvgwygmtrbwj9gm0000gn/T/kilo-e2e-jNSxkS/runner.cjs
[probe] VS Code executable: /Users/jorkeyliu/workspace/repos/kilocode/packages/kilo-vscode/.vscode-test/vscode-darwin-arm64-1.133.0/Visual Studio Code.app/Contents/MacOS/Code

DevTools listening on ws://127.0.0.1:54777/devtools/browser/8e85fb6e-8108-452c-8edd-26cb12ecb7f4
[probe] CDP endpoint reachable, connecting Playwright
Warning: 'remote-debugging-port' is not in the list of known options, but still passed to Electron/Chromium.
Warning: 'remote-allow-origins' is not in the list of known options, but still passed to Electron/Chromium.
[90m[main 2026-08-15T08:36:01.560Z][0m StorageMainService: creating application shared storage
[90m[main 2026-08-15T08:36:01.792Z][0m [shared storage] Creating shared storage database at ':memory:' (wasCreated: true)
[90m[main 2026-08-15T08:36:01.795Z][0m [shared storage] Initializing fallback application storage (path: in-memory)
[90m[main 2026-08-15T08:36:02.037Z][0m [shared storage] Fallback application storage initialized with 3 items
[90m[main 2026-08-15T08:36:02.038Z][0m update#setState disabled
[90m[main 2026-08-15T08:36:02.038Z][0m update#ctor - updates are disabled by the environment
[AgentHost:renderer] Acquiring MessagePort to agent host...
[90m[main 2026-08-15T08:36:04.471Z][0m AgentHostProcessManager: agent host started
[AgentHost:renderer] MessagePort acquired, creating client...
2026-08-15 16:36:05.099 Code[38537:17713686] error messaging the mach port for IMKCFRunLoopWakeUpReliable
Started local extension host with pid 39063.
Started initializing default profile extensions in extensions installation folder. file:///var/folders/9v/733tfwtj2jvgwygmtrbwj9gm0000gn/T/kilo-e2e-jNSxkS/extensions
Completed initializing default profile extensions in extensions installation folder. file:///var/folders/9v/733tfwtj2jvgwygmtrbwj9gm0000gn/T/kilo-e2e-jNSxkS/extensions
[AccountPolicyGate] apply: state=inactive, reason=undefined, isRestricted=false
Loading development extension at /Users/jorkeyliu/workspace/repos/kilocode/packages/kilo-vscode
[vscode.mermaid-markdown-features]: Extension 'vscode.mermaid-markdown-features' CANNOT use 'legacyToolReferenceFullNames' without the 'chatParticipantPrivate' API proposal enabled
[AgentHost:renderer] Protocol connection established; clientId=e70ff31b-99de-4556-bc25-4ece2d662547
[91m[main 2026-08-15T08:36:06.162Z][0m [AgentHost:stderr] (node:39059) [DEP0169] DeprecationWarning: `url.parse()` behavior is not standardized and prone to errors that have security implications. Use the WHATWG URL API instead. CVEs are not issued for `url.parse()` vulnerabilities.
(Use `Code Helper --trace-deprecation ...` to show where the warning was created)

Settings Sync: Account status changed from uninitialized to unavailable
[AgentHost] No token resolved for resource: https://api.github.com
[AgentHost] No token resolved for resource: https://api.github.com
[AgentHost] No token resolved for resource: https://api.github.com
[AgentHost] No token resolved for resource: https://api.github.com
[AgentHost] No token resolved for resource: https://api.github.com
[AgentHost] No token resolved for resource: https://api.github.com
[AgentHost] No token resolved for resource: https://api.github.com
[AgentHost] No token resolved for resource: https://api.github.com
[AgentHost] No token resolved for resource: https://api.github.com
[AgentHost] No token resolved for resource: https://api.github.com
[AgentHost] No token resolved for resource: https://api.github.com
[AgentHost] No token resolved for resource: https://api.github.com
[AgentHost] No token resolved for resource: https://api.github.com
[AgentHost] No token resolved for resource: https://api.github.com
[AgentHost] No token resolved for resource: https://api.github.com
[AgentHost] No token resolved for resource: https://api.github.com
[AgentHost] No token resolved for resource: https://api.github.com/repos
[AgentHost] No token resolved for resource: https://api.github.com/repos
[AgentHost] No token resolved for resource: https://api.github.com/repos
[AgentHost] No token resolved for resource: https://api.github.com/repos
[AgentHost] No token resolved for resource: https://api.github.com/repos
[AgentHost] No token resolved for resource: https://api.github.com/repos
[AgentHost] No token resolved for resource: https://api.github.com/repos
[AgentHost] No token resolved for resource: https://api.github.com/repos
[AgentHost] No token resolved for resource: https://api.github.com/repos
[AgentHost] No token resolved for resource: https://api.github.com/repos
[AgentHost] No token resolved for resource: https://api.github.com/repos
[AgentHost] No token resolved for resource: https://api.github.com/repos
[AgentHost] No token resolved for resource: https://api.github.com/repos
[AgentHost] No token resolved for resource: https://api.github.com/repos
[AgentHost] No token resolved for resource: https://api.github.com/repos
[AgentHost] No token resolved for resource: https://api.github.com/repos
[AgentHost] No token resolved for resource: https://api.github.com
[AgentHost] No token resolved for resource: https://api.github.com
[AgentHost] No token resolved for resource: https://api.github.com
[AgentHost] No token resolved for resource: https://api.github.com
[AgentHost] No token resolved for resource: https://api.github.com
[AgentHost] No token resolved for resource: https://api.github.com
[AgentHost] No token resolved for resource: https://api.github.com
[AgentHost] No token resolved for resource: https://api.github.com
[AgentHost] No token resolved for resource: https://api.github.com
[AgentHost] No token resolved for resource: https://api.github.com
[AgentHost] No token resolved for resource: https://api.github.com
[AgentHost] No token resolved for resource: https://api.github.com
[AgentHost] No token resolved for resource: https://api.github.com
[AgentHost] No token resolved for resource: https://api.github.com
[AgentHost] No token resolved for resource: https://api.github.com
[AgentHost] No token resolved for resource: https://api.github.com
[AgentHost] No token resolved for resource: https://api.github.com/repos
[AgentHost] No token resolved for resource: https://api.github.com/repos
[AgentHost] No token resolved for resource: https://api.github.com/repos
[AgentHost] No token resolved for resource: https://api.github.com/repos
[AgentHost] No token resolved for resource: https://api.github.com/repos
[AgentHost] No token resolved for resource: https://api.github.com/repos
[AgentHost] No token resolved for resource: https://api.github.com/repos
[AgentHost] No token resolved for resource: https://api.github.com/repos
[AgentHost] No token resolved for resource: https://api.github.com/repos
[AgentHost] No token resolved for resource: https://api.github.com/repos
[AgentHost] No token resolved for resource: https://api.github.com/repos
[AgentHost] No token resolved for resource: https://api.github.com/repos
[AgentHost] No token resolved for resource: https://api.github.com/repos
[AgentHost] No token resolved for resource: https://api.github.com/repos
[AgentHost] No token resolved for resource: https://api.github.com/repos
[AgentHost] No token resolved for resource: https://api.github.com/repos
Unknown channel: agentHostClientProxy
Unknown channel: agentHostClientProxy
Kilo Code extension is now active
[Kilo New][P0-Perf] {"corr":"b4e081ba-89cc-44bc-935b-893749b1d932","stage":"activate.start","t":1786782967502,"d":0,"surface":"extension"}
[Kilo New][P0-Perf] {"corr":"b4e081ba-89cc-44bc-935b-893749b1d932","stage":"connect.start","t":1786782967509,"d":7,"surface":"extension"}
[Kilo New] ServerManager: 🔍 getServer called
[Kilo New] ServerManager: 🚀 Starting new server instance...
[Kilo New] ServerManager: 📦 Using CLI path: /Users/jorkeyliu/workspace/repos/kilocode/packages/kilo-vscode/bin/kilo
[Kilo New] ServerManager: 📍 CLI path: /Users/jorkeyliu/workspace/repos/kilocode/packages/kilo-vscode/bin/kilo
[Kilo New] ServerManager: 🔐 Generated password (length): 64
[Kilo New] ServerManager: 📄 CLI isFile: true
[Kilo New] ServerManager: 📄 CLI mode (octal): 755
[Kilo New] ServerManager: 🎬 Spawning CLI process: /Users/jorkeyliu/workspace/repos/kilocode/packages/kilo-vscode/bin/kilo [ 'serve', '--port', '0' ]
[Kilo New][P0-Perf] {"corr":"b4e081ba-89cc-44bc-935b-893749b1d932","stage":"spawn.start","t":1786782967512,"d":10,"surface":"extension"}
[Kilo New] ServerManager: 📦 Process spawned with PID: 39166
[Kilo New][P0-Perf] {"corr":"b4e081ba-89cc-44bc-935b-893749b1d932","stage":"spawn.done","t":1786782967517,"d":15,"surface":"extension","pid":39166}
[Kilo New][P0-Perf] {"corr":"b4e081ba-89cc-44bc-935b-893749b1d932","stage":"activate.done","t":1786782967526,"d":24,"surface":"extension"}
[telemetry] Agent Manager Opened { source: 'agent-manager' }
[Kilo New] KiloProvider: 🔧 Starting initializeConnection...
(node:39063) [DEP0169] DeprecationWarning: `url.parse()` behavior is not standardized and prone to errors that have security implications. Use the WHATWG URL API instead. CVEs are not issued for `url.parse()` vulnerabilities.
(Use `Code Helper (Plugin) --trace-deprecation ...` to show where the warning was created)
Unknown channel: agentHostClientProxy
[Kilo New][P0-Perf] {"corr":"b4e081ba-89cc-44bc-935b-893749b1d932","stage":"webview.load","t":1786782969256,"d":1754,"surface":"webview","wd":210}
[Kilo New][P0-Perf] {"corr":"b4e081ba-89cc-44bc-935b-893749b1d932","stage":"webview.mount","t":1786782969293,"d":1791,"surface":"webview","wd":247}
[Kilo New] KiloProvider: ✅ webviewReady received
[Kilo New][P0-Perf] {"corr":"b4e081ba-89cc-44bc-935b-893749b1d932","stage":"webview.ready","t":1786782970230,"d":2728,"surface":"extension"}
[Kilo New] KiloProvider: 🔄 syncWebviewState() {
  reason: 'webviewReady',
  isWebviewReady: true,
  connectionState: 'connecting',
  hasClient: false,
  hasServerInfo: false
}
[Kilo New][P0-Perf] {"corr":"b4e081ba-89cc-44bc-935b-893749b1d932","stage":"webview.render","t":1786782970319,"d":2817,"surface":"webview","wd":1273}
[Kilo New][P0-Perf] {"corr":"b4e081ba-89cc-44bc-935b-893749b1d932","stage":"webview.paint","t":1786782970407,"d":2905,"surface":"webview","wd":1361}
[AccountPolicyGate] apply: state=inactive, reason=undefined, isRestricted=false
[Kilo New] ServerManager: ⚠️ CLI Server stderr: INFO  2026-08-15T08:36:12 +508ms service=p0-perf event=p0.start stage=app_layer_define ts=1786782972375 app_layer_define
[Kilo New] ServerManager: ⚠️ CLI Server stderr: INFO  2026-08-15T08:36:12 +1ms service=p0-perf event=p0.end stage=app_layer_define ts=1786782972377 duration=2 app_layer_define
[Kilo New] ServerManager: ⚠️ CLI Server stderr: INFO  2026-08-15T08:36:12 +0ms service=p0-perf event=p0.start stage=app_runtime_make ts=1786782972377 app_runtime_make
[Kilo New] ServerManager: ⚠️ CLI Server stderr: INFO  2026-08-15T08:36:12 +1ms service=p0-perf event=p0.end stage=app_runtime_make ts=1786782972378 duration=1 app_runtime_make
[Kilo New] ServerManager: ⚠️ CLI Server stderr: INFO  2026-08-15T08:36:12 +94ms service=default version=0.0.0-jorkey-refactor-vscode-agent-orchestrator-202608141823 args=["serve","--port","0","--print-logs"] process_role=main run_id=bef49d26-7790-423f-a34e-14a8c8b2cb15 opencode
[Kilo New] ServerManager: ⚠️ CLI Server stderr: Performing one time database migration, may take a few minutes...
[Kilo New] ServerManager: ⚠️ CLI Server stderr: INFO  2026-08-15T08:36:12 +286ms service=json-migration storage directory does not exist, skipping migration
[Kilo New] ServerManager: ⚠️ CLI Server stderr: sqlite-migration:done
[Kilo New] ServerManager: ⚠️ CLI Server stderr: Database migration complete.
[Kilo New] ServerManager: ⚠️ CLI Server stderr: INFO  2026-08-15T08:36:13 +703ms service=config path=/var/folders/9v/733tfwtj2jvgwygmtrbwj9gm0000gn/T/kilo-e2e-jNSxkS/xdg-config/kilo/config.json loading
[Kilo New] ServerManager: ⚠️ CLI Server stderr: INFO  2026-08-15T08:36:13 +1ms service=config path=/var/folders/9v/733tfwtj2jvgwygmtrbwj9gm0000gn/T/kilo-e2e-jNSxkS/xdg-config/kilo/kilo.json loading
[Kilo New] ServerManager: ⚠️ CLI Server stderr: INFO  2026-08-15T08:36:13 +0ms service=config path=/var/folders/9v/733tfwtj2jvgwygmtrbwj9gm0000gn/T/kilo-e2e-jNSxkS/xdg-config/kilo/kilo.jsonc loading
[Kilo New] ServerManager: ⚠️ CLI Server stderr: INFO  2026-08-15T08:36:13 +7ms service=config path=/var/folders/9v/733tfwtj2jvgwygmtrbwj9gm0000gn/T/kilo-e2e-jNSxkS/xdg-config/kilo/opencode.json loading
[Kilo New] ServerManager: ⚠️ CLI Server stderr: INFO  2026-08-15T08:36:13 +4ms service=config path=/var/folders/9v/733tfwtj2jvgwygmtrbwj9gm0000gn/T/kilo-e2e-jNSxkS/xdg-config/kilo/opencode.jsonc loading
[Kilo New] ServerManager: ⚠️ CLI Server stderr: INFO  2026-08-15T08:36:13 +79ms service=p0-perf event=p0.mark stage=serve_cli_entry ts=1786782973552 id=39166 serve_cli_entry
[Kilo New] ServerManager: ⚠️ CLI Server stderr: INFO  2026-08-15T08:36:13 +165ms service=p0-perf event=p0.start stage=listener ts=1786782973717 id=127.0.0.1:0 listener
[Kilo New] ServerManager: ⚠️ CLI Server stderr: INFO  2026-08-15T08:36:14 +959ms service=p0-perf event=p0.end stage=listener ts=1786782974676 duration=959 id=127.0.0.1:0 meta={"hostname":"127.0.0.1","port":54807} listener
[Kilo New] ServerManager: 📥 CLI Server stdout: kilo server listening on http://127.0.0.1:54807

[Kilo New] ServerManager: 🎯 Port detected: 54807
[Kilo New][P0-Perf] {"corr":"b4e081ba-89cc-44bc-935b-893749b1d932","stage":"port.detected","t":1786782974679,"d":7177,"surface":"extension","port":54807}
[Kilo New] ServerManager: ✅ Server started successfully: { port: 54807 }
[Kilo New] SSE: 🔌 connect() called
[Kilo New][P0-Perf] {"corr":"b4e081ba-89cc-44bc-935b-893749b1d932","stage":"sse.connect","t":1786782974680,"d":7178,"surface":"extension"}
[Kilo New] SSE: 🔄 Setting state to "connecting"
[Kilo New] SSE: 🎬 Calling SDK global.event()...
[Kilo New] SSE: ⏳ Waiting for first stream event
[Kilo New] ServerManager: ⚠️ CLI Server stderr: INFO  2026-08-15T08:36:14 +4ms service=parent-watchdog parent=39063 ppid=39063 intervalMs=1000 watching parent process
[Kilo New] ServerManager: ⚠️ CLI Server stderr: INFO  2026-08-15T08:36:14 +40ms service=server global event connected
[Kilo New] SSE: ✅ Stream opened successfully
[Kilo New][P0-Perf] {"corr":"b4e081ba-89cc-44bc-935b-893749b1d932","stage":"sse.connected","t":1786782974749,"d":7247,"surface":"extension"}
[Kilo New] CLI connected, calling remoteService.refresh()
[Kilo New][P0-Perf] {"corr":"b4e081ba-89cc-44bc-935b-893749b1d932","stage":"sse.event","t":1786782974754,"d":7252,"surface":"extension","span":"start","eventType":"server.connected"}
[Kilo New][P0-Perf] {"corr":"b4e081ba-89cc-44bc-935b-893749b1d932","stage":"sse.event","t":1786782974754,"d":7252,"surface":"extension","span":"end","dur":0,"eventType":"server.connected"}
[Kilo New] KiloProvider: checking config warnings {
  from: 'init',
  dir: '/var/folders/9v/733tfwtj2jvgwygmtrbwj9gm0000gn/T/kilo-e2e-jNSxkS/workspace'
}
[Kilo New] KiloProvider: 🔄 syncWebviewState() {
  reason: 'initializeConnection',
  isWebviewReady: true,
  connectionState: 'connected',
  hasClient: true,
  hasServerInfo: true
}
[Kilo New] KiloProvider: 👤 syncWebviewState fetching profile...
[Kilo New] KiloProvider: 🔄 Flushing deferred sessions refresh { reason: 'refreshSessions' }
[Kilo New] ServerManager: ⚠️ CLI Server stderr: INFO  2026-08-15T08:36:14 +120ms service=default directory=/private/var/folders/9v/733tfwtj2jvgwygmtrbwj9gm0000gn/T/kilo-e2e-jNSxkS/workspace creating instance
[Kilo New] ServerManager: ⚠️ CLI Server stderr: INFO  2026-08-15T08:36:14 +2ms service=project directory=/private/var/folders/9v/733tfwtj2jvgwygmtrbwj9gm0000gn/T/kilo-e2e-jNSxkS/workspace fromDirectory
[Kilo New][P0-Perf] {"corr":"b4e081ba-89cc-44bc-935b-893749b1d932","stage":"sse.event","t":1786782975403,"d":7901,"surface":"extension","span":"start","eventType":"project.updated","dir":"global"}
[Kilo New][P0-Perf] {"corr":"b4e081ba-89cc-44bc-935b-893749b1d932","stage":"sse.event","t":1786782975404,"d":7902,"surface":"extension","span":"end","dur":1,"eventType":"project.updated","dir":"global"}
[Kilo New] ServerManager: ⚠️ CLI Server stderr: INFO  2026-08-15T08:36:15 +594ms service=p0-perf event=p0.start stage=instance_bootstrap ts=1786782975436 dir=/private/var/folders/9v/733tfwtj2jvgwygmtrbwj9gm0000gn/T/kilo-e2e-jNSxkS/workspace instance_bootstrap
[Kilo New] ServerManager: ⚠️ CLI Server stderr: INFO  2026-08-15T08:36:15 +69ms service=p0-perf event=p0.start stage=config_load ts=1786782975505 dir=/private/var/folders/9v/733tfwtj2jvgwygmtrbwj9gm0000gn/T/kilo-e2e-jNSxkS/workspace config_load
[Kilo New] ServerManager: ⚠️ CLI Server stderr: INFO  2026-08-15T08:36:15 +185ms service=config path=/var/folders/9v/733tfwtj2jvgwygmtrbwj9gm0000gn/T/kilo-e2e-jNSxkS/xdg-config/kilo/config.json loading
[Kilo New] ServerManager: ⚠️ CLI Server stderr: INFO  2026-08-15T08:36:15 +0ms service=config path=/var/folders/9v/733tfwtj2jvgwygmtrbwj9gm0000gn/T/kilo-e2e-jNSxkS/xdg-config/kilo/kilo.json loading
[Kilo New] ServerManager: ⚠️ CLI Server stderr: INFO  2026-08-15T08:36:15 +20ms service=config path=/var/folders/9v/733tfwtj2jvgwygmtrbwj9gm0000gn/T/kilo-e2e-jNSxkS/xdg-config/kilo/kilo.jsonc loading
[Kilo New] ServerManager: ⚠️ CLI Server stderr: INFO  2026-08-15T08:36:15 +25ms service=config path=/var/folders/9v/733tfwtj2jvgwygmtrbwj9gm0000gn/T/kilo-e2e-jNSxkS/xdg-config/kilo/opencode.json loading
[Kilo New] ServerManager: ⚠️ CLI Server stderr: INFO  2026-08-15T08:36:15 +36ms service=config path=/var/folders/9v/733tfwtj2jvgwygmtrbwj9gm0000gn/T/kilo-e2e-jNSxkS/xdg-config/kilo/opencode.jsonc loading
[Kilo New] ServerManager: ⚠️ CLI Server stderr: INFO  2026-08-15T08:36:16 +689ms service=config path=/private/var/folders/9v/733tfwtj2jvgwygmtrbwj9gm0000gn/T/kilo-e2e-jNSxkS/workspace/.kilo/kilo.jsonc loading
[Kilo New] ServerManager: ⚠️ CLI Server stderr: INFO  2026-08-15T08:36:16 +0ms service=config path=/private/var/folders/9v/733tfwtj2jvgwygmtrbwj9gm0000gn/T/kilo-e2e-jNSxkS/workspace/.kilo/kilo.json loading
[Kilo New] ServerManager: ⚠️ CLI Server stderr: INFO  2026-08-15T08:36:16 +33ms service=config path=/private/var/folders/9v/733tfwtj2jvgwygmtrbwj9gm0000gn/T/kilo-e2e-jNSxkS/workspace/.kilo/opencode.jsonc loading
[Kilo New] ServerManager: ⚠️ CLI Server stderr: INFO  2026-08-15T08:36:16 +17ms service=config path=/private/var/folders/9v/733tfwtj2jvgwygmtrbwj9gm0000gn/T/kilo-e2e-jNSxkS/workspace/.kilo/opencode.json loading
[Kilo New] ServerManager: ⚠️ CLI Server stderr: INFO  2026-08-15T08:36:16 +67ms service=config path=/Users/jorkeyliu/.kilo/kilo.jsonc loading
[Kilo New] ServerManager: ⚠️ CLI Server stderr: INFO  2026-08-15T08:36:16 +10ms service=config path=/Users/jorkeyliu/.kilo/kilo.json loading
[Kilo New] ServerManager: ⚠️ CLI Server stderr: INFO  2026-08-15T08:36:16 +2ms service=config path=/Users/jorkeyliu/.kilo/opencode.jsonc loading
[Kilo New] ServerManager: ⚠️ CLI Server stderr: INFO  2026-08-15T08:36:16 +4ms service=config path=/Users/jorkeyliu/.kilo/opencode.json loading
[Kilo New] ServerManager: ⚠️ CLI Server stderr: INFO  2026-08-15T08:36:16 +33ms service=p0-perf event=p0.end stage=config_load ts=1786782976626 duration=1121 dir=/private/var/folders/9v/733tfwtj2jvgwygmtrbwj9gm0000gn/T/kilo-e2e-jNSxkS/workspace config_load
[Kilo New] ServerManager: ⚠️ CLI Server stderr: INFO  2026-08-15T08:36:16 +7ms service=plugin name=SH6 loading internal plugin
[Kilo New] ServerManager: ⚠️ CLI Server stderr: INFO  2026-08-15T08:36:16 +0ms service=plugin name=Fo6 loading internal plugin
[Kilo New] ServerManager: ⚠️ CLI Server stderr: INFO  2026-08-15T08:36:16 +1ms service=plugin name=fW_ loading internal plugin
[Kilo New] ServerManager: ⚠️ CLI Server stderr: INFO  2026-08-15T08:36:16 +1ms service=plugin name= loading internal plugin
[Kilo New] ServerManager: ⚠️ CLI Server stderr: INFO  2026-08-15T08:36:16 +1ms service=plugin name=SF_ loading internal plugin
[Kilo New] ServerManager: ⚠️ CLI Server stderr: INFO  2026-08-15T08:36:16 +2ms service=plugin name=nX_ loading internal plugin
[Kilo New] ServerManager: ⚠️ CLI Server stderr: INFO  2026-08-15T08:36:16 +0ms service=plugin name=yW1 loading internal plugin
[Kilo New] ServerManager: ⚠️ CLI Server stderr: INFO  2026-08-15T08:36:16 +1ms service=plugin name=_K_ loading internal plugin
[Kilo New] ServerManager: ⚠️ CLI Server stderr: INFO  2026-08-15T08:36:16 +0ms service=plugin name=qK_ loading internal plugin
[Kilo New] ServerManager: ⚠️ CLI Server stderr: INFO  2026-08-15T08:36:16 +0ms service=plugin name=TK_ loading internal plugin
[Kilo New] ServerManager: ⚠️ CLI Server stderr: INFO  2026-08-15T08:36:16 +1ms service=plugin name=RK_ loading internal plugin
[Kilo New] ServerManager: ⚠️ CLI Server stderr: INFO  2026-08-15T08:36:16 +0ms service=plugin name=WK_ loading internal plugin
[Kilo New] ServerManager: ⚠️ CLI Server stderr: INFO  2026-08-15T08:36:16 +12ms service=bus type=session.turn.open subscribing
[Kilo New] ServerManager: ⚠️ CLI Server stderr: INFO  2026-08-15T08:36:16 +1ms service=bus type=session.turn.close subscribing
[Kilo New] ServerManager: ⚠️ CLI Server stderr: INFO  2026-08-15T08:36:16 +1ms service=bus type=memory.status subscribing
[Kilo New] ServerManager: ⚠️ CLI Server stderr: INFO  2026-08-15T08:36:16 +0ms service=bus type=memory.updated subscribing
[Kilo New] ServerManager: ⚠️ CLI Server stderr: INFO  2026-08-15T08:36:16 +8ms service=format all formatters are disabled
[Kilo New] ServerManager: ⚠️ CLI Server stderr: INFO  2026-08-15T08:36:16 +0ms service=format init
[Kilo New] ServerManager: ⚠️ CLI Server stderr: INFO  2026-08-15T08:36:16 +1ms service=lsp all LSPs are disabled
[Kilo New] ServerManager: ⚠️ CLI Server stderr: INFO  2026-08-15T08:36:16 +0ms service=p0-perf event=p0.end stage=instance_bootstrap ts=1786782976663 duration=1227 dir=/private/var/folders/9v/733tfwtj2jvgwygmtrbwj9gm0000gn/T/kilo-e2e-jNSxkS/workspace instance_bootstrap
[Kilo New] KiloProvider: config warnings fetched { from: 'init', count: 0 }
[Kilo New] KiloProvider: 👤 syncWebviewState profile: null
[Kilo New] ServerManager: ⚠️ CLI Server stderr: INFO  2026-08-15T08:36:17 +343ms service=vcs branch=main default_branch=main initialized
[Kilo New] KiloProvider: 🔄 Flushing deferred sessions refresh { reason: 'initializeConnection' }
[Kilo New][P0-Perf] {"corr":"b4e081ba-89cc-44bc-935b-893749b1d932","stage":"dataReady.start","t":1786782977015,"d":9513,"surface":"extension"}
[probe] runner ready, plan: source=e2e-probe-bd4466b5-A sibling=e2e-probe-bd4466b5-B child=e2e-probe-bd4466b5-C variant=e2e-probe-bd4466b5-D tabA=e2e-probe-bd4466b5-TA tabB=e2e-probe-bd4466b5-TB tabC=e2e-probe-bd4466b5-TC topicRoot=e2e-probe-bd4466b5-T1 topicChild=e2e-probe-bd4466b5-T1C topicSibling=e2e-probe-bd4466b5-T2 realAgent=e2e-agent realAgentB=e2e-agent-b realModel=e2e-local/e2e-model
[Kilo New] ServerManager: ⚠️ CLI Server stderr: INFO  2026-08-15T08:36:17 +267ms service=p0-perf event=p0.start stage=config_load ts=1786782977273 dir=/private/var/folders/9v/733tfwtj2jvgwygmtrbwj9gm0000gn/T/kilo-e2e-jNSxkS/workspace config_load
[Kilo New] ServerManager: ⚠️ CLI Server stderr: INFO  2026-08-15T08:36:17 +4ms service=model-cache providerID=kilo fetching models
[Kilo New] ServerManager: ⚠️ CLI Server stderr: INFO  2026-08-15T08:36:17 +4ms service=mcp key=e2e-fixture type=local found
[Kilo New] ServerManager: ⚠️ CLI Server stderr: WARN  2026-08-15T08:36:17 +17ms service=config dir=/var/folders/9v/733tfwtj2jvgwygmtrbwj9gm0000gn/T/kilo-e2e-jNSxkS/xdg-config/kilo error=Cause([Fail(NpmInstallFailedError (cause: @kilocode/plugin: No matching version found for @kilocode/plugin@0.0.0-jorkey-refactor-vscode-agent-orchestrator-202608141823.))]) background dependency install failed
[Kilo New] ServerManager: ⚠️ CLI Server stderr: INFO  2026-08-15T08:36:17 +385ms service=skill count=6 init
[Kilo New] ServerManager: ⚠️ CLI Server stderr: INFO  2026-08-15T08:36:17 +130ms service=config path=/private/var/folders/9v/733tfwtj2jvgwygmtrbwj9gm0000gn/T/kilo-e2e-jNSxkS/workspace/.kilo/kilo.jsonc loading
[Kilo New] ServerManager: ⚠️ CLI Server stderr: INFO  2026-08-15T08:36:17 +0ms service=config path=/private/var/folders/9v/733tfwtj2jvgwygmtrbwj9gm0000gn/T/kilo-e2e-jNSxkS/workspace/.kilo/kilo.json loading
[Kilo New] ServerManager: ⚠️ CLI Server stderr: INFO  2026-08-15T08:36:17 +4ms service=config path=/private/var/folders/9v/733tfwtj2jvgwygmtrbwj9gm0000gn/T/kilo-e2e-jNSxkS/workspace/.kilo/opencode.jsonc loading
[Kilo New] ServerManager: ⚠️ CLI Server stderr: INFO  2026-08-15T08:36:17 +4ms service=config path=/private/var/folders/9v/733tfwtj2jvgwygmtrbwj9gm0000gn/T/kilo-e2e-jNSxkS/workspace/.kilo/opencode.json loading
[Kilo New] ServerManager: ⚠️ CLI Server stderr: INFO  2026-08-15T08:36:17 +68ms service=mcp key=e2e-fixture toolCount=1 create() successfully created client
[Kilo New] ServerManager: ⚠️ CLI Server stderr: INFO  2026-08-15T08:36:17 +2ms service=config path=/Users/jorkeyliu/.kilo/kilo.jsonc loading
[Kilo New] ServerManager: ⚠️ CLI Server stderr: ERROR 2026-08-15T08:36:17 +29ms service=mcp clientName=e2e-fixture error=MCP error -32601: Method not found failed to get prompts
[Kilo New] ServerManager: ⚠️ CLI Server stderr: INFO  2026-08-15T08:36:17 +9ms service=config path=/Users/jorkeyliu/.kilo/kilo.json loading
[Kilo New] ServerManager: ⚠️ CLI Server stderr: INFO  2026-08-15T08:36:17 +1ms service=config path=/Users/jorkeyliu/.kilo/opencode.jsonc loading
[Kilo New] ServerManager: ⚠️ CLI Server stderr: INFO  2026-08-15T08:36:17 +2ms service=config path=/Users/jorkeyliu/.kilo/opencode.json loading
[Kilo New] ServerManager: ⚠️ CLI Server stderr: INFO  2026-08-15T08:36:17 +41ms service=p0-perf event=p0.end stage=config_load ts=1786782977973 duration=700 dir=/private/var/folders/9v/733tfwtj2jvgwygmtrbwj9gm0000gn/T/kilo-e2e-jNSxkS/workspace config_load
[Kilo New] ServerManager: ⚠️ CLI Server stderr: INFO  2026-08-15T08:36:17 +0ms service=kilocode-indexing workspacePath=/private/var/folders/9v/733tfwtj2jvgwygmtrbwj9gm0000gn/T/kilo-e2e-jNSxkS/workspace initializing project indexing
[Kilo New] ServerManager: ⚠️ CLI Server stderr: INFO  2026-08-15T08:36:17 +6ms service=bus type=indexing.status publishing
[Kilo New] ServerManager: ⚠️ CLI Server stderr: INFO  2026-08-15T08:36:17 +2ms service=bus type=indexing.status publishing
[Kilo New][P0-Perf] {"corr":"b4e081ba-89cc-44bc-935b-893749b1d932","stage":"sse.event","t":1786782977985,"d":10483,"surface":"extension","span":"start","eventType":"indexing.status","dir":"/private/var/folders/9v/733tfwtj2jvgwygmtrbwj9gm0000gn/T/kilo-e2e-jNSxkS/workspace"}
[Kilo New][P0-Perf] {"corr":"b4e081ba-89cc-44bc-935b-893749b1d932","stage":"sse.event","t":1786782977985,"d":10483,"surface":"extension","span":"end","dur":0,"eventType":"indexing.status","dir":"/private/var/folders/9v/733tfwtj2jvgwygmtrbwj9gm0000gn/T/kilo-e2e-jNSxkS/workspace"}
[Kilo New][P0-Perf] {"corr":"b4e081ba-89cc-44bc-935b-893749b1d932","stage":"sse.event","t":1786782977985,"d":10483,"surface":"extension","span":"start","eventType":"indexing.status","dir":"/private/var/folders/9v/733tfwtj2jvgwygmtrbwj9gm0000gn/T/kilo-e2e-jNSxkS/workspace"}
[Kilo New][P0-Perf] {"corr":"b4e081ba-89cc-44bc-935b-893749b1d932","stage":"sse.event","t":1786782977985,"d":10483,"surface":"extension","span":"end","dur":0,"eventType":"indexing.status","dir":"/private/var/folders/9v/733tfwtj2jvgwygmtrbwj9gm0000gn/T/kilo-e2e-jNSxkS/workspace"}
[Kilo New] ServerManager: ⚠️ CLI Server stderr: INFO  2026-08-15T08:36:18 +166ms service=model-cache providerID=kilo count=291 models fetched and cached
[Kilo New] ServerManager: ⚠️ CLI Server stderr: INFO  2026-08-15T08:36:18 +1ms service=model-cache providerID=apertis fetching models
[Kilo New] ServerManager: ⚠️ CLI Server stderr: WARN  2026-08-15T08:36:18 +1ms service=config dir=/var/folders/9v/733tfwtj2jvgwygmtrbwj9gm0000gn/T/kilo-e2e-jNSxkS/xdg-config/kilo error=Cause([Fail(NpmInstallFailedError (cause: @kilocode/plugin: No matching version found for @kilocode/plugin@0.0.0-jorkey-refactor-vscode-agent-orchestrator-202608141823.))]) background dependency install failed
[Kilo New] ServerManager: ⚠️ CLI Server stderr: INFO  2026-08-15T08:36:18 +72ms service=model-cache providerID=apertis count=0 models fetched and cached
[Kilo New] ServerManager: ⚠️ CLI Server stderr: INFO  2026-08-15T08:36:18 +9ms service=provider status=started state
[Kilo New] ServerManager: ⚠️ CLI Server stderr: INFO  2026-08-15T08:36:18 +0ms service=p0-perf event=p0.start stage=provider_state_init ts=1786782978230 dir=/private/var/folders/9v/733tfwtj2jvgwygmtrbwj9gm0000gn/T/kilo-e2e-jNSxkS/workspace provider_state_init
[Kilo New] ServerManager: ⚠️ CLI Server stderr: INFO  2026-08-15T08:36:18 +2ms service=model-cache providerID=apertis refreshing models
[Kilo New] ServerManager: ⚠️ CLI Server stderr: INFO  2026-08-15T08:36:18 +13ms service=model-cache providerID=apertis count=0 models fetched and cached
[probe] PASS custom agent served in ModeSwitcher: "E2E Agent"
[Kilo New] ServerManager: ⚠️ CLI Server stderr: INFO  2026-08-15T08:36:18 +401ms service=provider init
[Kilo New] ServerManager: ⚠️ CLI Server stderr: INFO  2026-08-15T08:36:18 +1ms service=model-cache providerID=apertis refreshing models
[Kilo New] ServerManager: ⚠️ CLI Server stderr: INFO  2026-08-15T08:36:18 +47ms service=model-cache providerID=apertis count=0 models fetched and cached
[Kilo New] ServerManager: ⚠️ CLI Server stderr: ERROR 2026-08-15T08:36:18 +42ms service=provider Provider does not exist in model list github-copilot-enterprise
[Kilo New] ServerManager: ⚠️ CLI Server stderr: INFO  2026-08-15T08:36:18 +2ms service=provider providerID=kilo found
[Kilo New] ServerManager: ⚠️ CLI Server stderr: INFO  2026-08-15T08:36:18 +0ms service=provider providerID=e2e-local found
[Kilo New] ServerManager: ⚠️ CLI Server stderr: INFO  2026-08-15T08:36:18 +0ms service=p0-perf event=p0.end stage=provider_state_init ts=1786782978738 duration=508 dir=/private/var/folders/9v/733tfwtj2jvgwygmtrbwj9gm0000gn/T/kilo-e2e-jNSxkS/workspace provider_state_init
[Kilo New] ServerManager: ⚠️ CLI Server stderr: INFO  2026-08-15T08:36:18 +0ms service=provider status=completed duration=508 state
[probe] picked "E2E Agent" from agent picker
[probe] PASS custom agent selected: "E2E Agent"
[Kilo New][P0-Perf] {"corr":"b4e081ba-89cc-44bc-935b-893749b1d932","stage":"dataReady.done","t":1786782981111,"d":13609,"surface":"extension"}
[Kilo New] KiloProvider: ✅ initializeConnection completed successfully
[probe] picked "Low" from variant picker
[probe] PASS variant Low selected: "Low"
[probe] PASS custom model visibly selected: "E2E Local / E2E Model"
[probe] sent prompt via real prompt input: E2E_TASK_DELEGATE: delegate one read-only sub-task that only replies with a fixed text string, wait for it, and report its reply verbatim
[Kilo New] ServerManager: ⚠️ CLI Server stderr: INFO  2026-08-15T08:36:23 +5164ms service=session id=ses_ffb6f5921ffe7fqDtYuSdit3bS slug=curious-sailor version=0.0.0-jorkey-refactor-vscode-agent-orchestrator-202608141823 projectID=8d92d1e5131045cc7f25d873d3918998f2fa7b46 directory=/private/var/folders/9v/733tfwtj2jvgwygmtrbwj9gm0000gn/T/kilo-e2e-jNSxkS/workspace path= title=New session - 2026-08-15T08:36:23.902Z metadata={"kilocode.sandbox":{"enabled":false,"version":0}} cost=0 tokens={"input":0,"output":0,"reasoning":0,"cache":{"read":0,"write":0}} time={"created":1786782983902,"updated":1786782983902} created
[Kilo New] ServerManager: ⚠️ CLI Server stderr: INFO  2026-08-15T08:36:23 +17ms service=kilo-sessions sessionId=ses_ffb6f5921ffe7fqDtYuSdit3bS session bootstrap skipped: no client
[Kilo New][P0-Perf] {"corr":"b4e081ba-89cc-44bc-935b-893749b1d932","stage":"sse.event","t":1786782983923,"d":16421,"surface":"extension","span":"start","eventType":"session.created","dir":"/private/var/folders/9v/733tfwtj2jvgwygmtrbwj9gm0000gn/T/kilo-e2e-jNSxkS/workspace"}
[Kilo New][P0-Perf] {"corr":"b4e081ba-89cc-44bc-935b-893749b1d932","stage":"sse.event","t":1786782983923,"d":16421,"surface":"extension","span":"end","dur":0,"eventType":"session.created","dir":"/private/var/folders/9v/733tfwtj2jvgwygmtrbwj9gm0000gn/T/kilo-e2e-jNSxkS/workspace"}
[Kilo New][P0-Perf] {"corr":"b4e081ba-89cc-44bc-935b-893749b1d932","stage":"sse.event","t":1786782983923,"d":16421,"surface":"extension","span":"start","eventType":"session.created.1","dir":"/private/var/folders/9v/733tfwtj2jvgwygmtrbwj9gm0000gn/T/kilo-e2e-jNSxkS/workspace"}
[Kilo New][P0-Perf] {"corr":"b4e081ba-89cc-44bc-935b-893749b1d932","stage":"sse.event","t":1786782983923,"d":16421,"surface":"extension","span":"end","dur":0,"eventType":"session.created.1","dir":"/private/var/folders/9v/733tfwtj2jvgwygmtrbwj9gm0000gn/T/kilo-e2e-jNSxkS/workspace"}
[Kilo New][P0-Perf] {"corr":"b4e081ba-89cc-44bc-935b-893749b1d932","stage":"prompt.submit","t":1786782983974,"d":16472,"surface":"extension","sessionID":"ses_ffb6f5921ffe7fqDtYuSdit3bS","messageID":"msg_00490a6cb0013dmkaK81GYaOFA","draftID":"pending:42ca7f56-fddb-4724-bb86-ee61ad34fe40","dir":"/var/folders/9v/733tfwtj2jvgwygmtrbwj9gm0000gn/T/kilo-e2e-jNSxkS/workspace"}
[Kilo New][P0-Perf] {"corr":"b4e081ba-89cc-44bc-935b-893749b1d932","stage":"sse.event","t":1786782984083,"d":16581,"surface":"extension","span":"start","eventType":"session.next.agent.switched","dir":"/private/var/folders/9v/733tfwtj2jvgwygmtrbwj9gm0000gn/T/kilo-e2e-jNSxkS/workspace"}
[Kilo New][P0-Perf] {"corr":"b4e081ba-89cc-44bc-935b-893749b1d932","stage":"sse.event","t":1786782984083,"d":16581,"surface":"extension","span":"end","dur":0,"eventType":"session.next.agent.switched","dir":"/private/var/folders/9v/733tfwtj2jvgwygmtrbwj9gm0000gn/T/kilo-e2e-jNSxkS/workspace"}
[Kilo New][P0-Perf] {"corr":"b4e081ba-89cc-44bc-935b-893749b1d932","stage":"sse.event","t":1786782984083,"d":16581,"surface":"extension","span":"start","eventType":"session.next.agent.switched.1","dir":"/private/var/folders/9v/733tfwtj2jvgwygmtrbwj9gm0000gn/T/kilo-e2e-jNSxkS/workspace"}
[Kilo New][P0-Perf] {"corr":"b4e081ba-89cc-44bc-935b-893749b1d932","stage":"sse.event","t":1786782984083,"d":16581,"surface":"extension","span":"end","dur":0,"eventType":"session.next.agent.switched.1","dir":"/private/var/folders/9v/733tfwtj2jvgwygmtrbwj9gm0000gn/T/kilo-e2e-jNSxkS/workspace"}
[Kilo New][P0-Perf] {"corr":"b4e081ba-89cc-44bc-935b-893749b1d932","stage":"sse.event","t":1786782984084,"d":16582,"surface":"extension","span":"start","eventType":"session.next.model.switched","dir":"/private/var/folders/9v/733tfwtj2jvgwygmtrbwj9gm0000gn/T/kilo-e2e-jNSxkS/workspace"}
[Kilo New][P0-Perf] {"corr":"b4e081ba-89cc-44bc-935b-893749b1d932","stage":"sse.event","t":1786782984084,"d":16582,"surface":"extension","span":"end","dur":0,"eventType":"session.next.model.switched","dir":"/private/var/folders/9v/733tfwtj2jvgwygmtrbwj9gm0000gn/T/kilo-e2e-jNSxkS/workspace"}
[Kilo New][P0-Perf] {"corr":"b4e081ba-89cc-44bc-935b-893749b1d932","stage":"sse.event","t":1786782984084,"d":16582,"surface":"extension","span":"start","eventType":"session.next.model.switched.1","dir":"/private/var/folders/9v/733tfwtj2jvgwygmtrbwj9gm0000gn/T/kilo-e2e-jNSxkS/workspace"}
[Kilo New][P0-Perf] {"corr":"b4e081ba-89cc-44bc-935b-893749b1d932","stage":"sse.event","t":1786782984084,"d":16582,"surface":"extension","span":"end","dur":0,"eventType":"session.next.model.switched.1","dir":"/private/var/folders/9v/733tfwtj2jvgwygmtrbwj9gm0000gn/T/kilo-e2e-jNSxkS/workspace"}
[Kilo New] ServerManager: ⚠️ CLI Server stderr: ERROR 2026-08-15T08:36:24 +989ms service=kilo-sessions type=message.updated cause=InstanceRef not provided subscriber failed
[Kilo New] ServerManager: ⚠️ CLI Server stderr: INFO  2026-08-15T08:36:24 +13ms service=bus type=session.turn.open publishing
[Kilo New] ServerManager: ⚠️ CLI Server stderr: INFO  2026-08-15T08:36:24 +5ms service=model-cache providerID=apertis refreshing models
[Kilo New] ServerManager: ⚠️ CLI Server stderr: INFO  2026-08-15T08:36:24 +13ms service=session.prompt session.id=ses_ffb6f5921ffe7fqDtYuSdit3bS step=0 loop
[Kilo New] ServerManager: ⚠️ CLI Server stderr: INFO  2026-08-15T08:36:24 +18ms service=p0-perf event=p0.mark stage=processor_entry ts=1786782984956 id=ses_ffb6f5921ffe7fqDtYuSdit3bS meta={"messageID":"msg_00490aaf40011r09LQxxqqp1g6","parentID":"msg_00490a6cb0013dmkaK81GYaOFA","model":"e2e-model","provider":"e2e-local"} processor_entry
[Kilo New][P0-Perf] {"corr":"b4e081ba-89cc-44bc-935b-893749b1d932","stage":"sse.event","t":1786782984964,"d":17462,"surface":"extension","span":"start","eventType":"message.updated","dir":"/private/var/folders/9v/733tfwtj2jvgwygmtrbwj9gm0000gn/T/kilo-e2e-jNSxkS/workspace"}
[Kilo New][P0-Perf] {"corr":"b4e081ba-89cc-44bc-935b-893749b1d932","stage":"sse.event","t":1786782984964,"d":17462,"surface":"extension","span":"end","dur":0,"eventType":"message.updated","dir":"/private/var/folders/9v/733tfwtj2jvgwygmtrbwj9gm0000gn/T/kilo-e2e-jNSxkS/workspace"}
[Kilo New][P0-Perf] {"corr":"b4e081ba-89cc-44bc-935b-893749b1d932","stage":"sse.event","t":1786782984965,"d":17463,"surface":"extension","span":"start","eventType":"message.updated.1","dir":"/private/var/folders/9v/733tfwtj2jvgwygmtrbwj9gm0000gn/T/kilo-e2e-jNSxkS/workspace"}
[Kilo New][P0-Perf] {"corr":"b4e081ba-89cc-44bc-935b-893749b1d932","stage":"sse.event","t":1786782984965,"d":17463,"surface":"extension","span":"end","dur":0,"eventType":"message.updated.1","dir":"/private/var/folders/9v/733tfwtj2jvgwygmtrbwj9gm0000gn/T/kilo-e2e-jNSxkS/workspace"}
[Kilo New][P0-Perf] {"corr":"b4e081ba-89cc-44bc-935b-893749b1d932","stage":"sse.event","t":1786782984965,"d":17463,"surface":"extension","span":"start","eventType":"message.part.updated","dir":"/private/var/folders/9v/733tfwtj2jvgwygmtrbwj9gm0000gn/T/kilo-e2e-jNSxkS/workspace"}
[Kilo New][P0-Perf] {"corr":"b4e081ba-89cc-44bc-935b-893749b1d932","stage":"sse.event","t":1786782984966,"d":17464,"surface":"extension","span":"end","dur":1,"eventType":"message.part.updated","dir":"/private/var/folders/9v/733tfwtj2jvgwygmtrbwj9gm0000gn/T/kilo-e2e-jNSxkS/workspace"}
[Kilo New][P0-Perf] {"corr":"b4e081ba-89cc-44bc-935b-893749b1d932","stage":"sse.event","t":1786782984966,"d":17464,"surface":"extension","span":"start","eventType":"message.part.updated.1","dir":"/private/var/folders/9v/733tfwtj2jvgwygmtrbwj9gm0000gn/T/kilo-e2e-jNSxkS/workspace"}
[Kilo New][P0-Perf] {"corr":"b4e081ba-89cc-44bc-935b-893749b1d932","stage":"sse.event","t":1786782984966,"d":17464,"surface":"extension","span":"end","dur":0,"eventType":"message.part.updated.1","dir":"/private/var/folders/9v/733tfwtj2jvgwygmtrbwj9gm0000gn/T/kilo-e2e-jNSxkS/workspace"}
[Kilo New][P0-Perf] {"corr":"b4e081ba-89cc-44bc-935b-893749b1d932","stage":"sse.event","t":1786782984966,"d":17464,"surface":"extension","span":"start","eventType":"session.updated","dir":"/private/var/folders/9v/733tfwtj2jvgwygmtrbwj9gm0000gn/T/kilo-e2e-jNSxkS/workspace"}
[Kilo New][P0-Perf] {"corr":"b4e081ba-89cc-44bc-935b-893749b1d932","stage":"sse.event","t":1786782984966,"d":17464,"surface":"extension","span":"end","dur":0,"eventType":"session.updated","dir":"/private/var/folders/9v/733tfwtj2jvgwygmtrbwj9gm0000gn/T/kilo-e2e-jNSxkS/workspace"}
[Kilo New][P0-Perf] {"corr":"b4e081ba-89cc-44bc-935b-893749b1d932","stage":"sse.event","t":1786782984966,"d":17464,"surface":"extension","span":"start","eventType":"session.updated.1","dir":"/private/var/folders/9v/733tfwtj2jvgwygmtrbwj9gm0000gn/T/kilo-e2e-jNSxkS/workspace"}
[Kilo New][P0-Perf] {"corr":"b4e081ba-89cc-44bc-935b-893749b1d932","stage":"sse.event","t":1786782984967,"d":17465,"surface":"extension","span":"end","dur":1,"eventType":"session.updated.1","dir":"/private/var/folders/9v/733tfwtj2jvgwygmtrbwj9gm0000gn/T/kilo-e2e-jNSxkS/workspace"}
[Kilo New][P0-Perf] {"corr":"b4e081ba-89cc-44bc-935b-893749b1d932","stage":"sse.event","t":1786782984967,"d":17465,"surface":"extension","span":"start","eventType":"session.turn.open","dir":"/private/var/folders/9v/733tfwtj2jvgwygmtrbwj9gm0000gn/T/kilo-e2e-jNSxkS/workspace"}
[Kilo New][P0-Perf] {"corr":"b4e081ba-89cc-44bc-935b-893749b1d932","stage":"sse.event","t":1786782984967,"d":17465,"surface":"extension","span":"end","dur":0,"eventType":"session.turn.open","dir":"/private/var/folders/9v/733tfwtj2jvgwygmtrbwj9gm0000gn/T/kilo-e2e-jNSxkS/workspace"}
[Kilo New] ServerManager: ⚠️ CLI Server stderr: INFO  2026-08-15T08:36:25 +74ms service=model-cache providerID=apertis count=0 models fetched and cached
[Kilo New] ServerManager: ⚠️ CLI Server stderr: INFO  2026-08-15T08:36:25 +10ms service=llm providerID=e2e-local modelID=e2e-model session.id=title-ses_ffb6f5921ffe7fqDtYuSdit3bS small=true agent=title mode=primary stream
[Kilo New] ServerManager: ⚠️ CLI Server stderr: INFO  2026-08-15T08:36:25 +2ms service=provider status=started providerID=e2e-local getSDK
[Kilo New] ServerManager: ⚠️ CLI Server stderr: INFO  2026-08-15T08:36:25 +1ms service=provider providerID=e2e-local pkg=@ai-sdk/openai-compatible using bundled provider
[Kilo New] ServerManager: ⚠️ CLI Server stderr: INFO  2026-08-15T08:36:25 +3ms service=provider status=completed duration=4 providerID=e2e-local getSDK
[Kilo New][P0-Perf] {"corr":"b4e081ba-89cc-44bc-935b-893749b1d932","stage":"sse.event","t":1786782985051,"d":17549,"surface":"extension","span":"start","eventType":"server.heartbeat"}
[Kilo New][P0-Perf] {"corr":"b4e081ba-89cc-44bc-935b-893749b1d932","stage":"sse.event","t":1786782985052,"d":17550,"surface":"extension","span":"end","dur":1,"eventType":"server.heartbeat"}
[Kilo New] ServerManager: ⚠️ CLI Server stderr: INFO  2026-08-15T08:36:25 +39ms service=default llm.runtime=ai-sdk llm.provider=e2e-local llm.model=e2e-model llm runtime selected
[Kilo New][P0-Perf] {"corr":"b4e081ba-89cc-44bc-935b-893749b1d932","stage":"sse.event","t":1786782985122,"d":17620,"surface":"extension","span":"start","eventType":"session.status","dir":"/private/var/folders/9v/733tfwtj2jvgwygmtrbwj9gm0000gn/T/kilo-e2e-jNSxkS/workspace"}
[Kilo New][P0-Perf] {"corr":"b4e081ba-89cc-44bc-935b-893749b1d932","stage":"sse.event","t":1786782985123,"d":17621,"surface":"extension","span":"end","dur":1,"eventType":"session.status","dir":"/private/var/folders/9v/733tfwtj2jvgwygmtrbwj9gm0000gn/T/kilo-e2e-jNSxkS/workspace"}
[Kilo New][P0-Perf] {"corr":"b4e081ba-89cc-44bc-935b-893749b1d932","stage":"sse.event","t":1786782985124,"d":17622,"surface":"extension","span":"start","eventType":"message.updated","dir":"/private/var/folders/9v/733tfwtj2jvgwygmtrbwj9gm0000gn/T/kilo-e2e-jNSxkS/workspace"}
[Kilo New][P0-Perf] {"corr":"b4e081ba-89cc-44bc-935b-893749b1d932","stage":"sse.event","t":1786782985124,"d":17622,"surface":"extension","span":"end","dur":0,"eventType":"message.updated","dir":"/private/var/folders/9v/733tfwtj2jvgwygmtrbwj9gm0000gn/T/kilo-e2e-jNSxkS/workspace"}
[Kilo New][P0-Perf] {"corr":"b4e081ba-89cc-44bc-935b-893749b1d932","stage":"sse.event","t":1786782985124,"d":17622,"surface":"extension","span":"start","eventType":"message.updated.1","dir":"/private/var/folders/9v/733tfwtj2jvgwygmtrbwj9gm0000gn/T/kilo-e2e-jNSxkS/workspace"}
[Kilo New][P0-Perf] {"corr":"b4e081ba-89cc-44bc-935b-893749b1d932","stage":"model.firstEvent","t":1786782985124,"d":17622,"surface":"extension","sessionID":"ses_ffb6f5921ffe7fqDtYuSdit3bS","messageID":"msg_00490aaf40011r09LQxxqqp1g6","parentID":"msg_00490a6cb0013dmkaK81GYaOFA","dir":"/private/var/folders/9v/733tfwtj2jvgwygmtrbwj9gm0000gn/T/kilo-e2e-jNSxkS/workspace"}
[Kilo New][P0-Perf] {"corr":"b4e081ba-89cc-44bc-935b-893749b1d932","stage":"sse.event","t":1786782985124,"d":17622,"surface":"extension","span":"end","dur":0,"eventType":"message.updated.1","dir":"/private/var/folders/9v/733tfwtj2jvgwygmtrbwj9gm0000gn/T/kilo-e2e-jNSxkS/workspace"}
[Kilo New][P0-Perf] {"corr":"b4e081ba-89cc-44bc-935b-893749b1d932","stage":"sse.event","t":1786782985215,"d":17713,"surface":"extension","span":"start","eventType":"session.updated","dir":"/private/var/folders/9v/733tfwtj2jvgwygmtrbwj9gm0000gn/T/kilo-e2e-jNSxkS/workspace"}
[Kilo New][P0-Perf] {"corr":"b4e081ba-89cc-44bc-935b-893749b1d932","stage":"sse.event","t":1786782985215,"d":17713,"surface":"extension","span":"end","dur":0,"eventType":"session.updated","dir":"/private/var/folders/9v/733tfwtj2jvgwygmtrbwj9gm0000gn/T/kilo-e2e-jNSxkS/workspace"}
[Kilo New][P0-Perf] {"corr":"b4e081ba-89cc-44bc-935b-893749b1d932","stage":"sse.event","t":1786782985215,"d":17713,"surface":"extension","span":"start","eventType":"session.updated.1","dir":"/private/var/folders/9v/733tfwtj2jvgwygmtrbwj9gm0000gn/T/kilo-e2e-jNSxkS/workspace"}
[Kilo New][P0-Perf] {"corr":"b4e081ba-89cc-44bc-935b-893749b1d932","stage":"sse.event","t":1786782985215,"d":17713,"surface":"extension","span":"end","dur":0,"eventType":"session.updated.1","dir":"/private/var/folders/9v/733tfwtj2jvgwygmtrbwj9gm0000gn/T/kilo-e2e-jNSxkS/workspace"}
[Kilo New] ServerManager: ⚠️ CLI Server stderr: INFO  2026-08-15T08:36:25 +282ms service=vcs branch=main default_branch=main initialized
[Kilo New][P0-Perf] {"corr":"b4e081ba-89cc-44bc-935b-893749b1d932","stage":"sse.event","t":1786782985583,"d":18081,"surface":"extension","span":"start","eventType":"message.part.updated","dir":"/private/var/folders/9v/733tfwtj2jvgwygmtrbwj9gm0000gn/T/kilo-e2e-jNSxkS/workspace"}
[Kilo New][P0-Perf] {"corr":"b4e081ba-89cc-44bc-935b-893749b1d932","stage":"sse.event","t":1786782985583,"d":18081,"surface":"extension","span":"end","dur":0,"eventType":"message.part.updated","dir":"/private/var/folders/9v/733tfwtj2jvgwygmtrbwj9gm0000gn/T/kilo-e2e-jNSxkS/workspace"}
[Kilo New][P0-Perf] {"corr":"b4e081ba-89cc-44bc-935b-893749b1d932","stage":"sse.event","t":1786782985583,"d":18081,"surface":"extension","span":"start","eventType":"message.part.updated.1","dir":"/private/var/folders/9v/733tfwtj2jvgwygmtrbwj9gm0000gn/T/kilo-e2e-jNSxkS/workspace"}
[Kilo New][P0-Perf] {"corr":"b4e081ba-89cc-44bc-935b-893749b1d932","stage":"sse.event","t":1786782985583,"d":18081,"surface":"extension","span":"end","dur":0,"eventType":"message.part.updated.1","dir":"/private/var/folders/9v/733tfwtj2jvgwygmtrbwj9gm0000gn/T/kilo-e2e-jNSxkS/workspace"}
[Kilo New][P0-Perf] {"corr":"b4e081ba-89cc-44bc-935b-893749b1d932","stage":"sse.event","t":1786782985707,"d":18205,"surface":"extension","span":"start","eventType":"message.part.updated","dir":"/private/var/folders/9v/733tfwtj2jvgwygmtrbwj9gm0000gn/T/kilo-e2e-jNSxkS/workspace"}
[Kilo New][P0-Perf] {"corr":"b4e081ba-89cc-44bc-935b-893749b1d932","stage":"sse.event","t":1786782985708,"d":18206,"surface":"extension","span":"end","dur":1,"eventType":"message.part.updated","dir":"/private/var/folders/9v/733tfwtj2jvgwygmtrbwj9gm0000gn/T/kilo-e2e-jNSxkS/workspace"}
[Kilo New][P0-Perf] {"corr":"b4e081ba-89cc-44bc-935b-893749b1d932","stage":"sse.event","t":1786782985708,"d":18206,"surface":"extension","span":"start","eventType":"message.part.updated.1","dir":"/private/var/folders/9v/733tfwtj2jvgwygmtrbwj9gm0000gn/T/kilo-e2e-jNSxkS/workspace"}
[Kilo New][P0-Perf] {"corr":"b4e081ba-89cc-44bc-935b-893749b1d932","stage":"sse.event","t":1786782985708,"d":18206,"surface":"extension","span":"end","dur":0,"eventType":"message.part.updated.1","dir":"/private/var/folders/9v/733tfwtj2jvgwygmtrbwj9gm0000gn/T/kilo-e2e-jNSxkS/workspace"}
[Kilo New][P0-Perf] {"corr":"b4e081ba-89cc-44bc-935b-893749b1d932","stage":"sse.event","t":1786782985832,"d":18330,"surface":"extension","span":"start","eventType":"message.part.updated","dir":"/private/var/folders/9v/733tfwtj2jvgwygmtrbwj9gm0000gn/T/kilo-e2e-jNSxkS/workspace"}
[Kilo New][P0-Perf] {"corr":"b4e081ba-89cc-44bc-935b-893749b1d932","stage":"sse.event","t":1786782985832,"d":18330,"surface":"extension","span":"end","dur":0,"eventType":"message.part.updated","dir":"/private/var/folders/9v/733tfwtj2jvgwygmtrbwj9gm0000gn/T/kilo-e2e-jNSxkS/workspace"}
[Kilo New][P0-Perf] {"corr":"b4e081ba-89cc-44bc-935b-893749b1d932","stage":"sse.event","t":1786782985832,"d":18330,"surface":"extension","span":"start","eventType":"message.part.updated.1","dir":"/private/var/folders/9v/733tfwtj2jvgwygmtrbwj9gm0000gn/T/kilo-e2e-jNSxkS/workspace"}
[Kilo New][P0-Perf] {"corr":"b4e081ba-89cc-44bc-935b-893749b1d932","stage":"sse.event","t":1786782985832,"d":18330,"surface":"extension","span":"end","dur":0,"eventType":"message.part.updated.1","dir":"/private/var/folders/9v/733tfwtj2jvgwygmtrbwj9gm0000gn/T/kilo-e2e-jNSxkS/workspace"}
[Kilo New] ServerManager: ⚠️ CLI Server stderr: INFO  2026-08-15T08:36:25 +550ms service=snapshot.seed paths=7 dropped=1 ignored=1 large=0 duration=473 snapshot seed complete
[Kilo New] ServerManager: ⚠️ CLI Server stderr: INFO  2026-08-15T08:36:25 +0ms service=snapshot initialized
[Kilo New][P0-Perf] {"corr":"b4e081ba-89cc-44bc-935b-893749b1d932","stage":"sse.event","t":1786782985988,"d":18486,"surface":"extension","span":"start","eventType":"message.part.updated","dir":"/private/var/folders/9v/733tfwtj2jvgwygmtrbwj9gm0000gn/T/kilo-e2e-jNSxkS/workspace"}
[Kilo New][P0-Perf] {"corr":"b4e081ba-89cc-44bc-935b-893749b1d932","stage":"sse.event","t":1786782985989,"d":18487,"surface":"extension","span":"end","dur":1,"eventType":"message.part.updated","dir":"/private/var/folders/9v/733tfwtj2jvgwygmtrbwj9gm0000gn/T/kilo-e2e-jNSxkS/workspace"}
[Kilo New][P0-Perf] {"corr":"b4e081ba-89cc-44bc-935b-893749b1d932","stage":"sse.event","t":1786782985989,"d":18487,"surface":"extension","span":"start","eventType":"message.part.updated.1","dir":"/private/var/folders/9v/733tfwtj2jvgwygmtrbwj9gm0000gn/T/kilo-e2e-jNSxkS/workspace"}
[Kilo New][P0-Perf] {"corr":"b4e081ba-89cc-44bc-935b-893749b1d932","stage":"sse.event","t":1786782985989,"d":18487,"surface":"extension","span":"end","dur":0,"eventType":"message.part.updated.1","dir":"/private/var/folders/9v/733tfwtj2jvgwygmtrbwj9gm0000gn/T/kilo-e2e-jNSxkS/workspace"}
[Kilo New] ServerManager: ⚠️ CLI Server stderr: INFO  2026-08-15T08:36:26 +796ms service=model-cache providerID=apertis refreshing models
[Kilo New] ServerManager: ⚠️ CLI Server stderr: INFO  2026-08-15T08:36:26 +68ms service=model-cache providerID=apertis count=0 models fetched and cached
[Kilo New][P0-Perf] {"corr":"b4e081ba-89cc-44bc-935b-893749b1d932","stage":"sse.event","t":1786782986791,"d":19289,"surface":"extension","span":"start","eventType":"message.part.updated","dir":"/private/var/folders/9v/733tfwtj2jvgwygmtrbwj9gm0000gn/T/kilo-e2e-jNSxkS/workspace"}
[Kilo New][P0-Perf] {"corr":"b4e081ba-89cc-44bc-935b-893749b1d932","stage":"sse.event","t":1786782986791,"d":19289,"surface":"extension","span":"end","dur":0,"eventType":"message.part.updated","dir":"/private/var/folders/9v/733tfwtj2jvgwygmtrbwj9gm0000gn/T/kilo-e2e-jNSxkS/workspace"}
[Kilo New][P0-Perf] {"corr":"b4e081ba-89cc-44bc-935b-893749b1d932","stage":"sse.event","t":1786782986791,"d":19289,"surface":"extension","span":"start","eventType":"message.part.updated.1","dir":"/private/var/folders/9v/733tfwtj2jvgwygmtrbwj9gm0000gn/T/kilo-e2e-jNSxkS/workspace"}
[Kilo New][P0-Perf] {"corr":"b4e081ba-89cc-44bc-935b-893749b1d932","stage":"sse.event","t":1786782986791,"d":19289,"surface":"extension","span":"end","dur":0,"eventType":"message.part.updated.1","dir":"/private/var/folders/9v/733tfwtj2jvgwygmtrbwj9gm0000gn/T/kilo-e2e-jNSxkS/workspace"}
[Kilo New][P0-Perf] {"corr":"b4e081ba-89cc-44bc-935b-893749b1d932","stage":"sse.event","t":1786782986924,"d":19422,"surface":"extension","span":"start","eventType":"message.part.updated","dir":"/private/var/folders/9v/733tfwtj2jvgwygmtrbwj9gm0000gn/T/kilo-e2e-jNSxkS/workspace"}
[Kilo New][P0-Perf] {"corr":"b4e081ba-89cc-44bc-935b-893749b1d932","stage":"sse.event","t":1786782986924,"d":19422,"surface":"extension","span":"end","dur":0,"eventType":"message.part.updated","dir":"/private/var/folders/9v/733tfwtj2jvgwygmtrbwj9gm0000gn/T/kilo-e2e-jNSxkS/workspace"}
[Kilo New][P0-Perf] {"corr":"b4e081ba-89cc-44bc-935b-893749b1d932","stage":"sse.event","t":1786782986924,"d":19422,"surface":"extension","span":"start","eventType":"message.part.updated.1","dir":"/private/var/folders/9v/733tfwtj2jvgwygmtrbwj9gm0000gn/T/kilo-e2e-jNSxkS/workspace"}
[Kilo New][P0-Perf] {"corr":"b4e081ba-89cc-44bc-935b-893749b1d932","stage":"sse.event","t":1786782986924,"d":19422,"surface":"extension","span":"end","dur":0,"eventType":"message.part.updated.1","dir":"/private/var/folders/9v/733tfwtj2jvgwygmtrbwj9gm0000gn/T/kilo-e2e-jNSxkS/workspace"}
[Kilo New][P0-Perf] {"corr":"b4e081ba-89cc-44bc-935b-893749b1d932","stage":"sse.event","t":1786782987019,"d":19517,"surface":"extension","span":"start","eventType":"message.part.updated","dir":"/private/var/folders/9v/733tfwtj2jvgwygmtrbwj9gm0000gn/T/kilo-e2e-jNSxkS/workspace"}
[Kilo New][P0-Perf] {"corr":"b4e081ba-89cc-44bc-935b-893749b1d932","stage":"sse.event","t":1786782987019,"d":19517,"surface":"extension","span":"end","dur":0,"eventType":"message.part.updated","dir":"/private/var/folders/9v/733tfwtj2jvgwygmtrbwj9gm0000gn/T/kilo-e2e-jNSxkS/workspace"}
[Kilo New][P0-Perf] {"corr":"b4e081ba-89cc-44bc-935b-893749b1d932","stage":"sse.event","t":1786782987019,"d":19517,"surface":"extension","span":"start","eventType":"message.part.updated.1","dir":"/private/var/folders/9v/733tfwtj2jvgwygmtrbwj9gm0000gn/T/kilo-e2e-jNSxkS/workspace"}
[Kilo New][P0-Perf] {"corr":"b4e081ba-89cc-44bc-935b-893749b1d932","stage":"sse.event","t":1786782987019,"d":19517,"surface":"extension","span":"end","dur":0,"eventType":"message.part.updated.1","dir":"/private/var/folders/9v/733tfwtj2jvgwygmtrbwj9gm0000gn/T/kilo-e2e-jNSxkS/workspace"}
[Kilo New][P0-Perf] {"corr":"b4e081ba-89cc-44bc-935b-893749b1d932","stage":"sse.event","t":1786782987167,"d":19665,"surface":"extension","span":"start","eventType":"message.part.updated","dir":"/private/var/folders/9v/733tfwtj2jvgwygmtrbwj9gm0000gn/T/kilo-e2e-jNSxkS/workspace"}
[Kilo New][P0-Perf] {"corr":"b4e081ba-89cc-44bc-935b-893749b1d932","stage":"sse.event","t":1786782987167,"d":19665,"surface":"extension","span":"end","dur":1,"eventType":"message.part.updated","dir":"/private/var/folders/9v/733tfwtj2jvgwygmtrbwj9gm0000gn/T/kilo-e2e-jNSxkS/workspace"}
[Kilo New][P0-Perf] {"corr":"b4e081ba-89cc-44bc-935b-893749b1d932","stage":"sse.event","t":1786782987168,"d":19666,"surface":"extension","span":"start","eventType":"message.part.updated.1","dir":"/private/var/folders/9v/733tfwtj2jvgwygmtrbwj9gm0000gn/T/kilo-e2e-jNSxkS/workspace"}
[Kilo New][P0-Perf] {"corr":"b4e081ba-89cc-44bc-935b-893749b1d932","stage":"sse.event","t":1786782987168,"d":19666,"surface":"extension","span":"end","dur":0,"eventType":"message.part.updated.1","dir":"/private/var/folders/9v/733tfwtj2jvgwygmtrbwj9gm0000gn/T/kilo-e2e-jNSxkS/workspace"}
[Kilo New][P0-Perf] {"corr":"b4e081ba-89cc-44bc-935b-893749b1d932","stage":"sse.event","t":1786782987319,"d":19817,"surface":"extension","span":"start","eventType":"message.part.updated","dir":"/private/var/folders/9v/733tfwtj2jvgwygmtrbwj9gm0000gn/T/kilo-e2e-jNSxkS/workspace"}
[Kilo New][P0-Perf] {"corr":"b4e081ba-89cc-44bc-935b-893749b1d932","stage":"sse.event","t":1786782987319,"d":19817,"surface":"extension","span":"end","dur":0,"eventType":"message.part.updated","dir":"/private/var/folders/9v/733tfwtj2jvgwygmtrbwj9gm0000gn/T/kilo-e2e-jNSxkS/workspace"}
[Kilo New][P0-Perf] {"corr":"b4e081ba-89cc-44bc-935b-893749b1d932","stage":"sse.event","t":1786782987319,"d":19817,"surface":"extension","span":"start","eventType":"message.part.updated.1","dir":"/private/var/folders/9v/733tfwtj2jvgwygmtrbwj9gm0000gn/T/kilo-e2e-jNSxkS/workspace"}
[Kilo New][P0-Perf] {"corr":"b4e081ba-89cc-44bc-935b-893749b1d932","stage":"sse.event","t":1786782987319,"d":19817,"surface":"extension","span":"end","dur":0,"eventType":"message.part.updated.1","dir":"/private/var/folders/9v/733tfwtj2jvgwygmtrbwj9gm0000gn/T/kilo-e2e-jNSxkS/workspace"}
[Kilo New] ServerManager: ⚠️ CLI Server stderr: INFO  2026-08-15T08:36:27 +593ms service=snapshot hash=443ba798afb5a9a497700943f247c71d3f56013a cwd=/private/var/folders/9v/733tfwtj2jvgwygmtrbwj9gm0000gn/T/kilo-e2e-jNSxkS/workspace git=/var/folders/9v/733tfwtj2jvgwygmtrbwj9gm0000gn/T/kilo-e2e-jNSxkS/xdg-data/kilo/snapshot/8d92d1e5131045cc7f25d873d3918998f2fa7b46/9be8c9df477d736235572209b80be94e3ae91688 tracking
[Kilo New] ServerManager: ⚠️ CLI Server stderr: INFO  2026-08-15T08:36:27 +10ms service=session.tools status=started resolveTools
[Kilo New][P0-Perf] {"corr":"b4e081ba-89cc-44bc-935b-893749b1d932","stage":"sse.event","t":1786782987524,"d":20022,"surface":"extension","span":"start","eventType":"message.part.removed","dir":"/private/var/folders/9v/733tfwtj2jvgwygmtrbwj9gm0000gn/T/kilo-e2e-jNSxkS/workspace"}
[Kilo New][P0-Perf] {"corr":"b4e081ba-89cc-44bc-935b-893749b1d932","stage":"sse.event","t":1786782987525,"d":20023,"surface":"extension","span":"end","dur":1,"eventType":"message.part.removed","dir":"/private/var/folders/9v/733tfwtj2jvgwygmtrbwj9gm0000gn/T/kilo-e2e-jNSxkS/workspace"}
[Kilo New][P0-Perf] {"corr":"b4e081ba-89cc-44bc-935b-893749b1d932","stage":"sse.event","t":1786782987525,"d":20023,"surface":"extension","span":"start","eventType":"message.part.removed.1","dir":"/private/var/folders/9v/733tfwtj2jvgwygmtrbwj9gm0000gn/T/kilo-e2e-jNSxkS/workspace"}
[Kilo New][P0-Perf] {"corr":"b4e081ba-89cc-44bc-935b-893749b1d932","stage":"sse.event","t":1786782987525,"d":20023,"surface":"extension","span":"end","dur":0,"eventType":"message.part.removed.1","dir":"/private/var/folders/9v/733tfwtj2jvgwygmtrbwj9gm0000gn/T/kilo-e2e-jNSxkS/workspace"}
[Kilo New] ServerManager: ⚠️ CLI Server stderr: INFO  2026-08-15T08:36:27 +180ms service=shell-tool shell=/bin/zsh shell tool using shell
[Kilo New] ServerManager: ⚠️ CLI Server stderr: INFO  2026-08-15T08:36:27 +59ms service=tool.registry status=started invalid
[Kilo New] ServerManager: ⚠️ CLI Server stderr: INFO  2026-08-15T08:36:27 +1ms service=tool.registry status=completed duration=1 invalid
[Kilo New] ServerManager: ⚠️ CLI Server stderr: INFO  2026-08-15T08:36:27 +0ms service=tool.registry status=started question
[Kilo New] ServerManager: ⚠️ CLI Server stderr: INFO  2026-08-15T08:36:27 +0ms service=tool.registry status=completed duration=0 question
[Kilo New] ServerManager: ⚠️ CLI Server stderr: INFO  2026-08-15T08:36:27 +0ms service=tool.registry status=started bash
[Kilo New] ServerManager: ⚠️ CLI Server stderr: INFO  2026-08-15T08:36:27 +0ms service=tool.registry status=completed duration=0 bash
[Kilo New] ServerManager: ⚠️ CLI Server stderr: INFO  2026-08-15T08:36:27 +0ms service=tool.registry status=started read
[Kilo New] ServerManager: ⚠️ CLI Server stderr: INFO  2026-08-15T08:36:27 +0ms service=tool.registry status=completed duration=0 read
[Kilo New] ServerManager: ⚠️ CLI Server stderr: INFO  2026-08-15T08:36:27 +0ms service=tool.registry status=started glob
[Kilo New] ServerManager: ⚠️ CLI Server stderr: INFO  2026-08-15T08:36:27 +0ms service=tool.registry status=completed duration=0 glob
[Kilo New] ServerManager: ⚠️ CLI Server stderr: INFO  2026-08-15T08:36:27 +0ms service=tool.registry status=started grep
[Kilo New] ServerManager: ⚠️ CLI Server stderr: INFO  2026-08-15T08:36:27 +1ms service=tool.registry status=completed duration=1 grep
[Kilo New] ServerManager: ⚠️ CLI Server stderr: INFO  2026-08-15T08:36:27 +0ms service=tool.registry status=started edit
[Kilo New] ServerManager: ⚠️ CLI Server stderr: INFO  2026-08-15T08:36:27 +0ms service=tool.registry status=completed duration=0 edit
[Kilo New] ServerManager: ⚠️ CLI Server stderr: INFO  2026-08-15T08:36:27 +0ms service=tool.registry status=started write
[Kilo New] ServerManager: ⚠️ CLI Server stderr: INFO  2026-08-15T08:36:27 +0ms service=tool.registry status=completed duration=0 write
[Kilo New] ServerManager: ⚠️ CLI Server stderr: INFO  2026-08-15T08:36:27 +0ms service=tool.registry status=started task
[Kilo New] ServerManager: ⚠️ CLI Server stderr: INFO  2026-08-15T08:36:27 +2ms service=tool.registry status=completed duration=2 task
[Kilo New] ServerManager: ⚠️ CLI Server stderr: INFO  2026-08-15T08:36:27 +1ms service=tool.registry status=started webfetch
[Kilo New] ServerManager: ⚠️ CLI Server stderr: INFO  2026-08-15T08:36:27 +0ms service=tool.registry status=completed duration=0 webfetch
[Kilo New] ServerManager: ⚠️ CLI Server stderr: INFO  2026-08-15T08:36:27 +0ms service=tool.registry status=started todowrite
[Kilo New] ServerManager: ⚠️ CLI Server stderr: INFO  2026-08-15T08:36:27 +0ms service=tool.registry status=completed duration=0 todowrite
[Kilo New] ServerManager: ⚠️ CLI Server stderr: INFO  2026-08-15T08:36:27 +0ms service=tool.registry status=started skill
[Kilo New] ServerManager: ⚠️ CLI Server stderr: INFO  2026-08-15T08:36:27 +5ms service=tool.registry status=completed duration=5 skill
[Kilo New] ServerManager: ⚠️ CLI Server stderr: INFO  2026-08-15T08:36:27 +0ms service=tool.registry status=started plan_exit
[Kilo New] ServerManager: ⚠️ CLI Server stderr: INFO  2026-08-15T08:36:27 +1ms service=tool.registry status=completed duration=1 plan_exit
[Kilo New] ServerManager: ⚠️ CLI Server stderr: INFO  2026-08-15T08:36:27 +0ms service=tool.registry status=started kilo_local_recall
[Kilo New] ServerManager: ⚠️ CLI Server stderr: INFO  2026-08-15T08:36:27 +3ms service=tool.registry status=completed duration=3 kilo_local_recall
[Kilo New] ServerManager: ⚠️ CLI Server stderr: INFO  2026-08-15T08:36:27 +0ms service=tool.registry status=started background_process
[Kilo New] ServerManager: ⚠️ CLI Server stderr: INFO  2026-08-15T08:36:27 +0ms service=tool.registry status=completed duration=0 background_process
[Kilo New] ServerManager: ⚠️ CLI Server stderr: INFO  2026-08-15T08:36:27 +0ms service=tool.registry status=started agent_manager_models
[Kilo New] ServerManager: ⚠️ CLI Server stderr: INFO  2026-08-15T08:36:27 +1ms service=tool.registry status=completed duration=1 agent_manager_models
[Kilo New] ServerManager: ⚠️ CLI Server stderr: INFO  2026-08-15T08:36:27 +0ms service=tool.registry status=started agent_manager
[Kilo New] ServerManager: ⚠️ CLI Server stderr: INFO  2026-08-15T08:36:27 +0ms service=tool.registry status=completed duration=0 agent_manager
[Kilo New] ServerManager: ⚠️ CLI Server stderr: INFO  2026-08-15T08:36:27 +0ms service=tool.registry status=started e2e_marker
[Kilo New] ServerManager: ⚠️ CLI Server stderr: INFO  2026-08-15T08:36:27 +2ms service=tool.registry status=completed duration=1 e2e_marker
[Kilo New] ServerManager: ⚠️ CLI Server stderr: INFO  2026-08-15T08:36:27 +14ms service=session.tools status=completed duration=270 resolveTools
[Kilo New] ServerManager: ⚠️ CLI Server stderr: INFO  2026-08-15T08:36:27 +46ms service=storage index=0 running migration
[Kilo New] ServerManager: ⚠️ CLI Server stderr: INFO  2026-08-15T08:36:27 +4ms service=session.processor session.id=ses_ffb6f5921ffe7fqDtYuSdit3bS messageID=msg_00490aaf40011r09LQxxqqp1g6 process
[Kilo New] ServerManager: ⚠️ CLI Server stderr: INFO  2026-08-15T08:36:27 +7ms service=llm providerID=e2e-local modelID=e2e-model session.id=ses_ffb6f5921ffe7fqDtYuSdit3bS small=false agent=e2e-agent mode=primary stream
[Kilo New] ServerManager: ⚠️ CLI Server stderr: INFO  2026-08-15T08:36:27 +10ms service=default llm.runtime=ai-sdk llm.provider=e2e-local llm.model=e2e-model llm runtime selected
[Kilo New] ServerManager: ⚠️ CLI Server stderr: INFO  2026-08-15T08:36:27 +7ms service=storage index=1 running migration
[Kilo New] ServerManager: ⚠️ CLI Server stderr: INFO  2026-08-15T08:36:27 +32ms service=p0-perf event=p0.start stage=tool_execute ts=1786782987761 id=ses_ffb6f5921ffe7fqDtYuSdit3bS meta={"tool":"task","callID":"call_e2e_task_1","messageID":"msg_00490aaf40011r09LQxxqqp1g6"} tool_execute
[Kilo New] ServerManager: ⚠️ CLI Server stderr: INFO  2026-08-15T08:36:27 +9ms service=permission permission=task pattern=general action={"permission":"*","action":"allow","pattern":"*"} evaluated
[Kilo New] ServerManager: ⚠️ CLI Server stderr: INFO  2026-08-15T08:36:27 +3ms service=session id=ses_ffb6f4a02ffehoL0gau0KztAZV slug=witty-harbor version=0.0.0-jorkey-refactor-vscode-agent-orchestrator-202608141823 projectID=8d92d1e5131045cc7f25d873d3918998f2fa7b46 directory=/private/var/folders/9v/733tfwtj2jvgwygmtrbwj9gm0000gn/T/kilo-e2e-jNSxkS/workspace path= parentID=ses_ffb6f5921ffe7fqDtYuSdit3bS title=E2E read-only reply sub-task (@general subagent) agent=general permission=[{"permission":"task","pattern":"*","action":"deny"},{"permission":"question","pattern":"*","action":"deny"},{"permission":"interactive_terminal","pattern":"*","action":"deny"}] cost=0 tokens={"input":0,"output":0,"reasoning":0,"cache":{"read":0,"write":0}} time={"created":1786782987773,"updated":1786782987773} created
[Kilo New][P0-Perf] {"corr":"b4e081ba-89cc-44bc-935b-893749b1d932","stage":"sse.event","t":1786782987788,"d":20286,"surface":"extension","span":"start","eventType":"session.status","dir":"/private/var/folders/9v/733tfwtj2jvgwygmtrbwj9gm0000gn/T/kilo-e2e-jNSxkS/workspace"}
[Kilo New][P0-Perf] {"corr":"b4e081ba-89cc-44bc-935b-893749b1d932","stage":"sse.event","t":1786782987788,"d":20286,"surface":"extension","span":"end","dur":0,"eventType":"session.status","dir":"/private/var/folders/9v/733tfwtj2jvgwygmtrbwj9gm0000gn/T/kilo-e2e-jNSxkS/workspace"}
[Kilo New][P0-Perf] {"corr":"b4e081ba-89cc-44bc-935b-893749b1d932","stage":"sse.event","t":1786782987788,"d":20286,"surface":"extension","span":"start","eventType":"message.part.updated","dir":"/private/var/folders/9v/733tfwtj2jvgwygmtrbwj9gm0000gn/T/kilo-e2e-jNSxkS/workspace"}
[Kilo New][P0-Perf] {"corr":"b4e081ba-89cc-44bc-935b-893749b1d932","stage":"sse.event","t":1786782987788,"d":20286,"surface":"extension","span":"end","dur":0,"eventType":"message.part.updated","dir":"/private/var/folders/9v/733tfwtj2jvgwygmtrbwj9gm0000gn/T/kilo-e2e-jNSxkS/workspace"}
[Kilo New][P0-Perf] {"corr":"b4e081ba-89cc-44bc-935b-893749b1d932","stage":"sse.event","t":1786782987788,"d":20286,"surface":"extension","span":"start","eventType":"message.part.updated.1","dir":"/private/var/folders/9v/733tfwtj2jvgwygmtrbwj9gm0000gn/T/kilo-e2e-jNSxkS/workspace"}
[Kilo New][P0-Perf] {"corr":"b4e081ba-89cc-44bc-935b-893749b1d932","stage":"sse.event","t":1786782987789,"d":20287,"surface":"extension","span":"end","dur":1,"eventType":"message.part.updated.1","dir":"/private/var/folders/9v/733tfwtj2jvgwygmtrbwj9gm0000gn/T/kilo-e2e-jNSxkS/workspace"}
[Kilo New][P0-Perf] {"corr":"b4e081ba-89cc-44bc-935b-893749b1d932","stage":"sse.event","t":1786782987789,"d":20287,"surface":"extension","span":"start","eventType":"message.part.updated","dir":"/private/var/folders/9v/733tfwtj2jvgwygmtrbwj9gm0000gn/T/kilo-e2e-jNSxkS/workspace"}
[Kilo New][P0-Perf] {"corr":"b4e081ba-89cc-44bc-935b-893749b1d932","stage":"sse.event","t":1786782987789,"d":20287,"surface":"extension","span":"end","dur":0,"eventType":"message.part.updated","dir":"/private/var/folders/9v/733tfwtj2jvgwygmtrbwj9gm0000gn/T/kilo-e2e-jNSxkS/workspace"}
[Kilo New][P0-Perf] {"corr":"b4e081ba-89cc-44bc-935b-893749b1d932","stage":"sse.event","t":1786782987789,"d":20287,"surface":"extension","span":"start","eventType":"message.part.updated.1","dir":"/private/var/folders/9v/733tfwtj2jvgwygmtrbwj9gm0000gn/T/kilo-e2e-jNSxkS/workspace"}
[Kilo New][P0-Perf] {"corr":"b4e081ba-89cc-44bc-935b-893749b1d932","stage":"sse.event","t":1786782987789,"d":20287,"surface":"extension","span":"end","dur":0,"eventType":"message.part.updated.1","dir":"/private/var/folders/9v/733tfwtj2jvgwygmtrbwj9gm0000gn/T/kilo-e2e-jNSxkS/workspace"}
[Kilo New][P0-Perf] {"corr":"b4e081ba-89cc-44bc-935b-893749b1d932","stage":"sse.event","t":1786782987789,"d":20287,"surface":"extension","span":"start","eventType":"message.part.updated","dir":"/private/var/folders/9v/733tfwtj2jvgwygmtrbwj9gm0000gn/T/kilo-e2e-jNSxkS/workspace"}
[Kilo New][P0-Perf] {"corr":"b4e081ba-89cc-44bc-935b-893749b1d932","stage":"sse.event","t":1786782987789,"d":20287,"surface":"extension","span":"end","dur":0,"eventType":"message.part.updated","dir":"/private/var/folders/9v/733tfwtj2jvgwygmtrbwj9gm0000gn/T/kilo-e2e-jNSxkS/workspace"}
[Kilo New][P0-Perf] {"corr":"b4e081ba-89cc-44bc-935b-893749b1d932","stage":"sse.event","t":1786782987789,"d":20287,"surface":"extension","span":"start","eventType":"message.part.updated.1","dir":"/private/var/folders/9v/733tfwtj2jvgwygmtrbwj9gm0000gn/T/kilo-e2e-jNSxkS/workspace"}
[Kilo New][P0-Perf] {"corr":"b4e081ba-89cc-44bc-935b-893749b1d932","stage":"sse.event","t":1786782987790,"d":20288,"surface":"extension","span":"end","dur":1,"eventType":"message.part.updated.1","dir":"/private/var/folders/9v/733tfwtj2jvgwygmtrbwj9gm0000gn/T/kilo-e2e-jNSxkS/workspace"}
[Kilo New] ServerManager: ⚠️ CLI Server stderr: INFO  2026-08-15T08:36:27 +158ms service=bus type=session.turn.open publishing
[Kilo New] ServerManager: ⚠️ CLI Server stderr: INFO  2026-08-15T08:36:27 +1ms service=kilo-sessions sessionId=ses_ffb6f4a02ffehoL0gau0KztAZV session bootstrap skipped: no client
[Kilo New] ServerManager: ⚠️ CLI Server stderr: INFO  2026-08-15T08:36:27 +0ms service=provider status=started state
[Kilo New] ServerManager: ⚠️ CLI Server stderr: INFO  2026-08-15T08:36:27 +0ms service=p0-perf event=p0.start stage=provider_state_init ts=1786782987932 dir=/private/var/folders/9v/733tfwtj2jvgwygmtrbwj9gm0000gn/T/kilo-e2e-jNSxkS/workspace provider_state_init
[Kilo New] ServerManager: ⚠️ CLI Server stderr: INFO  2026-08-15T08:36:27 +49ms service=model-cache providerID=kilo fetching models
[Kilo New][P0-Perf] {"corr":"b4e081ba-89cc-44bc-935b-893749b1d932","stage":"sse.event","t":1786782987985,"d":20483,"surface":"extension","span":"start","eventType":"session.updated","dir":"/private/var/folders/9v/733tfwtj2jvgwygmtrbwj9gm0000gn/T/kilo-e2e-jNSxkS/workspace"}
[Kilo New][P0-Perf] {"corr":"b4e081ba-89cc-44bc-935b-893749b1d932","stage":"sse.event","t":1786782987985,"d":20483,"surface":"extension","span":"end","dur":0,"eventType":"session.updated","dir":"/private/var/folders/9v/733tfwtj2jvgwygmtrbwj9gm0000gn/T/kilo-e2e-jNSxkS/workspace"}
[Kilo New][P0-Perf] {"corr":"b4e081ba-89cc-44bc-935b-893749b1d932","stage":"sse.event","t":1786782987985,"d":20483,"surface":"extension","span":"start","eventType":"session.updated.1","dir":"/private/var/folders/9v/733tfwtj2jvgwygmtrbwj9gm0000gn/T/kilo-e2e-jNSxkS/workspace"}
[Kilo New][P0-Perf] {"corr":"b4e081ba-89cc-44bc-935b-893749b1d932","stage":"sse.event","t":1786782987985,"d":20483,"surface":"extension","span":"end","dur":0,"eventType":"session.updated.1","dir":"/private/var/folders/9v/733tfwtj2jvgwygmtrbwj9gm0000gn/T/kilo-e2e-jNSxkS/workspace"}
[Kilo New][P0-Perf] {"corr":"b4e081ba-89cc-44bc-935b-893749b1d932","stage":"sse.event","t":1786782987985,"d":20483,"surface":"extension","span":"start","eventType":"session.created","dir":"/private/var/folders/9v/733tfwtj2jvgwygmtrbwj9gm0000gn/T/kilo-e2e-jNSxkS/workspace"}
[Kilo New][P0-Perf] {"corr":"b4e081ba-89cc-44bc-935b-893749b1d932","stage":"sse.event","t":1786782987985,"d":20483,"surface":"extension","span":"end","dur":0,"eventType":"session.created","dir":"/private/var/folders/9v/733tfwtj2jvgwygmtrbwj9gm0000gn/T/kilo-e2e-jNSxkS/workspace"}
[Kilo New][P0-Perf] {"corr":"b4e081ba-89cc-44bc-935b-893749b1d932","stage":"sse.event","t":1786782987986,"d":20484,"surface":"extension","span":"start","eventType":"session.created.1","dir":"/private/var/folders/9v/733tfwtj2jvgwygmtrbwj9gm0000gn/T/kilo-e2e-jNSxkS/workspace"}
[Kilo New][P0-Perf] {"corr":"b4e081ba-89cc-44bc-935b-893749b1d932","stage":"sse.event","t":1786782987986,"d":20484,"surface":"extension","span":"end","dur":0,"eventType":"session.created.1","dir":"/private/var/folders/9v/733tfwtj2jvgwygmtrbwj9gm0000gn/T/kilo-e2e-jNSxkS/workspace"}
[Kilo New][P0-Perf] {"corr":"b4e081ba-89cc-44bc-935b-893749b1d932","stage":"sse.event","t":1786782987986,"d":20484,"surface":"extension","span":"start","eventType":"message.part.updated","dir":"/private/var/folders/9v/733tfwtj2jvgwygmtrbwj9gm0000gn/T/kilo-e2e-jNSxkS/workspace"}
[Kilo New] KiloProvider: 🔗 Auto-adopting child session from task tool { childId: 'ses_ffb6f4a02ffehoL0gau0KztAZV' }
[Kilo New][P0-Perf] {"corr":"b4e081ba-89cc-44bc-935b-893749b1d932","stage":"sse.event","t":1786782987986,"d":20484,"surface":"extension","span":"end","dur":0,"eventType":"message.part.updated","dir":"/private/var/folders/9v/733tfwtj2jvgwygmtrbwj9gm0000gn/T/kilo-e2e-jNSxkS/workspace"}
[Kilo New][P0-Perf] {"corr":"b4e081ba-89cc-44bc-935b-893749b1d932","stage":"sse.event","t":1786782987988,"d":20486,"surface":"extension","span":"start","eventType":"message.part.updated.1","dir":"/private/var/folders/9v/733tfwtj2jvgwygmtrbwj9gm0000gn/T/kilo-e2e-jNSxkS/workspace"}
[Kilo New][P0-Perf] {"corr":"b4e081ba-89cc-44bc-935b-893749b1d932","stage":"sse.event","t":1786782987988,"d":20486,"surface":"extension","span":"end","dur":0,"eventType":"message.part.updated.1","dir":"/private/var/folders/9v/733tfwtj2jvgwygmtrbwj9gm0000gn/T/kilo-e2e-jNSxkS/workspace"}
[Kilo New][P0-Perf] {"corr":"b4e081ba-89cc-44bc-935b-893749b1d932","stage":"sse.event","t":1786782987989,"d":20487,"surface":"extension","span":"start","eventType":"session.next.model.switched","dir":"/private/var/folders/9v/733tfwtj2jvgwygmtrbwj9gm0000gn/T/kilo-e2e-jNSxkS/workspace"}
[Kilo New][P0-Perf] {"corr":"b4e081ba-89cc-44bc-935b-893749b1d932","stage":"sse.event","t":1786782987989,"d":20487,"surface":"extension","span":"end","dur":0,"eventType":"session.next.model.switched","dir":"/private/var/folders/9v/733tfwtj2jvgwygmtrbwj9gm0000gn/T/kilo-e2e-jNSxkS/workspace"}
[Kilo New][P0-Perf] {"corr":"b4e081ba-89cc-44bc-935b-893749b1d932","stage":"sse.event","t":1786782987989,"d":20487,"surface":"extension","span":"start","eventType":"session.next.model.switched.1","dir":"/private/var/folders/9v/733tfwtj2jvgwygmtrbwj9gm0000gn/T/kilo-e2e-jNSxkS/workspace"}
[Kilo New][P0-Perf] {"corr":"b4e081ba-89cc-44bc-935b-893749b1d932","stage":"sse.event","t":1786782987989,"d":20487,"surface":"extension","span":"end","dur":0,"eventType":"session.next.model.switched.1","dir":"/private/var/folders/9v/733tfwtj2jvgwygmtrbwj9gm0000gn/T/kilo-e2e-jNSxkS/workspace"}
[Kilo New][P0-Perf] {"corr":"b4e081ba-89cc-44bc-935b-893749b1d932","stage":"sse.event","t":1786782987989,"d":20487,"surface":"extension","span":"start","eventType":"message.updated","dir":"/private/var/folders/9v/733tfwtj2jvgwygmtrbwj9gm0000gn/T/kilo-e2e-jNSxkS/workspace"}
[Kilo New][P0-Perf] {"corr":"b4e081ba-89cc-44bc-935b-893749b1d932","stage":"sse.event","t":1786782987990,"d":20488,"surface":"extension","span":"end","dur":1,"eventType":"message.updated","dir":"/private/var/folders/9v/733tfwtj2jvgwygmtrbwj9gm0000gn/T/kilo-e2e-jNSxkS/workspace"}
[Kilo New][P0-Perf] {"corr":"b4e081ba-89cc-44bc-935b-893749b1d932","stage":"sse.event","t":1786782987990,"d":20488,"surface":"extension","span":"start","eventType":"message.updated.1","dir":"/private/var/folders/9v/733tfwtj2jvgwygmtrbwj9gm0000gn/T/kilo-e2e-jNSxkS/workspace"}
[Kilo New][P0-Perf] {"corr":"b4e081ba-89cc-44bc-935b-893749b1d932","stage":"sse.event","t":1786782987990,"d":20488,"surface":"extension","span":"end","dur":0,"eventType":"message.updated.1","dir":"/private/var/folders/9v/733tfwtj2jvgwygmtrbwj9gm0000gn/T/kilo-e2e-jNSxkS/workspace"}
[Kilo New][P0-Perf] {"corr":"b4e081ba-89cc-44bc-935b-893749b1d932","stage":"sse.event","t":1786782987990,"d":20488,"surface":"extension","span":"start","eventType":"message.part.updated","dir":"/private/var/folders/9v/733tfwtj2jvgwygmtrbwj9gm0000gn/T/kilo-e2e-jNSxkS/workspace"}
[Kilo New][P0-Perf] {"corr":"b4e081ba-89cc-44bc-935b-893749b1d932","stage":"sse.event","t":1786782987990,"d":20488,"surface":"extension","span":"end","dur":0,"eventType":"message.part.updated","dir":"/private/var/folders/9v/733tfwtj2jvgwygmtrbwj9gm0000gn/T/kilo-e2e-jNSxkS/workspace"}
[Kilo New][P0-Perf] {"corr":"b4e081ba-89cc-44bc-935b-893749b1d932","stage":"sse.event","t":1786782987990,"d":20488,"surface":"extension","span":"start","eventType":"message.part.updated.1","dir":"/private/var/folders/9v/733tfwtj2jvgwygmtrbwj9gm0000gn/T/kilo-e2e-jNSxkS/workspace"}
[Kilo New][P0-Perf] {"corr":"b4e081ba-89cc-44bc-935b-893749b1d932","stage":"sse.event","t":1786782987990,"d":20488,"surface":"extension","span":"end","dur":0,"eventType":"message.part.updated.1","dir":"/private/var/folders/9v/733tfwtj2jvgwygmtrbwj9gm0000gn/T/kilo-e2e-jNSxkS/workspace"}
[Kilo New][P0-Perf] {"corr":"b4e081ba-89cc-44bc-935b-893749b1d932","stage":"sse.event","t":1786782987990,"d":20488,"surface":"extension","span":"start","eventType":"session.updated","dir":"/private/var/folders/9v/733tfwtj2jvgwygmtrbwj9gm0000gn/T/kilo-e2e-jNSxkS/workspace"}
[Kilo New][P0-Perf] {"corr":"b4e081ba-89cc-44bc-935b-893749b1d932","stage":"sse.event","t":1786782987991,"d":20489,"surface":"extension","span":"end","dur":1,"eventType":"session.updated","dir":"/private/var/folders/9v/733tfwtj2jvgwygmtrbwj9gm0000gn/T/kilo-e2e-jNSxkS/workspace"}
[Kilo New][P0-Perf] {"corr":"b4e081ba-89cc-44bc-935b-893749b1d932","stage":"sse.event","t":1786782987991,"d":20489,"surface":"extension","span":"start","eventType":"session.updated.1","dir":"/private/var/folders/9v/733tfwtj2jvgwygmtrbwj9gm0000gn/T/kilo-e2e-jNSxkS/workspace"}
[Kilo New][P0-Perf] {"corr":"b4e081ba-89cc-44bc-935b-893749b1d932","stage":"sse.event","t":1786782987991,"d":20489,"surface":"extension","span":"end","dur":0,"eventType":"session.updated.1","dir":"/private/var/folders/9v/733tfwtj2jvgwygmtrbwj9gm0000gn/T/kilo-e2e-jNSxkS/workspace"}
[Kilo New][P0-Perf] {"corr":"b4e081ba-89cc-44bc-935b-893749b1d932","stage":"sse.event","t":1786782987991,"d":20489,"surface":"extension","span":"start","eventType":"session.updated","dir":"/private/var/folders/9v/733tfwtj2jvgwygmtrbwj9gm0000gn/T/kilo-e2e-jNSxkS/workspace"}
[Kilo New][P0-Perf] {"corr":"b4e081ba-89cc-44bc-935b-893749b1d932","stage":"sse.event","t":1786782987991,"d":20489,"surface":"extension","span":"end","dur":0,"eventType":"session.updated","dir":"/private/var/folders/9v/733tfwtj2jvgwygmtrbwj9gm0000gn/T/kilo-e2e-jNSxkS/workspace"}
[Kilo New][P0-Perf] {"corr":"b4e081ba-89cc-44bc-935b-893749b1d932","stage":"sse.event","t":1786782987991,"d":20489,"surface":"extension","span":"start","eventType":"session.updated.1","dir":"/private/var/folders/9v/733tfwtj2jvgwygmtrbwj9gm0000gn/T/kilo-e2e-jNSxkS/workspace"}
[Kilo New][P0-Perf] {"corr":"b4e081ba-89cc-44bc-935b-893749b1d932","stage":"sse.event","t":1786782987991,"d":20489,"surface":"extension","span":"end","dur":0,"eventType":"session.updated.1","dir":"/private/var/folders/9v/733tfwtj2jvgwygmtrbwj9gm0000gn/T/kilo-e2e-jNSxkS/workspace"}
[Kilo New][P0-Perf] {"corr":"b4e081ba-89cc-44bc-935b-893749b1d932","stage":"sse.event","t":1786782987991,"d":20489,"surface":"extension","span":"start","eventType":"session.turn.open","dir":"/private/var/folders/9v/733tfwtj2jvgwygmtrbwj9gm0000gn/T/kilo-e2e-jNSxkS/workspace"}
[Kilo New][P0-Perf] {"corr":"b4e081ba-89cc-44bc-935b-893749b1d932","stage":"sse.event","t":1786782987991,"d":20489,"surface":"extension","span":"end","dur":0,"eventType":"session.turn.open","dir":"/private/var/folders/9v/733tfwtj2jvgwygmtrbwj9gm0000gn/T/kilo-e2e-jNSxkS/workspace"}
[Kilo New][P0-Perf] {"corr":"b4e081ba-89cc-44bc-935b-893749b1d932","stage":"sse.event","t":1786782987992,"d":20490,"surface":"extension","span":"start","eventType":"session.diff","dir":"/private/var/folders/9v/733tfwtj2jvgwygmtrbwj9gm0000gn/T/kilo-e2e-jNSxkS/workspace"}
[Kilo New][P0-Perf] {"corr":"b4e081ba-89cc-44bc-935b-893749b1d932","stage":"sse.event","t":1786782987992,"d":20490,"surface":"extension","span":"end","dur":0,"eventType":"session.diff","dir":"/private/var/folders/9v/733tfwtj2jvgwygmtrbwj9gm0000gn/T/kilo-e2e-jNSxkS/workspace"}
[Kilo New][P0-Perf] {"corr":"b4e081ba-89cc-44bc-935b-893749b1d932","stage":"sse.event","t":1786782987992,"d":20490,"surface":"extension","span":"start","eventType":"message.updated","dir":"/private/var/folders/9v/733tfwtj2jvgwygmtrbwj9gm0000gn/T/kilo-e2e-jNSxkS/workspace"}
[Kilo New][P0-Perf] {"corr":"b4e081ba-89cc-44bc-935b-893749b1d932","stage":"sse.event","t":1786782987992,"d":20490,"surface":"extension","span":"end","dur":0,"eventType":"message.updated","dir":"/private/var/folders/9v/733tfwtj2jvgwygmtrbwj9gm0000gn/T/kilo-e2e-jNSxkS/workspace"}
[Kilo New][P0-Perf] {"corr":"b4e081ba-89cc-44bc-935b-893749b1d932","stage":"sse.event","t":1786782987992,"d":20490,"surface":"extension","span":"start","eventType":"message.updated.1","dir":"/private/var/folders/9v/733tfwtj2jvgwygmtrbwj9gm0000gn/T/kilo-e2e-jNSxkS/workspace"}
[Kilo New][P0-Perf] {"corr":"b4e081ba-89cc-44bc-935b-893749b1d932","stage":"sse.event","t":1786782987992,"d":20490,"surface":"extension","span":"end","dur":0,"eventType":"message.updated.1","dir":"/private/var/folders/9v/733tfwtj2jvgwygmtrbwj9gm0000gn/T/kilo-e2e-jNSxkS/workspace"}
[Kilo New] ServerManager: ⚠️ CLI Server stderr: INFO  2026-08-15T08:36:27 +7ms service=session.prompt session.id=ses_ffb6f4a02ffehoL0gau0KztAZV step=0 loop
[Kilo New] ServerManager: ⚠️ CLI Server stderr: INFO  2026-08-15T08:36:28 +13ms service=p0-perf event=p0.mark stage=processor_entry ts=1786782988001 id=ses_ffb6f4a02ffehoL0gau0KztAZV meta={"messageID":"msg_00490b6d80013wHH8yPn2kyVx5","parentID":"msg_00490b67f0013N2DlQCYY6VVIx","model":"e2e-model","provider":"e2e-local"} processor_entry
[Kilo New][P0-Perf] {"corr":"b4e081ba-89cc-44bc-935b-893749b1d932","stage":"sse.event","t":1786782988069,"d":20567,"surface":"extension","span":"start","eventType":"session.status","dir":"/private/var/folders/9v/733tfwtj2jvgwygmtrbwj9gm0000gn/T/kilo-e2e-jNSxkS/workspace"}
[Kilo New][P0-Perf] {"corr":"b4e081ba-89cc-44bc-935b-893749b1d932","stage":"sse.event","t":1786782988070,"d":20568,"surface":"extension","span":"end","dur":1,"eventType":"session.status","dir":"/private/var/folders/9v/733tfwtj2jvgwygmtrbwj9gm0000gn/T/kilo-e2e-jNSxkS/workspace"}
[Kilo New][P0-Perf] {"corr":"b4e081ba-89cc-44bc-935b-893749b1d932","stage":"sse.event","t":1786782988070,"d":20568,"surface":"extension","span":"start","eventType":"message.updated","dir":"/private/var/folders/9v/733tfwtj2jvgwygmtrbwj9gm0000gn/T/kilo-e2e-jNSxkS/workspace"}
[Kilo New][P0-Perf] {"corr":"b4e081ba-89cc-44bc-935b-893749b1d932","stage":"sse.event","t":1786782988070,"d":20568,"surface":"extension","span":"end","dur":0,"eventType":"message.updated","dir":"/private/var/folders/9v/733tfwtj2jvgwygmtrbwj9gm0000gn/T/kilo-e2e-jNSxkS/workspace"}
[Kilo New][P0-Perf] {"corr":"b4e081ba-89cc-44bc-935b-893749b1d932","stage":"sse.event","t":1786782988070,"d":20568,"surface":"extension","span":"start","eventType":"message.updated.1","dir":"/private/var/folders/9v/733tfwtj2jvgwygmtrbwj9gm0000gn/T/kilo-e2e-jNSxkS/workspace"}
[Kilo New][P0-Perf] {"corr":"b4e081ba-89cc-44bc-935b-893749b1d932","stage":"model.firstEvent","t":1786782988070,"d":20568,"surface":"extension","sessionID":"ses_ffb6f4a02ffehoL0gau0KztAZV","messageID":"msg_00490b6d80013wHH8yPn2kyVx5","parentID":"msg_00490b67f0013N2DlQCYY6VVIx","dir":"/private/var/folders/9v/733tfwtj2jvgwygmtrbwj9gm0000gn/T/kilo-e2e-jNSxkS/workspace"}
[Kilo New][P0-Perf] {"corr":"b4e081ba-89cc-44bc-935b-893749b1d932","stage":"sse.event","t":1786782988070,"d":20568,"surface":"extension","span":"end","dur":0,"eventType":"message.updated.1","dir":"/private/var/folders/9v/733tfwtj2jvgwygmtrbwj9gm0000gn/T/kilo-e2e-jNSxkS/workspace"}
[Kilo New] ServerManager: ⚠️ CLI Server stderr: INFO  2026-08-15T08:36:28 +793ms service=model-cache providerID=kilo count=291 models fetched and cached
[Kilo New] ServerManager: ⚠️ CLI Server stderr: INFO  2026-08-15T08:36:28 +1ms service=model-cache providerID=apertis fetching models
[Kilo New] ServerManager: ⚠️ CLI Server stderr: INFO  2026-08-15T08:36:28 +4ms service=model-cache providerID=apertis refreshing models
[Kilo New] ServerManager: ⚠️ CLI Server stderr: INFO  2026-08-15T08:36:28 +57ms service=model-cache providerID=apertis count=0 models fetched and cached
[Kilo New] ServerManager: ⚠️ CLI Server stderr: INFO  2026-08-15T08:36:29 +188ms service=provider init
[Kilo New] ServerManager: ⚠️ CLI Server stderr: INFO  2026-08-15T08:36:29 +12ms service=plugin name=SH6 loading internal plugin
[Kilo New] ServerManager: ⚠️ CLI Server stderr: INFO  2026-08-15T08:36:29 +0ms service=plugin name=Fo6 loading internal plugin
[Kilo New] ServerManager: ⚠️ CLI Server stderr: INFO  2026-08-15T08:36:29 +0ms service=plugin name=fW_ loading internal plugin
[Kilo New] ServerManager: ⚠️ CLI Server stderr: INFO  2026-08-15T08:36:29 +0ms service=plugin name= loading internal plugin
[Kilo New] ServerManager: ⚠️ CLI Server stderr: INFO  2026-08-15T08:36:29 +0ms service=plugin name=SF_ loading internal plugin
[Kilo New] ServerManager: ⚠️ CLI Server stderr: INFO  2026-08-15T08:36:29 +0ms service=plugin name=nX_ loading internal plugin
[Kilo New] ServerManager: ⚠️ CLI Server stderr: INFO  2026-08-15T08:36:29 +0ms service=plugin name=yW1 loading internal plugin
[Kilo New] ServerManager: ⚠️ CLI Server stderr: INFO  2026-08-15T08:36:29 +0ms service=plugin name=_K_ loading internal plugin
[Kilo New] ServerManager: ⚠️ CLI Server stderr: INFO  2026-08-15T08:36:29 +0ms service=plugin name=qK_ loading internal plugin
[Kilo New] ServerManager: ⚠️ CLI Server stderr: INFO  2026-08-15T08:36:29 +0ms service=plugin name=TK_ loading internal plugin
[Kilo New] ServerManager: ⚠️ CLI Server stderr: INFO  2026-08-15T08:36:29 +1ms service=plugin name=RK_ loading internal plugin
[Kilo New] ServerManager: ⚠️ CLI Server stderr: INFO  2026-08-15T08:36:29 +0ms service=plugin name=WK_ loading internal plugin
[Kilo New] ServerManager: ⚠️ CLI Server stderr: INFO  2026-08-15T08:36:29 +1ms service=model-cache providerID=apertis count=0 models fetched and cached
[Kilo New] ServerManager: ⚠️ CLI Server stderr: INFO  2026-08-15T08:36:29 +1ms service=model-cache providerID=apertis refreshing models
[Kilo New][P0-Perf] {"corr":"b4e081ba-89cc-44bc-935b-893749b1d932","stage":"sse.event","t":1786782989061,"d":21559,"surface":"extension","span":"start","eventType":"message.part.updated","dir":"/private/var/folders/9v/733tfwtj2jvgwygmtrbwj9gm0000gn/T/kilo-e2e-jNSxkS/workspace"}
[Kilo New][P0-Perf] {"corr":"b4e081ba-89cc-44bc-935b-893749b1d932","stage":"sse.event","t":1786782989061,"d":21559,"surface":"extension","span":"end","dur":0,"eventType":"message.part.updated","dir":"/private/var/folders/9v/733tfwtj2jvgwygmtrbwj9gm0000gn/T/kilo-e2e-jNSxkS/workspace"}
[Kilo New][P0-Perf] {"corr":"b4e081ba-89cc-44bc-935b-893749b1d932","stage":"sse.event","t":1786782989062,"d":21560,"surface":"extension","span":"start","eventType":"message.part.updated.1","dir":"/private/var/folders/9v/733tfwtj2jvgwygmtrbwj9gm0000gn/T/kilo-e2e-jNSxkS/workspace"}
[Kilo New][P0-Perf] {"corr":"b4e081ba-89cc-44bc-935b-893749b1d932","stage":"sse.event","t":1786782989062,"d":21560,"surface":"extension","span":"end","dur":0,"eventType":"message.part.updated.1","dir":"/private/var/folders/9v/733tfwtj2jvgwygmtrbwj9gm0000gn/T/kilo-e2e-jNSxkS/workspace"}
[Kilo New] ServerManager: ⚠️ CLI Server stderr: INFO  2026-08-15T08:36:29 +52ms service=model-cache providerID=apertis count=0 models fetched and cached
[Kilo New] ServerManager: ⚠️ CLI Server stderr: INFO  2026-08-15T08:36:29 +0ms service=snapshot.materialize roots=1 duration=1492 snapshot objects materialized
[Kilo New][P0-Perf] {"corr":"b4e081ba-89cc-44bc-935b-893749b1d932","stage":"sse.event","t":1786782989118,"d":21616,"surface":"extension","span":"start","eventType":"message.part.updated","dir":"/private/var/folders/9v/733tfwtj2jvgwygmtrbwj9gm0000gn/T/kilo-e2e-jNSxkS/workspace"}
[Kilo New][P0-Perf] {"corr":"b4e081ba-89cc-44bc-935b-893749b1d932","stage":"sse.event","t":1786782989118,"d":21616,"surface":"extension","span":"end","dur":0,"eventType":"message.part.updated","dir":"/private/var/folders/9v/733tfwtj2jvgwygmtrbwj9gm0000gn/T/kilo-e2e-jNSxkS/workspace"}
[Kilo New][P0-Perf] {"corr":"b4e081ba-89cc-44bc-935b-893749b1d932","stage":"sse.event","t":1786782989118,"d":21616,"surface":"extension","span":"start","eventType":"message.part.updated.1","dir":"/private/var/folders/9v/733tfwtj2jvgwygmtrbwj9gm0000gn/T/kilo-e2e-jNSxkS/workspace"}
[Kilo New][P0-Perf] {"corr":"b4e081ba-89cc-44bc-935b-893749b1d932","stage":"sse.event","t":1786782989118,"d":21616,"surface":"extension","span":"end","dur":0,"eventType":"message.part.updated.1","dir":"/private/var/folders/9v/733tfwtj2jvgwygmtrbwj9gm0000gn/T/kilo-e2e-jNSxkS/workspace"}
[Kilo New][P0-Perf] {"corr":"b4e081ba-89cc-44bc-935b-893749b1d932","stage":"sse.event","t":1786782989245,"d":21743,"surface":"extension","span":"start","eventType":"message.part.updated","dir":"/private/var/folders/9v/733tfwtj2jvgwygmtrbwj9gm0000gn/T/kilo-e2e-jNSxkS/workspace"}
[Kilo New][P0-Perf] {"corr":"b4e081ba-89cc-44bc-935b-893749b1d932","stage":"sse.event","t":1786782989246,"d":21744,"surface":"extension","span":"end","dur":1,"eventType":"message.part.updated","dir":"/private/var/folders/9v/733tfwtj2jvgwygmtrbwj9gm0000gn/T/kilo-e2e-jNSxkS/workspace"}
[Kilo New][P0-Perf] {"corr":"b4e081ba-89cc-44bc-935b-893749b1d932","stage":"sse.event","t":1786782989246,"d":21744,"surface":"extension","span":"start","eventType":"message.part.updated.1","dir":"/private/var/folders/9v/733tfwtj2jvgwygmtrbwj9gm0000gn/T/kilo-e2e-jNSxkS/workspace"}
[Kilo New][P0-Perf] {"corr":"b4e081ba-89cc-44bc-935b-893749b1d932","stage":"sse.event","t":1786782989246,"d":21744,"surface":"extension","span":"end","dur":0,"eventType":"message.part.updated.1","dir":"/private/var/folders/9v/733tfwtj2jvgwygmtrbwj9gm0000gn/T/kilo-e2e-jNSxkS/workspace"}
[Kilo New] ServerManager: ⚠️ CLI Server stderr: ERROR 2026-08-15T08:36:29 +140ms service=provider Provider does not exist in model list github-copilot-enterprise
[Kilo New] ServerManager: ⚠️ CLI Server stderr: INFO  2026-08-15T08:36:29 +1ms service=provider providerID=kilo found
[Kilo New] ServerManager: ⚠️ CLI Server stderr: INFO  2026-08-15T08:36:29 +0ms service=provider providerID=e2e-local found
[Kilo New] ServerManager: ⚠️ CLI Server stderr: INFO  2026-08-15T08:36:29 +0ms service=p0-perf event=p0.end stage=provider_state_init ts=1786782989252 duration=1320 dir=/private/var/folders/9v/733tfwtj2jvgwygmtrbwj9gm0000gn/T/kilo-e2e-jNSxkS/workspace provider_state_init
[Kilo New] ServerManager: ⚠️ CLI Server stderr: INFO  2026-08-15T08:36:29 +1ms service=provider status=completed duration=1321 state
[Kilo New] ServerManager: ⚠️ CLI Server stderr: INFO  2026-08-15T08:36:29 +55ms service=snapshot hash=443ba798afb5a9a497700943f247c71d3f56013a cwd=/private/var/folders/9v/733tfwtj2jvgwygmtrbwj9gm0000gn/T/kilo-e2e-jNSxkS/workspace git=/var/folders/9v/733tfwtj2jvgwygmtrbwj9gm0000gn/T/kilo-e2e-jNSxkS/xdg-data/kilo/snapshot/8d92d1e5131045cc7f25d873d3918998f2fa7b46/9be8c9df477d736235572209b80be94e3ae91688 tracking
[Kilo New] ServerManager: ⚠️ CLI Server stderr: INFO  2026-08-15T08:36:29 +3ms service=session.tools status=started resolveTools
[Kilo New] ServerManager: ⚠️ CLI Server stderr: INFO  2026-08-15T08:36:29 +1ms service=tool.registry status=started invalid
[Kilo New] ServerManager: ⚠️ CLI Server stderr: INFO  2026-08-15T08:36:29 +1ms service=tool.registry status=completed duration=1 invalid
[Kilo New] ServerManager: ⚠️ CLI Server stderr: INFO  2026-08-15T08:36:29 +0ms service=tool.registry status=started question
[Kilo New] ServerManager: ⚠️ CLI Server stderr: INFO  2026-08-15T08:36:29 +0ms service=tool.registry status=completed duration=0 question
[Kilo New] ServerManager: ⚠️ CLI Server stderr: INFO  2026-08-15T08:36:29 +0ms service=tool.registry status=started bash
[Kilo New] ServerManager: ⚠️ CLI Server stderr: INFO  2026-08-15T08:36:29 +0ms service=tool.registry status=completed duration=0 bash
[Kilo New] ServerManager: ⚠️ CLI Server stderr: INFO  2026-08-15T08:36:29 +0ms service=tool.registry status=started read
[Kilo New] ServerManager: ⚠️ CLI Server stderr: INFO  2026-08-15T08:36:29 +0ms service=tool.registry status=completed duration=0 read
[Kilo New] ServerManager: ⚠️ CLI Server stderr: INFO  2026-08-15T08:36:29 +0ms service=tool.registry status=started glob
[Kilo New] ServerManager: ⚠️ CLI Server stderr: INFO  2026-08-15T08:36:29 +1ms service=tool.registry status=completed duration=1 glob
[Kilo New] ServerManager: ⚠️ CLI Server stderr: INFO  2026-08-15T08:36:29 +0ms service=tool.registry status=started grep
[Kilo New] ServerManager: ⚠️ CLI Server stderr: INFO  2026-08-15T08:36:29 +0ms service=tool.registry status=completed duration=0 grep
[Kilo New] ServerManager: ⚠️ CLI Server stderr: INFO  2026-08-15T08:36:29 +0ms service=tool.registry status=started edit
[Kilo New] ServerManager: ⚠️ CLI Server stderr: INFO  2026-08-15T08:36:29 +0ms service=tool.registry status=completed duration=0 edit
[Kilo New] ServerManager: ⚠️ CLI Server stderr: INFO  2026-08-15T08:36:29 +0ms service=tool.registry status=started write
[Kilo New] ServerManager: ⚠️ CLI Server stderr: INFO  2026-08-15T08:36:29 +0ms service=tool.registry status=completed duration=0 write
[Kilo New] ServerManager: ⚠️ CLI Server stderr: INFO  2026-08-15T08:36:29 +0ms service=tool.registry status=started task
[Kilo New] ServerManager: ⚠️ CLI Server stderr: INFO  2026-08-15T08:36:29 +1ms service=tool.registry status=completed duration=1 task
[Kilo New] ServerManager: ⚠️ CLI Server stderr: INFO  2026-08-15T08:36:29 +0ms service=tool.registry status=started webfetch
[Kilo New] ServerManager: ⚠️ CLI Server stderr: INFO  2026-08-15T08:36:29 +0ms service=tool.registry status=completed duration=0 webfetch
[Kilo New] ServerManager: ⚠️ CLI Server stderr: INFO  2026-08-15T08:36:29 +0ms service=tool.registry status=started todowrite
[Kilo New] ServerManager: ⚠️ CLI Server stderr: INFO  2026-08-15T08:36:29 +1ms service=tool.registry status=completed duration=1 todowrite
[Kilo New] ServerManager: ⚠️ CLI Server stderr: INFO  2026-08-15T08:36:29 +0ms service=tool.registry status=started skill
[Kilo New] ServerManager: ⚠️ CLI Server stderr: INFO  2026-08-15T08:36:29 +2ms service=tool.registry status=completed duration=2 skill
[Kilo New] ServerManager: ⚠️ CLI Server stderr: INFO  2026-08-15T08:36:29 +0ms service=tool.registry status=started plan_exit
[Kilo New] ServerManager: ⚠️ CLI Server stderr: INFO  2026-08-15T08:36:29 +1ms service=tool.registry status=completed duration=1 plan_exit
[Kilo New] ServerManager: ⚠️ CLI Server stderr: INFO  2026-08-15T08:36:29 +0ms service=tool.registry status=started kilo_local_recall
[Kilo New] ServerManager: ⚠️ CLI Server stderr: INFO  2026-08-15T08:36:29 +0ms service=tool.registry status=completed duration=0 kilo_local_recall
[Kilo New] ServerManager: ⚠️ CLI Server stderr: INFO  2026-08-15T08:36:29 +0ms service=tool.registry status=started background_process
[Kilo New] ServerManager: ⚠️ CLI Server stderr: INFO  2026-08-15T08:36:29 +0ms service=tool.registry status=completed duration=0 background_process
[Kilo New] ServerManager: ⚠️ CLI Server stderr: INFO  2026-08-15T08:36:29 +0ms service=tool.registry status=started agent_manager_models
[Kilo New] ServerManager: ⚠️ CLI Server stderr: INFO  2026-08-15T08:36:29 +0ms service=tool.registry status=completed duration=0 agent_manager_models
[Kilo New] ServerManager: ⚠️ CLI Server stderr: INFO  2026-08-15T08:36:29 +0ms service=tool.registry status=started agent_manager
[Kilo New] ServerManager: ⚠️ CLI Server stderr: INFO  2026-08-15T08:36:29 +0ms service=tool.registry status=completed duration=0 agent_manager
[Kilo New] ServerManager: ⚠️ CLI Server stderr: INFO  2026-08-15T08:36:29 +1ms service=tool.registry status=started e2e_marker
[Kilo New] ServerManager: ⚠️ CLI Server stderr: INFO  2026-08-15T08:36:29 +0ms service=tool.registry status=completed duration=1 e2e_marker
[Kilo New] ServerManager: ⚠️ CLI Server stderr: INFO  2026-08-15T08:36:29 +8ms service=session.tools status=completed duration=17 resolveTools
[Kilo New][P0-Perf] {"corr":"b4e081ba-89cc-44bc-935b-893749b1d932","stage":"sse.event","t":1786782989335,"d":21833,"surface":"extension","span":"start","eventType":"message.part.removed","dir":"/private/var/folders/9v/733tfwtj2jvgwygmtrbwj9gm0000gn/T/kilo-e2e-jNSxkS/workspace"}
[Kilo New][P0-Perf] {"corr":"b4e081ba-89cc-44bc-935b-893749b1d932","stage":"sse.event","t":1786782989335,"d":21833,"surface":"extension","span":"end","dur":0,"eventType":"message.part.removed","dir":"/private/var/folders/9v/733tfwtj2jvgwygmtrbwj9gm0000gn/T/kilo-e2e-jNSxkS/workspace"}
[Kilo New][P0-Perf] {"corr":"b4e081ba-89cc-44bc-935b-893749b1d932","stage":"sse.event","t":1786782989335,"d":21833,"surface":"extension","span":"start","eventType":"message.part.removed.1","dir":"/private/var/folders/9v/733tfwtj2jvgwygmtrbwj9gm0000gn/T/kilo-e2e-jNSxkS/workspace"}
[Kilo New][P0-Perf] {"corr":"b4e081ba-89cc-44bc-935b-893749b1d932","stage":"sse.event","t":1786782989335,"d":21833,"surface":"extension","span":"end","dur":0,"eventType":"message.part.removed.1","dir":"/private/var/folders/9v/733tfwtj2jvgwygmtrbwj9gm0000gn/T/kilo-e2e-jNSxkS/workspace"}
[Kilo New] ServerManager: ⚠️ CLI Server stderr: INFO  2026-08-15T08:36:29 +41ms service=session.processor session.id=ses_ffb6f4a02ffehoL0gau0KztAZV messageID=msg_00490b6d80013wHH8yPn2kyVx5 process
[Kilo New] ServerManager: ⚠️ CLI Server stderr: INFO  2026-08-15T08:36:29 +3ms service=llm providerID=e2e-local modelID=e2e-model session.id=ses_ffb6f4a02ffehoL0gau0KztAZV small=false agent=general mode=subagent stream
[Kilo New] ServerManager: ⚠️ CLI Server stderr: INFO  2026-08-15T08:36:29 +9ms service=default llm.runtime=ai-sdk llm.provider=e2e-local llm.model=e2e-model llm runtime selected
[Kilo New][P0-Perf] {"corr":"b4e081ba-89cc-44bc-935b-893749b1d932","stage":"sse.event","t":1786782989390,"d":21888,"surface":"extension","span":"start","eventType":"session.updated","dir":"/private/var/folders/9v/733tfwtj2jvgwygmtrbwj9gm0000gn/T/kilo-e2e-jNSxkS/workspace"}
[Kilo New][P0-Perf] {"corr":"b4e081ba-89cc-44bc-935b-893749b1d932","stage":"sse.event","t":1786782989391,"d":21889,"surface":"extension","span":"end","dur":1,"eventType":"session.updated","dir":"/private/var/folders/9v/733tfwtj2jvgwygmtrbwj9gm0000gn/T/kilo-e2e-jNSxkS/workspace"}
[Kilo New][P0-Perf] {"corr":"b4e081ba-89cc-44bc-935b-893749b1d932","stage":"sse.event","t":1786782989391,"d":21889,"surface":"extension","span":"start","eventType":"session.updated.1","dir":"/private/var/folders/9v/733tfwtj2jvgwygmtrbwj9gm0000gn/T/kilo-e2e-jNSxkS/workspace"}
[Kilo New][P0-Perf] {"corr":"b4e081ba-89cc-44bc-935b-893749b1d932","stage":"sse.event","t":1786782989391,"d":21889,"surface":"extension","span":"end","dur":0,"eventType":"session.updated.1","dir":"/private/var/folders/9v/733tfwtj2jvgwygmtrbwj9gm0000gn/T/kilo-e2e-jNSxkS/workspace"}
[Kilo New][P0-Perf] {"corr":"b4e081ba-89cc-44bc-935b-893749b1d932","stage":"sse.event","t":1786782989391,"d":21889,"surface":"extension","span":"start","eventType":"session.status","dir":"/private/var/folders/9v/733tfwtj2jvgwygmtrbwj9gm0000gn/T/kilo-e2e-jNSxkS/workspace"}
[Kilo New][P0-Perf] {"corr":"b4e081ba-89cc-44bc-935b-893749b1d932","stage":"sse.event","t":1786782989391,"d":21889,"surface":"extension","span":"end","dur":0,"eventType":"session.status","dir":"/private/var/folders/9v/733tfwtj2jvgwygmtrbwj9gm0000gn/T/kilo-e2e-jNSxkS/workspace"}
[Kilo New][P0-Perf] {"corr":"b4e081ba-89cc-44bc-935b-893749b1d932","stage":"sse.event","t":1786782989391,"d":21889,"surface":"extension","span":"start","eventType":"session.diff","dir":"/private/var/folders/9v/733tfwtj2jvgwygmtrbwj9gm0000gn/T/kilo-e2e-jNSxkS/workspace"}
[Kilo New][P0-Perf] {"corr":"b4e081ba-89cc-44bc-935b-893749b1d932","stage":"sse.event","t":1786782989391,"d":21889,"surface":"extension","span":"end","dur":0,"eventType":"session.diff","dir":"/private/var/folders/9v/733tfwtj2jvgwygmtrbwj9gm0000gn/T/kilo-e2e-jNSxkS/workspace"}
[Kilo New][P0-Perf] {"corr":"b4e081ba-89cc-44bc-935b-893749b1d932","stage":"sse.event","t":1786782989392,"d":21890,"surface":"extension","span":"start","eventType":"message.updated","dir":"/private/var/folders/9v/733tfwtj2jvgwygmtrbwj9gm0000gn/T/kilo-e2e-jNSxkS/workspace"}
[Kilo New][P0-Perf] {"corr":"b4e081ba-89cc-44bc-935b-893749b1d932","stage":"sse.event","t":1786782989392,"d":21890,"surface":"extension","span":"end","dur":0,"eventType":"message.updated","dir":"/private/var/folders/9v/733tfwtj2jvgwygmtrbwj9gm0000gn/T/kilo-e2e-jNSxkS/workspace"}
[Kilo New][P0-Perf] {"corr":"b4e081ba-89cc-44bc-935b-893749b1d932","stage":"sse.event","t":1786782989392,"d":21890,"surface":"extension","span":"start","eventType":"message.updated.1","dir":"/private/var/folders/9v/733tfwtj2jvgwygmtrbwj9gm0000gn/T/kilo-e2e-jNSxkS/workspace"}
[Kilo New][P0-Perf] {"corr":"b4e081ba-89cc-44bc-935b-893749b1d932","stage":"sse.event","t":1786782989392,"d":21890,"surface":"extension","span":"end","dur":0,"eventType":"message.updated.1","dir":"/private/var/folders/9v/733tfwtj2jvgwygmtrbwj9gm0000gn/T/kilo-e2e-jNSxkS/workspace"}
[Kilo New][P0-Perf] {"corr":"b4e081ba-89cc-44bc-935b-893749b1d932","stage":"sse.event","t":1786782989447,"d":21945,"surface":"extension","span":"start","eventType":"message.part.updated","dir":"/private/var/folders/9v/733tfwtj2jvgwygmtrbwj9gm0000gn/T/kilo-e2e-jNSxkS/workspace"}
[Kilo New][P0-Perf] {"corr":"b4e081ba-89cc-44bc-935b-893749b1d932","stage":"sse.event","t":1786782989448,"d":21946,"surface":"extension","span":"end","dur":1,"eventType":"message.part.updated","dir":"/private/var/folders/9v/733tfwtj2jvgwygmtrbwj9gm0000gn/T/kilo-e2e-jNSxkS/workspace"}
[Kilo New][P0-Perf] {"corr":"b4e081ba-89cc-44bc-935b-893749b1d932","stage":"sse.event","t":1786782989448,"d":21946,"surface":"extension","span":"start","eventType":"message.part.updated.1","dir":"/private/var/folders/9v/733tfwtj2jvgwygmtrbwj9gm0000gn/T/kilo-e2e-jNSxkS/workspace"}
[Kilo New][P0-Perf] {"corr":"b4e081ba-89cc-44bc-935b-893749b1d932","stage":"sse.event","t":1786782989448,"d":21946,"surface":"extension","span":"end","dur":0,"eventType":"message.part.updated.1","dir":"/private/var/folders/9v/733tfwtj2jvgwygmtrbwj9gm0000gn/T/kilo-e2e-jNSxkS/workspace"}
[Kilo New][P0-Perf] {"corr":"b4e081ba-89cc-44bc-935b-893749b1d932","stage":"sse.event","t":1786782989448,"d":21946,"surface":"extension","span":"start","eventType":"message.part.updated","dir":"/private/var/folders/9v/733tfwtj2jvgwygmtrbwj9gm0000gn/T/kilo-e2e-jNSxkS/workspace"}
[Kilo New][P0-Perf] {"corr":"b4e081ba-89cc-44bc-935b-893749b1d932","stage":"sse.event","t":1786782989448,"d":21946,"surface":"extension","span":"end","dur":0,"eventType":"message.part.updated","dir":"/private/var/folders/9v/733tfwtj2jvgwygmtrbwj9gm0000gn/T/kilo-e2e-jNSxkS/workspace"}
[Kilo New][P0-Perf] {"corr":"b4e081ba-89cc-44bc-935b-893749b1d932","stage":"sse.event","t":1786782989448,"d":21946,"surface":"extension","span":"start","eventType":"message.part.updated.1","dir":"/private/var/folders/9v/733tfwtj2jvgwygmtrbwj9gm0000gn/T/kilo-e2e-jNSxkS/workspace"}
[Kilo New][P0-Perf] {"corr":"b4e081ba-89cc-44bc-935b-893749b1d932","stage":"sse.event","t":1786782989448,"d":21946,"surface":"extension","span":"end","dur":0,"eventType":"message.part.updated.1","dir":"/private/var/folders/9v/733tfwtj2jvgwygmtrbwj9gm0000gn/T/kilo-e2e-jNSxkS/workspace"}
[Kilo New][P0-Perf] {"corr":"b4e081ba-89cc-44bc-935b-893749b1d932","stage":"sse.event","t":1786782989448,"d":21946,"surface":"extension","span":"start","eventType":"message.part.delta","dir":"/private/var/folders/9v/733tfwtj2jvgwygmtrbwj9gm0000gn/T/kilo-e2e-jNSxkS/workspace"}
[Kilo New][P0-Perf] {"corr":"b4e081ba-89cc-44bc-935b-893749b1d932","stage":"sse.event","t":1786782989449,"d":21947,"surface":"extension","span":"end","dur":1,"eventType":"message.part.delta","dir":"/private/var/folders/9v/733tfwtj2jvgwygmtrbwj9gm0000gn/T/kilo-e2e-jNSxkS/workspace"}
[Kilo New][P0-Perf] {"corr":"b4e081ba-89cc-44bc-935b-893749b1d932","stage":"sse.event","t":1786782989449,"d":21947,"surface":"extension","span":"start","eventType":"message.part.updated","dir":"/private/var/folders/9v/733tfwtj2jvgwygmtrbwj9gm0000gn/T/kilo-e2e-jNSxkS/workspace"}
[Kilo New][P0-Perf] {"corr":"b4e081ba-89cc-44bc-935b-893749b1d932","stage":"sse.event","t":1786782989449,"d":21947,"surface":"extension","span":"end","dur":0,"eventType":"message.part.updated","dir":"/private/var/folders/9v/733tfwtj2jvgwygmtrbwj9gm0000gn/T/kilo-e2e-jNSxkS/workspace"}
[Kilo New][P0-Perf] {"corr":"b4e081ba-89cc-44bc-935b-893749b1d932","stage":"sse.event","t":1786782989449,"d":21947,"surface":"extension","span":"start","eventType":"message.part.updated.1","dir":"/private/var/folders/9v/733tfwtj2jvgwygmtrbwj9gm0000gn/T/kilo-e2e-jNSxkS/workspace"}
[Kilo New][P0-Perf] {"corr":"b4e081ba-89cc-44bc-935b-893749b1d932","stage":"sse.event","t":1786782989449,"d":21947,"surface":"extension","span":"end","dur":0,"eventType":"message.part.updated.1","dir":"/private/var/folders/9v/733tfwtj2jvgwygmtrbwj9gm0000gn/T/kilo-e2e-jNSxkS/workspace"}
[Kilo New] ServerManager: ⚠️ CLI Server stderr: INFO  2026-08-15T08:36:29 +307ms service=snapshot hash=443ba798afb5a9a497700943f247c71d3f56013a cwd=/private/var/folders/9v/733tfwtj2jvgwygmtrbwj9gm0000gn/T/kilo-e2e-jNSxkS/workspace git=/var/folders/9v/733tfwtj2jvgwygmtrbwj9gm0000gn/T/kilo-e2e-jNSxkS/xdg-data/kilo/snapshot/8d92d1e5131045cc7f25d873d3918998f2fa7b46/9be8c9df477d736235572209b80be94e3ae91688 tracking
[Kilo New][P0-Perf] {"corr":"b4e081ba-89cc-44bc-935b-893749b1d932","stage":"sse.event","t":1786782989703,"d":22201,"surface":"extension","span":"start","eventType":"message.part.updated","dir":"/private/var/folders/9v/733tfwtj2jvgwygmtrbwj9gm0000gn/T/kilo-e2e-jNSxkS/workspace"}
[Kilo New][P0-Perf] {"corr":"b4e081ba-89cc-44bc-935b-893749b1d932","stage":"sse.event","t":1786782989703,"d":22201,"surface":"extension","span":"end","dur":0,"eventType":"message.part.updated","dir":"/private/var/folders/9v/733tfwtj2jvgwygmtrbwj9gm0000gn/T/kilo-e2e-jNSxkS/workspace"}
[Kilo New][P0-Perf] {"corr":"b4e081ba-89cc-44bc-935b-893749b1d932","stage":"sse.event","t":1786782989703,"d":22201,"surface":"extension","span":"start","eventType":"message.part.updated.1","dir":"/private/var/folders/9v/733tfwtj2jvgwygmtrbwj9gm0000gn/T/kilo-e2e-jNSxkS/workspace"}
[Kilo New][P0-Perf] {"corr":"b4e081ba-89cc-44bc-935b-893749b1d932","stage":"sse.event","t":1786782989703,"d":22201,"surface":"extension","span":"end","dur":0,"eventType":"message.part.updated.1","dir":"/private/var/folders/9v/733tfwtj2jvgwygmtrbwj9gm0000gn/T/kilo-e2e-jNSxkS/workspace"}
[Kilo New][P0-Perf] {"corr":"b4e081ba-89cc-44bc-935b-893749b1d932","stage":"sse.event","t":1786782989704,"d":22202,"surface":"extension","span":"start","eventType":"message.updated","dir":"/private/var/folders/9v/733tfwtj2jvgwygmtrbwj9gm0000gn/T/kilo-e2e-jNSxkS/workspace"}
[Kilo New][P0-Perf] {"corr":"b4e081ba-89cc-44bc-935b-893749b1d932","stage":"sse.event","t":1786782989704,"d":22202,"surface":"extension","span":"end","dur":0,"eventType":"message.updated","dir":"/private/var/folders/9v/733tfwtj2jvgwygmtrbwj9gm0000gn/T/kilo-e2e-jNSxkS/workspace"}
[Kilo New][P0-Perf] {"corr":"b4e081ba-89cc-44bc-935b-893749b1d932","stage":"sse.event","t":1786782989704,"d":22202,"surface":"extension","span":"start","eventType":"message.updated.1","dir":"/private/var/folders/9v/733tfwtj2jvgwygmtrbwj9gm0000gn/T/kilo-e2e-jNSxkS/workspace"}
[Kilo New][P0-Perf] {"corr":"b4e081ba-89cc-44bc-935b-893749b1d932","stage":"sse.event","t":1786782989704,"d":22202,"surface":"extension","span":"end","dur":0,"eventType":"message.updated.1","dir":"/private/var/folders/9v/733tfwtj2jvgwygmtrbwj9gm0000gn/T/kilo-e2e-jNSxkS/workspace"}
[Kilo New] ServerManager: ⚠️ CLI Server stderr: INFO  2026-08-15T08:36:29 +256ms service=session.prompt session.id=ses_ffb6f4a02ffehoL0gau0KztAZV step=1 loop
[Kilo New] ServerManager: ⚠️ CLI Server stderr: INFO  2026-08-15T08:36:29 +2ms service=session.prompt session.id=ses_ffb6f4a02ffehoL0gau0KztAZV exiting loop
[Kilo New] ServerManager: ⚠️ CLI Server stderr: INFO  2026-08-15T08:36:29 +4ms service=bus type=session.turn.close publishing
[Kilo New][P0-Perf] {"corr":"b4e081ba-89cc-44bc-935b-893749b1d932","stage":"sse.event","t":1786782989967,"d":22465,"surface":"extension","span":"start","eventType":"message.updated","dir":"/private/var/folders/9v/733tfwtj2jvgwygmtrbwj9gm0000gn/T/kilo-e2e-jNSxkS/workspace"}
[Kilo New][P0-Perf] {"corr":"b4e081ba-89cc-44bc-935b-893749b1d932","stage":"sse.event","t":1786782989967,"d":22465,"surface":"extension","span":"end","dur":0,"eventType":"message.updated","dir":"/private/var/folders/9v/733tfwtj2jvgwygmtrbwj9gm0000gn/T/kilo-e2e-jNSxkS/workspace"}
[Kilo New][P0-Perf] {"corr":"b4e081ba-89cc-44bc-935b-893749b1d932","stage":"sse.event","t":1786782989967,"d":22465,"surface":"extension","span":"start","eventType":"message.updated.1","dir":"/private/var/folders/9v/733tfwtj2jvgwygmtrbwj9gm0000gn/T/kilo-e2e-jNSxkS/workspace"}
[Kilo New][P0-Perf] {"corr":"b4e081ba-89cc-44bc-935b-893749b1d932","stage":"sse.event","t":1786782989968,"d":22466,"surface":"extension","span":"end","dur":1,"eventType":"message.updated.1","dir":"/private/var/folders/9v/733tfwtj2jvgwygmtrbwj9gm0000gn/T/kilo-e2e-jNSxkS/workspace"}
[Kilo New][P0-Perf] {"corr":"b4e081ba-89cc-44bc-935b-893749b1d932","stage":"sse.event","t":1786782989968,"d":22466,"surface":"extension","span":"start","eventType":"session.status","dir":"/private/var/folders/9v/733tfwtj2jvgwygmtrbwj9gm0000gn/T/kilo-e2e-jNSxkS/workspace"}
[Kilo New][P0-Perf] {"corr":"b4e081ba-89cc-44bc-935b-893749b1d932","stage":"sse.event","t":1786782989968,"d":22466,"surface":"extension","span":"end","dur":0,"eventType":"session.status","dir":"/private/var/folders/9v/733tfwtj2jvgwygmtrbwj9gm0000gn/T/kilo-e2e-jNSxkS/workspace"}
[Kilo New][P0-Perf] {"corr":"b4e081ba-89cc-44bc-935b-893749b1d932","stage":"sse.event","t":1786782989968,"d":22466,"surface":"extension","span":"start","eventType":"session.status","dir":"/private/var/folders/9v/733tfwtj2jvgwygmtrbwj9gm0000gn/T/kilo-e2e-jNSxkS/workspace"}
[Kilo New][P0-Perf] {"corr":"b4e081ba-89cc-44bc-935b-893749b1d932","stage":"sse.event","t":1786782989968,"d":22466,"surface":"extension","span":"end","dur":0,"eventType":"session.status","dir":"/private/var/folders/9v/733tfwtj2jvgwygmtrbwj9gm0000gn/T/kilo-e2e-jNSxkS/workspace"}
[Kilo New][P0-Perf] {"corr":"b4e081ba-89cc-44bc-935b-893749b1d932","stage":"sse.event","t":1786782989969,"d":22467,"surface":"extension","span":"start","eventType":"session.idle","dir":"/private/var/folders/9v/733tfwtj2jvgwygmtrbwj9gm0000gn/T/kilo-e2e-jNSxkS/workspace"}
[Kilo New][P0-Perf] {"corr":"b4e081ba-89cc-44bc-935b-893749b1d932","stage":"sse.event","t":1786782989969,"d":22467,"surface":"extension","span":"end","dur":0,"eventType":"session.idle","dir":"/private/var/folders/9v/733tfwtj2jvgwygmtrbwj9gm0000gn/T/kilo-e2e-jNSxkS/workspace"}
[Kilo New][P0-Perf] {"corr":"b4e081ba-89cc-44bc-935b-893749b1d932","stage":"sse.event","t":1786782989969,"d":22467,"surface":"extension","span":"start","eventType":"session.turn.close","dir":"/private/var/folders/9v/733tfwtj2jvgwygmtrbwj9gm0000gn/T/kilo-e2e-jNSxkS/workspace"}
[Kilo New][P0-Perf] {"corr":"b4e081ba-89cc-44bc-935b-893749b1d932","stage":"sse.event","t":1786782989969,"d":22467,"surface":"extension","span":"end","dur":0,"eventType":"session.turn.close","dir":"/private/var/folders/9v/733tfwtj2jvgwygmtrbwj9gm0000gn/T/kilo-e2e-jNSxkS/workspace"}
[Kilo New] ServerManager: ⚠️ CLI Server stderr: INFO  2026-08-15T08:36:30 +657ms service=p0-perf event=p0.end stage=tool_execute ts=1786782990607 duration=2846 id=ses_ffb6f5921ffe7fqDtYuSdit3bS meta={"tool":"task","callID":"call_e2e_task_1","messageID":"msg_00490aaf40011r09LQxxqqp1g6"} tool_execute
[Kilo New] ServerManager: ⚠️ CLI Server stderr: INFO  2026-08-15T08:36:30 +22ms service=model-cache providerID=apertis refreshing models
[Kilo New][P0-Perf] {"corr":"b4e081ba-89cc-44bc-935b-893749b1d932","stage":"sse.event","t":1786782990630,"d":23128,"surface":"extension","span":"start","eventType":"session.updated","dir":"/private/var/folders/9v/733tfwtj2jvgwygmtrbwj9gm0000gn/T/kilo-e2e-jNSxkS/workspace"}
[Kilo New][P0-Perf] {"corr":"b4e081ba-89cc-44bc-935b-893749b1d932","stage":"sse.event","t":1786782990631,"d":23129,"surface":"extension","span":"end","dur":1,"eventType":"session.updated","dir":"/private/var/folders/9v/733tfwtj2jvgwygmtrbwj9gm0000gn/T/kilo-e2e-jNSxkS/workspace"}
[Kilo New][P0-Perf] {"corr":"b4e081ba-89cc-44bc-935b-893749b1d932","stage":"sse.event","t":1786782990631,"d":23129,"surface":"extension","span":"start","eventType":"session.updated.1","dir":"/private/var/folders/9v/733tfwtj2jvgwygmtrbwj9gm0000gn/T/kilo-e2e-jNSxkS/workspace"}
[Kilo New][P0-Perf] {"corr":"b4e081ba-89cc-44bc-935b-893749b1d932","stage":"sse.event","t":1786782990631,"d":23129,"surface":"extension","span":"end","dur":0,"eventType":"session.updated.1","dir":"/private/var/folders/9v/733tfwtj2jvgwygmtrbwj9gm0000gn/T/kilo-e2e-jNSxkS/workspace"}
[Kilo New][P0-Perf] {"corr":"b4e081ba-89cc-44bc-935b-893749b1d932","stage":"sse.event","t":1786782990631,"d":23129,"surface":"extension","span":"start","eventType":"message.part.updated","dir":"/private/var/folders/9v/733tfwtj2jvgwygmtrbwj9gm0000gn/T/kilo-e2e-jNSxkS/workspace"}
[Kilo New][P0-Perf] {"corr":"b4e081ba-89cc-44bc-935b-893749b1d932","stage":"sse.event","t":1786782990631,"d":23129,"surface":"extension","span":"end","dur":0,"eventType":"message.part.updated","dir":"/private/var/folders/9v/733tfwtj2jvgwygmtrbwj9gm0000gn/T/kilo-e2e-jNSxkS/workspace"}
[Kilo New][P0-Perf] {"corr":"b4e081ba-89cc-44bc-935b-893749b1d932","stage":"sse.event","t":1786782990631,"d":23129,"surface":"extension","span":"start","eventType":"message.part.updated.1","dir":"/private/var/folders/9v/733tfwtj2jvgwygmtrbwj9gm0000gn/T/kilo-e2e-jNSxkS/workspace"}
[Kilo New][P0-Perf] {"corr":"b4e081ba-89cc-44bc-935b-893749b1d932","stage":"sse.event","t":1786782990631,"d":23129,"surface":"extension","span":"end","dur":0,"eventType":"message.part.updated.1","dir":"/private/var/folders/9v/733tfwtj2jvgwygmtrbwj9gm0000gn/T/kilo-e2e-jNSxkS/workspace"}
[Kilo New][P0-Perf] {"corr":"b4e081ba-89cc-44bc-935b-893749b1d932","stage":"sse.event","t":1786782990632,"d":23130,"surface":"extension","span":"start","eventType":"session.diff","dir":"/private/var/folders/9v/733tfwtj2jvgwygmtrbwj9gm0000gn/T/kilo-e2e-jNSxkS/workspace"}
[Kilo New][P0-Perf] {"corr":"b4e081ba-89cc-44bc-935b-893749b1d932","stage":"sse.event","t":1786782990632,"d":23130,"surface":"extension","span":"end","dur":0,"eventType":"session.diff","dir":"/private/var/folders/9v/733tfwtj2jvgwygmtrbwj9gm0000gn/T/kilo-e2e-jNSxkS/workspace"}
[Kilo New][P0-Perf] {"corr":"b4e081ba-89cc-44bc-935b-893749b1d932","stage":"sse.event","t":1786782990632,"d":23130,"surface":"extension","span":"start","eventType":"message.updated","dir":"/private/var/folders/9v/733tfwtj2jvgwygmtrbwj9gm0000gn/T/kilo-e2e-jNSxkS/workspace"}
[Kilo New][P0-Perf] {"corr":"b4e081ba-89cc-44bc-935b-893749b1d932","stage":"sse.event","t":1786782990632,"d":23130,"surface":"extension","span":"end","dur":0,"eventType":"message.updated","dir":"/private/var/folders/9v/733tfwtj2jvgwygmtrbwj9gm0000gn/T/kilo-e2e-jNSxkS/workspace"}
[Kilo New][P0-Perf] {"corr":"b4e081ba-89cc-44bc-935b-893749b1d932","stage":"sse.event","t":1786782990632,"d":23130,"surface":"extension","span":"start","eventType":"message.updated.1","dir":"/private/var/folders/9v/733tfwtj2jvgwygmtrbwj9gm0000gn/T/kilo-e2e-jNSxkS/workspace"}
[Kilo New][P0-Perf] {"corr":"b4e081ba-89cc-44bc-935b-893749b1d932","stage":"sse.event","t":1786782990632,"d":23130,"surface":"extension","span":"end","dur":0,"eventType":"message.updated.1","dir":"/private/var/folders/9v/733tfwtj2jvgwygmtrbwj9gm0000gn/T/kilo-e2e-jNSxkS/workspace"}
[Kilo New] ServerManager: ⚠️ CLI Server stderr: INFO  2026-08-15T08:36:30 +58ms service=model-cache providerID=apertis count=0 models fetched and cached
[Kilo New] ServerManager: ⚠️ CLI Server stderr: INFO  2026-08-15T08:36:31 +383ms service=snapshot hash=443ba798afb5a9a497700943f247c71d3f56013a cwd=/private/var/folders/9v/733tfwtj2jvgwygmtrbwj9gm0000gn/T/kilo-e2e-jNSxkS/workspace git=/var/folders/9v/733tfwtj2jvgwygmtrbwj9gm0000gn/T/kilo-e2e-jNSxkS/xdg-data/kilo/snapshot/8d92d1e5131045cc7f25d873d3918998f2fa7b46/9be8c9df477d736235572209b80be94e3ae91688 tracking
[Kilo New][P0-Perf] {"corr":"b4e081ba-89cc-44bc-935b-893749b1d932","stage":"sse.event","t":1786782991079,"d":23577,"surface":"extension","span":"start","eventType":"message.part.updated","dir":"/private/var/folders/9v/733tfwtj2jvgwygmtrbwj9gm0000gn/T/kilo-e2e-jNSxkS/workspace"}
[Kilo New][P0-Perf] {"corr":"b4e081ba-89cc-44bc-935b-893749b1d932","stage":"sse.event","t":1786782991079,"d":23577,"surface":"extension","span":"end","dur":0,"eventType":"message.part.updated","dir":"/private/var/folders/9v/733tfwtj2jvgwygmtrbwj9gm0000gn/T/kilo-e2e-jNSxkS/workspace"}
[Kilo New][P0-Perf] {"corr":"b4e081ba-89cc-44bc-935b-893749b1d932","stage":"sse.event","t":1786782991079,"d":23577,"surface":"extension","span":"start","eventType":"message.part.updated.1","dir":"/private/var/folders/9v/733tfwtj2jvgwygmtrbwj9gm0000gn/T/kilo-e2e-jNSxkS/workspace"}
[Kilo New][P0-Perf] {"corr":"b4e081ba-89cc-44bc-935b-893749b1d932","stage":"sse.event","t":1786782991080,"d":23578,"surface":"extension","span":"end","dur":1,"eventType":"message.part.updated.1","dir":"/private/var/folders/9v/733tfwtj2jvgwygmtrbwj9gm0000gn/T/kilo-e2e-jNSxkS/workspace"}
[Kilo New][P0-Perf] {"corr":"b4e081ba-89cc-44bc-935b-893749b1d932","stage":"sse.event","t":1786782991080,"d":23578,"surface":"extension","span":"start","eventType":"message.updated","dir":"/private/var/folders/9v/733tfwtj2jvgwygmtrbwj9gm0000gn/T/kilo-e2e-jNSxkS/workspace"}
[Kilo New][P0-Perf] {"corr":"b4e081ba-89cc-44bc-935b-893749b1d932","stage":"sse.event","t":1786782991080,"d":23578,"surface":"extension","span":"end","dur":0,"eventType":"message.updated","dir":"/private/var/folders/9v/733tfwtj2jvgwygmtrbwj9gm0000gn/T/kilo-e2e-jNSxkS/workspace"}
[Kilo New][P0-Perf] {"corr":"b4e081ba-89cc-44bc-935b-893749b1d932","stage":"sse.event","t":1786782991080,"d":23578,"surface":"extension","span":"start","eventType":"message.updated.1","dir":"/private/var/folders/9v/733tfwtj2jvgwygmtrbwj9gm0000gn/T/kilo-e2e-jNSxkS/workspace"}
[Kilo New][P0-Perf] {"corr":"b4e081ba-89cc-44bc-935b-893749b1d932","stage":"sse.event","t":1786782991080,"d":23578,"surface":"extension","span":"end","dur":0,"eventType":"message.updated.1","dir":"/private/var/folders/9v/733tfwtj2jvgwygmtrbwj9gm0000gn/T/kilo-e2e-jNSxkS/workspace"}
[Kilo New] ServerManager: ⚠️ CLI Server stderr: INFO  2026-08-15T08:36:31 +213ms service=session.prompt session.id=ses_ffb6f5921ffe7fqDtYuSdit3bS step=1 loop
[Kilo New] ServerManager: ⚠️ CLI Server stderr: INFO  2026-08-15T08:36:31 +5ms service=p0-perf event=p0.mark stage=processor_entry ts=1786782991288 id=ses_ffb6f5921ffe7fqDtYuSdit3bS meta={"messageID":"msg_00490c3b6001joQUZlnfr0KECL","parentID":"msg_00490a6cb0013dmkaK81GYaOFA","model":"e2e-model","provider":"e2e-local"} processor_entry
[Kilo New][P0-Perf] {"corr":"b4e081ba-89cc-44bc-935b-893749b1d932","stage":"sse.event","t":1786782991294,"d":23792,"surface":"extension","span":"start","eventType":"message.updated","dir":"/private/var/folders/9v/733tfwtj2jvgwygmtrbwj9gm0000gn/T/kilo-e2e-jNSxkS/workspace"}
[Kilo New][P0-Perf] {"corr":"b4e081ba-89cc-44bc-935b-893749b1d932","stage":"sse.event","t":1786782991295,"d":23793,"surface":"extension","span":"end","dur":1,"eventType":"message.updated","dir":"/private/var/folders/9v/733tfwtj2jvgwygmtrbwj9gm0000gn/T/kilo-e2e-jNSxkS/workspace"}
[Kilo New][P0-Perf] {"corr":"b4e081ba-89cc-44bc-935b-893749b1d932","stage":"sse.event","t":1786782991295,"d":23793,"surface":"extension","span":"start","eventType":"message.updated.1","dir":"/private/var/folders/9v/733tfwtj2jvgwygmtrbwj9gm0000gn/T/kilo-e2e-jNSxkS/workspace"}
[Kilo New][P0-Perf] {"corr":"b4e081ba-89cc-44bc-935b-893749b1d932","stage":"sse.event","t":1786782991295,"d":23793,"surface":"extension","span":"end","dur":0,"eventType":"message.updated.1","dir":"/private/var/folders/9v/733tfwtj2jvgwygmtrbwj9gm0000gn/T/kilo-e2e-jNSxkS/workspace"}
[Kilo New][P0-Perf] {"corr":"b4e081ba-89cc-44bc-935b-893749b1d932","stage":"sse.event","t":1786782991295,"d":23793,"surface":"extension","span":"start","eventType":"session.status","dir":"/private/var/folders/9v/733tfwtj2jvgwygmtrbwj9gm0000gn/T/kilo-e2e-jNSxkS/workspace"}
[Kilo New][P0-Perf] {"corr":"b4e081ba-89cc-44bc-935b-893749b1d932","stage":"sse.event","t":1786782991295,"d":23793,"surface":"extension","span":"end","dur":0,"eventType":"session.status","dir":"/private/var/folders/9v/733tfwtj2jvgwygmtrbwj9gm0000gn/T/kilo-e2e-jNSxkS/workspace"}
[Kilo New][P0-Perf] {"corr":"b4e081ba-89cc-44bc-935b-893749b1d932","stage":"sse.event","t":1786782991295,"d":23793,"surface":"extension","span":"start","eventType":"message.updated","dir":"/private/var/folders/9v/733tfwtj2jvgwygmtrbwj9gm0000gn/T/kilo-e2e-jNSxkS/workspace"}
[Kilo New][P0-Perf] {"corr":"b4e081ba-89cc-44bc-935b-893749b1d932","stage":"sse.event","t":1786782991296,"d":23794,"surface":"extension","span":"end","dur":1,"eventType":"message.updated","dir":"/private/var/folders/9v/733tfwtj2jvgwygmtrbwj9gm0000gn/T/kilo-e2e-jNSxkS/workspace"}
[Kilo New][P0-Perf] {"corr":"b4e081ba-89cc-44bc-935b-893749b1d932","stage":"sse.event","t":1786782991296,"d":23794,"surface":"extension","span":"start","eventType":"message.updated.1","dir":"/private/var/folders/9v/733tfwtj2jvgwygmtrbwj9gm0000gn/T/kilo-e2e-jNSxkS/workspace"}
[Kilo New][P0-Perf] {"corr":"b4e081ba-89cc-44bc-935b-893749b1d932","stage":"model.firstEvent","t":1786782991296,"d":23794,"surface":"extension","sessionID":"ses_ffb6f5921ffe7fqDtYuSdit3bS","messageID":"msg_00490c3b6001joQUZlnfr0KECL","parentID":"msg_00490a6cb0013dmkaK81GYaOFA","dir":"/private/var/folders/9v/733tfwtj2jvgwygmtrbwj9gm0000gn/T/kilo-e2e-jNSxkS/workspace"}
[Kilo New][P0-Perf] {"corr":"b4e081ba-89cc-44bc-935b-893749b1d932","stage":"sse.event","t":1786782991296,"d":23794,"surface":"extension","span":"end","dur":0,"eventType":"message.updated.1","dir":"/private/var/folders/9v/733tfwtj2jvgwygmtrbwj9gm0000gn/T/kilo-e2e-jNSxkS/workspace"}
[Kilo New][P0-Perf] {"corr":"b4e081ba-89cc-44bc-935b-893749b1d932","stage":"sse.event","t":1786782991366,"d":23864,"surface":"extension","span":"start","eventType":"session.updated","dir":"/private/var/folders/9v/733tfwtj2jvgwygmtrbwj9gm0000gn/T/kilo-e2e-jNSxkS/workspace"}
[Kilo New][P0-Perf] {"corr":"b4e081ba-89cc-44bc-935b-893749b1d932","stage":"sse.event","t":1786782991366,"d":23864,"surface":"extension","span":"end","dur":0,"eventType":"session.updated","dir":"/private/var/folders/9v/733tfwtj2jvgwygmtrbwj9gm0000gn/T/kilo-e2e-jNSxkS/workspace"}
[Kilo New][P0-Perf] {"corr":"b4e081ba-89cc-44bc-935b-893749b1d932","stage":"sse.event","t":1786782991366,"d":23864,"surface":"extension","span":"start","eventType":"session.updated.1","dir":"/private/var/folders/9v/733tfwtj2jvgwygmtrbwj9gm0000gn/T/kilo-e2e-jNSxkS/workspace"}
[Kilo New][P0-Perf] {"corr":"b4e081ba-89cc-44bc-935b-893749b1d932","stage":"sse.event","t":1786782991366,"d":23864,"surface":"extension","span":"end","dur":0,"eventType":"session.updated.1","dir":"/private/var/folders/9v/733tfwtj2jvgwygmtrbwj9gm0000gn/T/kilo-e2e-jNSxkS/workspace"}
[Kilo New][P0-Perf] {"corr":"b4e081ba-89cc-44bc-935b-893749b1d932","stage":"sse.event","t":1786782991366,"d":23864,"surface":"extension","span":"start","eventType":"session.diff","dir":"/private/var/folders/9v/733tfwtj2jvgwygmtrbwj9gm0000gn/T/kilo-e2e-jNSxkS/workspace"}
[Kilo New][P0-Perf] {"corr":"b4e081ba-89cc-44bc-935b-893749b1d932","stage":"sse.event","t":1786782991366,"d":23864,"surface":"extension","span":"end","dur":0,"eventType":"session.diff","dir":"/private/var/folders/9v/733tfwtj2jvgwygmtrbwj9gm0000gn/T/kilo-e2e-jNSxkS/workspace"}
[Kilo New][P0-Perf] {"corr":"b4e081ba-89cc-44bc-935b-893749b1d932","stage":"sse.event","t":1786782991367,"d":23865,"surface":"extension","span":"start","eventType":"message.updated","dir":"/private/var/folders/9v/733tfwtj2jvgwygmtrbwj9gm0000gn/T/kilo-e2e-jNSxkS/workspace"}
[Kilo New][P0-Perf] {"corr":"b4e081ba-89cc-44bc-935b-893749b1d932","stage":"sse.event","t":1786782991367,"d":23865,"surface":"extension","span":"end","dur":0,"eventType":"message.updated","dir":"/private/var/folders/9v/733tfwtj2jvgwygmtrbwj9gm0000gn/T/kilo-e2e-jNSxkS/workspace"}
[Kilo New][P0-Perf] {"corr":"b4e081ba-89cc-44bc-935b-893749b1d932","stage":"sse.event","t":1786782991367,"d":23865,"surface":"extension","span":"start","eventType":"message.updated.1","dir":"/private/var/folders/9v/733tfwtj2jvgwygmtrbwj9gm0000gn/T/kilo-e2e-jNSxkS/workspace"}
[Kilo New][P0-Perf] {"corr":"b4e081ba-89cc-44bc-935b-893749b1d932","stage":"sse.event","t":1786782991367,"d":23865,"surface":"extension","span":"end","dur":0,"eventType":"message.updated.1","dir":"/private/var/folders/9v/733tfwtj2jvgwygmtrbwj9gm0000gn/T/kilo-e2e-jNSxkS/workspace"}
[Kilo New] ServerManager: ⚠️ CLI Server stderr: INFO  2026-08-15T08:36:31 +287ms service=snapshot hash=443ba798afb5a9a497700943f247c71d3f56013a cwd=/private/var/folders/9v/733tfwtj2jvgwygmtrbwj9gm0000gn/T/kilo-e2e-jNSxkS/workspace git=/var/folders/9v/733tfwtj2jvgwygmtrbwj9gm0000gn/T/kilo-e2e-jNSxkS/xdg-data/kilo/snapshot/8d92d1e5131045cc7f25d873d3918998f2fa7b46/9be8c9df477d736235572209b80be94e3ae91688 tracking
[Kilo New] ServerManager: ⚠️ CLI Server stderr: INFO  2026-08-15T08:36:31 +40ms service=session.tools status=started resolveTools
[Kilo New] ServerManager: ⚠️ CLI Server stderr: INFO  2026-08-15T08:36:31 +1ms service=tool.registry status=started invalid
[Kilo New] ServerManager: ⚠️ CLI Server stderr: INFO  2026-08-15T08:36:31 +0ms service=tool.registry status=completed duration=1 invalid
[Kilo New] ServerManager: ⚠️ CLI Server stderr: INFO  2026-08-15T08:36:31 +0ms service=tool.registry status=started question
[Kilo New] ServerManager: ⚠️ CLI Server stderr: INFO  2026-08-15T08:36:31 +0ms service=tool.registry status=completed duration=0 question
[Kilo New] ServerManager: ⚠️ CLI Server stderr: INFO  2026-08-15T08:36:31 +0ms service=tool.registry status=started bash
[Kilo New] ServerManager: ⚠️ CLI Server stderr: INFO  2026-08-15T08:36:31 +0ms service=tool.registry status=completed duration=0 bash
[Kilo New] ServerManager: ⚠️ CLI Server stderr: INFO  2026-08-15T08:36:31 +0ms service=tool.registry status=started read
[Kilo New] ServerManager: ⚠️ CLI Server stderr: INFO  2026-08-15T08:36:31 +0ms service=tool.registry status=completed duration=0 read
[Kilo New] ServerManager: ⚠️ CLI Server stderr: INFO  2026-08-15T08:36:31 +0ms service=tool.registry status=started glob
[Kilo New] ServerManager: ⚠️ CLI Server stderr: INFO  2026-08-15T08:36:31 +0ms service=tool.registry status=completed duration=0 glob
[Kilo New] ServerManager: ⚠️ CLI Server stderr: INFO  2026-08-15T08:36:31 +0ms service=tool.registry status=started grep
[Kilo New] ServerManager: ⚠️ CLI Server stderr: INFO  2026-08-15T08:36:31 +0ms service=tool.registry status=completed duration=0 grep
[Kilo New] ServerManager: ⚠️ CLI Server stderr: INFO  2026-08-15T08:36:31 +0ms service=tool.registry status=started edit
[Kilo New] ServerManager: ⚠️ CLI Server stderr: INFO  2026-08-15T08:36:31 +0ms service=tool.registry status=completed duration=0 edit
[Kilo New] ServerManager: ⚠️ CLI Server stderr: INFO  2026-08-15T08:36:31 +0ms service=tool.registry status=started write
[Kilo New] ServerManager: ⚠️ CLI Server stderr: INFO  2026-08-15T08:36:31 +1ms service=tool.registry status=completed duration=1 write
[Kilo New] ServerManager: ⚠️ CLI Server stderr: INFO  2026-08-15T08:36:31 +0ms service=tool.registry status=started task
[Kilo New] ServerManager: ⚠️ CLI Server stderr: INFO  2026-08-15T08:36:31 +2ms service=tool.registry status=completed duration=2 task
[Kilo New] ServerManager: ⚠️ CLI Server stderr: INFO  2026-08-15T08:36:31 +0ms service=tool.registry status=started webfetch
[Kilo New] ServerManager: ⚠️ CLI Server stderr: INFO  2026-08-15T08:36:31 +0ms service=tool.registry status=completed duration=0 webfetch
[Kilo New] ServerManager: ⚠️ CLI Server stderr: INFO  2026-08-15T08:36:31 +1ms service=tool.registry status=started todowrite
[Kilo New] ServerManager: ⚠️ CLI Server stderr: INFO  2026-08-15T08:36:31 +0ms service=tool.registry status=completed duration=0 todowrite
[Kilo New] ServerManager: ⚠️ CLI Server stderr: INFO  2026-08-15T08:36:31 +0ms service=tool.registry status=started skill
[Kilo New] ServerManager: ⚠️ CLI Server stderr: INFO  2026-08-15T08:36:31 +0ms service=tool.registry status=completed duration=0 skill
[Kilo New] ServerManager: ⚠️ CLI Server stderr: INFO  2026-08-15T08:36:31 +1ms service=tool.registry status=started plan_exit
[Kilo New] ServerManager: ⚠️ CLI Server stderr: INFO  2026-08-15T08:36:31 +0ms service=tool.registry status=completed duration=0 plan_exit
[Kilo New] ServerManager: ⚠️ CLI Server stderr: INFO  2026-08-15T08:36:31 +0ms service=tool.registry status=started kilo_local_recall
[Kilo New] ServerManager: ⚠️ CLI Server stderr: INFO  2026-08-15T08:36:31 +0ms service=tool.registry status=completed duration=0 kilo_local_recall
[Kilo New] ServerManager: ⚠️ CLI Server stderr: INFO  2026-08-15T08:36:31 +0ms service=tool.registry status=started background_process
[Kilo New] ServerManager: ⚠️ CLI Server stderr: INFO  2026-08-15T08:36:31 +0ms service=tool.registry status=completed duration=0 background_process
[Kilo New] ServerManager: ⚠️ CLI Server stderr: INFO  2026-08-15T08:36:31 +0ms service=tool.registry status=started agent_manager_models
[Kilo New] ServerManager: ⚠️ CLI Server stderr: INFO  2026-08-15T08:36:31 +0ms service=tool.registry status=completed duration=0 agent_manager_models
[Kilo New] ServerManager: ⚠️ CLI Server stderr: INFO  2026-08-15T08:36:31 +0ms service=tool.registry status=started agent_manager
[Kilo New] ServerManager: ⚠️ CLI Server stderr: INFO  2026-08-15T08:36:31 +0ms service=tool.registry status=completed duration=0 agent_manager
[Kilo New] ServerManager: ⚠️ CLI Server stderr: INFO  2026-08-15T08:36:31 +0ms service=tool.registry status=started e2e_marker
[Kilo New] ServerManager: ⚠️ CLI Server stderr: INFO  2026-08-15T08:36:31 +0ms service=tool.registry status=completed duration=0 e2e_marker
[Kilo New] ServerManager: ⚠️ CLI Server stderr: INFO  2026-08-15T08:36:31 +4ms service=session.tools status=completed duration=11 resolveTools
[Kilo New] ServerManager: ⚠️ CLI Server stderr: INFO  2026-08-15T08:36:31 +31ms service=session.processor session.id=ses_ffb6f5921ffe7fqDtYuSdit3bS messageID=msg_00490c3b6001joQUZlnfr0KECL process
[Kilo New] ServerManager: ⚠️ CLI Server stderr: INFO  2026-08-15T08:36:31 +4ms service=llm providerID=e2e-local modelID=e2e-model session.id=ses_ffb6f5921ffe7fqDtYuSdit3bS small=false agent=e2e-agent mode=primary stream
[Kilo New] ServerManager: ⚠️ CLI Server stderr: INFO  2026-08-15T08:36:31 +6ms service=default llm.runtime=ai-sdk llm.provider=e2e-local llm.model=e2e-model llm runtime selected
[Kilo New][P0-Perf] {"corr":"b4e081ba-89cc-44bc-935b-893749b1d932","stage":"sse.event","t":1786782991674,"d":24172,"surface":"extension","span":"start","eventType":"session.status","dir":"/private/var/folders/9v/733tfwtj2jvgwygmtrbwj9gm0000gn/T/kilo-e2e-jNSxkS/workspace"}
[Kilo New][P0-Perf] {"corr":"b4e081ba-89cc-44bc-935b-893749b1d932","stage":"sse.event","t":1786782991674,"d":24172,"surface":"extension","span":"end","dur":0,"eventType":"session.status","dir":"/private/var/folders/9v/733tfwtj2jvgwygmtrbwj9gm0000gn/T/kilo-e2e-jNSxkS/workspace"}
[Kilo New][P0-Perf] {"corr":"b4e081ba-89cc-44bc-935b-893749b1d932","stage":"sse.event","t":1786782991729,"d":24227,"surface":"extension","span":"start","eventType":"message.part.updated","dir":"/private/var/folders/9v/733tfwtj2jvgwygmtrbwj9gm0000gn/T/kilo-e2e-jNSxkS/workspace"}
[Kilo New][P0-Perf] {"corr":"b4e081ba-89cc-44bc-935b-893749b1d932","stage":"sse.event","t":1786782991729,"d":24227,"surface":"extension","span":"end","dur":0,"eventType":"message.part.updated","dir":"/private/var/folders/9v/733tfwtj2jvgwygmtrbwj9gm0000gn/T/kilo-e2e-jNSxkS/workspace"}
[Kilo New][P0-Perf] {"corr":"b4e081ba-89cc-44bc-935b-893749b1d932","stage":"sse.event","t":1786782991729,"d":24227,"surface":"extension","span":"start","eventType":"message.part.updated.1","dir":"/private/var/folders/9v/733tfwtj2jvgwygmtrbwj9gm0000gn/T/kilo-e2e-jNSxkS/workspace"}
[Kilo New][P0-Perf] {"corr":"b4e081ba-89cc-44bc-935b-893749b1d932","stage":"sse.event","t":1786782991729,"d":24227,"surface":"extension","span":"end","dur":0,"eventType":"message.part.updated.1","dir":"/private/var/folders/9v/733tfwtj2jvgwygmtrbwj9gm0000gn/T/kilo-e2e-jNSxkS/workspace"}
[Kilo New][P0-Perf] {"corr":"b4e081ba-89cc-44bc-935b-893749b1d932","stage":"sse.event","t":1786782991729,"d":24227,"surface":"extension","span":"start","eventType":"message.part.updated","dir":"/private/var/folders/9v/733tfwtj2jvgwygmtrbwj9gm0000gn/T/kilo-e2e-jNSxkS/workspace"}
[Kilo New][P0-Perf] {"corr":"b4e081ba-89cc-44bc-935b-893749b1d932","stage":"sse.event","t":1786782991729,"d":24227,"surface":"extension","span":"end","dur":0,"eventType":"message.part.updated","dir":"/private/var/folders/9v/733tfwtj2jvgwygmtrbwj9gm0000gn/T/kilo-e2e-jNSxkS/workspace"}
[Kilo New][P0-Perf] {"corr":"b4e081ba-89cc-44bc-935b-893749b1d932","stage":"sse.event","t":1786782991730,"d":24228,"surface":"extension","span":"start","eventType":"message.part.updated.1","dir":"/private/var/folders/9v/733tfwtj2jvgwygmtrbwj9gm0000gn/T/kilo-e2e-jNSxkS/workspace"}
[Kilo New][P0-Perf] {"corr":"b4e081ba-89cc-44bc-935b-893749b1d932","stage":"sse.event","t":1786782991730,"d":24228,"surface":"extension","span":"end","dur":0,"eventType":"message.part.updated.1","dir":"/private/var/folders/9v/733tfwtj2jvgwygmtrbwj9gm0000gn/T/kilo-e2e-jNSxkS/workspace"}
[Kilo New][P0-Perf] {"corr":"b4e081ba-89cc-44bc-935b-893749b1d932","stage":"sse.event","t":1786782991730,"d":24228,"surface":"extension","span":"start","eventType":"message.part.delta","dir":"/private/var/folders/9v/733tfwtj2jvgwygmtrbwj9gm0000gn/T/kilo-e2e-jNSxkS/workspace"}
[Kilo New][P0-Perf] {"corr":"b4e081ba-89cc-44bc-935b-893749b1d932","stage":"sse.event","t":1786782991730,"d":24228,"surface":"extension","span":"end","dur":0,"eventType":"message.part.delta","dir":"/private/var/folders/9v/733tfwtj2jvgwygmtrbwj9gm0000gn/T/kilo-e2e-jNSxkS/workspace"}
[Kilo New][P0-Perf] {"corr":"b4e081ba-89cc-44bc-935b-893749b1d932","stage":"sse.event","t":1786782991730,"d":24228,"surface":"extension","span":"start","eventType":"message.part.updated","dir":"/private/var/folders/9v/733tfwtj2jvgwygmtrbwj9gm0000gn/T/kilo-e2e-jNSxkS/workspace"}
[Kilo New][P0-Perf] {"corr":"b4e081ba-89cc-44bc-935b-893749b1d932","stage":"sse.event","t":1786782991730,"d":24228,"surface":"extension","span":"end","dur":0,"eventType":"message.part.updated","dir":"/private/var/folders/9v/733tfwtj2jvgwygmtrbwj9gm0000gn/T/kilo-e2e-jNSxkS/workspace"}
[Kilo New][P0-Perf] {"corr":"b4e081ba-89cc-44bc-935b-893749b1d932","stage":"sse.event","t":1786782991730,"d":24228,"surface":"extension","span":"start","eventType":"message.part.updated.1","dir":"/private/var/folders/9v/733tfwtj2jvgwygmtrbwj9gm0000gn/T/kilo-e2e-jNSxkS/workspace"}
[Kilo New][P0-Perf] {"corr":"b4e081ba-89cc-44bc-935b-893749b1d932","stage":"sse.event","t":1786782991730,"d":24228,"surface":"extension","span":"end","dur":0,"eventType":"message.part.updated.1","dir":"/private/var/folders/9v/733tfwtj2jvgwygmtrbwj9gm0000gn/T/kilo-e2e-jNSxkS/workspace"}
[Kilo New] ServerManager: ⚠️ CLI Server stderr: INFO  2026-08-15T08:36:32 +800ms service=model-cache providerID=apertis refreshing models
[Kilo New] ServerManager: ⚠️ CLI Server stderr: INFO  2026-08-15T08:36:32 +24ms service=model-cache providerID=apertis count=0 models fetched and cached
[Kilo New][P0-Perf] {"corr":"b4e081ba-89cc-44bc-935b-893749b1d932","stage":"sse.event","t":1786782992491,"d":24989,"surface":"extension","span":"start","eventType":"message.part.updated","dir":"/private/var/folders/9v/733tfwtj2jvgwygmtrbwj9gm0000gn/T/kilo-e2e-jNSxkS/workspace"}
[Kilo New][P0-Perf] {"corr":"b4e081ba-89cc-44bc-935b-893749b1d932","stage":"sse.event","t":1786782992491,"d":24989,"surface":"extension","span":"end","dur":0,"eventType":"message.part.updated","dir":"/private/var/folders/9v/733tfwtj2jvgwygmtrbwj9gm0000gn/T/kilo-e2e-jNSxkS/workspace"}
[Kilo New][P0-Perf] {"corr":"b4e081ba-89cc-44bc-935b-893749b1d932","stage":"sse.event","t":1786782992491,"d":24989,"surface":"extension","span":"start","eventType":"message.part.updated.1","dir":"/private/var/folders/9v/733tfwtj2jvgwygmtrbwj9gm0000gn/T/kilo-e2e-jNSxkS/workspace"}
[Kilo New][P0-Perf] {"corr":"b4e081ba-89cc-44bc-935b-893749b1d932","stage":"sse.event","t":1786782992491,"d":24989,"surface":"extension","span":"end","dur":0,"eventType":"message.part.updated.1","dir":"/private/var/folders/9v/733tfwtj2jvgwygmtrbwj9gm0000gn/T/kilo-e2e-jNSxkS/workspace"}
[Kilo New][P0-Perf] {"corr":"b4e081ba-89cc-44bc-935b-893749b1d932","stage":"sse.event","t":1786782992614,"d":25112,"surface":"extension","span":"start","eventType":"message.part.updated","dir":"/private/var/folders/9v/733tfwtj2jvgwygmtrbwj9gm0000gn/T/kilo-e2e-jNSxkS/workspace"}
[Kilo New][P0-Perf] {"corr":"b4e081ba-89cc-44bc-935b-893749b1d932","stage":"sse.event","t":1786782992614,"d":25112,"surface":"extension","span":"end","dur":0,"eventType":"message.part.updated","dir":"/private/var/folders/9v/733tfwtj2jvgwygmtrbwj9gm0000gn/T/kilo-e2e-jNSxkS/workspace"}
[Kilo New][P0-Perf] {"corr":"b4e081ba-89cc-44bc-935b-893749b1d932","stage":"sse.event","t":1786782992614,"d":25112,"surface":"extension","span":"start","eventType":"message.part.updated.1","dir":"/private/var/folders/9v/733tfwtj2jvgwygmtrbwj9gm0000gn/T/kilo-e2e-jNSxkS/workspace"}
[Kilo New][P0-Perf] {"corr":"b4e081ba-89cc-44bc-935b-893749b1d932","stage":"sse.event","t":1786782992614,"d":25112,"surface":"extension","span":"end","dur":0,"eventType":"message.part.updated.1","dir":"/private/var/folders/9v/733tfwtj2jvgwygmtrbwj9gm0000gn/T/kilo-e2e-jNSxkS/workspace"}
[Kilo New][P0-Perf] {"corr":"b4e081ba-89cc-44bc-935b-893749b1d932","stage":"sse.event","t":1786782992768,"d":25266,"surface":"extension","span":"start","eventType":"message.part.updated","dir":"/private/var/folders/9v/733tfwtj2jvgwygmtrbwj9gm0000gn/T/kilo-e2e-jNSxkS/workspace"}
[Kilo New][P0-Perf] {"corr":"b4e081ba-89cc-44bc-935b-893749b1d932","stage":"sse.event","t":1786782992768,"d":25266,"surface":"extension","span":"end","dur":0,"eventType":"message.part.updated","dir":"/private/var/folders/9v/733tfwtj2jvgwygmtrbwj9gm0000gn/T/kilo-e2e-jNSxkS/workspace"}
[Kilo New][P0-Perf] {"corr":"b4e081ba-89cc-44bc-935b-893749b1d932","stage":"sse.event","t":1786782992768,"d":25266,"surface":"extension","span":"start","eventType":"message.part.updated.1","dir":"/private/var/folders/9v/733tfwtj2jvgwygmtrbwj9gm0000gn/T/kilo-e2e-jNSxkS/workspace"}
[Kilo New][P0-Perf] {"corr":"b4e081ba-89cc-44bc-935b-893749b1d932","stage":"sse.event","t":1786782992769,"d":25267,"surface":"extension","span":"end","dur":1,"eventType":"message.part.updated.1","dir":"/private/var/folders/9v/733tfwtj2jvgwygmtrbwj9gm0000gn/T/kilo-e2e-jNSxkS/workspace"}
[Kilo New] ServerManager: ⚠️ CLI Server stderr: INFO  2026-08-15T08:36:32 +367ms service=snapshot hash=443ba798afb5a9a497700943f247c71d3f56013a cwd=/private/var/folders/9v/733tfwtj2jvgwygmtrbwj9gm0000gn/T/kilo-e2e-jNSxkS/workspace git=/var/folders/9v/733tfwtj2jvgwygmtrbwj9gm0000gn/T/kilo-e2e-jNSxkS/xdg-data/kilo/snapshot/8d92d1e5131045cc7f25d873d3918998f2fa7b46/9be8c9df477d736235572209b80be94e3ae91688 tracking
[Kilo New][P0-Perf] {"corr":"b4e081ba-89cc-44bc-935b-893749b1d932","stage":"sse.event","t":1786782992896,"d":25394,"surface":"extension","span":"start","eventType":"message.part.updated","dir":"/private/var/folders/9v/733tfwtj2jvgwygmtrbwj9gm0000gn/T/kilo-e2e-jNSxkS/workspace"}
[Kilo New][P0-Perf] {"corr":"b4e081ba-89cc-44bc-935b-893749b1d932","stage":"sse.event","t":1786782992896,"d":25394,"surface":"extension","span":"end","dur":0,"eventType":"message.part.updated","dir":"/private/var/folders/9v/733tfwtj2jvgwygmtrbwj9gm0000gn/T/kilo-e2e-jNSxkS/workspace"}
[Kilo New][P0-Perf] {"corr":"b4e081ba-89cc-44bc-935b-893749b1d932","stage":"sse.event","t":1786782992896,"d":25394,"surface":"extension","span":"start","eventType":"message.part.updated.1","dir":"/private/var/folders/9v/733tfwtj2jvgwygmtrbwj9gm0000gn/T/kilo-e2e-jNSxkS/workspace"}
[Kilo New][P0-Perf] {"corr":"b4e081ba-89cc-44bc-935b-893749b1d932","stage":"sse.event","t":1786782992896,"d":25394,"surface":"extension","span":"end","dur":0,"eventType":"message.part.updated.1","dir":"/private/var/folders/9v/733tfwtj2jvgwygmtrbwj9gm0000gn/T/kilo-e2e-jNSxkS/workspace"}
[Kilo New][P0-Perf] {"corr":"b4e081ba-89cc-44bc-935b-893749b1d932","stage":"sse.event","t":1786782992896,"d":25394,"surface":"extension","span":"start","eventType":"message.updated","dir":"/private/var/folders/9v/733tfwtj2jvgwygmtrbwj9gm0000gn/T/kilo-e2e-jNSxkS/workspace"}
[Kilo New][P0-Perf] {"corr":"b4e081ba-89cc-44bc-935b-893749b1d932","stage":"sse.event","t":1786782992897,"d":25395,"surface":"extension","span":"end","dur":1,"eventType":"message.updated","dir":"/private/var/folders/9v/733tfwtj2jvgwygmtrbwj9gm0000gn/T/kilo-e2e-jNSxkS/workspace"}
[Kilo New][P0-Perf] {"corr":"b4e081ba-89cc-44bc-935b-893749b1d932","stage":"sse.event","t":1786782992897,"d":25395,"surface":"extension","span":"start","eventType":"message.updated.1","dir":"/private/var/folders/9v/733tfwtj2jvgwygmtrbwj9gm0000gn/T/kilo-e2e-jNSxkS/workspace"}
[Kilo New][P0-Perf] {"corr":"b4e081ba-89cc-44bc-935b-893749b1d932","stage":"sse.event","t":1786782992897,"d":25395,"surface":"extension","span":"end","dur":0,"eventType":"message.updated.1","dir":"/private/var/folders/9v/733tfwtj2jvgwygmtrbwj9gm0000gn/T/kilo-e2e-jNSxkS/workspace"}
[Kilo New][P0-Perf] {"corr":"b4e081ba-89cc-44bc-935b-893749b1d932","stage":"sse.event","t":1786782992897,"d":25395,"surface":"extension","span":"start","eventType":"message.part.removed","dir":"/private/var/folders/9v/733tfwtj2jvgwygmtrbwj9gm0000gn/T/kilo-e2e-jNSxkS/workspace"}
[Kilo New][P0-Perf] {"corr":"b4e081ba-89cc-44bc-935b-893749b1d932","stage":"sse.event","t":1786782992897,"d":25395,"surface":"extension","span":"end","dur":0,"eventType":"message.part.removed","dir":"/private/var/folders/9v/733tfwtj2jvgwygmtrbwj9gm0000gn/T/kilo-e2e-jNSxkS/workspace"}
[Kilo New][P0-Perf] {"corr":"b4e081ba-89cc-44bc-935b-893749b1d932","stage":"sse.event","t":1786782992897,"d":25395,"surface":"extension","span":"start","eventType":"message.part.removed.1","dir":"/private/var/folders/9v/733tfwtj2jvgwygmtrbwj9gm0000gn/T/kilo-e2e-jNSxkS/workspace"}
[Kilo New][P0-Perf] {"corr":"b4e081ba-89cc-44bc-935b-893749b1d932","stage":"sse.event","t":1786782992898,"d":25396,"surface":"extension","span":"end","dur":1,"eventType":"message.part.removed.1","dir":"/private/var/folders/9v/733tfwtj2jvgwygmtrbwj9gm0000gn/T/kilo-e2e-jNSxkS/workspace"}
[Kilo New] ServerManager: ⚠️ CLI Server stderr: INFO  2026-08-15T08:36:34 +1533ms service=model-cache providerID=apertis refreshing models
[Kilo New] ServerManager: ⚠️ CLI Server stderr: INFO  2026-08-15T08:36:34 +57ms service=model-cache providerID=apertis count=0 models fetched and cached
[Kilo New] ServerManager: ⚠️ CLI Server stderr: INFO  2026-08-15T08:36:34 +105ms service=session.prompt session.id=ses_ffb6f5921ffe7fqDtYuSdit3bS step=2 loop
[Kilo New] ServerManager: ⚠️ CLI Server stderr: INFO  2026-08-15T08:36:34 +6ms service=session.prompt session.id=ses_ffb6f5921ffe7fqDtYuSdit3bS exiting loop
[Kilo New] ServerManager: ⚠️ CLI Server stderr: INFO  2026-08-15T08:36:34 +26ms service=bus type=session.turn.close publishing
[Kilo New][P0-Perf] {"corr":"b4e081ba-89cc-44bc-935b-893749b1d932","stage":"sse.event","t":1786782994590,"d":27088,"surface":"extension","span":"start","eventType":"message.updated","dir":"/private/var/folders/9v/733tfwtj2jvgwygmtrbwj9gm0000gn/T/kilo-e2e-jNSxkS/workspace"}
[Kilo New][P0-Perf] {"corr":"b4e081ba-89cc-44bc-935b-893749b1d932","stage":"sse.event","t":1786782994591,"d":27089,"surface":"extension","span":"end","dur":1,"eventType":"message.updated","dir":"/private/var/folders/9v/733tfwtj2jvgwygmtrbwj9gm0000gn/T/kilo-e2e-jNSxkS/workspace"}
[Kilo New][P0-Perf] {"corr":"b4e081ba-89cc-44bc-935b-893749b1d932","stage":"sse.event","t":1786782994591,"d":27089,"surface":"extension","span":"start","eventType":"message.updated.1","dir":"/private/var/folders/9v/733tfwtj2jvgwygmtrbwj9gm0000gn/T/kilo-e2e-jNSxkS/workspace"}
[Kilo New][P0-Perf] {"corr":"b4e081ba-89cc-44bc-935b-893749b1d932","stage":"sse.event","t":1786782994591,"d":27089,"surface":"extension","span":"end","dur":0,"eventType":"message.updated.1","dir":"/private/var/folders/9v/733tfwtj2jvgwygmtrbwj9gm0000gn/T/kilo-e2e-jNSxkS/workspace"}
[Kilo New][P0-Perf] {"corr":"b4e081ba-89cc-44bc-935b-893749b1d932","stage":"sse.event","t":1786782994591,"d":27089,"surface":"extension","span":"start","eventType":"session.status","dir":"/private/var/folders/9v/733tfwtj2jvgwygmtrbwj9gm0000gn/T/kilo-e2e-jNSxkS/workspace"}
[Kilo New][P0-Perf] {"corr":"b4e081ba-89cc-44bc-935b-893749b1d932","stage":"sse.event","t":1786782994591,"d":27089,"surface":"extension","span":"end","dur":0,"eventType":"session.status","dir":"/private/var/folders/9v/733tfwtj2jvgwygmtrbwj9gm0000gn/T/kilo-e2e-jNSxkS/workspace"}
[Kilo New][P0-Perf] {"corr":"b4e081ba-89cc-44bc-935b-893749b1d932","stage":"sse.event","t":1786782994591,"d":27089,"surface":"extension","span":"start","eventType":"session.status","dir":"/private/var/folders/9v/733tfwtj2jvgwygmtrbwj9gm0000gn/T/kilo-e2e-jNSxkS/workspace"}
[Kilo New][P0-Perf] {"corr":"b4e081ba-89cc-44bc-935b-893749b1d932","stage":"sse.event","t":1786782994592,"d":27090,"surface":"extension","span":"end","dur":1,"eventType":"session.status","dir":"/private/var/folders/9v/733tfwtj2jvgwygmtrbwj9gm0000gn/T/kilo-e2e-jNSxkS/workspace"}
[Kilo New][P0-Perf] {"corr":"b4e081ba-89cc-44bc-935b-893749b1d932","stage":"sse.event","t":1786782994592,"d":27090,"surface":"extension","span":"start","eventType":"session.idle","dir":"/private/var/folders/9v/733tfwtj2jvgwygmtrbwj9gm0000gn/T/kilo-e2e-jNSxkS/workspace"}
[Kilo New][P0-Perf] {"corr":"b4e081ba-89cc-44bc-935b-893749b1d932","stage":"sse.event","t":1786782994592,"d":27090,"surface":"extension","span":"end","dur":0,"eventType":"session.idle","dir":"/private/var/folders/9v/733tfwtj2jvgwygmtrbwj9gm0000gn/T/kilo-e2e-jNSxkS/workspace"}
[Kilo New][P0-Perf] {"corr":"b4e081ba-89cc-44bc-935b-893749b1d932","stage":"sse.event","t":1786782994592,"d":27090,"surface":"extension","span":"start","eventType":"session.turn.close","dir":"/private/var/folders/9v/733tfwtj2jvgwygmtrbwj9gm0000gn/T/kilo-e2e-jNSxkS/workspace"}
[Kilo New][P0-Perf] {"corr":"b4e081ba-89cc-44bc-935b-893749b1d932","stage":"sse.event","t":1786782994593,"d":27091,"surface":"extension","span":"end","dur":1,"eventType":"session.turn.close","dir":"/private/var/folders/9v/733tfwtj2jvgwygmtrbwj9gm0000gn/T/kilo-e2e-jNSxkS/workspace"}
[Kilo New][P0-Perf] {"corr":"b4e081ba-89cc-44bc-935b-893749b1d932","stage":"sse.event","t":1786782994688,"d":27186,"surface":"extension","span":"start","eventType":"session.updated","dir":"/private/var/folders/9v/733tfwtj2jvgwygmtrbwj9gm0000gn/T/kilo-e2e-jNSxkS/workspace"}
[Kilo New][P0-Perf] {"corr":"b4e081ba-89cc-44bc-935b-893749b1d932","stage":"sse.event","t":1786782994688,"d":27186,"surface":"extension","span":"end","dur":0,"eventType":"session.updated","dir":"/private/var/folders/9v/733tfwtj2jvgwygmtrbwj9gm0000gn/T/kilo-e2e-jNSxkS/workspace"}
[Kilo New][P0-Perf] {"corr":"b4e081ba-89cc-44bc-935b-893749b1d932","stage":"sse.event","t":1786782994688,"d":27186,"surface":"extension","span":"start","eventType":"session.updated.1","dir":"/private/var/folders/9v/733tfwtj2jvgwygmtrbwj9gm0000gn/T/kilo-e2e-jNSxkS/workspace"}
[Kilo New][P0-Perf] {"corr":"b4e081ba-89cc-44bc-935b-893749b1d932","stage":"sse.event","t":1786782994688,"d":27186,"surface":"extension","span":"end","dur":0,"eventType":"session.updated.1","dir":"/private/var/folders/9v/733tfwtj2jvgwygmtrbwj9gm0000gn/T/kilo-e2e-jNSxkS/workspace"}
[Kilo New][P0-Perf] {"corr":"b4e081ba-89cc-44bc-935b-893749b1d932","stage":"sse.event","t":1786782994737,"d":27235,"surface":"extension","span":"start","eventType":"session.diff","dir":"/private/var/folders/9v/733tfwtj2jvgwygmtrbwj9gm0000gn/T/kilo-e2e-jNSxkS/workspace"}
[Kilo New][P0-Perf] {"corr":"b4e081ba-89cc-44bc-935b-893749b1d932","stage":"sse.event","t":1786782994738,"d":27236,"surface":"extension","span":"end","dur":1,"eventType":"session.diff","dir":"/private/var/folders/9v/733tfwtj2jvgwygmtrbwj9gm0000gn/T/kilo-e2e-jNSxkS/workspace"}
[Kilo New][P0-Perf] {"corr":"b4e081ba-89cc-44bc-935b-893749b1d932","stage":"sse.event","t":1786782994738,"d":27236,"surface":"extension","span":"start","eventType":"message.updated","dir":"/private/var/folders/9v/733tfwtj2jvgwygmtrbwj9gm0000gn/T/kilo-e2e-jNSxkS/workspace"}
[Kilo New][P0-Perf] {"corr":"b4e081ba-89cc-44bc-935b-893749b1d932","stage":"sse.event","t":1786782994738,"d":27236,"surface":"extension","span":"end","dur":0,"eventType":"message.updated","dir":"/private/var/folders/9v/733tfwtj2jvgwygmtrbwj9gm0000gn/T/kilo-e2e-jNSxkS/workspace"}
[Kilo New][P0-Perf] {"corr":"b4e081ba-89cc-44bc-935b-893749b1d932","stage":"sse.event","t":1786782994738,"d":27236,"surface":"extension","span":"start","eventType":"message.updated.1","dir":"/private/var/folders/9v/733tfwtj2jvgwygmtrbwj9gm0000gn/T/kilo-e2e-jNSxkS/workspace"}
[Kilo New][P0-Perf] {"corr":"b4e081ba-89cc-44bc-935b-893749b1d932","stage":"sse.event","t":1786782994738,"d":27236,"surface":"extension","span":"end","dur":0,"eventType":"message.updated.1","dir":"/private/var/folders/9v/733tfwtj2jvgwygmtrbwj9gm0000gn/T/kilo-e2e-jNSxkS/workspace"}
[Kilo New][P0-Perf] {"corr":"b4e081ba-89cc-44bc-935b-893749b1d932","stage":"sse.event","t":1786782995122,"d":27620,"surface":"extension","span":"start","eventType":"server.heartbeat"}
[Kilo New][P0-Perf] {"corr":"b4e081ba-89cc-44bc-935b-893749b1d932","stage":"sse.event","t":1786782995122,"d":27620,"surface":"extension","span":"end","dur":0,"eventType":"server.heartbeat"}
[Kilo New] ServerManager: ⚠️ CLI Server stderr: INFO  2026-08-15T08:36:36 +1912ms service=model-cache providerID=apertis refreshing models
[Kilo New] ServerManager: ⚠️ CLI Server stderr: INFO  2026-08-15T08:36:36 +33ms service=model-cache providerID=apertis count=0 models fetched and cached
[probe] PASS H-2 delegation: backend child + completed task result in the parent (attempt 1)
[probe] H-2 root=ses_ffb6f5921ffe7fqDtYuSdit3bS child=ses_ffb6f4a02ffehoL0gau0KztAZV
[probe] PASS H-2 panel shows the completed-turn text: transcript text present
[probe] PASS H-2 panel renders the child-open button (task linkage)
[Kilo New][P0-Perf] {"corr":"b4e081ba-89cc-44bc-935b-893749b1d932","stage":"prompt.submit","t":1786782997467,"d":29965,"surface":"extension","sessionID":"ses_ffb6f5921ffe7fqDtYuSdit3bS","messageID":"msg_00490dbbe0013H1ihGUNpe53B5","dir":"/var/folders/9v/733tfwtj2jvgwygmtrbwj9gm0000gn/T/kilo-e2e-jNSxkS/workspace"}
[probe] sent prompt via real prompt input: E2E_USER_TOOL: call the user-defined tool
[Kilo New] ServerManager: ⚠️ CLI Server stderr: INFO  2026-08-15T08:36:37 +991ms service=bus type=session.turn.open publishing
[Kilo New] ServerManager: ⚠️ CLI Server stderr: INFO  2026-08-15T08:36:37 +5ms service=session.prompt session.id=ses_ffb6f5921ffe7fqDtYuSdit3bS step=0 loop
[Kilo New] ServerManager: ⚠️ CLI Server stderr: INFO  2026-08-15T08:36:37 +7ms service=p0-perf event=p0.mark stage=processor_entry ts=1786782997532 id=ses_ffb6f5921ffe7fqDtYuSdit3bS meta={"messageID":"msg_00490dc19001NL2xOUmXvaRkKw","parentID":"msg_00490dbbe0013H1ihGUNpe53B5","model":"e2e-model","provider":"e2e-local"} processor_entry
[Kilo New][P0-Perf] {"corr":"b4e081ba-89cc-44bc-935b-893749b1d932","stage":"sse.event","t":1786782997535,"d":30033,"surface":"extension","span":"start","eventType":"message.updated","dir":"/private/var/folders/9v/733tfwtj2jvgwygmtrbwj9gm0000gn/T/kilo-e2e-jNSxkS/workspace"}
[Kilo New][P0-Perf] {"corr":"b4e081ba-89cc-44bc-935b-893749b1d932","stage":"sse.event","t":1786782997535,"d":30033,"surface":"extension","span":"end","dur":0,"eventType":"message.updated","dir":"/private/var/folders/9v/733tfwtj2jvgwygmtrbwj9gm0000gn/T/kilo-e2e-jNSxkS/workspace"}
[Kilo New][P0-Perf] {"corr":"b4e081ba-89cc-44bc-935b-893749b1d932","stage":"sse.event","t":1786782997535,"d":30033,"surface":"extension","span":"start","eventType":"message.updated.1","dir":"/private/var/folders/9v/733tfwtj2jvgwygmtrbwj9gm0000gn/T/kilo-e2e-jNSxkS/workspace"}
[Kilo New][P0-Perf] {"corr":"b4e081ba-89cc-44bc-935b-893749b1d932","stage":"sse.event","t":1786782997535,"d":30033,"surface":"extension","span":"end","dur":0,"eventType":"message.updated.1","dir":"/private/var/folders/9v/733tfwtj2jvgwygmtrbwj9gm0000gn/T/kilo-e2e-jNSxkS/workspace"}
[Kilo New][P0-Perf] {"corr":"b4e081ba-89cc-44bc-935b-893749b1d932","stage":"sse.event","t":1786782997535,"d":30033,"surface":"extension","span":"start","eventType":"message.part.updated","dir":"/private/var/folders/9v/733tfwtj2jvgwygmtrbwj9gm0000gn/T/kilo-e2e-jNSxkS/workspace"}
[Kilo New][P0-Perf] {"corr":"b4e081ba-89cc-44bc-935b-893749b1d932","stage":"sse.event","t":1786782997535,"d":30033,"surface":"extension","span":"end","dur":0,"eventType":"message.part.updated","dir":"/private/var/folders/9v/733tfwtj2jvgwygmtrbwj9gm0000gn/T/kilo-e2e-jNSxkS/workspace"}
[Kilo New][P0-Perf] {"corr":"b4e081ba-89cc-44bc-935b-893749b1d932","stage":"sse.event","t":1786782997535,"d":30033,"surface":"extension","span":"start","eventType":"message.part.updated.1","dir":"/private/var/folders/9v/733tfwtj2jvgwygmtrbwj9gm0000gn/T/kilo-e2e-jNSxkS/workspace"}
[Kilo New][P0-Perf] {"corr":"b4e081ba-89cc-44bc-935b-893749b1d932","stage":"sse.event","t":1786782997536,"d":30034,"surface":"extension","span":"end","dur":1,"eventType":"message.part.updated.1","dir":"/private/var/folders/9v/733tfwtj2jvgwygmtrbwj9gm0000gn/T/kilo-e2e-jNSxkS/workspace"}
[Kilo New][P0-Perf] {"corr":"b4e081ba-89cc-44bc-935b-893749b1d932","stage":"sse.event","t":1786782997536,"d":30034,"surface":"extension","span":"start","eventType":"session.updated","dir":"/private/var/folders/9v/733tfwtj2jvgwygmtrbwj9gm0000gn/T/kilo-e2e-jNSxkS/workspace"}
[Kilo New][P0-Perf] {"corr":"b4e081ba-89cc-44bc-935b-893749b1d932","stage":"sse.event","t":1786782997536,"d":30034,"surface":"extension","span":"end","dur":0,"eventType":"session.updated","dir":"/private/var/folders/9v/733tfwtj2jvgwygmtrbwj9gm0000gn/T/kilo-e2e-jNSxkS/workspace"}
[Kilo New][P0-Perf] {"corr":"b4e081ba-89cc-44bc-935b-893749b1d932","stage":"sse.event","t":1786782997536,"d":30034,"surface":"extension","span":"start","eventType":"session.updated.1","dir":"/private/var/folders/9v/733tfwtj2jvgwygmtrbwj9gm0000gn/T/kilo-e2e-jNSxkS/workspace"}
[Kilo New][P0-Perf] {"corr":"b4e081ba-89cc-44bc-935b-893749b1d932","stage":"sse.event","t":1786782997536,"d":30034,"surface":"extension","span":"end","dur":0,"eventType":"session.updated.1","dir":"/private/var/folders/9v/733tfwtj2jvgwygmtrbwj9gm0000gn/T/kilo-e2e-jNSxkS/workspace"}
[Kilo New][P0-Perf] {"corr":"b4e081ba-89cc-44bc-935b-893749b1d932","stage":"sse.event","t":1786782997536,"d":30034,"surface":"extension","span":"start","eventType":"session.turn.open","dir":"/private/var/folders/9v/733tfwtj2jvgwygmtrbwj9gm0000gn/T/kilo-e2e-jNSxkS/workspace"}
[Kilo New][P0-Perf] {"corr":"b4e081ba-89cc-44bc-935b-893749b1d932","stage":"sse.event","t":1786782997536,"d":30034,"surface":"extension","span":"end","dur":0,"eventType":"session.turn.open","dir":"/private/var/folders/9v/733tfwtj2jvgwygmtrbwj9gm0000gn/T/kilo-e2e-jNSxkS/workspace"}
[Kilo New][P0-Perf] {"corr":"b4e081ba-89cc-44bc-935b-893749b1d932","stage":"sse.event","t":1786782997549,"d":30047,"surface":"extension","span":"start","eventType":"session.status","dir":"/private/var/folders/9v/733tfwtj2jvgwygmtrbwj9gm0000gn/T/kilo-e2e-jNSxkS/workspace"}
[Kilo New][P0-Perf] {"corr":"b4e081ba-89cc-44bc-935b-893749b1d932","stage":"sse.event","t":1786782997550,"d":30048,"surface":"extension","span":"end","dur":1,"eventType":"session.status","dir":"/private/var/folders/9v/733tfwtj2jvgwygmtrbwj9gm0000gn/T/kilo-e2e-jNSxkS/workspace"}
[Kilo New][P0-Perf] {"corr":"b4e081ba-89cc-44bc-935b-893749b1d932","stage":"sse.event","t":1786782997550,"d":30048,"surface":"extension","span":"start","eventType":"message.updated","dir":"/private/var/folders/9v/733tfwtj2jvgwygmtrbwj9gm0000gn/T/kilo-e2e-jNSxkS/workspace"}
[Kilo New][P0-Perf] {"corr":"b4e081ba-89cc-44bc-935b-893749b1d932","stage":"sse.event","t":1786782997550,"d":30048,"surface":"extension","span":"end","dur":0,"eventType":"message.updated","dir":"/private/var/folders/9v/733tfwtj2jvgwygmtrbwj9gm0000gn/T/kilo-e2e-jNSxkS/workspace"}
[Kilo New][P0-Perf] {"corr":"b4e081ba-89cc-44bc-935b-893749b1d932","stage":"sse.event","t":1786782997550,"d":30048,"surface":"extension","span":"start","eventType":"message.updated.1","dir":"/private/var/folders/9v/733tfwtj2jvgwygmtrbwj9gm0000gn/T/kilo-e2e-jNSxkS/workspace"}
[Kilo New][P0-Perf] {"corr":"b4e081ba-89cc-44bc-935b-893749b1d932","stage":"model.firstEvent","t":1786782997551,"d":30049,"surface":"extension","sessionID":"ses_ffb6f5921ffe7fqDtYuSdit3bS","messageID":"msg_00490dc19001NL2xOUmXvaRkKw","parentID":"msg_00490dbbe0013H1ihGUNpe53B5","dir":"/private/var/folders/9v/733tfwtj2jvgwygmtrbwj9gm0000gn/T/kilo-e2e-jNSxkS/workspace"}
[Kilo New][P0-Perf] {"corr":"b4e081ba-89cc-44bc-935b-893749b1d932","stage":"sse.event","t":1786782997551,"d":30049,"surface":"extension","span":"end","dur":1,"eventType":"message.updated.1","dir":"/private/var/folders/9v/733tfwtj2jvgwygmtrbwj9gm0000gn/T/kilo-e2e-jNSxkS/workspace"}
[Kilo New] ServerManager: ⚠️ CLI Server stderr: INFO  2026-08-15T08:36:38 +991ms service=model-cache providerID=apertis refreshing models
[Kilo New][P0-Perf] {"corr":"b4e081ba-89cc-44bc-935b-893749b1d932","stage":"sse.event","t":1786782998537,"d":31035,"surface":"extension","span":"start","eventType":"message.part.updated","dir":"/private/var/folders/9v/733tfwtj2jvgwygmtrbwj9gm0000gn/T/kilo-e2e-jNSxkS/workspace"}
[Kilo New][P0-Perf] {"corr":"b4e081ba-89cc-44bc-935b-893749b1d932","stage":"sse.event","t":1786782998538,"d":31036,"surface":"extension","span":"end","dur":1,"eventType":"message.part.updated","dir":"/private/var/folders/9v/733tfwtj2jvgwygmtrbwj9gm0000gn/T/kilo-e2e-jNSxkS/workspace"}
[Kilo New][P0-Perf] {"corr":"b4e081ba-89cc-44bc-935b-893749b1d932","stage":"sse.event","t":1786782998538,"d":31036,"surface":"extension","span":"start","eventType":"message.part.updated.1","dir":"/private/var/folders/9v/733tfwtj2jvgwygmtrbwj9gm0000gn/T/kilo-e2e-jNSxkS/workspace"}
[Kilo New][P0-Perf] {"corr":"b4e081ba-89cc-44bc-935b-893749b1d932","stage":"sse.event","t":1786782998538,"d":31036,"surface":"extension","span":"end","dur":0,"eventType":"message.part.updated.1","dir":"/private/var/folders/9v/733tfwtj2jvgwygmtrbwj9gm0000gn/T/kilo-e2e-jNSxkS/workspace"}
[Kilo New] ServerManager: ⚠️ CLI Server stderr: INFO  2026-08-15T08:36:38 +47ms service=model-cache providerID=apertis count=0 models fetched and cached
[Kilo New] ServerManager: ⚠️ CLI Server stderr: INFO  2026-08-15T08:36:38 +17ms service=snapshot hash=443ba798afb5a9a497700943f247c71d3f56013a cwd=/private/var/folders/9v/733tfwtj2jvgwygmtrbwj9gm0000gn/T/kilo-e2e-jNSxkS/workspace git=/var/folders/9v/733tfwtj2jvgwygmtrbwj9gm0000gn/T/kilo-e2e-jNSxkS/xdg-data/kilo/snapshot/8d92d1e5131045cc7f25d873d3918998f2fa7b46/9be8c9df477d736235572209b80be94e3ae91688 tracking
[Kilo New] ServerManager: ⚠️ CLI Server stderr: INFO  2026-08-15T08:36:38 +4ms service=session.tools status=started resolveTools
[Kilo New][P0-Perf] {"corr":"b4e081ba-89cc-44bc-935b-893749b1d932","stage":"sse.event","t":1786782998612,"d":31110,"surface":"extension","span":"start","eventType":"message.part.removed","dir":"/private/var/folders/9v/733tfwtj2jvgwygmtrbwj9gm0000gn/T/kilo-e2e-jNSxkS/workspace"}
[Kilo New][P0-Perf] {"corr":"b4e081ba-89cc-44bc-935b-893749b1d932","stage":"sse.event","t":1786782998612,"d":31110,"surface":"extension","span":"end","dur":0,"eventType":"message.part.removed","dir":"/private/var/folders/9v/733tfwtj2jvgwygmtrbwj9gm0000gn/T/kilo-e2e-jNSxkS/workspace"}
[Kilo New][P0-Perf] {"corr":"b4e081ba-89cc-44bc-935b-893749b1d932","stage":"sse.event","t":1786782998612,"d":31110,"surface":"extension","span":"start","eventType":"message.part.removed.1","dir":"/private/var/folders/9v/733tfwtj2jvgwygmtrbwj9gm0000gn/T/kilo-e2e-jNSxkS/workspace"}
[Kilo New][P0-Perf] {"corr":"b4e081ba-89cc-44bc-935b-893749b1d932","stage":"sse.event","t":1786782998613,"d":31111,"surface":"extension","span":"end","dur":1,"eventType":"message.part.removed.1","dir":"/private/var/folders/9v/733tfwtj2jvgwygmtrbwj9gm0000gn/T/kilo-e2e-jNSxkS/workspace"}
[Kilo New] ServerManager: ⚠️ CLI Server stderr: INFO  2026-08-15T08:36:38 +113ms service=tool.registry status=started invalid
[Kilo New] ServerManager: ⚠️ CLI Server stderr: INFO  2026-08-15T08:36:38 +0ms service=tool.registry status=completed duration=0 invalid
[Kilo New] ServerManager: ⚠️ CLI Server stderr: INFO  2026-08-15T08:36:38 +0ms service=tool.registry status=started question
[Kilo New] ServerManager: ⚠️ CLI Server stderr: INFO  2026-08-15T08:36:38 +0ms service=tool.registry status=completed duration=0 question
[Kilo New] ServerManager: ⚠️ CLI Server stderr: INFO  2026-08-15T08:36:38 +0ms service=tool.registry status=started bash
[Kilo New] ServerManager: ⚠️ CLI Server stderr: INFO  2026-08-15T08:36:38 +0ms service=tool.registry status=completed duration=0 bash
[Kilo New] ServerManager: ⚠️ CLI Server stderr: INFO  2026-08-15T08:36:38 +0ms service=tool.registry status=started read
[Kilo New] ServerManager: ⚠️ CLI Server stderr: INFO  2026-08-15T08:36:38 +1ms service=tool.registry status=completed duration=1 read
[Kilo New] ServerManager: ⚠️ CLI Server stderr: INFO  2026-08-15T08:36:38 +0ms service=tool.registry status=started glob
[Kilo New] ServerManager: ⚠️ CLI Server stderr: INFO  2026-08-15T08:36:38 +0ms service=tool.registry status=completed duration=0 glob
[Kilo New] ServerManager: ⚠️ CLI Server stderr: INFO  2026-08-15T08:36:38 +0ms service=tool.registry status=started grep
[Kilo New] ServerManager: ⚠️ CLI Server stderr: INFO  2026-08-15T08:36:38 +0ms service=tool.registry status=completed duration=0 grep
[Kilo New] ServerManager: ⚠️ CLI Server stderr: INFO  2026-08-15T08:36:38 +0ms service=tool.registry status=started edit
[Kilo New] ServerManager: ⚠️ CLI Server stderr: INFO  2026-08-15T08:36:38 +0ms service=tool.registry status=completed duration=0 edit
[Kilo New] ServerManager: ⚠️ CLI Server stderr: INFO  2026-08-15T08:36:38 +0ms service=tool.registry status=started write
[Kilo New] ServerManager: ⚠️ CLI Server stderr: INFO  2026-08-15T08:36:38 +0ms service=tool.registry status=completed duration=0 write
[Kilo New] ServerManager: ⚠️ CLI Server stderr: INFO  2026-08-15T08:36:38 +0ms service=tool.registry status=started task
[Kilo New] ServerManager: ⚠️ CLI Server stderr: INFO  2026-08-15T08:36:38 +4ms service=tool.registry status=completed duration=4 task
[Kilo New] ServerManager: ⚠️ CLI Server stderr: INFO  2026-08-15T08:36:38 +0ms service=tool.registry status=started webfetch
[Kilo New] ServerManager: ⚠️ CLI Server stderr: INFO  2026-08-15T08:36:38 +0ms service=tool.registry status=completed duration=0 webfetch
[Kilo New] ServerManager: ⚠️ CLI Server stderr: INFO  2026-08-15T08:36:38 +0ms service=tool.registry status=started todowrite
[Kilo New] ServerManager: ⚠️ CLI Server stderr: INFO  2026-08-15T08:36:38 +1ms service=tool.registry status=completed duration=1 todowrite
[Kilo New] ServerManager: ⚠️ CLI Server stderr: INFO  2026-08-15T08:36:38 +0ms service=tool.registry status=started skill
[Kilo New] ServerManager: ⚠️ CLI Server stderr: INFO  2026-08-15T08:36:38 +1ms service=tool.registry status=completed duration=1 skill
[Kilo New] ServerManager: ⚠️ CLI Server stderr: INFO  2026-08-15T08:36:38 +0ms service=tool.registry status=started plan_exit
[Kilo New] ServerManager: ⚠️ CLI Server stderr: INFO  2026-08-15T08:36:38 +1ms service=tool.registry status=completed duration=1 plan_exit
[Kilo New] ServerManager: ⚠️ CLI Server stderr: INFO  2026-08-15T08:36:38 +0ms service=tool.registry status=started kilo_local_recall
[Kilo New] ServerManager: ⚠️ CLI Server stderr: INFO  2026-08-15T08:36:38 +0ms service=tool.registry status=completed duration=0 kilo_local_recall
[Kilo New] ServerManager: ⚠️ CLI Server stderr: INFO  2026-08-15T08:36:38 +0ms service=tool.registry status=started background_process
[Kilo New] ServerManager: ⚠️ CLI Server stderr: INFO  2026-08-15T08:36:38 +0ms service=tool.registry status=completed duration=0 background_process
[Kilo New] ServerManager: ⚠️ CLI Server stderr: INFO  2026-08-15T08:36:38 +0ms service=tool.registry status=started agent_manager_models
[Kilo New] ServerManager: ⚠️ CLI Server stderr: INFO  2026-08-15T08:36:38 +0ms service=tool.registry status=completed duration=0 agent_manager_models
[Kilo New] ServerManager: ⚠️ CLI Server stderr: INFO  2026-08-15T08:36:38 +0ms service=tool.registry status=started agent_manager
[Kilo New] ServerManager: ⚠️ CLI Server stderr: INFO  2026-08-15T08:36:38 +1ms service=tool.registry status=completed duration=1 agent_manager
[Kilo New] ServerManager: ⚠️ CLI Server stderr: INFO  2026-08-15T08:36:38 +1ms service=tool.registry status=started e2e_marker
[Kilo New] ServerManager: ⚠️ CLI Server stderr: INFO  2026-08-15T08:36:38 +0ms service=tool.registry status=completed duration=0 e2e_marker
[Kilo New] ServerManager: ⚠️ CLI Server stderr: INFO  2026-08-15T08:36:38 +2ms service=session.tools status=completed duration=125 resolveTools
[Kilo New] ServerManager: ⚠️ CLI Server stderr: INFO  2026-08-15T08:36:38 +132ms service=session.processor session.id=ses_ffb6f5921ffe7fqDtYuSdit3bS messageID=msg_00490dc19001NL2xOUmXvaRkKw process
[Kilo New] ServerManager: ⚠️ CLI Server stderr: INFO  2026-08-15T08:36:38 +3ms service=llm providerID=e2e-local modelID=e2e-model session.id=ses_ffb6f5921ffe7fqDtYuSdit3bS small=false agent=e2e-agent mode=primary stream
[Kilo New] ServerManager: ⚠️ CLI Server stderr: INFO  2026-08-15T08:36:38 +10ms service=default llm.runtime=ai-sdk llm.provider=e2e-local llm.model=e2e-model llm runtime selected
[Kilo New][P0-Perf] {"corr":"b4e081ba-89cc-44bc-935b-893749b1d932","stage":"sse.event","t":1786782998876,"d":31374,"surface":"extension","span":"start","eventType":"session.updated","dir":"/private/var/folders/9v/733tfwtj2jvgwygmtrbwj9gm0000gn/T/kilo-e2e-jNSxkS/workspace"}
[Kilo New][P0-Perf] {"corr":"b4e081ba-89cc-44bc-935b-893749b1d932","stage":"sse.event","t":1786782998876,"d":31374,"surface":"extension","span":"end","dur":0,"eventType":"session.updated","dir":"/private/var/folders/9v/733tfwtj2jvgwygmtrbwj9gm0000gn/T/kilo-e2e-jNSxkS/workspace"}
[Kilo New][P0-Perf] {"corr":"b4e081ba-89cc-44bc-935b-893749b1d932","stage":"sse.event","t":1786782998877,"d":31375,"surface":"extension","span":"start","eventType":"session.updated.1","dir":"/private/var/folders/9v/733tfwtj2jvgwygmtrbwj9gm0000gn/T/kilo-e2e-jNSxkS/workspace"}
[Kilo New][P0-Perf] {"corr":"b4e081ba-89cc-44bc-935b-893749b1d932","stage":"sse.event","t":1786782998877,"d":31375,"surface":"extension","span":"end","dur":0,"eventType":"session.updated.1","dir":"/private/var/folders/9v/733tfwtj2jvgwygmtrbwj9gm0000gn/T/kilo-e2e-jNSxkS/workspace"}
[Kilo New][P0-Perf] {"corr":"b4e081ba-89cc-44bc-935b-893749b1d932","stage":"sse.event","t":1786782998877,"d":31375,"surface":"extension","span":"start","eventType":"session.status","dir":"/private/var/folders/9v/733tfwtj2jvgwygmtrbwj9gm0000gn/T/kilo-e2e-jNSxkS/workspace"}
[Kilo New][P0-Perf] {"corr":"b4e081ba-89cc-44bc-935b-893749b1d932","stage":"sse.event","t":1786782998877,"d":31375,"surface":"extension","span":"end","dur":0,"eventType":"session.status","dir":"/private/var/folders/9v/733tfwtj2jvgwygmtrbwj9gm0000gn/T/kilo-e2e-jNSxkS/workspace"}
[Kilo New][P0-Perf] {"corr":"b4e081ba-89cc-44bc-935b-893749b1d932","stage":"sse.event","t":1786782998877,"d":31375,"surface":"extension","span":"start","eventType":"session.diff","dir":"/private/var/folders/9v/733tfwtj2jvgwygmtrbwj9gm0000gn/T/kilo-e2e-jNSxkS/workspace"}
[Kilo New][P0-Perf] {"corr":"b4e081ba-89cc-44bc-935b-893749b1d932","stage":"sse.event","t":1786782998877,"d":31375,"surface":"extension","span":"end","dur":0,"eventType":"session.diff","dir":"/private/var/folders/9v/733tfwtj2jvgwygmtrbwj9gm0000gn/T/kilo-e2e-jNSxkS/workspace"}
[Kilo New][P0-Perf] {"corr":"b4e081ba-89cc-44bc-935b-893749b1d932","stage":"sse.event","t":1786782998877,"d":31375,"surface":"extension","span":"start","eventType":"message.updated","dir":"/private/var/folders/9v/733tfwtj2jvgwygmtrbwj9gm0000gn/T/kilo-e2e-jNSxkS/workspace"}
[Kilo New][P0-Perf] {"corr":"b4e081ba-89cc-44bc-935b-893749b1d932","stage":"sse.event","t":1786782998878,"d":31376,"surface":"extension","span":"end","dur":1,"eventType":"message.updated","dir":"/private/var/folders/9v/733tfwtj2jvgwygmtrbwj9gm0000gn/T/kilo-e2e-jNSxkS/workspace"}
[Kilo New][P0-Perf] {"corr":"b4e081ba-89cc-44bc-935b-893749b1d932","stage":"sse.event","t":1786782998878,"d":31376,"surface":"extension","span":"start","eventType":"message.updated.1","dir":"/private/var/folders/9v/733tfwtj2jvgwygmtrbwj9gm0000gn/T/kilo-e2e-jNSxkS/workspace"}
[Kilo New][P0-Perf] {"corr":"b4e081ba-89cc-44bc-935b-893749b1d932","stage":"sse.event","t":1786782998878,"d":31376,"surface":"extension","span":"end","dur":0,"eventType":"message.updated.1","dir":"/private/var/folders/9v/733tfwtj2jvgwygmtrbwj9gm0000gn/T/kilo-e2e-jNSxkS/workspace"}
[Kilo New] ServerManager: ⚠️ CLI Server stderr: INFO  2026-08-15T08:36:38 +72ms service=p0-perf event=p0.start stage=tool_execute ts=1786782998933 id=ses_ffb6f5921ffe7fqDtYuSdit3bS meta={"tool":"e2e_marker","callID":"call_e2e_marker_1","messageID":"msg_00490dc19001NL2xOUmXvaRkKw"} tool_execute
[Kilo New] ServerManager: ⚠️ CLI Server stderr: INFO  2026-08-15T08:36:38 +2ms service=p0-perf event=p0.start stage=tool_execute_plugin ts=1786782998935 id=ses_ffb6f5921ffe7fqDtYuSdit3bS meta={"tool":"e2e_marker","callID":"call_e2e_marker_1","messageID":"msg_00490dc19001NL2xOUmXvaRkKw"} tool_execute_plugin
[Kilo New] ServerManager: ⚠️ CLI Server stderr: INFO  2026-08-15T08:36:38 +4ms service=p0-perf event=p0.end stage=tool_execute_plugin ts=1786782998939 duration=4 id=ses_ffb6f5921ffe7fqDtYuSdit3bS meta={"tool":"e2e_marker","callID":"call_e2e_marker_1","messageID":"msg_00490dc19001NL2xOUmXvaRkKw"} tool_execute_plugin
[Kilo New] ServerManager: ⚠️ CLI Server stderr: INFO  2026-08-15T08:36:38 +1ms service=p0-perf event=p0.end stage=tool_execute ts=1786782998940 duration=6 id=ses_ffb6f5921ffe7fqDtYuSdit3bS meta={"tool":"e2e_marker","callID":"call_e2e_marker_1","messageID":"msg_00490dc19001NL2xOUmXvaRkKw"} tool_execute
[Kilo New][P0-Perf] {"corr":"b4e081ba-89cc-44bc-935b-893749b1d932","stage":"sse.event","t":1786782998959,"d":31457,"surface":"extension","span":"start","eventType":"message.part.updated","dir":"/private/var/folders/9v/733tfwtj2jvgwygmtrbwj9gm0000gn/T/kilo-e2e-jNSxkS/workspace"}
[Kilo New][P0-Perf] {"corr":"b4e081ba-89cc-44bc-935b-893749b1d932","stage":"sse.event","t":1786782998959,"d":31457,"surface":"extension","span":"end","dur":0,"eventType":"message.part.updated","dir":"/private/var/folders/9v/733tfwtj2jvgwygmtrbwj9gm0000gn/T/kilo-e2e-jNSxkS/workspace"}
[Kilo New][P0-Perf] {"corr":"b4e081ba-89cc-44bc-935b-893749b1d932","stage":"sse.event","t":1786782998959,"d":31457,"surface":"extension","span":"start","eventType":"message.part.updated.1","dir":"/private/var/folders/9v/733tfwtj2jvgwygmtrbwj9gm0000gn/T/kilo-e2e-jNSxkS/workspace"}
[Kilo New][P0-Perf] {"corr":"b4e081ba-89cc-44bc-935b-893749b1d932","stage":"sse.event","t":1786782998959,"d":31457,"surface":"extension","span":"end","dur":0,"eventType":"message.part.updated.1","dir":"/private/var/folders/9v/733tfwtj2jvgwygmtrbwj9gm0000gn/T/kilo-e2e-jNSxkS/workspace"}
[Kilo New][P0-Perf] {"corr":"b4e081ba-89cc-44bc-935b-893749b1d932","stage":"sse.event","t":1786782998959,"d":31457,"surface":"extension","span":"start","eventType":"message.part.updated","dir":"/private/var/folders/9v/733tfwtj2jvgwygmtrbwj9gm0000gn/T/kilo-e2e-jNSxkS/workspace"}
[Kilo New][P0-Perf] {"corr":"b4e081ba-89cc-44bc-935b-893749b1d932","stage":"sse.event","t":1786782998959,"d":31457,"surface":"extension","span":"end","dur":0,"eventType":"message.part.updated","dir":"/private/var/folders/9v/733tfwtj2jvgwygmtrbwj9gm0000gn/T/kilo-e2e-jNSxkS/workspace"}
[Kilo New][P0-Perf] {"corr":"b4e081ba-89cc-44bc-935b-893749b1d932","stage":"sse.event","t":1786782998960,"d":31458,"surface":"extension","span":"start","eventType":"message.part.updated.1","dir":"/private/var/folders/9v/733tfwtj2jvgwygmtrbwj9gm0000gn/T/kilo-e2e-jNSxkS/workspace"}
[Kilo New][P0-Perf] {"corr":"b4e081ba-89cc-44bc-935b-893749b1d932","stage":"sse.event","t":1786782998960,"d":31458,"surface":"extension","span":"end","dur":0,"eventType":"message.part.updated.1","dir":"/private/var/folders/9v/733tfwtj2jvgwygmtrbwj9gm0000gn/T/kilo-e2e-jNSxkS/workspace"}
[Kilo New][P0-Perf] {"corr":"b4e081ba-89cc-44bc-935b-893749b1d932","stage":"sse.event","t":1786782998960,"d":31458,"surface":"extension","span":"start","eventType":"message.part.updated","dir":"/private/var/folders/9v/733tfwtj2jvgwygmtrbwj9gm0000gn/T/kilo-e2e-jNSxkS/workspace"}
[Kilo New][P0-Perf] {"corr":"b4e081ba-89cc-44bc-935b-893749b1d932","stage":"sse.event","t":1786782998960,"d":31458,"surface":"extension","span":"end","dur":0,"eventType":"message.part.updated","dir":"/private/var/folders/9v/733tfwtj2jvgwygmtrbwj9gm0000gn/T/kilo-e2e-jNSxkS/workspace"}
[Kilo New][P0-Perf] {"corr":"b4e081ba-89cc-44bc-935b-893749b1d932","stage":"sse.event","t":1786782998960,"d":31458,"surface":"extension","span":"start","eventType":"message.part.updated.1","dir":"/private/var/folders/9v/733tfwtj2jvgwygmtrbwj9gm0000gn/T/kilo-e2e-jNSxkS/workspace"}
[Kilo New][P0-Perf] {"corr":"b4e081ba-89cc-44bc-935b-893749b1d932","stage":"sse.event","t":1786782998960,"d":31458,"surface":"extension","span":"end","dur":0,"eventType":"message.part.updated.1","dir":"/private/var/folders/9v/733tfwtj2jvgwygmtrbwj9gm0000gn/T/kilo-e2e-jNSxkS/workspace"}
[Kilo New][P0-Perf] {"corr":"b4e081ba-89cc-44bc-935b-893749b1d932","stage":"sse.event","t":1786782998960,"d":31458,"surface":"extension","span":"start","eventType":"message.part.updated","dir":"/private/var/folders/9v/733tfwtj2jvgwygmtrbwj9gm0000gn/T/kilo-e2e-jNSxkS/workspace"}
[Kilo New][P0-Perf] {"corr":"b4e081ba-89cc-44bc-935b-893749b1d932","stage":"sse.event","t":1786782998960,"d":31458,"surface":"extension","span":"end","dur":0,"eventType":"message.part.updated","dir":"/private/var/folders/9v/733tfwtj2jvgwygmtrbwj9gm0000gn/T/kilo-e2e-jNSxkS/workspace"}
[Kilo New][P0-Perf] {"corr":"b4e081ba-89cc-44bc-935b-893749b1d932","stage":"sse.event","t":1786782998960,"d":31458,"surface":"extension","span":"start","eventType":"message.part.updated.1","dir":"/private/var/folders/9v/733tfwtj2jvgwygmtrbwj9gm0000gn/T/kilo-e2e-jNSxkS/workspace"}
[Kilo New][P0-Perf] {"corr":"b4e081ba-89cc-44bc-935b-893749b1d932","stage":"sse.event","t":1786782998960,"d":31458,"surface":"extension","span":"end","dur":0,"eventType":"message.part.updated.1","dir":"/private/var/folders/9v/733tfwtj2jvgwygmtrbwj9gm0000gn/T/kilo-e2e-jNSxkS/workspace"}
[Kilo New][P0-Perf] {"corr":"b4e081ba-89cc-44bc-935b-893749b1d932","stage":"sse.event","t":1786782999483,"d":31981,"surface":"extension","span":"start","eventType":"message.part.updated","dir":"/private/var/folders/9v/733tfwtj2jvgwygmtrbwj9gm0000gn/T/kilo-e2e-jNSxkS/workspace"}
[Kilo New][P0-Perf] {"corr":"b4e081ba-89cc-44bc-935b-893749b1d932","stage":"sse.event","t":1786782999483,"d":31981,"surface":"extension","span":"end","dur":0,"eventType":"message.part.updated","dir":"/private/var/folders/9v/733tfwtj2jvgwygmtrbwj9gm0000gn/T/kilo-e2e-jNSxkS/workspace"}
[Kilo New][P0-Perf] {"corr":"b4e081ba-89cc-44bc-935b-893749b1d932","stage":"sse.event","t":1786782999483,"d":31981,"surface":"extension","span":"start","eventType":"message.part.updated.1","dir":"/private/var/folders/9v/733tfwtj2jvgwygmtrbwj9gm0000gn/T/kilo-e2e-jNSxkS/workspace"}
[Kilo New][P0-Perf] {"corr":"b4e081ba-89cc-44bc-935b-893749b1d932","stage":"sse.event","t":1786782999483,"d":31981,"surface":"extension","span":"end","dur":0,"eventType":"message.part.updated.1","dir":"/private/var/folders/9v/733tfwtj2jvgwygmtrbwj9gm0000gn/T/kilo-e2e-jNSxkS/workspace"}
[Kilo New] ServerManager: ⚠️ CLI Server stderr: INFO  2026-08-15T08:36:39 +644ms service=snapshot hash=afee79af5d4bd62e3669d4a9c8e6a392947997af cwd=/private/var/folders/9v/733tfwtj2jvgwygmtrbwj9gm0000gn/T/kilo-e2e-jNSxkS/workspace git=/var/folders/9v/733tfwtj2jvgwygmtrbwj9gm0000gn/T/kilo-e2e-jNSxkS/xdg-data/kilo/snapshot/8d92d1e5131045cc7f25d873d3918998f2fa7b46/9be8c9df477d736235572209b80be94e3ae91688 tracking
[Kilo New][P0-Perf] {"corr":"b4e081ba-89cc-44bc-935b-893749b1d932","stage":"sse.event","t":1786782999609,"d":32107,"surface":"extension","span":"start","eventType":"message.part.updated","dir":"/private/var/folders/9v/733tfwtj2jvgwygmtrbwj9gm0000gn/T/kilo-e2e-jNSxkS/workspace"}
[Kilo New][P0-Perf] {"corr":"b4e081ba-89cc-44bc-935b-893749b1d932","stage":"sse.event","t":1786782999609,"d":32107,"surface":"extension","span":"end","dur":0,"eventType":"message.part.updated","dir":"/private/var/folders/9v/733tfwtj2jvgwygmtrbwj9gm0000gn/T/kilo-e2e-jNSxkS/workspace"}
[Kilo New][P0-Perf] {"corr":"b4e081ba-89cc-44bc-935b-893749b1d932","stage":"sse.event","t":1786782999609,"d":32107,"surface":"extension","span":"start","eventType":"message.part.updated.1","dir":"/private/var/folders/9v/733tfwtj2jvgwygmtrbwj9gm0000gn/T/kilo-e2e-jNSxkS/workspace"}
[Kilo New][P0-Perf] {"corr":"b4e081ba-89cc-44bc-935b-893749b1d932","stage":"sse.event","t":1786782999609,"d":32107,"surface":"extension","span":"end","dur":0,"eventType":"message.part.updated.1","dir":"/private/var/folders/9v/733tfwtj2jvgwygmtrbwj9gm0000gn/T/kilo-e2e-jNSxkS/workspace"}
[Kilo New][P0-Perf] {"corr":"b4e081ba-89cc-44bc-935b-893749b1d932","stage":"sse.event","t":1786782999641,"d":32139,"surface":"extension","span":"start","eventType":"message.part.updated","dir":"/private/var/folders/9v/733tfwtj2jvgwygmtrbwj9gm0000gn/T/kilo-e2e-jNSxkS/workspace"}
[Kilo New][P0-Perf] {"corr":"b4e081ba-89cc-44bc-935b-893749b1d932","stage":"sse.event","t":1786782999641,"d":32139,"surface":"extension","span":"end","dur":0,"eventType":"message.part.updated","dir":"/private/var/folders/9v/733tfwtj2jvgwygmtrbwj9gm0000gn/T/kilo-e2e-jNSxkS/workspace"}
[Kilo New][P0-Perf] {"corr":"b4e081ba-89cc-44bc-935b-893749b1d932","stage":"sse.event","t":1786782999641,"d":32139,"surface":"extension","span":"start","eventType":"message.part.updated.1","dir":"/private/var/folders/9v/733tfwtj2jvgwygmtrbwj9gm0000gn/T/kilo-e2e-jNSxkS/workspace"}
[Kilo New][P0-Perf] {"corr":"b4e081ba-89cc-44bc-935b-893749b1d932","stage":"sse.event","t":1786782999642,"d":32140,"surface":"extension","span":"end","dur":1,"eventType":"message.part.updated.1","dir":"/private/var/folders/9v/733tfwtj2jvgwygmtrbwj9gm0000gn/T/kilo-e2e-jNSxkS/workspace"}
[Kilo New][P0-Perf] {"corr":"b4e081ba-89cc-44bc-935b-893749b1d932","stage":"sse.event","t":1786782999642,"d":32140,"surface":"extension","span":"start","eventType":"message.updated","dir":"/private/var/folders/9v/733tfwtj2jvgwygmtrbwj9gm0000gn/T/kilo-e2e-jNSxkS/workspace"}
[Kilo New][P0-Perf] {"corr":"b4e081ba-89cc-44bc-935b-893749b1d932","stage":"sse.event","t":1786782999642,"d":32140,"surface":"extension","span":"end","dur":0,"eventType":"message.updated","dir":"/private/var/folders/9v/733tfwtj2jvgwygmtrbwj9gm0000gn/T/kilo-e2e-jNSxkS/workspace"}
[Kilo New][P0-Perf] {"corr":"b4e081ba-89cc-44bc-935b-893749b1d932","stage":"sse.event","t":1786782999642,"d":32140,"surface":"extension","span":"start","eventType":"message.updated.1","dir":"/private/var/folders/9v/733tfwtj2jvgwygmtrbwj9gm0000gn/T/kilo-e2e-jNSxkS/workspace"}
[Kilo New][P0-Perf] {"corr":"b4e081ba-89cc-44bc-935b-893749b1d932","stage":"sse.event","t":1786782999643,"d":32141,"surface":"extension","span":"end","dur":1,"eventType":"message.updated.1","dir":"/private/var/folders/9v/733tfwtj2jvgwygmtrbwj9gm0000gn/T/kilo-e2e-jNSxkS/workspace"}
[Kilo New][P0-Perf] {"corr":"b4e081ba-89cc-44bc-935b-893749b1d932","stage":"sse.event","t":1786782999643,"d":32141,"surface":"extension","span":"start","eventType":"message.part.removed","dir":"/private/var/folders/9v/733tfwtj2jvgwygmtrbwj9gm0000gn/T/kilo-e2e-jNSxkS/workspace"}
[Kilo New][P0-Perf] {"corr":"b4e081ba-89cc-44bc-935b-893749b1d932","stage":"sse.event","t":1786782999643,"d":32141,"surface":"extension","span":"end","dur":0,"eventType":"message.part.removed","dir":"/private/var/folders/9v/733tfwtj2jvgwygmtrbwj9gm0000gn/T/kilo-e2e-jNSxkS/workspace"}
[Kilo New][P0-Perf] {"corr":"b4e081ba-89cc-44bc-935b-893749b1d932","stage":"sse.event","t":1786782999643,"d":32141,"surface":"extension","span":"start","eventType":"message.part.removed.1","dir":"/private/var/folders/9v/733tfwtj2jvgwygmtrbwj9gm0000gn/T/kilo-e2e-jNSxkS/workspace"}
[Kilo New][P0-Perf] {"corr":"b4e081ba-89cc-44bc-935b-893749b1d932","stage":"sse.event","t":1786782999643,"d":32141,"surface":"extension","span":"end","dur":0,"eventType":"message.part.removed.1","dir":"/private/var/folders/9v/733tfwtj2jvgwygmtrbwj9gm0000gn/T/kilo-e2e-jNSxkS/workspace"}
[Kilo New] ServerManager: ⚠️ CLI Server stderr: INFO  2026-08-15T08:36:40 +1270ms service=model-cache providerID=apertis refreshing models
[Kilo New] ServerManager: ⚠️ CLI Server stderr: INFO  2026-08-15T08:36:40 +122ms service=model-cache providerID=apertis count=0 models fetched and cached
[Kilo New] ServerManager: ⚠️ CLI Server stderr: INFO  2026-08-15T08:36:41 +33ms service=session.prompt session.id=ses_ffb6f5921ffe7fqDtYuSdit3bS step=1 loop
[Kilo New] ServerManager: ⚠️ CLI Server stderr: INFO  2026-08-15T08:36:41 +26ms service=p0-perf event=p0.mark stage=processor_entry ts=1786783001035 id=ses_ffb6f5921ffe7fqDtYuSdit3bS meta={"messageID":"msg_00490e9bc001Y14gPFwH1YAGXv","parentID":"msg_00490dbbe0013H1ihGUNpe53B5","model":"e2e-model","provider":"e2e-local"} processor_entry
[Kilo New][P0-Perf] {"corr":"b4e081ba-89cc-44bc-935b-893749b1d932","stage":"sse.event","t":1786783001053,"d":33551,"surface":"extension","span":"start","eventType":"message.part.updated","dir":"/private/var/folders/9v/733tfwtj2jvgwygmtrbwj9gm0000gn/T/kilo-e2e-jNSxkS/workspace"}
[Kilo New][P0-Perf] {"corr":"b4e081ba-89cc-44bc-935b-893749b1d932","stage":"sse.event","t":1786783001054,"d":33552,"surface":"extension","span":"end","dur":1,"eventType":"message.part.updated","dir":"/private/var/folders/9v/733tfwtj2jvgwygmtrbwj9gm0000gn/T/kilo-e2e-jNSxkS/workspace"}
[Kilo New][P0-Perf] {"corr":"b4e081ba-89cc-44bc-935b-893749b1d932","stage":"sse.event","t":1786783001054,"d":33552,"surface":"extension","span":"start","eventType":"message.part.updated.1","dir":"/private/var/folders/9v/733tfwtj2jvgwygmtrbwj9gm0000gn/T/kilo-e2e-jNSxkS/workspace"}
[Kilo New][P0-Perf] {"corr":"b4e081ba-89cc-44bc-935b-893749b1d932","stage":"sse.event","t":1786783001054,"d":33552,"surface":"extension","span":"end","dur":0,"eventType":"message.part.updated.1","dir":"/private/var/folders/9v/733tfwtj2jvgwygmtrbwj9gm0000gn/T/kilo-e2e-jNSxkS/workspace"}
[Kilo New][P0-Perf] {"corr":"b4e081ba-89cc-44bc-935b-893749b1d932","stage":"sse.event","t":1786783001054,"d":33552,"surface":"extension","span":"start","eventType":"message.updated","dir":"/private/var/folders/9v/733tfwtj2jvgwygmtrbwj9gm0000gn/T/kilo-e2e-jNSxkS/workspace"}
[Kilo New][P0-Perf] {"corr":"b4e081ba-89cc-44bc-935b-893749b1d932","stage":"sse.event","t":1786783001054,"d":33552,"surface":"extension","span":"end","dur":0,"eventType":"message.updated","dir":"/private/var/folders/9v/733tfwtj2jvgwygmtrbwj9gm0000gn/T/kilo-e2e-jNSxkS/workspace"}
[Kilo New][P0-Perf] {"corr":"b4e081ba-89cc-44bc-935b-893749b1d932","stage":"sse.event","t":1786783001054,"d":33552,"surface":"extension","span":"start","eventType":"message.updated.1","dir":"/private/var/folders/9v/733tfwtj2jvgwygmtrbwj9gm0000gn/T/kilo-e2e-jNSxkS/workspace"}
[Kilo New][P0-Perf] {"corr":"b4e081ba-89cc-44bc-935b-893749b1d932","stage":"sse.event","t":1786783001055,"d":33553,"surface":"extension","span":"end","dur":1,"eventType":"message.updated.1","dir":"/private/var/folders/9v/733tfwtj2jvgwygmtrbwj9gm0000gn/T/kilo-e2e-jNSxkS/workspace"}
[Kilo New][P0-Perf] {"corr":"b4e081ba-89cc-44bc-935b-893749b1d932","stage":"sse.event","t":1786783001055,"d":33553,"surface":"extension","span":"start","eventType":"session.status","dir":"/private/var/folders/9v/733tfwtj2jvgwygmtrbwj9gm0000gn/T/kilo-e2e-jNSxkS/workspace"}
[Kilo New][P0-Perf] {"corr":"b4e081ba-89cc-44bc-935b-893749b1d932","stage":"sse.event","t":1786783001055,"d":33553,"surface":"extension","span":"end","dur":0,"eventType":"session.status","dir":"/private/var/folders/9v/733tfwtj2jvgwygmtrbwj9gm0000gn/T/kilo-e2e-jNSxkS/workspace"}
[Kilo New][P0-Perf] {"corr":"b4e081ba-89cc-44bc-935b-893749b1d932","stage":"sse.event","t":1786783001055,"d":33553,"surface":"extension","span":"start","eventType":"message.updated","dir":"/private/var/folders/9v/733tfwtj2jvgwygmtrbwj9gm0000gn/T/kilo-e2e-jNSxkS/workspace"}
[Kilo New][P0-Perf] {"corr":"b4e081ba-89cc-44bc-935b-893749b1d932","stage":"sse.event","t":1786783001055,"d":33553,"surface":"extension","span":"end","dur":0,"eventType":"message.updated","dir":"/private/var/folders/9v/733tfwtj2jvgwygmtrbwj9gm0000gn/T/kilo-e2e-jNSxkS/workspace"}
[Kilo New][P0-Perf] {"corr":"b4e081ba-89cc-44bc-935b-893749b1d932","stage":"sse.event","t":1786783001055,"d":33553,"surface":"extension","span":"start","eventType":"message.updated.1","dir":"/private/var/folders/9v/733tfwtj2jvgwygmtrbwj9gm0000gn/T/kilo-e2e-jNSxkS/workspace"}
[Kilo New][P0-Perf] {"corr":"b4e081ba-89cc-44bc-935b-893749b1d932","stage":"model.firstEvent","t":1786783001055,"d":33553,"surface":"extension","sessionID":"ses_ffb6f5921ffe7fqDtYuSdit3bS","messageID":"msg_00490e9bc001Y14gPFwH1YAGXv","parentID":"msg_00490dbbe0013H1ihGUNpe53B5","dir":"/private/var/folders/9v/733tfwtj2jvgwygmtrbwj9gm0000gn/T/kilo-e2e-jNSxkS/workspace"}
[Kilo New][P0-Perf] {"corr":"b4e081ba-89cc-44bc-935b-893749b1d932","stage":"sse.event","t":1786783001056,"d":33554,"surface":"extension","span":"end","dur":1,"eventType":"message.updated.1","dir":"/private/var/folders/9v/733tfwtj2jvgwygmtrbwj9gm0000gn/T/kilo-e2e-jNSxkS/workspace"}
[Kilo New] ServerManager: ⚠️ CLI Server stderr: INFO  2026-08-15T08:36:41 +474ms service=snapshot hash=afee79af5d4bd62e3669d4a9c8e6a392947997af cwd=/private/var/folders/9v/733tfwtj2jvgwygmtrbwj9gm0000gn/T/kilo-e2e-jNSxkS/workspace git=/var/folders/9v/733tfwtj2jvgwygmtrbwj9gm0000gn/T/kilo-e2e-jNSxkS/xdg-data/kilo/snapshot/8d92d1e5131045cc7f25d873d3918998f2fa7b46/9be8c9df477d736235572209b80be94e3ae91688 tracking
[Kilo New] ServerManager: ⚠️ CLI Server stderr: INFO  2026-08-15T08:36:41 +2ms service=session.tools status=started resolveTools
[Kilo New] ServerManager: ⚠️ CLI Server stderr: INFO  2026-08-15T08:36:41 +2ms service=tool.registry status=started invalid
[Kilo New] ServerManager: ⚠️ CLI Server stderr: INFO  2026-08-15T08:36:41 +0ms service=tool.registry status=completed duration=0 invalid
[Kilo New] ServerManager: ⚠️ CLI Server stderr: INFO  2026-08-15T08:36:41 +0ms service=tool.registry status=started question
[Kilo New] ServerManager: ⚠️ CLI Server stderr: INFO  2026-08-15T08:36:41 +1ms service=tool.registry status=completed duration=1 question
[Kilo New] ServerManager: ⚠️ CLI Server stderr: INFO  2026-08-15T08:36:41 +0ms service=tool.registry status=started bash
[Kilo New] ServerManager: ⚠️ CLI Server stderr: INFO  2026-08-15T08:36:41 +0ms service=tool.registry status=completed duration=0 bash
[Kilo New] ServerManager: ⚠️ CLI Server stderr: INFO  2026-08-15T08:36:41 +0ms service=tool.registry status=started read
[Kilo New] ServerManager: ⚠️ CLI Server stderr: INFO  2026-08-15T08:36:41 +0ms service=tool.registry status=completed duration=0 read
[Kilo New] ServerManager: ⚠️ CLI Server stderr: INFO  2026-08-15T08:36:41 +0ms service=tool.registry status=started glob
[Kilo New] ServerManager: ⚠️ CLI Server stderr: INFO  2026-08-15T08:36:41 +0ms service=tool.registry status=completed duration=0 glob
[Kilo New] ServerManager: ⚠️ CLI Server stderr: INFO  2026-08-15T08:36:41 +0ms service=tool.registry status=started grep
[Kilo New] ServerManager: ⚠️ CLI Server stderr: INFO  2026-08-15T08:36:41 +0ms service=tool.registry status=completed duration=0 grep
[Kilo New] ServerManager: ⚠️ CLI Server stderr: INFO  2026-08-15T08:36:41 +0ms service=tool.registry status=started edit
[Kilo New] ServerManager: ⚠️ CLI Server stderr: INFO  2026-08-15T08:36:41 +0ms service=tool.registry status=completed duration=0 edit
[Kilo New] ServerManager: ⚠️ CLI Server stderr: INFO  2026-08-15T08:36:41 +0ms service=tool.registry status=started write
[Kilo New] ServerManager: ⚠️ CLI Server stderr: INFO  2026-08-15T08:36:41 +0ms service=tool.registry status=completed duration=0 write
[Kilo New] ServerManager: ⚠️ CLI Server stderr: INFO  2026-08-15T08:36:41 +0ms service=tool.registry status=started task
[Kilo New] ServerManager: ⚠️ CLI Server stderr: INFO  2026-08-15T08:36:41 +6ms service=tool.registry status=completed duration=6 task
[Kilo New] ServerManager: ⚠️ CLI Server stderr: INFO  2026-08-15T08:36:41 +2ms service=tool.registry status=started webfetch
[Kilo New] ServerManager: ⚠️ CLI Server stderr: INFO  2026-08-15T08:36:41 +1ms service=tool.registry status=completed duration=1 webfetch
[Kilo New] ServerManager: ⚠️ CLI Server stderr: INFO  2026-08-15T08:36:41 +0ms service=tool.registry status=started todowrite
[Kilo New] ServerManager: ⚠️ CLI Server stderr: INFO  2026-08-15T08:36:41 +0ms service=tool.registry status=completed duration=0 todowrite
[Kilo New] ServerManager: ⚠️ CLI Server stderr: INFO  2026-08-15T08:36:41 +0ms service=tool.registry status=started skill
[Kilo New] ServerManager: ⚠️ CLI Server stderr: INFO  2026-08-15T08:36:41 +5ms service=tool.registry status=completed duration=5 skill
[Kilo New] ServerManager: ⚠️ CLI Server stderr: INFO  2026-08-15T08:36:41 +0ms service=tool.registry status=started plan_exit
[Kilo New] ServerManager: ⚠️ CLI Server stderr: INFO  2026-08-15T08:36:41 +0ms service=tool.registry status=completed duration=0 plan_exit
[Kilo New] ServerManager: ⚠️ CLI Server stderr: INFO  2026-08-15T08:36:41 +0ms service=tool.registry status=started kilo_local_recall
[Kilo New] ServerManager: ⚠️ CLI Server stderr: INFO  2026-08-15T08:36:41 +0ms service=tool.registry status=completed duration=0 kilo_local_recall
[Kilo New] ServerManager: ⚠️ CLI Server stderr: INFO  2026-08-15T08:36:41 +0ms service=tool.registry status=started background_process
[Kilo New] ServerManager: ⚠️ CLI Server stderr: INFO  2026-08-15T08:36:41 +0ms service=tool.registry status=completed duration=0 background_process
[Kilo New] ServerManager: ⚠️ CLI Server stderr: INFO  2026-08-15T08:36:41 +0ms service=tool.registry status=started agent_manager_models
[Kilo New] ServerManager: ⚠️ CLI Server stderr: INFO  2026-08-15T08:36:41 +1ms service=tool.registry status=completed duration=1 agent_manager_models
[Kilo New] ServerManager: ⚠️ CLI Server stderr: INFO  2026-08-15T08:36:41 +0ms service=tool.registry status=started agent_manager
[Kilo New] ServerManager: ⚠️ CLI Server stderr: INFO  2026-08-15T08:36:41 +0ms service=tool.registry status=completed duration=0 agent_manager
[Kilo New] ServerManager: ⚠️ CLI Server stderr: INFO  2026-08-15T08:36:41 +0ms service=tool.registry status=started e2e_marker
[Kilo New] ServerManager: ⚠️ CLI Server stderr: INFO  2026-08-15T08:36:41 +0ms service=tool.registry status=completed duration=0 e2e_marker
[Kilo New] ServerManager: ⚠️ CLI Server stderr: INFO  2026-08-15T08:36:41 +3ms service=session.tools status=completed duration=21 resolveTools
[Kilo New] ServerManager: ⚠️ CLI Server stderr: INFO  2026-08-15T08:36:41 +39ms service=session.processor session.id=ses_ffb6f5921ffe7fqDtYuSdit3bS messageID=msg_00490e9bc001Y14gPFwH1YAGXv process
[Kilo New] ServerManager: ⚠️ CLI Server stderr: INFO  2026-08-15T08:36:41 +3ms service=llm providerID=e2e-local modelID=e2e-model session.id=ses_ffb6f5921ffe7fqDtYuSdit3bS small=false agent=e2e-agent mode=primary stream
[Kilo New] ServerManager: ⚠️ CLI Server stderr: INFO  2026-08-15T08:36:41 +32ms service=default llm.runtime=ai-sdk llm.provider=e2e-local llm.model=e2e-model llm runtime selected
[Kilo New][P0-Perf] {"corr":"b4e081ba-89cc-44bc-935b-893749b1d932","stage":"sse.event","t":1786783001632,"d":34130,"surface":"extension","span":"start","eventType":"session.status","dir":"/private/var/folders/9v/733tfwtj2jvgwygmtrbwj9gm0000gn/T/kilo-e2e-jNSxkS/workspace"}
[Kilo New][P0-Perf] {"corr":"b4e081ba-89cc-44bc-935b-893749b1d932","stage":"sse.event","t":1786783001633,"d":34131,"surface":"extension","span":"end","dur":1,"eventType":"session.status","dir":"/private/var/folders/9v/733tfwtj2jvgwygmtrbwj9gm0000gn/T/kilo-e2e-jNSxkS/workspace"}
[Kilo New][P0-Perf] {"corr":"b4e081ba-89cc-44bc-935b-893749b1d932","stage":"sse.event","t":1786783001683,"d":34181,"surface":"extension","span":"start","eventType":"message.part.updated","dir":"/private/var/folders/9v/733tfwtj2jvgwygmtrbwj9gm0000gn/T/kilo-e2e-jNSxkS/workspace"}
[Kilo New][P0-Perf] {"corr":"b4e081ba-89cc-44bc-935b-893749b1d932","stage":"sse.event","t":1786783001683,"d":34181,"surface":"extension","span":"end","dur":0,"eventType":"message.part.updated","dir":"/private/var/folders/9v/733tfwtj2jvgwygmtrbwj9gm0000gn/T/kilo-e2e-jNSxkS/workspace"}
[Kilo New][P0-Perf] {"corr":"b4e081ba-89cc-44bc-935b-893749b1d932","stage":"sse.event","t":1786783001684,"d":34182,"surface":"extension","span":"start","eventType":"message.part.updated.1","dir":"/private/var/folders/9v/733tfwtj2jvgwygmtrbwj9gm0000gn/T/kilo-e2e-jNSxkS/workspace"}
[Kilo New][P0-Perf] {"corr":"b4e081ba-89cc-44bc-935b-893749b1d932","stage":"sse.event","t":1786783001684,"d":34182,"surface":"extension","span":"end","dur":0,"eventType":"message.part.updated.1","dir":"/private/var/folders/9v/733tfwtj2jvgwygmtrbwj9gm0000gn/T/kilo-e2e-jNSxkS/workspace"}
[Kilo New][P0-Perf] {"corr":"b4e081ba-89cc-44bc-935b-893749b1d932","stage":"sse.event","t":1786783001684,"d":34182,"surface":"extension","span":"start","eventType":"message.part.updated","dir":"/private/var/folders/9v/733tfwtj2jvgwygmtrbwj9gm0000gn/T/kilo-e2e-jNSxkS/workspace"}
[Kilo New][P0-Perf] {"corr":"b4e081ba-89cc-44bc-935b-893749b1d932","stage":"sse.event","t":1786783001684,"d":34182,"surface":"extension","span":"end","dur":0,"eventType":"message.part.updated","dir":"/private/var/folders/9v/733tfwtj2jvgwygmtrbwj9gm0000gn/T/kilo-e2e-jNSxkS/workspace"}
[Kilo New][P0-Perf] {"corr":"b4e081ba-89cc-44bc-935b-893749b1d932","stage":"sse.event","t":1786783001684,"d":34182,"surface":"extension","span":"start","eventType":"message.part.updated.1","dir":"/private/var/folders/9v/733tfwtj2jvgwygmtrbwj9gm0000gn/T/kilo-e2e-jNSxkS/workspace"}
[Kilo New][P0-Perf] {"corr":"b4e081ba-89cc-44bc-935b-893749b1d932","stage":"sse.event","t":1786783001684,"d":34182,"surface":"extension","span":"end","dur":0,"eventType":"message.part.updated.1","dir":"/private/var/folders/9v/733tfwtj2jvgwygmtrbwj9gm0000gn/T/kilo-e2e-jNSxkS/workspace"}
[Kilo New][P0-Perf] {"corr":"b4e081ba-89cc-44bc-935b-893749b1d932","stage":"sse.event","t":1786783001684,"d":34182,"surface":"extension","span":"start","eventType":"message.part.delta","dir":"/private/var/folders/9v/733tfwtj2jvgwygmtrbwj9gm0000gn/T/kilo-e2e-jNSxkS/workspace"}
[Kilo New][P0-Perf] {"corr":"b4e081ba-89cc-44bc-935b-893749b1d932","stage":"sse.event","t":1786783001684,"d":34182,"surface":"extension","span":"end","dur":0,"eventType":"message.part.delta","dir":"/private/var/folders/9v/733tfwtj2jvgwygmtrbwj9gm0000gn/T/kilo-e2e-jNSxkS/workspace"}
[Kilo New][P0-Perf] {"corr":"b4e081ba-89cc-44bc-935b-893749b1d932","stage":"sse.event","t":1786783001684,"d":34182,"surface":"extension","span":"start","eventType":"message.part.updated","dir":"/private/var/folders/9v/733tfwtj2jvgwygmtrbwj9gm0000gn/T/kilo-e2e-jNSxkS/workspace"}
[Kilo New][P0-Perf] {"corr":"b4e081ba-89cc-44bc-935b-893749b1d932","stage":"sse.event","t":1786783001684,"d":34182,"surface":"extension","span":"end","dur":0,"eventType":"message.part.updated","dir":"/private/var/folders/9v/733tfwtj2jvgwygmtrbwj9gm0000gn/T/kilo-e2e-jNSxkS/workspace"}
[Kilo New][P0-Perf] {"corr":"b4e081ba-89cc-44bc-935b-893749b1d932","stage":"sse.event","t":1786783001685,"d":34183,"surface":"extension","span":"start","eventType":"message.part.updated.1","dir":"/private/var/folders/9v/733tfwtj2jvgwygmtrbwj9gm0000gn/T/kilo-e2e-jNSxkS/workspace"}
[Kilo New][P0-Perf] {"corr":"b4e081ba-89cc-44bc-935b-893749b1d932","stage":"sse.event","t":1786783001685,"d":34183,"surface":"extension","span":"end","dur":0,"eventType":"message.part.updated.1","dir":"/private/var/folders/9v/733tfwtj2jvgwygmtrbwj9gm0000gn/T/kilo-e2e-jNSxkS/workspace"}
[Kilo New][P0-Perf] {"corr":"b4e081ba-89cc-44bc-935b-893749b1d932","stage":"sse.event","t":1786783001977,"d":34475,"surface":"extension","span":"start","eventType":"session.updated","dir":"/private/var/folders/9v/733tfwtj2jvgwygmtrbwj9gm0000gn/T/kilo-e2e-jNSxkS/workspace"}
[Kilo New][P0-Perf] {"corr":"b4e081ba-89cc-44bc-935b-893749b1d932","stage":"sse.event","t":1786783001978,"d":34476,"surface":"extension","span":"end","dur":1,"eventType":"session.updated","dir":"/private/var/folders/9v/733tfwtj2jvgwygmtrbwj9gm0000gn/T/kilo-e2e-jNSxkS/workspace"}
[Kilo New][P0-Perf] {"corr":"b4e081ba-89cc-44bc-935b-893749b1d932","stage":"sse.event","t":1786783001978,"d":34476,"surface":"extension","span":"start","eventType":"session.updated.1","dir":"/private/var/folders/9v/733tfwtj2jvgwygmtrbwj9gm0000gn/T/kilo-e2e-jNSxkS/workspace"}
[Kilo New][P0-Perf] {"corr":"b4e081ba-89cc-44bc-935b-893749b1d932","stage":"sse.event","t":1786783001978,"d":34476,"surface":"extension","span":"end","dur":0,"eventType":"session.updated.1","dir":"/private/var/folders/9v/733tfwtj2jvgwygmtrbwj9gm0000gn/T/kilo-e2e-jNSxkS/workspace"}
[Kilo New][P0-Perf] {"corr":"b4e081ba-89cc-44bc-935b-893749b1d932","stage":"sse.event","t":1786783002008,"d":34506,"surface":"extension","span":"start","eventType":"session.diff","dir":"/private/var/folders/9v/733tfwtj2jvgwygmtrbwj9gm0000gn/T/kilo-e2e-jNSxkS/workspace"}
[Kilo New][P0-Perf] {"corr":"b4e081ba-89cc-44bc-935b-893749b1d932","stage":"sse.event","t":1786783002008,"d":34506,"surface":"extension","span":"end","dur":0,"eventType":"session.diff","dir":"/private/var/folders/9v/733tfwtj2jvgwygmtrbwj9gm0000gn/T/kilo-e2e-jNSxkS/workspace"}
[Kilo New][P0-Perf] {"corr":"b4e081ba-89cc-44bc-935b-893749b1d932","stage":"sse.event","t":1786783002008,"d":34506,"surface":"extension","span":"start","eventType":"message.updated","dir":"/private/var/folders/9v/733tfwtj2jvgwygmtrbwj9gm0000gn/T/kilo-e2e-jNSxkS/workspace"}
[Kilo New][P0-Perf] {"corr":"b4e081ba-89cc-44bc-935b-893749b1d932","stage":"sse.event","t":1786783002008,"d":34506,"surface":"extension","span":"end","dur":0,"eventType":"message.updated","dir":"/private/var/folders/9v/733tfwtj2jvgwygmtrbwj9gm0000gn/T/kilo-e2e-jNSxkS/workspace"}
[Kilo New][P0-Perf] {"corr":"b4e081ba-89cc-44bc-935b-893749b1d932","stage":"sse.event","t":1786783002009,"d":34507,"surface":"extension","span":"start","eventType":"message.updated.1","dir":"/private/var/folders/9v/733tfwtj2jvgwygmtrbwj9gm0000gn/T/kilo-e2e-jNSxkS/workspace"}
[Kilo New][P0-Perf] {"corr":"b4e081ba-89cc-44bc-935b-893749b1d932","stage":"sse.event","t":1786783002009,"d":34507,"surface":"extension","span":"end","dur":0,"eventType":"message.updated.1","dir":"/private/var/folders/9v/733tfwtj2jvgwygmtrbwj9gm0000gn/T/kilo-e2e-jNSxkS/workspace"}
[Kilo New] ServerManager: ⚠️ CLI Server stderr: INFO  2026-08-15T08:36:42 +1193ms service=model-cache providerID=apertis refreshing models
[Kilo New] ServerManager: ⚠️ CLI Server stderr: INFO  2026-08-15T08:36:42 +73ms service=model-cache providerID=apertis count=0 models fetched and cached
[Kilo New][P0-Perf] {"corr":"b4e081ba-89cc-44bc-935b-893749b1d932","stage":"sse.event","t":1786783002903,"d":35401,"surface":"extension","span":"start","eventType":"message.part.updated","dir":"/private/var/folders/9v/733tfwtj2jvgwygmtrbwj9gm0000gn/T/kilo-e2e-jNSxkS/workspace"}
[Kilo New][P0-Perf] {"corr":"b4e081ba-89cc-44bc-935b-893749b1d932","stage":"sse.event","t":1786783002904,"d":35402,"surface":"extension","span":"end","dur":1,"eventType":"message.part.updated","dir":"/private/var/folders/9v/733tfwtj2jvgwygmtrbwj9gm0000gn/T/kilo-e2e-jNSxkS/workspace"}
[Kilo New][P0-Perf] {"corr":"b4e081ba-89cc-44bc-935b-893749b1d932","stage":"sse.event","t":1786783002904,"d":35402,"surface":"extension","span":"start","eventType":"message.part.updated.1","dir":"/private/var/folders/9v/733tfwtj2jvgwygmtrbwj9gm0000gn/T/kilo-e2e-jNSxkS/workspace"}
[Kilo New][P0-Perf] {"corr":"b4e081ba-89cc-44bc-935b-893749b1d932","stage":"sse.event","t":1786783002904,"d":35402,"surface":"extension","span":"end","dur":0,"eventType":"message.part.updated.1","dir":"/private/var/folders/9v/733tfwtj2jvgwygmtrbwj9gm0000gn/T/kilo-e2e-jNSxkS/workspace"}
[Kilo New][P0-Perf] {"corr":"b4e081ba-89cc-44bc-935b-893749b1d932","stage":"sse.event","t":1786783003010,"d":35508,"surface":"extension","span":"start","eventType":"message.part.updated","dir":"/private/var/folders/9v/733tfwtj2jvgwygmtrbwj9gm0000gn/T/kilo-e2e-jNSxkS/workspace"}
[Kilo New][P0-Perf] {"corr":"b4e081ba-89cc-44bc-935b-893749b1d932","stage":"sse.event","t":1786783003010,"d":35508,"surface":"extension","span":"end","dur":0,"eventType":"message.part.updated","dir":"/private/var/folders/9v/733tfwtj2jvgwygmtrbwj9gm0000gn/T/kilo-e2e-jNSxkS/workspace"}
[Kilo New][P0-Perf] {"corr":"b4e081ba-89cc-44bc-935b-893749b1d932","stage":"sse.event","t":1786783003010,"d":35508,"surface":"extension","span":"start","eventType":"message.part.updated.1","dir":"/private/var/folders/9v/733tfwtj2jvgwygmtrbwj9gm0000gn/T/kilo-e2e-jNSxkS/workspace"}
[Kilo New][P0-Perf] {"corr":"b4e081ba-89cc-44bc-935b-893749b1d932","stage":"sse.event","t":1786783003010,"d":35508,"surface":"extension","span":"end","dur":0,"eventType":"message.part.updated.1","dir":"/private/var/folders/9v/733tfwtj2jvgwygmtrbwj9gm0000gn/T/kilo-e2e-jNSxkS/workspace"}
[Kilo New] ServerManager: ⚠️ CLI Server stderr: INFO  2026-08-15T08:36:43 +171ms service=snapshot hash=afee79af5d4bd62e3669d4a9c8e6a392947997af cwd=/private/var/folders/9v/733tfwtj2jvgwygmtrbwj9gm0000gn/T/kilo-e2e-jNSxkS/workspace git=/var/folders/9v/733tfwtj2jvgwygmtrbwj9gm0000gn/T/kilo-e2e-jNSxkS/xdg-data/kilo/snapshot/8d92d1e5131045cc7f25d873d3918998f2fa7b46/9be8c9df477d736235572209b80be94e3ae91688 tracking
[Kilo New][P0-Perf] {"corr":"b4e081ba-89cc-44bc-935b-893749b1d932","stage":"sse.event","t":1786783003118,"d":35616,"surface":"extension","span":"start","eventType":"message.part.updated","dir":"/private/var/folders/9v/733tfwtj2jvgwygmtrbwj9gm0000gn/T/kilo-e2e-jNSxkS/workspace"}
[Kilo New][P0-Perf] {"corr":"b4e081ba-89cc-44bc-935b-893749b1d932","stage":"sse.event","t":1786783003118,"d":35616,"surface":"extension","span":"end","dur":0,"eventType":"message.part.updated","dir":"/private/var/folders/9v/733tfwtj2jvgwygmtrbwj9gm0000gn/T/kilo-e2e-jNSxkS/workspace"}
[Kilo New][P0-Perf] {"corr":"b4e081ba-89cc-44bc-935b-893749b1d932","stage":"sse.event","t":1786783003118,"d":35616,"surface":"extension","span":"start","eventType":"message.part.updated.1","dir":"/private/var/folders/9v/733tfwtj2jvgwygmtrbwj9gm0000gn/T/kilo-e2e-jNSxkS/workspace"}
[Kilo New][P0-Perf] {"corr":"b4e081ba-89cc-44bc-935b-893749b1d932","stage":"sse.event","t":1786783003118,"d":35616,"surface":"extension","span":"end","dur":0,"eventType":"message.part.updated.1","dir":"/private/var/folders/9v/733tfwtj2jvgwygmtrbwj9gm0000gn/T/kilo-e2e-jNSxkS/workspace"}
[Kilo New][P0-Perf] {"corr":"b4e081ba-89cc-44bc-935b-893749b1d932","stage":"sse.event","t":1786783003118,"d":35616,"surface":"extension","span":"start","eventType":"message.updated","dir":"/private/var/folders/9v/733tfwtj2jvgwygmtrbwj9gm0000gn/T/kilo-e2e-jNSxkS/workspace"}
[Kilo New][P0-Perf] {"corr":"b4e081ba-89cc-44bc-935b-893749b1d932","stage":"sse.event","t":1786783003119,"d":35617,"surface":"extension","span":"end","dur":1,"eventType":"message.updated","dir":"/private/var/folders/9v/733tfwtj2jvgwygmtrbwj9gm0000gn/T/kilo-e2e-jNSxkS/workspace"}
[Kilo New][P0-Perf] {"corr":"b4e081ba-89cc-44bc-935b-893749b1d932","stage":"sse.event","t":1786783003119,"d":35617,"surface":"extension","span":"start","eventType":"message.updated.1","dir":"/private/var/folders/9v/733tfwtj2jvgwygmtrbwj9gm0000gn/T/kilo-e2e-jNSxkS/workspace"}
[Kilo New][P0-Perf] {"corr":"b4e081ba-89cc-44bc-935b-893749b1d932","stage":"sse.event","t":1786783003119,"d":35617,"surface":"extension","span":"end","dur":0,"eventType":"message.updated.1","dir":"/private/var/folders/9v/733tfwtj2jvgwygmtrbwj9gm0000gn/T/kilo-e2e-jNSxkS/workspace"}
[Kilo New][P0-Perf] {"corr":"b4e081ba-89cc-44bc-935b-893749b1d932","stage":"sse.event","t":1786783003119,"d":35617,"surface":"extension","span":"start","eventType":"message.part.removed","dir":"/private/var/folders/9v/733tfwtj2jvgwygmtrbwj9gm0000gn/T/kilo-e2e-jNSxkS/workspace"}
[Kilo New][P0-Perf] {"corr":"b4e081ba-89cc-44bc-935b-893749b1d932","stage":"sse.event","t":1786783003119,"d":35617,"surface":"extension","span":"end","dur":0,"eventType":"message.part.removed","dir":"/private/var/folders/9v/733tfwtj2jvgwygmtrbwj9gm0000gn/T/kilo-e2e-jNSxkS/workspace"}
[Kilo New][P0-Perf] {"corr":"b4e081ba-89cc-44bc-935b-893749b1d932","stage":"sse.event","t":1786783003119,"d":35617,"surface":"extension","span":"start","eventType":"message.part.removed.1","dir":"/private/var/folders/9v/733tfwtj2jvgwygmtrbwj9gm0000gn/T/kilo-e2e-jNSxkS/workspace"}
[Kilo New][P0-Perf] {"corr":"b4e081ba-89cc-44bc-935b-893749b1d932","stage":"sse.event","t":1786783003120,"d":35618,"surface":"extension","span":"end","dur":1,"eventType":"message.part.removed.1","dir":"/private/var/folders/9v/733tfwtj2jvgwygmtrbwj9gm0000gn/T/kilo-e2e-jNSxkS/workspace"}
[Kilo New] ServerManager: ⚠️ CLI Server stderr: INFO  2026-08-15T08:36:43 +366ms service=session.prompt session.id=ses_ffb6f5921ffe7fqDtYuSdit3bS step=2 loop
[Kilo New] ServerManager: ⚠️ CLI Server stderr: INFO  2026-08-15T08:36:43 +2ms service=session.prompt session.id=ses_ffb6f5921ffe7fqDtYuSdit3bS exiting loop
[Kilo New] ServerManager: ⚠️ CLI Server stderr: INFO  2026-08-15T08:36:43 +3ms service=bus type=session.turn.close publishing
[Kilo New][P0-Perf] {"corr":"b4e081ba-89cc-44bc-935b-893749b1d932","stage":"sse.event","t":1786783003421,"d":35919,"surface":"extension","span":"start","eventType":"message.updated","dir":"/private/var/folders/9v/733tfwtj2jvgwygmtrbwj9gm0000gn/T/kilo-e2e-jNSxkS/workspace"}
[Kilo New][P0-Perf] {"corr":"b4e081ba-89cc-44bc-935b-893749b1d932","stage":"sse.event","t":1786783003421,"d":35919,"surface":"extension","span":"end","dur":0,"eventType":"message.updated","dir":"/private/var/folders/9v/733tfwtj2jvgwygmtrbwj9gm0000gn/T/kilo-e2e-jNSxkS/workspace"}
[Kilo New][P0-Perf] {"corr":"b4e081ba-89cc-44bc-935b-893749b1d932","stage":"sse.event","t":1786783003421,"d":35919,"surface":"extension","span":"start","eventType":"message.updated.1","dir":"/private/var/folders/9v/733tfwtj2jvgwygmtrbwj9gm0000gn/T/kilo-e2e-jNSxkS/workspace"}
[Kilo New][P0-Perf] {"corr":"b4e081ba-89cc-44bc-935b-893749b1d932","stage":"sse.event","t":1786783003421,"d":35919,"surface":"extension","span":"end","dur":0,"eventType":"message.updated.1","dir":"/private/var/folders/9v/733tfwtj2jvgwygmtrbwj9gm0000gn/T/kilo-e2e-jNSxkS/workspace"}
[Kilo New][P0-Perf] {"corr":"b4e081ba-89cc-44bc-935b-893749b1d932","stage":"sse.event","t":1786783003421,"d":35919,"surface":"extension","span":"start","eventType":"session.status","dir":"/private/var/folders/9v/733tfwtj2jvgwygmtrbwj9gm0000gn/T/kilo-e2e-jNSxkS/workspace"}
[Kilo New][P0-Perf] {"corr":"b4e081ba-89cc-44bc-935b-893749b1d932","stage":"sse.event","t":1786783003422,"d":35920,"surface":"extension","span":"end","dur":1,"eventType":"session.status","dir":"/private/var/folders/9v/733tfwtj2jvgwygmtrbwj9gm0000gn/T/kilo-e2e-jNSxkS/workspace"}
[Kilo New][P0-Perf] {"corr":"b4e081ba-89cc-44bc-935b-893749b1d932","stage":"sse.event","t":1786783003422,"d":35920,"surface":"extension","span":"start","eventType":"session.status","dir":"/private/var/folders/9v/733tfwtj2jvgwygmtrbwj9gm0000gn/T/kilo-e2e-jNSxkS/workspace"}
[Kilo New][P0-Perf] {"corr":"b4e081ba-89cc-44bc-935b-893749b1d932","stage":"sse.event","t":1786783003422,"d":35920,"surface":"extension","span":"end","dur":0,"eventType":"session.status","dir":"/private/var/folders/9v/733tfwtj2jvgwygmtrbwj9gm0000gn/T/kilo-e2e-jNSxkS/workspace"}
[Kilo New][P0-Perf] {"corr":"b4e081ba-89cc-44bc-935b-893749b1d932","stage":"sse.event","t":1786783003422,"d":35920,"surface":"extension","span":"start","eventType":"session.idle","dir":"/private/var/folders/9v/733tfwtj2jvgwygmtrbwj9gm0000gn/T/kilo-e2e-jNSxkS/workspace"}
[Kilo New][P0-Perf] {"corr":"b4e081ba-89cc-44bc-935b-893749b1d932","stage":"sse.event","t":1786783003423,"d":35921,"surface":"extension","span":"end","dur":1,"eventType":"session.idle","dir":"/private/var/folders/9v/733tfwtj2jvgwygmtrbwj9gm0000gn/T/kilo-e2e-jNSxkS/workspace"}
[Kilo New][P0-Perf] {"corr":"b4e081ba-89cc-44bc-935b-893749b1d932","stage":"sse.event","t":1786783003423,"d":35921,"surface":"extension","span":"start","eventType":"session.turn.close","dir":"/private/var/folders/9v/733tfwtj2jvgwygmtrbwj9gm0000gn/T/kilo-e2e-jNSxkS/workspace"}
[Kilo New][P0-Perf] {"corr":"b4e081ba-89cc-44bc-935b-893749b1d932","stage":"sse.event","t":1786783003423,"d":35921,"surface":"extension","span":"end","dur":0,"eventType":"session.turn.close","dir":"/private/var/folders/9v/733tfwtj2jvgwygmtrbwj9gm0000gn/T/kilo-e2e-jNSxkS/workspace"}
[Kilo New][P0-Perf] {"corr":"b4e081ba-89cc-44bc-935b-893749b1d932","stage":"sse.event","t":1786783003457,"d":35955,"surface":"extension","span":"start","eventType":"session.updated","dir":"/private/var/folders/9v/733tfwtj2jvgwygmtrbwj9gm0000gn/T/kilo-e2e-jNSxkS/workspace"}
[Kilo New][P0-Perf] {"corr":"b4e081ba-89cc-44bc-935b-893749b1d932","stage":"sse.event","t":1786783003457,"d":35955,"surface":"extension","span":"end","dur":0,"eventType":"session.updated","dir":"/private/var/folders/9v/733tfwtj2jvgwygmtrbwj9gm0000gn/T/kilo-e2e-jNSxkS/workspace"}
[Kilo New][P0-Perf] {"corr":"b4e081ba-89cc-44bc-935b-893749b1d932","stage":"sse.event","t":1786783003457,"d":35955,"surface":"extension","span":"start","eventType":"session.updated.1","dir":"/private/var/folders/9v/733tfwtj2jvgwygmtrbwj9gm0000gn/T/kilo-e2e-jNSxkS/workspace"}
[Kilo New][P0-Perf] {"corr":"b4e081ba-89cc-44bc-935b-893749b1d932","stage":"sse.event","t":1786783003458,"d":35956,"surface":"extension","span":"end","dur":1,"eventType":"session.updated.1","dir":"/private/var/folders/9v/733tfwtj2jvgwygmtrbwj9gm0000gn/T/kilo-e2e-jNSxkS/workspace"}
[Kilo New][P0-Perf] {"corr":"b4e081ba-89cc-44bc-935b-893749b1d932","stage":"sse.event","t":1786783003481,"d":35979,"surface":"extension","span":"start","eventType":"session.diff","dir":"/private/var/folders/9v/733tfwtj2jvgwygmtrbwj9gm0000gn/T/kilo-e2e-jNSxkS/workspace"}
[Kilo New][P0-Perf] {"corr":"b4e081ba-89cc-44bc-935b-893749b1d932","stage":"sse.event","t":1786783003481,"d":35979,"surface":"extension","span":"end","dur":0,"eventType":"session.diff","dir":"/private/var/folders/9v/733tfwtj2jvgwygmtrbwj9gm0000gn/T/kilo-e2e-jNSxkS/workspace"}
[Kilo New][P0-Perf] {"corr":"b4e081ba-89cc-44bc-935b-893749b1d932","stage":"sse.event","t":1786783003481,"d":35979,"surface":"extension","span":"start","eventType":"message.updated","dir":"/private/var/folders/9v/733tfwtj2jvgwygmtrbwj9gm0000gn/T/kilo-e2e-jNSxkS/workspace"}
[Kilo New][P0-Perf] {"corr":"b4e081ba-89cc-44bc-935b-893749b1d932","stage":"sse.event","t":1786783003481,"d":35979,"surface":"extension","span":"end","dur":0,"eventType":"message.updated","dir":"/private/var/folders/9v/733tfwtj2jvgwygmtrbwj9gm0000gn/T/kilo-e2e-jNSxkS/workspace"}
[Kilo New][P0-Perf] {"corr":"b4e081ba-89cc-44bc-935b-893749b1d932","stage":"sse.event","t":1786783003481,"d":35979,"surface":"extension","span":"start","eventType":"message.updated.1","dir":"/private/var/folders/9v/733tfwtj2jvgwygmtrbwj9gm0000gn/T/kilo-e2e-jNSxkS/workspace"}
[Kilo New][P0-Perf] {"corr":"b4e081ba-89cc-44bc-935b-893749b1d932","stage":"sse.event","t":1786783003481,"d":35979,"surface":"extension","span":"end","dur":0,"eventType":"message.updated.1","dir":"/private/var/folders/9v/733tfwtj2jvgwygmtrbwj9gm0000gn/T/kilo-e2e-jNSxkS/workspace"}
[Kilo New] ServerManager: ⚠️ CLI Server stderr: INFO  2026-08-15T08:36:44 +1142ms service=model-cache providerID=apertis refreshing models
[Kilo New] ServerManager: ⚠️ CLI Server stderr: INFO  2026-08-15T08:36:44 +4ms service=model-cache providerID=apertis count=0 models fetched and cached
[probe] PASS H-3 user tool: completed tool part in the backend (attempt 1)
[probe] PASS H-3 run-owned artifact: /var/folders/9v/733tfwtj2jvgwygmtrbwj9gm0000gn/T/kilo-e2e-jNSxkS/workspace/e2e-custom-called.txt = "echo:hello"
[probe] PASS H-3 panel shows the tool completion text: transcript text present
[Kilo New][P0-Perf] {"corr":"b4e081ba-89cc-44bc-935b-893749b1d932","stage":"sse.event","t":1786783005145,"d":37643,"surface":"extension","span":"start","eventType":"server.heartbeat"}
[Kilo New][P0-Perf] {"corr":"b4e081ba-89cc-44bc-935b-893749b1d932","stage":"sse.event","t":1786783005145,"d":37643,"surface":"extension","span":"end","dur":0,"eventType":"server.heartbeat"}
[Kilo New][P0-Perf] {"corr":"b4e081ba-89cc-44bc-935b-893749b1d932","stage":"prompt.submit","t":1786783005289,"d":37787,"surface":"extension","sessionID":"ses_ffb6f5921ffe7fqDtYuSdit3bS","messageID":"msg_00490fa55001e2ivEQnfi6RHKV","dir":"/var/folders/9v/733tfwtj2jvgwygmtrbwj9gm0000gn/T/kilo-e2e-jNSxkS/workspace"}
[probe] sent prompt via real prompt input: E2E_SKILL: load the e2e skill
[Kilo New] ServerManager: ⚠️ CLI Server stderr: INFO  2026-08-15T08:36:45 +822ms service=bus type=session.turn.open publishing
[Kilo New] ServerManager: ⚠️ CLI Server stderr: INFO  2026-08-15T08:36:45 +3ms service=session.prompt session.id=ses_ffb6f5921ffe7fqDtYuSdit3bS step=0 loop
[Kilo New] ServerManager: ⚠️ CLI Server stderr: INFO  2026-08-15T08:36:45 +8ms service=p0-perf event=p0.mark stage=processor_entry ts=1786783005393 id=ses_ffb6f5921ffe7fqDtYuSdit3bS meta={"messageID":"msg_00490face001M5OARR0d0E55Lw","parentID":"msg_00490fa55001e2ivEQnfi6RHKV","model":"e2e-model","provider":"e2e-local"} processor_entry
[Kilo New][P0-Perf] {"corr":"b4e081ba-89cc-44bc-935b-893749b1d932","stage":"sse.event","t":1786783005396,"d":37894,"surface":"extension","span":"start","eventType":"message.updated","dir":"/private/var/folders/9v/733tfwtj2jvgwygmtrbwj9gm0000gn/T/kilo-e2e-jNSxkS/workspace"}
[Kilo New][P0-Perf] {"corr":"b4e081ba-89cc-44bc-935b-893749b1d932","stage":"sse.event","t":1786783005396,"d":37894,"surface":"extension","span":"end","dur":0,"eventType":"message.updated","dir":"/private/var/folders/9v/733tfwtj2jvgwygmtrbwj9gm0000gn/T/kilo-e2e-jNSxkS/workspace"}
[Kilo New][P0-Perf] {"corr":"b4e081ba-89cc-44bc-935b-893749b1d932","stage":"sse.event","t":1786783005396,"d":37894,"surface":"extension","span":"start","eventType":"message.updated.1","dir":"/private/var/folders/9v/733tfwtj2jvgwygmtrbwj9gm0000gn/T/kilo-e2e-jNSxkS/workspace"}
[Kilo New][P0-Perf] {"corr":"b4e081ba-89cc-44bc-935b-893749b1d932","stage":"sse.event","t":1786783005396,"d":37894,"surface":"extension","span":"end","dur":0,"eventType":"message.updated.1","dir":"/private/var/folders/9v/733tfwtj2jvgwygmtrbwj9gm0000gn/T/kilo-e2e-jNSxkS/workspace"}
[Kilo New][P0-Perf] {"corr":"b4e081ba-89cc-44bc-935b-893749b1d932","stage":"sse.event","t":1786783005397,"d":37895,"surface":"extension","span":"start","eventType":"message.part.updated","dir":"/private/var/folders/9v/733tfwtj2jvgwygmtrbwj9gm0000gn/T/kilo-e2e-jNSxkS/workspace"}
[Kilo New][P0-Perf] {"corr":"b4e081ba-89cc-44bc-935b-893749b1d932","stage":"sse.event","t":1786783005397,"d":37895,"surface":"extension","span":"end","dur":0,"eventType":"message.part.updated","dir":"/private/var/folders/9v/733tfwtj2jvgwygmtrbwj9gm0000gn/T/kilo-e2e-jNSxkS/workspace"}
[Kilo New][P0-Perf] {"corr":"b4e081ba-89cc-44bc-935b-893749b1d932","stage":"sse.event","t":1786783005397,"d":37895,"surface":"extension","span":"start","eventType":"message.part.updated.1","dir":"/private/var/folders/9v/733tfwtj2jvgwygmtrbwj9gm0000gn/T/kilo-e2e-jNSxkS/workspace"}
[Kilo New][P0-Perf] {"corr":"b4e081ba-89cc-44bc-935b-893749b1d932","stage":"sse.event","t":1786783005397,"d":37895,"surface":"extension","span":"end","dur":0,"eventType":"message.part.updated.1","dir":"/private/var/folders/9v/733tfwtj2jvgwygmtrbwj9gm0000gn/T/kilo-e2e-jNSxkS/workspace"}
[Kilo New][P0-Perf] {"corr":"b4e081ba-89cc-44bc-935b-893749b1d932","stage":"sse.event","t":1786783005397,"d":37895,"surface":"extension","span":"start","eventType":"session.updated","dir":"/private/var/folders/9v/733tfwtj2jvgwygmtrbwj9gm0000gn/T/kilo-e2e-jNSxkS/workspace"}
[Kilo New][P0-Perf] {"corr":"b4e081ba-89cc-44bc-935b-893749b1d932","stage":"sse.event","t":1786783005397,"d":37895,"surface":"extension","span":"end","dur":0,"eventType":"session.updated","dir":"/private/var/folders/9v/733tfwtj2jvgwygmtrbwj9gm0000gn/T/kilo-e2e-jNSxkS/workspace"}
[Kilo New][P0-Perf] {"corr":"b4e081ba-89cc-44bc-935b-893749b1d932","stage":"sse.event","t":1786783005397,"d":37895,"surface":"extension","span":"start","eventType":"session.updated.1","dir":"/private/var/folders/9v/733tfwtj2jvgwygmtrbwj9gm0000gn/T/kilo-e2e-jNSxkS/workspace"}
[Kilo New][P0-Perf] {"corr":"b4e081ba-89cc-44bc-935b-893749b1d932","stage":"sse.event","t":1786783005397,"d":37895,"surface":"extension","span":"end","dur":0,"eventType":"session.updated.1","dir":"/private/var/folders/9v/733tfwtj2jvgwygmtrbwj9gm0000gn/T/kilo-e2e-jNSxkS/workspace"}
[Kilo New][P0-Perf] {"corr":"b4e081ba-89cc-44bc-935b-893749b1d932","stage":"sse.event","t":1786783005398,"d":37896,"surface":"extension","span":"start","eventType":"session.turn.open","dir":"/private/var/folders/9v/733tfwtj2jvgwygmtrbwj9gm0000gn/T/kilo-e2e-jNSxkS/workspace"}
[Kilo New][P0-Perf] {"corr":"b4e081ba-89cc-44bc-935b-893749b1d932","stage":"sse.event","t":1786783005398,"d":37896,"surface":"extension","span":"end","dur":0,"eventType":"session.turn.open","dir":"/private/var/folders/9v/733tfwtj2jvgwygmtrbwj9gm0000gn/T/kilo-e2e-jNSxkS/workspace"}
[Kilo New][P0-Perf] {"corr":"b4e081ba-89cc-44bc-935b-893749b1d932","stage":"sse.event","t":1786783005431,"d":37929,"surface":"extension","span":"start","eventType":"session.status","dir":"/private/var/folders/9v/733tfwtj2jvgwygmtrbwj9gm0000gn/T/kilo-e2e-jNSxkS/workspace"}
[Kilo New][P0-Perf] {"corr":"b4e081ba-89cc-44bc-935b-893749b1d932","stage":"sse.event","t":1786783005432,"d":37930,"surface":"extension","span":"end","dur":1,"eventType":"session.status","dir":"/private/var/folders/9v/733tfwtj2jvgwygmtrbwj9gm0000gn/T/kilo-e2e-jNSxkS/workspace"}
[Kilo New][P0-Perf] {"corr":"b4e081ba-89cc-44bc-935b-893749b1d932","stage":"sse.event","t":1786783005432,"d":37930,"surface":"extension","span":"start","eventType":"message.updated","dir":"/private/var/folders/9v/733tfwtj2jvgwygmtrbwj9gm0000gn/T/kilo-e2e-jNSxkS/workspace"}
[Kilo New][P0-Perf] {"corr":"b4e081ba-89cc-44bc-935b-893749b1d932","stage":"sse.event","t":1786783005432,"d":37930,"surface":"extension","span":"end","dur":0,"eventType":"message.updated","dir":"/private/var/folders/9v/733tfwtj2jvgwygmtrbwj9gm0000gn/T/kilo-e2e-jNSxkS/workspace"}
[Kilo New][P0-Perf] {"corr":"b4e081ba-89cc-44bc-935b-893749b1d932","stage":"sse.event","t":1786783005432,"d":37930,"surface":"extension","span":"start","eventType":"message.updated.1","dir":"/private/var/folders/9v/733tfwtj2jvgwygmtrbwj9gm0000gn/T/kilo-e2e-jNSxkS/workspace"}
[Kilo New][P0-Perf] {"corr":"b4e081ba-89cc-44bc-935b-893749b1d932","stage":"model.firstEvent","t":1786783005432,"d":37930,"surface":"extension","sessionID":"ses_ffb6f5921ffe7fqDtYuSdit3bS","messageID":"msg_00490face001M5OARR0d0E55Lw","parentID":"msg_00490fa55001e2ivEQnfi6RHKV","dir":"/private/var/folders/9v/733tfwtj2jvgwygmtrbwj9gm0000gn/T/kilo-e2e-jNSxkS/workspace"}
[Kilo New][P0-Perf] {"corr":"b4e081ba-89cc-44bc-935b-893749b1d932","stage":"sse.event","t":1786783005433,"d":37931,"surface":"extension","span":"end","dur":1,"eventType":"message.updated.1","dir":"/private/var/folders/9v/733tfwtj2jvgwygmtrbwj9gm0000gn/T/kilo-e2e-jNSxkS/workspace"}
[Kilo New] ServerManager: ⚠️ CLI Server stderr: INFO  2026-08-15T08:36:47 +1765ms service=model-cache providerID=apertis refreshing models
[Kilo New][P0-Perf] {"corr":"b4e081ba-89cc-44bc-935b-893749b1d932","stage":"sse.event","t":1786783007216,"d":39714,"surface":"extension","span":"start","eventType":"message.part.updated","dir":"/private/var/folders/9v/733tfwtj2jvgwygmtrbwj9gm0000gn/T/kilo-e2e-jNSxkS/workspace"}
[Kilo New][P0-Perf] {"corr":"b4e081ba-89cc-44bc-935b-893749b1d932","stage":"sse.event","t":1786783007216,"d":39714,"surface":"extension","span":"end","dur":0,"eventType":"message.part.updated","dir":"/private/var/folders/9v/733tfwtj2jvgwygmtrbwj9gm0000gn/T/kilo-e2e-jNSxkS/workspace"}
[Kilo New][P0-Perf] {"corr":"b4e081ba-89cc-44bc-935b-893749b1d932","stage":"sse.event","t":1786783007216,"d":39714,"surface":"extension","span":"start","eventType":"message.part.updated.1","dir":"/private/var/folders/9v/733tfwtj2jvgwygmtrbwj9gm0000gn/T/kilo-e2e-jNSxkS/workspace"}
[Kilo New][P0-Perf] {"corr":"b4e081ba-89cc-44bc-935b-893749b1d932","stage":"sse.event","t":1786783007216,"d":39714,"surface":"extension","span":"end","dur":0,"eventType":"message.part.updated.1","dir":"/private/var/folders/9v/733tfwtj2jvgwygmtrbwj9gm0000gn/T/kilo-e2e-jNSxkS/workspace"}
[Kilo New] ServerManager: ⚠️ CLI Server stderr: INFO  2026-08-15T08:36:47 +57ms service=model-cache providerID=apertis count=0 models fetched and cached
[Kilo New] ServerManager: ⚠️ CLI Server stderr: INFO  2026-08-15T08:36:47 +72ms service=snapshot hash=afee79af5d4bd62e3669d4a9c8e6a392947997af cwd=/private/var/folders/9v/733tfwtj2jvgwygmtrbwj9gm0000gn/T/kilo-e2e-jNSxkS/workspace git=/var/folders/9v/733tfwtj2jvgwygmtrbwj9gm0000gn/T/kilo-e2e-jNSxkS/xdg-data/kilo/snapshot/8d92d1e5131045cc7f25d873d3918998f2fa7b46/9be8c9df477d736235572209b80be94e3ae91688 tracking
[Kilo New] ServerManager: ⚠️ CLI Server stderr: INFO  2026-08-15T08:36:47 +104ms service=session.tools status=started resolveTools
[Kilo New][P0-Perf] {"corr":"b4e081ba-89cc-44bc-935b-893749b1d932","stage":"sse.event","t":1786783007441,"d":39939,"surface":"extension","span":"start","eventType":"message.part.updated","dir":"/private/var/folders/9v/733tfwtj2jvgwygmtrbwj9gm0000gn/T/kilo-e2e-jNSxkS/workspace"}
[Kilo New][P0-Perf] {"corr":"b4e081ba-89cc-44bc-935b-893749b1d932","stage":"sse.event","t":1786783007441,"d":39939,"surface":"extension","span":"end","dur":0,"eventType":"message.part.updated","dir":"/private/var/folders/9v/733tfwtj2jvgwygmtrbwj9gm0000gn/T/kilo-e2e-jNSxkS/workspace"}
[Kilo New][P0-Perf] {"corr":"b4e081ba-89cc-44bc-935b-893749b1d932","stage":"sse.event","t":1786783007441,"d":39939,"surface":"extension","span":"start","eventType":"message.part.updated.1","dir":"/private/var/folders/9v/733tfwtj2jvgwygmtrbwj9gm0000gn/T/kilo-e2e-jNSxkS/workspace"}
[Kilo New][P0-Perf] {"corr":"b4e081ba-89cc-44bc-935b-893749b1d932","stage":"sse.event","t":1786783007441,"d":39939,"surface":"extension","span":"end","dur":0,"eventType":"message.part.updated.1","dir":"/private/var/folders/9v/733tfwtj2jvgwygmtrbwj9gm0000gn/T/kilo-e2e-jNSxkS/workspace"}
[Kilo New][P0-Perf] {"corr":"b4e081ba-89cc-44bc-935b-893749b1d932","stage":"sse.event","t":1786783007441,"d":39939,"surface":"extension","span":"start","eventType":"message.part.removed","dir":"/private/var/folders/9v/733tfwtj2jvgwygmtrbwj9gm0000gn/T/kilo-e2e-jNSxkS/workspace"}
[Kilo New][P0-Perf] {"corr":"b4e081ba-89cc-44bc-935b-893749b1d932","stage":"sse.event","t":1786783007442,"d":39940,"surface":"extension","span":"end","dur":1,"eventType":"message.part.removed","dir":"/private/var/folders/9v/733tfwtj2jvgwygmtrbwj9gm0000gn/T/kilo-e2e-jNSxkS/workspace"}
[Kilo New][P0-Perf] {"corr":"b4e081ba-89cc-44bc-935b-893749b1d932","stage":"sse.event","t":1786783007442,"d":39940,"surface":"extension","span":"start","eventType":"message.part.removed.1","dir":"/private/var/folders/9v/733tfwtj2jvgwygmtrbwj9gm0000gn/T/kilo-e2e-jNSxkS/workspace"}
[Kilo New][P0-Perf] {"corr":"b4e081ba-89cc-44bc-935b-893749b1d932","stage":"sse.event","t":1786783007442,"d":39940,"surface":"extension","span":"end","dur":0,"eventType":"message.part.removed.1","dir":"/private/var/folders/9v/733tfwtj2jvgwygmtrbwj9gm0000gn/T/kilo-e2e-jNSxkS/workspace"}
[Kilo New] ServerManager: ⚠️ CLI Server stderr: INFO  2026-08-15T08:36:47 +285ms service=tool.registry status=started invalid
[Kilo New] ServerManager: ⚠️ CLI Server stderr: INFO  2026-08-15T08:36:47 +1ms service=tool.registry status=completed duration=1 invalid
[Kilo New] ServerManager: ⚠️ CLI Server stderr: INFO  2026-08-15T08:36:47 +0ms service=tool.registry status=started question
[Kilo New] ServerManager: ⚠️ CLI Server stderr: INFO  2026-08-15T08:36:47 +0ms service=tool.registry status=completed duration=0 question
[Kilo New] ServerManager: ⚠️ CLI Server stderr: INFO  2026-08-15T08:36:47 +0ms service=tool.registry status=started bash
[Kilo New] ServerManager: ⚠️ CLI Server stderr: INFO  2026-08-15T08:36:47 +0ms service=tool.registry status=completed duration=0 bash
[Kilo New] ServerManager: ⚠️ CLI Server stderr: INFO  2026-08-15T08:36:47 +0ms service=tool.registry status=started read
[Kilo New] ServerManager: ⚠️ CLI Server stderr: INFO  2026-08-15T08:36:47 +0ms service=tool.registry status=completed duration=0 read
[Kilo New] ServerManager: ⚠️ CLI Server stderr: INFO  2026-08-15T08:36:47 +0ms service=tool.registry status=started glob
[Kilo New] ServerManager: ⚠️ CLI Server stderr: INFO  2026-08-15T08:36:47 +1ms service=tool.registry status=completed duration=1 glob
[Kilo New] ServerManager: ⚠️ CLI Server stderr: INFO  2026-08-15T08:36:47 +0ms service=tool.registry status=started grep
[Kilo New] ServerManager: ⚠️ CLI Server stderr: INFO  2026-08-15T08:36:47 +0ms service=tool.registry status=completed duration=0 grep
[Kilo New] ServerManager: ⚠️ CLI Server stderr: INFO  2026-08-15T08:36:47 +0ms service=tool.registry status=started edit
[Kilo New] ServerManager: ⚠️ CLI Server stderr: INFO  2026-08-15T08:36:47 +0ms service=tool.registry status=completed duration=0 edit
[Kilo New] ServerManager: ⚠️ CLI Server stderr: INFO  2026-08-15T08:36:47 +2ms service=tool.registry status=started write
[Kilo New] ServerManager: ⚠️ CLI Server stderr: INFO  2026-08-15T08:36:47 +1ms service=tool.registry status=completed duration=1 write
[Kilo New] ServerManager: ⚠️ CLI Server stderr: INFO  2026-08-15T08:36:47 +0ms service=tool.registry status=started task
[Kilo New] ServerManager: ⚠️ CLI Server stderr: INFO  2026-08-15T08:36:47 +1ms service=tool.registry status=completed duration=1 task
[Kilo New] ServerManager: ⚠️ CLI Server stderr: INFO  2026-08-15T08:36:47 +0ms service=tool.registry status=started webfetch
[Kilo New] ServerManager: ⚠️ CLI Server stderr: INFO  2026-08-15T08:36:47 +0ms service=tool.registry status=completed duration=0 webfetch
[Kilo New] ServerManager: ⚠️ CLI Server stderr: INFO  2026-08-15T08:36:47 +0ms service=tool.registry status=started todowrite
[Kilo New] ServerManager: ⚠️ CLI Server stderr: INFO  2026-08-15T08:36:47 +0ms service=tool.registry status=completed duration=0 todowrite
[Kilo New] ServerManager: ⚠️ CLI Server stderr: INFO  2026-08-15T08:36:47 +0ms service=tool.registry status=started skill
[Kilo New] ServerManager: ⚠️ CLI Server stderr: INFO  2026-08-15T08:36:47 +2ms service=tool.registry status=completed duration=2 skill
[Kilo New] ServerManager: ⚠️ CLI Server stderr: INFO  2026-08-15T08:36:47 +0ms service=tool.registry status=started plan_exit
[Kilo New] ServerManager: ⚠️ CLI Server stderr: INFO  2026-08-15T08:36:47 +0ms service=tool.registry status=completed duration=0 plan_exit
[Kilo New] ServerManager: ⚠️ CLI Server stderr: INFO  2026-08-15T08:36:47 +0ms service=tool.registry status=started kilo_local_recall
[Kilo New] ServerManager: ⚠️ CLI Server stderr: INFO  2026-08-15T08:36:47 +0ms service=tool.registry status=completed duration=0 kilo_local_recall
[Kilo New] ServerManager: ⚠️ CLI Server stderr: INFO  2026-08-15T08:36:47 +0ms service=tool.registry status=started background_process
[Kilo New] ServerManager: ⚠️ CLI Server stderr: INFO  2026-08-15T08:36:47 +0ms service=tool.registry status=completed duration=0 background_process
[Kilo New] ServerManager: ⚠️ CLI Server stderr: INFO  2026-08-15T08:36:47 +0ms service=tool.registry status=started agent_manager_models
[Kilo New] ServerManager: ⚠️ CLI Server stderr: INFO  2026-08-15T08:36:47 +0ms service=tool.registry status=completed duration=0 agent_manager_models
[Kilo New] ServerManager: ⚠️ CLI Server stderr: INFO  2026-08-15T08:36:47 +0ms service=tool.registry status=started agent_manager
[Kilo New] ServerManager: ⚠️ CLI Server stderr: INFO  2026-08-15T08:36:47 +0ms service=tool.registry status=completed duration=0 agent_manager
[Kilo New] ServerManager: ⚠️ CLI Server stderr: INFO  2026-08-15T08:36:47 +0ms service=tool.registry status=started e2e_marker
[Kilo New] ServerManager: ⚠️ CLI Server stderr: INFO  2026-08-15T08:36:47 +0ms service=tool.registry status=completed duration=0 e2e_marker
[Kilo New] ServerManager: ⚠️ CLI Server stderr: INFO  2026-08-15T08:36:47 +1ms service=session.tools status=completed duration=294 resolveTools
[Kilo New][P0-Perf] {"corr":"b4e081ba-89cc-44bc-935b-893749b1d932","stage":"sse.event","t":1786783007751,"d":40249,"surface":"extension","span":"start","eventType":"session.updated","dir":"/private/var/folders/9v/733tfwtj2jvgwygmtrbwj9gm0000gn/T/kilo-e2e-jNSxkS/workspace"}
[Kilo New][P0-Perf] {"corr":"b4e081ba-89cc-44bc-935b-893749b1d932","stage":"sse.event","t":1786783007752,"d":40250,"surface":"extension","span":"end","dur":1,"eventType":"session.updated","dir":"/private/var/folders/9v/733tfwtj2jvgwygmtrbwj9gm0000gn/T/kilo-e2e-jNSxkS/workspace"}
[Kilo New][P0-Perf] {"corr":"b4e081ba-89cc-44bc-935b-893749b1d932","stage":"sse.event","t":1786783007752,"d":40250,"surface":"extension","span":"start","eventType":"session.updated.1","dir":"/private/var/folders/9v/733tfwtj2jvgwygmtrbwj9gm0000gn/T/kilo-e2e-jNSxkS/workspace"}
[Kilo New][P0-Perf] {"corr":"b4e081ba-89cc-44bc-935b-893749b1d932","stage":"sse.event","t":1786783007752,"d":40250,"surface":"extension","span":"end","dur":0,"eventType":"session.updated.1","dir":"/private/var/folders/9v/733tfwtj2jvgwygmtrbwj9gm0000gn/T/kilo-e2e-jNSxkS/workspace"}
[Kilo New] ServerManager: ⚠️ CLI Server stderr: INFO  2026-08-15T08:36:47 +66ms service=session.processor session.id=ses_ffb6f5921ffe7fqDtYuSdit3bS messageID=msg_00490face001M5OARR0d0E55Lw process
[Kilo New] ServerManager: ⚠️ CLI Server stderr: INFO  2026-08-15T08:36:47 +88ms service=llm providerID=e2e-local modelID=e2e-model session.id=ses_ffb6f5921ffe7fqDtYuSdit3bS small=false agent=e2e-agent mode=primary stream
[Kilo New] ServerManager: ⚠️ CLI Server stderr: INFO  2026-08-15T08:36:47 +46ms service=default llm.runtime=ai-sdk llm.provider=e2e-local llm.model=e2e-model llm runtime selected
[Kilo New][P0-Perf] {"corr":"b4e081ba-89cc-44bc-935b-893749b1d932","stage":"sse.event","t":1786783007896,"d":40394,"surface":"extension","span":"start","eventType":"session.status","dir":"/private/var/folders/9v/733tfwtj2jvgwygmtrbwj9gm0000gn/T/kilo-e2e-jNSxkS/workspace"}
[Kilo New][P0-Perf] {"corr":"b4e081ba-89cc-44bc-935b-893749b1d932","stage":"sse.event","t":1786783007896,"d":40394,"surface":"extension","span":"end","dur":0,"eventType":"session.status","dir":"/private/var/folders/9v/733tfwtj2jvgwygmtrbwj9gm0000gn/T/kilo-e2e-jNSxkS/workspace"}
[Kilo New][P0-Perf] {"corr":"b4e081ba-89cc-44bc-935b-893749b1d932","stage":"sse.event","t":1786783007897,"d":40395,"surface":"extension","span":"start","eventType":"session.diff","dir":"/private/var/folders/9v/733tfwtj2jvgwygmtrbwj9gm0000gn/T/kilo-e2e-jNSxkS/workspace"}
[Kilo New][P0-Perf] {"corr":"b4e081ba-89cc-44bc-935b-893749b1d932","stage":"sse.event","t":1786783007897,"d":40395,"surface":"extension","span":"end","dur":0,"eventType":"session.diff","dir":"/private/var/folders/9v/733tfwtj2jvgwygmtrbwj9gm0000gn/T/kilo-e2e-jNSxkS/workspace"}
[Kilo New][P0-Perf] {"corr":"b4e081ba-89cc-44bc-935b-893749b1d932","stage":"sse.event","t":1786783007897,"d":40395,"surface":"extension","span":"start","eventType":"message.updated","dir":"/private/var/folders/9v/733tfwtj2jvgwygmtrbwj9gm0000gn/T/kilo-e2e-jNSxkS/workspace"}
[Kilo New][P0-Perf] {"corr":"b4e081ba-89cc-44bc-935b-893749b1d932","stage":"sse.event","t":1786783007897,"d":40395,"surface":"extension","span":"end","dur":0,"eventType":"message.updated","dir":"/private/var/folders/9v/733tfwtj2jvgwygmtrbwj9gm0000gn/T/kilo-e2e-jNSxkS/workspace"}
[Kilo New][P0-Perf] {"corr":"b4e081ba-89cc-44bc-935b-893749b1d932","stage":"sse.event","t":1786783007897,"d":40395,"surface":"extension","span":"start","eventType":"message.updated.1","dir":"/private/var/folders/9v/733tfwtj2jvgwygmtrbwj9gm0000gn/T/kilo-e2e-jNSxkS/workspace"}
[Kilo New][P0-Perf] {"corr":"b4e081ba-89cc-44bc-935b-893749b1d932","stage":"sse.event","t":1786783007897,"d":40395,"surface":"extension","span":"end","dur":0,"eventType":"message.updated.1","dir":"/private/var/folders/9v/733tfwtj2jvgwygmtrbwj9gm0000gn/T/kilo-e2e-jNSxkS/workspace"}
[Kilo New] ServerManager: ⚠️ CLI Server stderr: INFO  2026-08-15T08:36:47 +79ms service=p0-perf event=p0.start stage=tool_execute ts=1786783007964 id=ses_ffb6f5921ffe7fqDtYuSdit3bS meta={"tool":"skill","callID":"call_e2e_skill_1","messageID":"msg_00490face001M5OARR0d0E55Lw"} tool_execute
[Kilo New] ServerManager: ⚠️ CLI Server stderr: INFO  2026-08-15T08:36:47 +4ms service=permission permission=skill pattern=e2e-skill action={"permission":"*","action":"allow","pattern":"*"} evaluated
[Kilo New][P0-Perf] {"corr":"b4e081ba-89cc-44bc-935b-893749b1d932","stage":"sse.event","t":1786783007978,"d":40476,"surface":"extension","span":"start","eventType":"message.part.updated","dir":"/private/var/folders/9v/733tfwtj2jvgwygmtrbwj9gm0000gn/T/kilo-e2e-jNSxkS/workspace"}
[Kilo New][P0-Perf] {"corr":"b4e081ba-89cc-44bc-935b-893749b1d932","stage":"sse.event","t":1786783007978,"d":40476,"surface":"extension","span":"end","dur":0,"eventType":"message.part.updated","dir":"/private/var/folders/9v/733tfwtj2jvgwygmtrbwj9gm0000gn/T/kilo-e2e-jNSxkS/workspace"}
[Kilo New][P0-Perf] {"corr":"b4e081ba-89cc-44bc-935b-893749b1d932","stage":"sse.event","t":1786783007978,"d":40476,"surface":"extension","span":"start","eventType":"message.part.updated.1","dir":"/private/var/folders/9v/733tfwtj2jvgwygmtrbwj9gm0000gn/T/kilo-e2e-jNSxkS/workspace"}
[Kilo New][P0-Perf] {"corr":"b4e081ba-89cc-44bc-935b-893749b1d932","stage":"sse.event","t":1786783007978,"d":40476,"surface":"extension","span":"end","dur":0,"eventType":"message.part.updated.1","dir":"/private/var/folders/9v/733tfwtj2jvgwygmtrbwj9gm0000gn/T/kilo-e2e-jNSxkS/workspace"}
[Kilo New][P0-Perf] {"corr":"b4e081ba-89cc-44bc-935b-893749b1d932","stage":"sse.event","t":1786783007978,"d":40476,"surface":"extension","span":"start","eventType":"message.part.updated","dir":"/private/var/folders/9v/733tfwtj2jvgwygmtrbwj9gm0000gn/T/kilo-e2e-jNSxkS/workspace"}
[Kilo New][P0-Perf] {"corr":"b4e081ba-89cc-44bc-935b-893749b1d932","stage":"sse.event","t":1786783007978,"d":40476,"surface":"extension","span":"end","dur":0,"eventType":"message.part.updated","dir":"/private/var/folders/9v/733tfwtj2jvgwygmtrbwj9gm0000gn/T/kilo-e2e-jNSxkS/workspace"}
[Kilo New][P0-Perf] {"corr":"b4e081ba-89cc-44bc-935b-893749b1d932","stage":"sse.event","t":1786783007979,"d":40477,"surface":"extension","span":"start","eventType":"message.part.updated.1","dir":"/private/var/folders/9v/733tfwtj2jvgwygmtrbwj9gm0000gn/T/kilo-e2e-jNSxkS/workspace"}
[Kilo New][P0-Perf] {"corr":"b4e081ba-89cc-44bc-935b-893749b1d932","stage":"sse.event","t":1786783007979,"d":40477,"surface":"extension","span":"end","dur":0,"eventType":"message.part.updated.1","dir":"/private/var/folders/9v/733tfwtj2jvgwygmtrbwj9gm0000gn/T/kilo-e2e-jNSxkS/workspace"}
[Kilo New][P0-Perf] {"corr":"b4e081ba-89cc-44bc-935b-893749b1d932","stage":"sse.event","t":1786783007979,"d":40477,"surface":"extension","span":"start","eventType":"message.part.updated","dir":"/private/var/folders/9v/733tfwtj2jvgwygmtrbwj9gm0000gn/T/kilo-e2e-jNSxkS/workspace"}
[Kilo New][P0-Perf] {"corr":"b4e081ba-89cc-44bc-935b-893749b1d932","stage":"sse.event","t":1786783007979,"d":40477,"surface":"extension","span":"end","dur":0,"eventType":"message.part.updated","dir":"/private/var/folders/9v/733tfwtj2jvgwygmtrbwj9gm0000gn/T/kilo-e2e-jNSxkS/workspace"}
[Kilo New][P0-Perf] {"corr":"b4e081ba-89cc-44bc-935b-893749b1d932","stage":"sse.event","t":1786783007979,"d":40477,"surface":"extension","span":"start","eventType":"message.part.updated.1","dir":"/private/var/folders/9v/733tfwtj2jvgwygmtrbwj9gm0000gn/T/kilo-e2e-jNSxkS/workspace"}
[Kilo New][P0-Perf] {"corr":"b4e081ba-89cc-44bc-935b-893749b1d932","stage":"sse.event","t":1786783007979,"d":40477,"surface":"extension","span":"end","dur":0,"eventType":"message.part.updated.1","dir":"/private/var/folders/9v/733tfwtj2jvgwygmtrbwj9gm0000gn/T/kilo-e2e-jNSxkS/workspace"}
[Kilo New] ServerManager: ⚠️ CLI Server stderr: INFO  2026-08-15T08:36:48 +109ms service=p0-perf event=p0.end stage=tool_execute ts=1786783008077 duration=113 id=ses_ffb6f5921ffe7fqDtYuSdit3bS meta={"tool":"skill","callID":"call_e2e_skill_1","messageID":"msg_00490face001M5OARR0d0E55Lw"} tool_execute
[Kilo New][P0-Perf] {"corr":"b4e081ba-89cc-44bc-935b-893749b1d932","stage":"sse.event","t":1786783008087,"d":40585,"surface":"extension","span":"start","eventType":"message.part.updated","dir":"/private/var/folders/9v/733tfwtj2jvgwygmtrbwj9gm0000gn/T/kilo-e2e-jNSxkS/workspace"}
[Kilo New][P0-Perf] {"corr":"b4e081ba-89cc-44bc-935b-893749b1d932","stage":"sse.event","t":1786783008088,"d":40586,"surface":"extension","span":"end","dur":1,"eventType":"message.part.updated","dir":"/private/var/folders/9v/733tfwtj2jvgwygmtrbwj9gm0000gn/T/kilo-e2e-jNSxkS/workspace"}
[Kilo New][P0-Perf] {"corr":"b4e081ba-89cc-44bc-935b-893749b1d932","stage":"sse.event","t":1786783008088,"d":40586,"surface":"extension","span":"start","eventType":"message.part.updated.1","dir":"/private/var/folders/9v/733tfwtj2jvgwygmtrbwj9gm0000gn/T/kilo-e2e-jNSxkS/workspace"}
[Kilo New][P0-Perf] {"corr":"b4e081ba-89cc-44bc-935b-893749b1d932","stage":"sse.event","t":1786783008088,"d":40586,"surface":"extension","span":"end","dur":0,"eventType":"message.part.updated.1","dir":"/private/var/folders/9v/733tfwtj2jvgwygmtrbwj9gm0000gn/T/kilo-e2e-jNSxkS/workspace"}
[Kilo New] ServerManager: ⚠️ CLI Server stderr: INFO  2026-08-15T08:36:48 +251ms service=snapshot hash=afee79af5d4bd62e3669d4a9c8e6a392947997af cwd=/private/var/folders/9v/733tfwtj2jvgwygmtrbwj9gm0000gn/T/kilo-e2e-jNSxkS/workspace git=/var/folders/9v/733tfwtj2jvgwygmtrbwj9gm0000gn/T/kilo-e2e-jNSxkS/xdg-data/kilo/snapshot/8d92d1e5131045cc7f25d873d3918998f2fa7b46/9be8c9df477d736235572209b80be94e3ae91688 tracking
[Kilo New][P0-Perf] {"corr":"b4e081ba-89cc-44bc-935b-893749b1d932","stage":"sse.event","t":1786783008339,"d":40837,"surface":"extension","span":"start","eventType":"message.part.updated","dir":"/private/var/folders/9v/733tfwtj2jvgwygmtrbwj9gm0000gn/T/kilo-e2e-jNSxkS/workspace"}
[Kilo New][P0-Perf] {"corr":"b4e081ba-89cc-44bc-935b-893749b1d932","stage":"sse.event","t":1786783008339,"d":40837,"surface":"extension","span":"end","dur":0,"eventType":"message.part.updated","dir":"/private/var/folders/9v/733tfwtj2jvgwygmtrbwj9gm0000gn/T/kilo-e2e-jNSxkS/workspace"}
[Kilo New][P0-Perf] {"corr":"b4e081ba-89cc-44bc-935b-893749b1d932","stage":"sse.event","t":1786783008339,"d":40837,"surface":"extension","span":"start","eventType":"message.part.updated.1","dir":"/private/var/folders/9v/733tfwtj2jvgwygmtrbwj9gm0000gn/T/kilo-e2e-jNSxkS/workspace"}
[Kilo New][P0-Perf] {"corr":"b4e081ba-89cc-44bc-935b-893749b1d932","stage":"sse.event","t":1786783008339,"d":40837,"surface":"extension","span":"end","dur":0,"eventType":"message.part.updated.1","dir":"/private/var/folders/9v/733tfwtj2jvgwygmtrbwj9gm0000gn/T/kilo-e2e-jNSxkS/workspace"}
[Kilo New][P0-Perf] {"corr":"b4e081ba-89cc-44bc-935b-893749b1d932","stage":"sse.event","t":1786783008340,"d":40838,"surface":"extension","span":"start","eventType":"message.updated","dir":"/private/var/folders/9v/733tfwtj2jvgwygmtrbwj9gm0000gn/T/kilo-e2e-jNSxkS/workspace"}
[Kilo New][P0-Perf] {"corr":"b4e081ba-89cc-44bc-935b-893749b1d932","stage":"sse.event","t":1786783008340,"d":40838,"surface":"extension","span":"end","dur":0,"eventType":"message.updated","dir":"/private/var/folders/9v/733tfwtj2jvgwygmtrbwj9gm0000gn/T/kilo-e2e-jNSxkS/workspace"}
[Kilo New][P0-Perf] {"corr":"b4e081ba-89cc-44bc-935b-893749b1d932","stage":"sse.event","t":1786783008340,"d":40838,"surface":"extension","span":"start","eventType":"message.updated.1","dir":"/private/var/folders/9v/733tfwtj2jvgwygmtrbwj9gm0000gn/T/kilo-e2e-jNSxkS/workspace"}
[Kilo New][P0-Perf] {"corr":"b4e081ba-89cc-44bc-935b-893749b1d932","stage":"sse.event","t":1786783008340,"d":40838,"surface":"extension","span":"end","dur":0,"eventType":"message.updated.1","dir":"/private/var/folders/9v/733tfwtj2jvgwygmtrbwj9gm0000gn/T/kilo-e2e-jNSxkS/workspace"}
[Kilo New] ServerManager: ⚠️ CLI Server stderr: INFO  2026-08-15T08:36:49 +706ms service=model-cache providerID=apertis refreshing models
[Kilo New] ServerManager: ⚠️ CLI Server stderr: INFO  2026-08-15T08:36:49 +4ms service=model-cache providerID=apertis count=0 models fetched and cached
[Kilo New] ServerManager: ⚠️ CLI Server stderr: INFO  2026-08-15T08:36:49 +107ms service=session.prompt session.id=ses_ffb6f5921ffe7fqDtYuSdit3bS step=1 loop
[Kilo New] ServerManager: ⚠️ CLI Server stderr: INFO  2026-08-15T08:36:49 +5ms service=p0-perf event=p0.mark stage=processor_entry ts=1786783009150 id=ses_ffb6f5921ffe7fqDtYuSdit3bS meta={"messageID":"msg_00491097b001v7owfd2HVQaziw","parentID":"msg_00490fa55001e2ivEQnfi6RHKV","model":"e2e-model","provider":"e2e-local"} processor_entry
[Kilo New][P0-Perf] {"corr":"b4e081ba-89cc-44bc-935b-893749b1d932","stage":"sse.event","t":1786783009158,"d":41656,"surface":"extension","span":"start","eventType":"message.updated","dir":"/private/var/folders/9v/733tfwtj2jvgwygmtrbwj9gm0000gn/T/kilo-e2e-jNSxkS/workspace"}
[Kilo New][P0-Perf] {"corr":"b4e081ba-89cc-44bc-935b-893749b1d932","stage":"sse.event","t":1786783009158,"d":41656,"surface":"extension","span":"end","dur":0,"eventType":"message.updated","dir":"/private/var/folders/9v/733tfwtj2jvgwygmtrbwj9gm0000gn/T/kilo-e2e-jNSxkS/workspace"}
[Kilo New][P0-Perf] {"corr":"b4e081ba-89cc-44bc-935b-893749b1d932","stage":"sse.event","t":1786783009158,"d":41656,"surface":"extension","span":"start","eventType":"message.updated.1","dir":"/private/var/folders/9v/733tfwtj2jvgwygmtrbwj9gm0000gn/T/kilo-e2e-jNSxkS/workspace"}
[Kilo New][P0-Perf] {"corr":"b4e081ba-89cc-44bc-935b-893749b1d932","stage":"sse.event","t":1786783009158,"d":41656,"surface":"extension","span":"end","dur":0,"eventType":"message.updated.1","dir":"/private/var/folders/9v/733tfwtj2jvgwygmtrbwj9gm0000gn/T/kilo-e2e-jNSxkS/workspace"}
[Kilo New][P0-Perf] {"corr":"b4e081ba-89cc-44bc-935b-893749b1d932","stage":"sse.event","t":1786783009158,"d":41656,"surface":"extension","span":"start","eventType":"session.status","dir":"/private/var/folders/9v/733tfwtj2jvgwygmtrbwj9gm0000gn/T/kilo-e2e-jNSxkS/workspace"}
[Kilo New][P0-Perf] {"corr":"b4e081ba-89cc-44bc-935b-893749b1d932","stage":"sse.event","t":1786783009159,"d":41657,"surface":"extension","span":"end","dur":1,"eventType":"session.status","dir":"/private/var/folders/9v/733tfwtj2jvgwygmtrbwj9gm0000gn/T/kilo-e2e-jNSxkS/workspace"}
[Kilo New][P0-Perf] {"corr":"b4e081ba-89cc-44bc-935b-893749b1d932","stage":"sse.event","t":1786783009159,"d":41657,"surface":"extension","span":"start","eventType":"message.updated","dir":"/private/var/folders/9v/733tfwtj2jvgwygmtrbwj9gm0000gn/T/kilo-e2e-jNSxkS/workspace"}
[Kilo New][P0-Perf] {"corr":"b4e081ba-89cc-44bc-935b-893749b1d932","stage":"sse.event","t":1786783009159,"d":41657,"surface":"extension","span":"end","dur":0,"eventType":"message.updated","dir":"/private/var/folders/9v/733tfwtj2jvgwygmtrbwj9gm0000gn/T/kilo-e2e-jNSxkS/workspace"}
[Kilo New][P0-Perf] {"corr":"b4e081ba-89cc-44bc-935b-893749b1d932","stage":"sse.event","t":1786783009159,"d":41657,"surface":"extension","span":"start","eventType":"message.updated.1","dir":"/private/var/folders/9v/733tfwtj2jvgwygmtrbwj9gm0000gn/T/kilo-e2e-jNSxkS/workspace"}
[Kilo New][P0-Perf] {"corr":"b4e081ba-89cc-44bc-935b-893749b1d932","stage":"model.firstEvent","t":1786783009159,"d":41657,"surface":"extension","sessionID":"ses_ffb6f5921ffe7fqDtYuSdit3bS","messageID":"msg_00491097b001v7owfd2HVQaziw","parentID":"msg_00490fa55001e2ivEQnfi6RHKV","dir":"/private/var/folders/9v/733tfwtj2jvgwygmtrbwj9gm0000gn/T/kilo-e2e-jNSxkS/workspace"}
[Kilo New][P0-Perf] {"corr":"b4e081ba-89cc-44bc-935b-893749b1d932","stage":"sse.event","t":1786783009159,"d":41657,"surface":"extension","span":"end","dur":0,"eventType":"message.updated.1","dir":"/private/var/folders/9v/733tfwtj2jvgwygmtrbwj9gm0000gn/T/kilo-e2e-jNSxkS/workspace"}
[Kilo New][P0-Perf] {"corr":"b4e081ba-89cc-44bc-935b-893749b1d932","stage":"sse.event","t":1786783009200,"d":41698,"surface":"extension","span":"start","eventType":"session.updated","dir":"/private/var/folders/9v/733tfwtj2jvgwygmtrbwj9gm0000gn/T/kilo-e2e-jNSxkS/workspace"}
[Kilo New][P0-Perf] {"corr":"b4e081ba-89cc-44bc-935b-893749b1d932","stage":"sse.event","t":1786783009201,"d":41699,"surface":"extension","span":"end","dur":1,"eventType":"session.updated","dir":"/private/var/folders/9v/733tfwtj2jvgwygmtrbwj9gm0000gn/T/kilo-e2e-jNSxkS/workspace"}
[Kilo New][P0-Perf] {"corr":"b4e081ba-89cc-44bc-935b-893749b1d932","stage":"sse.event","t":1786783009201,"d":41699,"surface":"extension","span":"start","eventType":"session.updated.1","dir":"/private/var/folders/9v/733tfwtj2jvgwygmtrbwj9gm0000gn/T/kilo-e2e-jNSxkS/workspace"}
[Kilo New][P0-Perf] {"corr":"b4e081ba-89cc-44bc-935b-893749b1d932","stage":"sse.event","t":1786783009201,"d":41699,"surface":"extension","span":"end","dur":0,"eventType":"session.updated.1","dir":"/private/var/folders/9v/733tfwtj2jvgwygmtrbwj9gm0000gn/T/kilo-e2e-jNSxkS/workspace"}
[Kilo New][P0-Perf] {"corr":"b4e081ba-89cc-44bc-935b-893749b1d932","stage":"sse.event","t":1786783009233,"d":41731,"surface":"extension","span":"start","eventType":"session.diff","dir":"/private/var/folders/9v/733tfwtj2jvgwygmtrbwj9gm0000gn/T/kilo-e2e-jNSxkS/workspace"}
[Kilo New][P0-Perf] {"corr":"b4e081ba-89cc-44bc-935b-893749b1d932","stage":"sse.event","t":1786783009234,"d":41732,"surface":"extension","span":"end","dur":1,"eventType":"session.diff","dir":"/private/var/folders/9v/733tfwtj2jvgwygmtrbwj9gm0000gn/T/kilo-e2e-jNSxkS/workspace"}
[Kilo New][P0-Perf] {"corr":"b4e081ba-89cc-44bc-935b-893749b1d932","stage":"sse.event","t":1786783009234,"d":41732,"surface":"extension","span":"start","eventType":"message.updated","dir":"/private/var/folders/9v/733tfwtj2jvgwygmtrbwj9gm0000gn/T/kilo-e2e-jNSxkS/workspace"}
[Kilo New][P0-Perf] {"corr":"b4e081ba-89cc-44bc-935b-893749b1d932","stage":"sse.event","t":1786783009234,"d":41732,"surface":"extension","span":"end","dur":0,"eventType":"message.updated","dir":"/private/var/folders/9v/733tfwtj2jvgwygmtrbwj9gm0000gn/T/kilo-e2e-jNSxkS/workspace"}
[Kilo New][P0-Perf] {"corr":"b4e081ba-89cc-44bc-935b-893749b1d932","stage":"sse.event","t":1786783009234,"d":41732,"surface":"extension","span":"start","eventType":"message.updated.1","dir":"/private/var/folders/9v/733tfwtj2jvgwygmtrbwj9gm0000gn/T/kilo-e2e-jNSxkS/workspace"}
[Kilo New][P0-Perf] {"corr":"b4e081ba-89cc-44bc-935b-893749b1d932","stage":"sse.event","t":1786783009235,"d":41733,"surface":"extension","span":"end","dur":1,"eventType":"message.updated.1","dir":"/private/var/folders/9v/733tfwtj2jvgwygmtrbwj9gm0000gn/T/kilo-e2e-jNSxkS/workspace"}
[Kilo New] ServerManager: ⚠️ CLI Server stderr: INFO  2026-08-15T08:36:49 +314ms service=snapshot hash=afee79af5d4bd62e3669d4a9c8e6a392947997af cwd=/private/var/folders/9v/733tfwtj2jvgwygmtrbwj9gm0000gn/T/kilo-e2e-jNSxkS/workspace git=/var/folders/9v/733tfwtj2jvgwygmtrbwj9gm0000gn/T/kilo-e2e-jNSxkS/xdg-data/kilo/snapshot/8d92d1e5131045cc7f25d873d3918998f2fa7b46/9be8c9df477d736235572209b80be94e3ae91688 tracking
[Kilo New] ServerManager: ⚠️ CLI Server stderr: INFO  2026-08-15T08:36:49 +2ms service=session.tools status=started resolveTools
[Kilo New] ServerManager: ⚠️ CLI Server stderr: INFO  2026-08-15T08:36:49 +1ms service=tool.registry status=started invalid
[Kilo New] ServerManager: ⚠️ CLI Server stderr: INFO  2026-08-15T08:36:49 +0ms service=tool.registry status=completed duration=0 invalid
[Kilo New] ServerManager: ⚠️ CLI Server stderr: INFO  2026-08-15T08:36:49 +0ms service=tool.registry status=started question
[Kilo New] ServerManager: ⚠️ CLI Server stderr: INFO  2026-08-15T08:36:49 +0ms service=tool.registry status=completed duration=0 question
[Kilo New] ServerManager: ⚠️ CLI Server stderr: INFO  2026-08-15T08:36:49 +1ms service=tool.registry status=started bash
[Kilo New] ServerManager: ⚠️ CLI Server stderr: INFO  2026-08-15T08:36:49 +0ms service=tool.registry status=completed duration=0 bash
[Kilo New] ServerManager: ⚠️ CLI Server stderr: INFO  2026-08-15T08:36:49 +0ms service=tool.registry status=started read
[Kilo New] ServerManager: ⚠️ CLI Server stderr: INFO  2026-08-15T08:36:49 +0ms service=tool.registry status=completed duration=0 read
[Kilo New] ServerManager: ⚠️ CLI Server stderr: INFO  2026-08-15T08:36:49 +0ms service=tool.registry status=started glob
[Kilo New] ServerManager: ⚠️ CLI Server stderr: INFO  2026-08-15T08:36:49 +0ms service=tool.registry status=completed duration=0 glob
[Kilo New] ServerManager: ⚠️ CLI Server stderr: INFO  2026-08-15T08:36:49 +0ms service=tool.registry status=started grep
[Kilo New] ServerManager: ⚠️ CLI Server stderr: INFO  2026-08-15T08:36:49 +0ms service=tool.registry status=completed duration=0 grep
[Kilo New] ServerManager: ⚠️ CLI Server stderr: INFO  2026-08-15T08:36:49 +0ms service=tool.registry status=started edit
[Kilo New] ServerManager: ⚠️ CLI Server stderr: INFO  2026-08-15T08:36:49 +0ms service=tool.registry status=completed duration=0 edit
[Kilo New] ServerManager: ⚠️ CLI Server stderr: INFO  2026-08-15T08:36:49 +0ms service=tool.registry status=started write
[Kilo New] ServerManager: ⚠️ CLI Server stderr: INFO  2026-08-15T08:36:49 +0ms service=tool.registry status=completed duration=0 write
[Kilo New] ServerManager: ⚠️ CLI Server stderr: INFO  2026-08-15T08:36:49 +0ms service=tool.registry status=started task
[Kilo New] ServerManager: ⚠️ CLI Server stderr: INFO  2026-08-15T08:36:49 +1ms service=tool.registry status=completed duration=1 task
[Kilo New] ServerManager: ⚠️ CLI Server stderr: INFO  2026-08-15T08:36:49 +0ms service=tool.registry status=started webfetch
[Kilo New] ServerManager: ⚠️ CLI Server stderr: INFO  2026-08-15T08:36:49 +0ms service=tool.registry status=completed duration=0 webfetch
[Kilo New] ServerManager: ⚠️ CLI Server stderr: INFO  2026-08-15T08:36:49 +0ms service=tool.registry status=started todowrite
[Kilo New] ServerManager: ⚠️ CLI Server stderr: INFO  2026-08-15T08:36:49 +0ms service=tool.registry status=completed duration=0 todowrite
[Kilo New] ServerManager: ⚠️ CLI Server stderr: INFO  2026-08-15T08:36:49 +0ms service=tool.registry status=started skill
[Kilo New] ServerManager: ⚠️ CLI Server stderr: INFO  2026-08-15T08:36:49 +2ms service=tool.registry status=completed duration=2 skill
[Kilo New] ServerManager: ⚠️ CLI Server stderr: INFO  2026-08-15T08:36:49 +0ms service=tool.registry status=started plan_exit
[Kilo New] ServerManager: ⚠️ CLI Server stderr: INFO  2026-08-15T08:36:49 +1ms service=tool.registry status=completed duration=1 plan_exit
[Kilo New] ServerManager: ⚠️ CLI Server stderr: INFO  2026-08-15T08:36:49 +0ms service=tool.registry status=started kilo_local_recall
[Kilo New] ServerManager: ⚠️ CLI Server stderr: INFO  2026-08-15T08:36:49 +0ms service=tool.registry status=completed duration=0 kilo_local_recall
[Kilo New] ServerManager: ⚠️ CLI Server stderr: INFO  2026-08-15T08:36:49 +1ms service=tool.registry status=started background_process
[Kilo New] ServerManager: ⚠️ CLI Server stderr: INFO  2026-08-15T08:36:49 +0ms service=tool.registry status=completed duration=0 background_process
[Kilo New] ServerManager: ⚠️ CLI Server stderr: INFO  2026-08-15T08:36:49 +0ms service=tool.registry status=started agent_manager_models
[Kilo New] ServerManager: ⚠️ CLI Server stderr: INFO  2026-08-15T08:36:49 +0ms service=tool.registry status=completed duration=0 agent_manager_models
[Kilo New] ServerManager: ⚠️ CLI Server stderr: INFO  2026-08-15T08:36:49 +0ms service=tool.registry status=started agent_manager
[Kilo New] ServerManager: ⚠️ CLI Server stderr: INFO  2026-08-15T08:36:49 +0ms service=tool.registry status=completed duration=0 agent_manager
[Kilo New] ServerManager: ⚠️ CLI Server stderr: INFO  2026-08-15T08:36:49 +0ms service=tool.registry status=started e2e_marker
[Kilo New] ServerManager: ⚠️ CLI Server stderr: INFO  2026-08-15T08:36:49 +0ms service=tool.registry status=completed duration=0 e2e_marker
[Kilo New] ServerManager: ⚠️ CLI Server stderr: INFO  2026-08-15T08:36:49 +1ms service=session.tools status=completed duration=8 resolveTools
[Kilo New] ServerManager: ⚠️ CLI Server stderr: INFO  2026-08-15T08:36:49 +37ms service=session.processor session.id=ses_ffb6f5921ffe7fqDtYuSdit3bS messageID=msg_00491097b001v7owfd2HVQaziw process
[Kilo New] ServerManager: ⚠️ CLI Server stderr: INFO  2026-08-15T08:36:49 +4ms service=llm providerID=e2e-local modelID=e2e-model session.id=ses_ffb6f5921ffe7fqDtYuSdit3bS small=false agent=e2e-agent mode=primary stream
[Kilo New] ServerManager: ⚠️ CLI Server stderr: INFO  2026-08-15T08:36:49 +7ms service=default llm.runtime=ai-sdk llm.provider=e2e-local llm.model=e2e-model llm runtime selected
[Kilo New][P0-Perf] {"corr":"b4e081ba-89cc-44bc-935b-893749b1d932","stage":"sse.event","t":1786783009588,"d":42086,"surface":"extension","span":"start","eventType":"session.status","dir":"/private/var/folders/9v/733tfwtj2jvgwygmtrbwj9gm0000gn/T/kilo-e2e-jNSxkS/workspace"}
[Kilo New][P0-Perf] {"corr":"b4e081ba-89cc-44bc-935b-893749b1d932","stage":"sse.event","t":1786783009588,"d":42086,"surface":"extension","span":"end","dur":0,"eventType":"session.status","dir":"/private/var/folders/9v/733tfwtj2jvgwygmtrbwj9gm0000gn/T/kilo-e2e-jNSxkS/workspace"}
[Kilo New][P0-Perf] {"corr":"b4e081ba-89cc-44bc-935b-893749b1d932","stage":"sse.event","t":1786783009588,"d":42086,"surface":"extension","span":"start","eventType":"message.part.updated","dir":"/private/var/folders/9v/733tfwtj2jvgwygmtrbwj9gm0000gn/T/kilo-e2e-jNSxkS/workspace"}
[Kilo New][P0-Perf] {"corr":"b4e081ba-89cc-44bc-935b-893749b1d932","stage":"sse.event","t":1786783009588,"d":42086,"surface":"extension","span":"end","dur":0,"eventType":"message.part.updated","dir":"/private/var/folders/9v/733tfwtj2jvgwygmtrbwj9gm0000gn/T/kilo-e2e-jNSxkS/workspace"}
[Kilo New][P0-Perf] {"corr":"b4e081ba-89cc-44bc-935b-893749b1d932","stage":"sse.event","t":1786783009588,"d":42086,"surface":"extension","span":"start","eventType":"message.part.updated.1","dir":"/private/var/folders/9v/733tfwtj2jvgwygmtrbwj9gm0000gn/T/kilo-e2e-jNSxkS/workspace"}
[Kilo New][P0-Perf] {"corr":"b4e081ba-89cc-44bc-935b-893749b1d932","stage":"sse.event","t":1786783009588,"d":42086,"surface":"extension","span":"end","dur":0,"eventType":"message.part.updated.1","dir":"/private/var/folders/9v/733tfwtj2jvgwygmtrbwj9gm0000gn/T/kilo-e2e-jNSxkS/workspace"}
[Kilo New][P0-Perf] {"corr":"b4e081ba-89cc-44bc-935b-893749b1d932","stage":"sse.event","t":1786783009588,"d":42086,"surface":"extension","span":"start","eventType":"message.part.updated","dir":"/private/var/folders/9v/733tfwtj2jvgwygmtrbwj9gm0000gn/T/kilo-e2e-jNSxkS/workspace"}
[Kilo New][P0-Perf] {"corr":"b4e081ba-89cc-44bc-935b-893749b1d932","stage":"sse.event","t":1786783009589,"d":42087,"surface":"extension","span":"end","dur":1,"eventType":"message.part.updated","dir":"/private/var/folders/9v/733tfwtj2jvgwygmtrbwj9gm0000gn/T/kilo-e2e-jNSxkS/workspace"}
[Kilo New][P0-Perf] {"corr":"b4e081ba-89cc-44bc-935b-893749b1d932","stage":"sse.event","t":1786783009589,"d":42087,"surface":"extension","span":"start","eventType":"message.part.updated.1","dir":"/private/var/folders/9v/733tfwtj2jvgwygmtrbwj9gm0000gn/T/kilo-e2e-jNSxkS/workspace"}
[Kilo New][P0-Perf] {"corr":"b4e081ba-89cc-44bc-935b-893749b1d932","stage":"sse.event","t":1786783009589,"d":42087,"surface":"extension","span":"end","dur":0,"eventType":"message.part.updated.1","dir":"/private/var/folders/9v/733tfwtj2jvgwygmtrbwj9gm0000gn/T/kilo-e2e-jNSxkS/workspace"}
[Kilo New][P0-Perf] {"corr":"b4e081ba-89cc-44bc-935b-893749b1d932","stage":"sse.event","t":1786783009589,"d":42087,"surface":"extension","span":"start","eventType":"message.part.delta","dir":"/private/var/folders/9v/733tfwtj2jvgwygmtrbwj9gm0000gn/T/kilo-e2e-jNSxkS/workspace"}
[Kilo New][P0-Perf] {"corr":"b4e081ba-89cc-44bc-935b-893749b1d932","stage":"sse.event","t":1786783009589,"d":42087,"surface":"extension","span":"end","dur":0,"eventType":"message.part.delta","dir":"/private/var/folders/9v/733tfwtj2jvgwygmtrbwj9gm0000gn/T/kilo-e2e-jNSxkS/workspace"}
[Kilo New][P0-Perf] {"corr":"b4e081ba-89cc-44bc-935b-893749b1d932","stage":"sse.event","t":1786783009589,"d":42087,"surface":"extension","span":"start","eventType":"message.part.updated","dir":"/private/var/folders/9v/733tfwtj2jvgwygmtrbwj9gm0000gn/T/kilo-e2e-jNSxkS/workspace"}
[Kilo New][P0-Perf] {"corr":"b4e081ba-89cc-44bc-935b-893749b1d932","stage":"sse.event","t":1786783009589,"d":42087,"surface":"extension","span":"end","dur":0,"eventType":"message.part.updated","dir":"/private/var/folders/9v/733tfwtj2jvgwygmtrbwj9gm0000gn/T/kilo-e2e-jNSxkS/workspace"}
[Kilo New][P0-Perf] {"corr":"b4e081ba-89cc-44bc-935b-893749b1d932","stage":"sse.event","t":1786783009589,"d":42087,"surface":"extension","span":"start","eventType":"message.part.updated.1","dir":"/private/var/folders/9v/733tfwtj2jvgwygmtrbwj9gm0000gn/T/kilo-e2e-jNSxkS/workspace"}
[Kilo New][P0-Perf] {"corr":"b4e081ba-89cc-44bc-935b-893749b1d932","stage":"sse.event","t":1786783009589,"d":42087,"surface":"extension","span":"end","dur":0,"eventType":"message.part.updated.1","dir":"/private/var/folders/9v/733tfwtj2jvgwygmtrbwj9gm0000gn/T/kilo-e2e-jNSxkS/workspace"}
[Kilo New] ServerManager: ⚠️ CLI Server stderr: INFO  2026-08-15T08:36:49 +257ms service=snapshot hash=afee79af5d4bd62e3669d4a9c8e6a392947997af cwd=/private/var/folders/9v/733tfwtj2jvgwygmtrbwj9gm0000gn/T/kilo-e2e-jNSxkS/workspace git=/var/folders/9v/733tfwtj2jvgwygmtrbwj9gm0000gn/T/kilo-e2e-jNSxkS/xdg-data/kilo/snapshot/8d92d1e5131045cc7f25d873d3918998f2fa7b46/9be8c9df477d736235572209b80be94e3ae91688 tracking
[Kilo New][P0-Perf] {"corr":"b4e081ba-89cc-44bc-935b-893749b1d932","stage":"sse.event","t":1786783009858,"d":42356,"surface":"extension","span":"start","eventType":"message.part.updated","dir":"/private/var/folders/9v/733tfwtj2jvgwygmtrbwj9gm0000gn/T/kilo-e2e-jNSxkS/workspace"}
[Kilo New][P0-Perf] {"corr":"b4e081ba-89cc-44bc-935b-893749b1d932","stage":"sse.event","t":1786783009858,"d":42356,"surface":"extension","span":"end","dur":0,"eventType":"message.part.updated","dir":"/private/var/folders/9v/733tfwtj2jvgwygmtrbwj9gm0000gn/T/kilo-e2e-jNSxkS/workspace"}
[Kilo New][P0-Perf] {"corr":"b4e081ba-89cc-44bc-935b-893749b1d932","stage":"sse.event","t":1786783009858,"d":42356,"surface":"extension","span":"start","eventType":"message.part.updated.1","dir":"/private/var/folders/9v/733tfwtj2jvgwygmtrbwj9gm0000gn/T/kilo-e2e-jNSxkS/workspace"}
[Kilo New][P0-Perf] {"corr":"b4e081ba-89cc-44bc-935b-893749b1d932","stage":"sse.event","t":1786783009858,"d":42356,"surface":"extension","span":"end","dur":0,"eventType":"message.part.updated.1","dir":"/private/var/folders/9v/733tfwtj2jvgwygmtrbwj9gm0000gn/T/kilo-e2e-jNSxkS/workspace"}
[Kilo New][P0-Perf] {"corr":"b4e081ba-89cc-44bc-935b-893749b1d932","stage":"sse.event","t":1786783009858,"d":42356,"surface":"extension","span":"start","eventType":"message.updated","dir":"/private/var/folders/9v/733tfwtj2jvgwygmtrbwj9gm0000gn/T/kilo-e2e-jNSxkS/workspace"}
[Kilo New][P0-Perf] {"corr":"b4e081ba-89cc-44bc-935b-893749b1d932","stage":"sse.event","t":1786783009859,"d":42357,"surface":"extension","span":"end","dur":1,"eventType":"message.updated","dir":"/private/var/folders/9v/733tfwtj2jvgwygmtrbwj9gm0000gn/T/kilo-e2e-jNSxkS/workspace"}
[Kilo New][P0-Perf] {"corr":"b4e081ba-89cc-44bc-935b-893749b1d932","stage":"sse.event","t":1786783009859,"d":42357,"surface":"extension","span":"start","eventType":"message.updated.1","dir":"/private/var/folders/9v/733tfwtj2jvgwygmtrbwj9gm0000gn/T/kilo-e2e-jNSxkS/workspace"}
[Kilo New][P0-Perf] {"corr":"b4e081ba-89cc-44bc-935b-893749b1d932","stage":"sse.event","t":1786783009859,"d":42357,"surface":"extension","span":"end","dur":0,"eventType":"message.updated.1","dir":"/private/var/folders/9v/733tfwtj2jvgwygmtrbwj9gm0000gn/T/kilo-e2e-jNSxkS/workspace"}
[Kilo New] ServerManager: ⚠️ CLI Server stderr: INFO  2026-08-15T08:36:50 +270ms service=session.prompt session.id=ses_ffb6f5921ffe7fqDtYuSdit3bS step=2 loop
[Kilo New] ServerManager: ⚠️ CLI Server stderr: INFO  2026-08-15T08:36:50 +3ms service=session.prompt session.id=ses_ffb6f5921ffe7fqDtYuSdit3bS exiting loop
[Kilo New] ServerManager: ⚠️ CLI Server stderr: INFO  2026-08-15T08:36:50 +10ms service=bus type=session.turn.close publishing
[Kilo New][P0-Perf] {"corr":"b4e081ba-89cc-44bc-935b-893749b1d932","stage":"sse.event","t":1786783010080,"d":42578,"surface":"extension","span":"start","eventType":"message.updated","dir":"/private/var/folders/9v/733tfwtj2jvgwygmtrbwj9gm0000gn/T/kilo-e2e-jNSxkS/workspace"}
[Kilo New][P0-Perf] {"corr":"b4e081ba-89cc-44bc-935b-893749b1d932","stage":"sse.event","t":1786783010080,"d":42578,"surface":"extension","span":"end","dur":0,"eventType":"message.updated","dir":"/private/var/folders/9v/733tfwtj2jvgwygmtrbwj9gm0000gn/T/kilo-e2e-jNSxkS/workspace"}
[Kilo New][P0-Perf] {"corr":"b4e081ba-89cc-44bc-935b-893749b1d932","stage":"sse.event","t":1786783010080,"d":42578,"surface":"extension","span":"start","eventType":"message.updated.1","dir":"/private/var/folders/9v/733tfwtj2jvgwygmtrbwj9gm0000gn/T/kilo-e2e-jNSxkS/workspace"}
[Kilo New][P0-Perf] {"corr":"b4e081ba-89cc-44bc-935b-893749b1d932","stage":"sse.event","t":1786783010080,"d":42578,"surface":"extension","span":"end","dur":0,"eventType":"message.updated.1","dir":"/private/var/folders/9v/733tfwtj2jvgwygmtrbwj9gm0000gn/T/kilo-e2e-jNSxkS/workspace"}
[Kilo New][P0-Perf] {"corr":"b4e081ba-89cc-44bc-935b-893749b1d932","stage":"sse.event","t":1786783010081,"d":42579,"surface":"extension","span":"start","eventType":"session.status","dir":"/private/var/folders/9v/733tfwtj2jvgwygmtrbwj9gm0000gn/T/kilo-e2e-jNSxkS/workspace"}
[Kilo New][P0-Perf] {"corr":"b4e081ba-89cc-44bc-935b-893749b1d932","stage":"sse.event","t":1786783010081,"d":42579,"surface":"extension","span":"end","dur":0,"eventType":"session.status","dir":"/private/var/folders/9v/733tfwtj2jvgwygmtrbwj9gm0000gn/T/kilo-e2e-jNSxkS/workspace"}
[Kilo New][P0-Perf] {"corr":"b4e081ba-89cc-44bc-935b-893749b1d932","stage":"sse.event","t":1786783010081,"d":42579,"surface":"extension","span":"start","eventType":"session.status","dir":"/private/var/folders/9v/733tfwtj2jvgwygmtrbwj9gm0000gn/T/kilo-e2e-jNSxkS/workspace"}
[Kilo New][P0-Perf] {"corr":"b4e081ba-89cc-44bc-935b-893749b1d932","stage":"sse.event","t":1786783010082,"d":42580,"surface":"extension","span":"end","dur":1,"eventType":"session.status","dir":"/private/var/folders/9v/733tfwtj2jvgwygmtrbwj9gm0000gn/T/kilo-e2e-jNSxkS/workspace"}
[Kilo New][P0-Perf] {"corr":"b4e081ba-89cc-44bc-935b-893749b1d932","stage":"sse.event","t":1786783010082,"d":42580,"surface":"extension","span":"start","eventType":"session.idle","dir":"/private/var/folders/9v/733tfwtj2jvgwygmtrbwj9gm0000gn/T/kilo-e2e-jNSxkS/workspace"}
[Kilo New][P0-Perf] {"corr":"b4e081ba-89cc-44bc-935b-893749b1d932","stage":"sse.event","t":1786783010082,"d":42580,"surface":"extension","span":"end","dur":0,"eventType":"session.idle","dir":"/private/var/folders/9v/733tfwtj2jvgwygmtrbwj9gm0000gn/T/kilo-e2e-jNSxkS/workspace"}
[Kilo New][P0-Perf] {"corr":"b4e081ba-89cc-44bc-935b-893749b1d932","stage":"sse.event","t":1786783010082,"d":42580,"surface":"extension","span":"start","eventType":"session.turn.close","dir":"/private/var/folders/9v/733tfwtj2jvgwygmtrbwj9gm0000gn/T/kilo-e2e-jNSxkS/workspace"}
[Kilo New][P0-Perf] {"corr":"b4e081ba-89cc-44bc-935b-893749b1d932","stage":"sse.event","t":1786783010082,"d":42580,"surface":"extension","span":"end","dur":0,"eventType":"session.turn.close","dir":"/private/var/folders/9v/733tfwtj2jvgwygmtrbwj9gm0000gn/T/kilo-e2e-jNSxkS/workspace"}
[Kilo New][P0-Perf] {"corr":"b4e081ba-89cc-44bc-935b-893749b1d932","stage":"sse.event","t":1786783010191,"d":42689,"surface":"extension","span":"start","eventType":"session.updated","dir":"/private/var/folders/9v/733tfwtj2jvgwygmtrbwj9gm0000gn/T/kilo-e2e-jNSxkS/workspace"}
[Kilo New][P0-Perf] {"corr":"b4e081ba-89cc-44bc-935b-893749b1d932","stage":"sse.event","t":1786783010191,"d":42689,"surface":"extension","span":"end","dur":0,"eventType":"session.updated","dir":"/private/var/folders/9v/733tfwtj2jvgwygmtrbwj9gm0000gn/T/kilo-e2e-jNSxkS/workspace"}
[Kilo New][P0-Perf] {"corr":"b4e081ba-89cc-44bc-935b-893749b1d932","stage":"sse.event","t":1786783010191,"d":42689,"surface":"extension","span":"start","eventType":"session.updated.1","dir":"/private/var/folders/9v/733tfwtj2jvgwygmtrbwj9gm0000gn/T/kilo-e2e-jNSxkS/workspace"}
[Kilo New][P0-Perf] {"corr":"b4e081ba-89cc-44bc-935b-893749b1d932","stage":"sse.event","t":1786783010191,"d":42689,"surface":"extension","span":"end","dur":0,"eventType":"session.updated.1","dir":"/private/var/folders/9v/733tfwtj2jvgwygmtrbwj9gm0000gn/T/kilo-e2e-jNSxkS/workspace"}
[Kilo New][P0-Perf] {"corr":"b4e081ba-89cc-44bc-935b-893749b1d932","stage":"sse.event","t":1786783010191,"d":42689,"surface":"extension","span":"start","eventType":"session.diff","dir":"/private/var/folders/9v/733tfwtj2jvgwygmtrbwj9gm0000gn/T/kilo-e2e-jNSxkS/workspace"}
[Kilo New][P0-Perf] {"corr":"b4e081ba-89cc-44bc-935b-893749b1d932","stage":"sse.event","t":1786783010191,"d":42689,"surface":"extension","span":"end","dur":0,"eventType":"session.diff","dir":"/private/var/folders/9v/733tfwtj2jvgwygmtrbwj9gm0000gn/T/kilo-e2e-jNSxkS/workspace"}
[Kilo New][P0-Perf] {"corr":"b4e081ba-89cc-44bc-935b-893749b1d932","stage":"sse.event","t":1786783010192,"d":42690,"surface":"extension","span":"start","eventType":"message.updated","dir":"/private/var/folders/9v/733tfwtj2jvgwygmtrbwj9gm0000gn/T/kilo-e2e-jNSxkS/workspace"}
[Kilo New][P0-Perf] {"corr":"b4e081ba-89cc-44bc-935b-893749b1d932","stage":"sse.event","t":1786783010192,"d":42690,"surface":"extension","span":"end","dur":0,"eventType":"message.updated","dir":"/private/var/folders/9v/733tfwtj2jvgwygmtrbwj9gm0000gn/T/kilo-e2e-jNSxkS/workspace"}
[Kilo New][P0-Perf] {"corr":"b4e081ba-89cc-44bc-935b-893749b1d932","stage":"sse.event","t":1786783010192,"d":42690,"surface":"extension","span":"start","eventType":"message.updated.1","dir":"/private/var/folders/9v/733tfwtj2jvgwygmtrbwj9gm0000gn/T/kilo-e2e-jNSxkS/workspace"}
[Kilo New][P0-Perf] {"corr":"b4e081ba-89cc-44bc-935b-893749b1d932","stage":"sse.event","t":1786783010192,"d":42690,"surface":"extension","span":"end","dur":0,"eventType":"message.updated.1","dir":"/private/var/folders/9v/733tfwtj2jvgwygmtrbwj9gm0000gn/T/kilo-e2e-jNSxkS/workspace"}
[Kilo New] ServerManager: ⚠️ CLI Server stderr: INFO  2026-08-15T08:36:50 +870ms service=model-cache providerID=apertis refreshing models
[Kilo New] ServerManager: ⚠️ CLI Server stderr: INFO  2026-08-15T08:36:50 +30ms service=model-cache providerID=apertis count=0 models fetched and cached
[probe] PASS H-4 skill: content returned through the real skill tool (attempt 1)
[probe] PASS H-4 panel shows the skill completion text: transcript text present
[Kilo New][P0-Perf] {"corr":"b4e081ba-89cc-44bc-935b-893749b1d932","stage":"prompt.submit","t":1786783011748,"d":44246,"surface":"extension","sessionID":"ses_ffb6f5921ffe7fqDtYuSdit3bS","messageID":"msg_004911394001roC75sxzsq5SCO","dir":"/var/folders/9v/733tfwtj2jvgwygmtrbwj9gm0000gn/T/kilo-e2e-jNSxkS/workspace"}
[probe] sent prompt via real prompt input: E2E_MCP_TOOL: call the mcp echo tool
[Kilo New] ServerManager: ⚠️ CLI Server stderr: INFO  2026-08-15T08:36:51 +849ms service=bus type=session.turn.open publishing
[Kilo New] ServerManager: ⚠️ CLI Server stderr: INFO  2026-08-15T08:36:51 +3ms service=session.prompt session.id=ses_ffb6f5921ffe7fqDtYuSdit3bS step=0 loop
[Kilo New] ServerManager: ⚠️ CLI Server stderr: INFO  2026-08-15T08:36:51 +8ms service=p0-perf event=p0.mark stage=processor_entry ts=1786783011822 id=ses_ffb6f5921ffe7fqDtYuSdit3bS meta={"messageID":"msg_0049113ec00178Fik6HBlFGeaq","parentID":"msg_004911394001roC75sxzsq5SCO","model":"e2e-model","provider":"e2e-local"} processor_entry
[Kilo New][P0-Perf] {"corr":"b4e081ba-89cc-44bc-935b-893749b1d932","stage":"sse.event","t":1786783011825,"d":44323,"surface":"extension","span":"start","eventType":"message.updated","dir":"/private/var/folders/9v/733tfwtj2jvgwygmtrbwj9gm0000gn/T/kilo-e2e-jNSxkS/workspace"}
[Kilo New][P0-Perf] {"corr":"b4e081ba-89cc-44bc-935b-893749b1d932","stage":"sse.event","t":1786783011825,"d":44323,"surface":"extension","span":"end","dur":0,"eventType":"message.updated","dir":"/private/var/folders/9v/733tfwtj2jvgwygmtrbwj9gm0000gn/T/kilo-e2e-jNSxkS/workspace"}
[Kilo New][P0-Perf] {"corr":"b4e081ba-89cc-44bc-935b-893749b1d932","stage":"sse.event","t":1786783011825,"d":44323,"surface":"extension","span":"start","eventType":"message.updated.1","dir":"/private/var/folders/9v/733tfwtj2jvgwygmtrbwj9gm0000gn/T/kilo-e2e-jNSxkS/workspace"}
[Kilo New][P0-Perf] {"corr":"b4e081ba-89cc-44bc-935b-893749b1d932","stage":"sse.event","t":1786783011825,"d":44323,"surface":"extension","span":"end","dur":0,"eventType":"message.updated.1","dir":"/private/var/folders/9v/733tfwtj2jvgwygmtrbwj9gm0000gn/T/kilo-e2e-jNSxkS/workspace"}
[Kilo New][P0-Perf] {"corr":"b4e081ba-89cc-44bc-935b-893749b1d932","stage":"sse.event","t":1786783011826,"d":44324,"surface":"extension","span":"start","eventType":"message.part.updated","dir":"/private/var/folders/9v/733tfwtj2jvgwygmtrbwj9gm0000gn/T/kilo-e2e-jNSxkS/workspace"}
[Kilo New][P0-Perf] {"corr":"b4e081ba-89cc-44bc-935b-893749b1d932","stage":"sse.event","t":1786783011826,"d":44324,"surface":"extension","span":"end","dur":0,"eventType":"message.part.updated","dir":"/private/var/folders/9v/733tfwtj2jvgwygmtrbwj9gm0000gn/T/kilo-e2e-jNSxkS/workspace"}
[Kilo New][P0-Perf] {"corr":"b4e081ba-89cc-44bc-935b-893749b1d932","stage":"sse.event","t":1786783011826,"d":44324,"surface":"extension","span":"start","eventType":"message.part.updated.1","dir":"/private/var/folders/9v/733tfwtj2jvgwygmtrbwj9gm0000gn/T/kilo-e2e-jNSxkS/workspace"}
[Kilo New][P0-Perf] {"corr":"b4e081ba-89cc-44bc-935b-893749b1d932","stage":"sse.event","t":1786783011826,"d":44324,"surface":"extension","span":"end","dur":0,"eventType":"message.part.updated.1","dir":"/private/var/folders/9v/733tfwtj2jvgwygmtrbwj9gm0000gn/T/kilo-e2e-jNSxkS/workspace"}
[Kilo New][P0-Perf] {"corr":"b4e081ba-89cc-44bc-935b-893749b1d932","stage":"sse.event","t":1786783011826,"d":44324,"surface":"extension","span":"start","eventType":"session.updated","dir":"/private/var/folders/9v/733tfwtj2jvgwygmtrbwj9gm0000gn/T/kilo-e2e-jNSxkS/workspace"}
[Kilo New][P0-Perf] {"corr":"b4e081ba-89cc-44bc-935b-893749b1d932","stage":"sse.event","t":1786783011826,"d":44324,"surface":"extension","span":"end","dur":0,"eventType":"session.updated","dir":"/private/var/folders/9v/733tfwtj2jvgwygmtrbwj9gm0000gn/T/kilo-e2e-jNSxkS/workspace"}
[Kilo New][P0-Perf] {"corr":"b4e081ba-89cc-44bc-935b-893749b1d932","stage":"sse.event","t":1786783011826,"d":44324,"surface":"extension","span":"start","eventType":"session.updated.1","dir":"/private/var/folders/9v/733tfwtj2jvgwygmtrbwj9gm0000gn/T/kilo-e2e-jNSxkS/workspace"}
[Kilo New][P0-Perf] {"corr":"b4e081ba-89cc-44bc-935b-893749b1d932","stage":"sse.event","t":1786783011826,"d":44324,"surface":"extension","span":"end","dur":0,"eventType":"session.updated.1","dir":"/private/var/folders/9v/733tfwtj2jvgwygmtrbwj9gm0000gn/T/kilo-e2e-jNSxkS/workspace"}
[Kilo New][P0-Perf] {"corr":"b4e081ba-89cc-44bc-935b-893749b1d932","stage":"sse.event","t":1786783011826,"d":44324,"surface":"extension","span":"start","eventType":"session.turn.open","dir":"/private/var/folders/9v/733tfwtj2jvgwygmtrbwj9gm0000gn/T/kilo-e2e-jNSxkS/workspace"}
[Kilo New][P0-Perf] {"corr":"b4e081ba-89cc-44bc-935b-893749b1d932","stage":"sse.event","t":1786783011827,"d":44325,"surface":"extension","span":"end","dur":1,"eventType":"session.turn.open","dir":"/private/var/folders/9v/733tfwtj2jvgwygmtrbwj9gm0000gn/T/kilo-e2e-jNSxkS/workspace"}
[Kilo New][P0-Perf] {"corr":"b4e081ba-89cc-44bc-935b-893749b1d932","stage":"sse.event","t":1786783011833,"d":44331,"surface":"extension","span":"start","eventType":"session.status","dir":"/private/var/folders/9v/733tfwtj2jvgwygmtrbwj9gm0000gn/T/kilo-e2e-jNSxkS/workspace"}
[Kilo New][P0-Perf] {"corr":"b4e081ba-89cc-44bc-935b-893749b1d932","stage":"sse.event","t":1786783011833,"d":44331,"surface":"extension","span":"end","dur":0,"eventType":"session.status","dir":"/private/var/folders/9v/733tfwtj2jvgwygmtrbwj9gm0000gn/T/kilo-e2e-jNSxkS/workspace"}
[Kilo New][P0-Perf] {"corr":"b4e081ba-89cc-44bc-935b-893749b1d932","stage":"sse.event","t":1786783011834,"d":44332,"surface":"extension","span":"start","eventType":"message.updated","dir":"/private/var/folders/9v/733tfwtj2jvgwygmtrbwj9gm0000gn/T/kilo-e2e-jNSxkS/workspace"}
[Kilo New][P0-Perf] {"corr":"b4e081ba-89cc-44bc-935b-893749b1d932","stage":"sse.event","t":1786783011834,"d":44332,"surface":"extension","span":"end","dur":0,"eventType":"message.updated","dir":"/private/var/folders/9v/733tfwtj2jvgwygmtrbwj9gm0000gn/T/kilo-e2e-jNSxkS/workspace"}
[Kilo New][P0-Perf] {"corr":"b4e081ba-89cc-44bc-935b-893749b1d932","stage":"sse.event","t":1786783011834,"d":44332,"surface":"extension","span":"start","eventType":"message.updated.1","dir":"/private/var/folders/9v/733tfwtj2jvgwygmtrbwj9gm0000gn/T/kilo-e2e-jNSxkS/workspace"}
[Kilo New][P0-Perf] {"corr":"b4e081ba-89cc-44bc-935b-893749b1d932","stage":"model.firstEvent","t":1786783011834,"d":44332,"surface":"extension","sessionID":"ses_ffb6f5921ffe7fqDtYuSdit3bS","messageID":"msg_0049113ec00178Fik6HBlFGeaq","parentID":"msg_004911394001roC75sxzsq5SCO","dir":"/private/var/folders/9v/733tfwtj2jvgwygmtrbwj9gm0000gn/T/kilo-e2e-jNSxkS/workspace"}
[Kilo New][P0-Perf] {"corr":"b4e081ba-89cc-44bc-935b-893749b1d932","stage":"sse.event","t":1786783011834,"d":44332,"surface":"extension","span":"end","dur":0,"eventType":"message.updated.1","dir":"/private/var/folders/9v/733tfwtj2jvgwygmtrbwj9gm0000gn/T/kilo-e2e-jNSxkS/workspace"}
[Kilo New] ServerManager: ⚠️ CLI Server stderr: INFO  2026-08-15T08:36:52 +250ms service=snapshot hash=afee79af5d4bd62e3669d4a9c8e6a392947997af cwd=/private/var/folders/9v/733tfwtj2jvgwygmtrbwj9gm0000gn/T/kilo-e2e-jNSxkS/workspace git=/var/folders/9v/733tfwtj2jvgwygmtrbwj9gm0000gn/T/kilo-e2e-jNSxkS/xdg-data/kilo/snapshot/8d92d1e5131045cc7f25d873d3918998f2fa7b46/9be8c9df477d736235572209b80be94e3ae91688 tracking
[Kilo New] ServerManager: ⚠️ CLI Server stderr: INFO  2026-08-15T08:36:52 +38ms service=session.tools status=started resolveTools
[Kilo New] ServerManager: ⚠️ CLI Server stderr: INFO  2026-08-15T08:36:52 +3ms service=tool.registry status=started invalid
[Kilo New] ServerManager: ⚠️ CLI Server stderr: INFO  2026-08-15T08:36:52 +0ms service=tool.registry status=completed duration=0 invalid
[Kilo New] ServerManager: ⚠️ CLI Server stderr: INFO  2026-08-15T08:36:52 +0ms service=tool.registry status=started question
[Kilo New] ServerManager: ⚠️ CLI Server stderr: INFO  2026-08-15T08:36:52 +0ms service=tool.registry status=completed duration=0 question
[Kilo New] ServerManager: ⚠️ CLI Server stderr: INFO  2026-08-15T08:36:52 +0ms service=tool.registry status=started bash
[Kilo New] ServerManager: ⚠️ CLI Server stderr: INFO  2026-08-15T08:36:52 +0ms service=tool.registry status=completed duration=0 bash
[Kilo New] ServerManager: ⚠️ CLI Server stderr: INFO  2026-08-15T08:36:52 +1ms service=tool.registry status=started read
[Kilo New] ServerManager: ⚠️ CLI Server stderr: INFO  2026-08-15T08:36:52 +0ms service=tool.registry status=completed duration=0 read
[Kilo New] ServerManager: ⚠️ CLI Server stderr: INFO  2026-08-15T08:36:52 +0ms service=tool.registry status=started glob
[Kilo New] ServerManager: ⚠️ CLI Server stderr: INFO  2026-08-15T08:36:52 +0ms service=tool.registry status=completed duration=0 glob
[Kilo New] ServerManager: ⚠️ CLI Server stderr: INFO  2026-08-15T08:36:52 +0ms service=tool.registry status=started grep
[Kilo New] ServerManager: ⚠️ CLI Server stderr: INFO  2026-08-15T08:36:52 +1ms service=tool.registry status=completed duration=1 grep
[Kilo New] ServerManager: ⚠️ CLI Server stderr: INFO  2026-08-15T08:36:52 +0ms service=tool.registry status=started edit
[Kilo New] ServerManager: ⚠️ CLI Server stderr: INFO  2026-08-15T08:36:52 +0ms service=tool.registry status=completed duration=0 edit
[Kilo New] ServerManager: ⚠️ CLI Server stderr: INFO  2026-08-15T08:36:52 +0ms service=tool.registry status=started write
[Kilo New] ServerManager: ⚠️ CLI Server stderr: INFO  2026-08-15T08:36:52 +0ms service=tool.registry status=completed duration=0 write
[Kilo New] ServerManager: ⚠️ CLI Server stderr: INFO  2026-08-15T08:36:52 +0ms service=tool.registry status=started task
[Kilo New] ServerManager: ⚠️ CLI Server stderr: INFO  2026-08-15T08:36:52 +2ms service=tool.registry status=completed duration=2 task
[Kilo New] ServerManager: ⚠️ CLI Server stderr: INFO  2026-08-15T08:36:52 +0ms service=tool.registry status=started webfetch
[Kilo New] ServerManager: ⚠️ CLI Server stderr: INFO  2026-08-15T08:36:52 +0ms service=tool.registry status=completed duration=0 webfetch
[Kilo New] ServerManager: ⚠️ CLI Server stderr: INFO  2026-08-15T08:36:52 +0ms service=tool.registry status=started todowrite
[Kilo New] ServerManager: ⚠️ CLI Server stderr: INFO  2026-08-15T08:36:52 +0ms service=tool.registry status=completed duration=0 todowrite
[Kilo New] ServerManager: ⚠️ CLI Server stderr: INFO  2026-08-15T08:36:52 +0ms service=tool.registry status=started skill
[Kilo New] ServerManager: ⚠️ CLI Server stderr: INFO  2026-08-15T08:36:52 +1ms service=tool.registry status=completed duration=1 skill
[Kilo New] ServerManager: ⚠️ CLI Server stderr: INFO  2026-08-15T08:36:52 +0ms service=tool.registry status=started plan_exit
[Kilo New] ServerManager: ⚠️ CLI Server stderr: INFO  2026-08-15T08:36:52 +0ms service=tool.registry status=completed duration=0 plan_exit
[Kilo New] ServerManager: ⚠️ CLI Server stderr: INFO  2026-08-15T08:36:52 +0ms service=tool.registry status=started kilo_local_recall
[Kilo New] ServerManager: ⚠️ CLI Server stderr: INFO  2026-08-15T08:36:52 +0ms service=tool.registry status=completed duration=0 kilo_local_recall
[Kilo New] ServerManager: ⚠️ CLI Server stderr: INFO  2026-08-15T08:36:52 +0ms service=tool.registry status=started background_process
[Kilo New] ServerManager: ⚠️ CLI Server stderr: INFO  2026-08-15T08:36:52 +0ms service=tool.registry status=completed duration=0 background_process
[Kilo New] ServerManager: ⚠️ CLI Server stderr: INFO  2026-08-15T08:36:52 +0ms service=tool.registry status=started agent_manager_models
[Kilo New] ServerManager: ⚠️ CLI Server stderr: INFO  2026-08-15T08:36:52 +0ms service=tool.registry status=completed duration=0 agent_manager_models
[Kilo New] ServerManager: ⚠️ CLI Server stderr: INFO  2026-08-15T08:36:52 +0ms service=tool.registry status=started agent_manager
[Kilo New] ServerManager: ⚠️ CLI Server stderr: INFO  2026-08-15T08:36:52 +0ms service=tool.registry status=completed duration=0 agent_manager
[Kilo New] ServerManager: ⚠️ CLI Server stderr: INFO  2026-08-15T08:36:52 +0ms service=tool.registry status=started e2e_marker
[Kilo New] ServerManager: ⚠️ CLI Server stderr: INFO  2026-08-15T08:36:52 +1ms service=tool.registry status=completed duration=1 e2e_marker
[Kilo New] ServerManager: ⚠️ CLI Server stderr: INFO  2026-08-15T08:36:52 +1ms service=session.tools status=completed duration=10 resolveTools
[Kilo New] ServerManager: ⚠️ CLI Server stderr: INFO  2026-08-15T08:36:53 +883ms service=model-cache providerID=apertis refreshing models
[Kilo New] ServerManager: ⚠️ CLI Server stderr: INFO  2026-08-15T08:36:53 +41ms service=session.processor session.id=ses_ffb6f5921ffe7fqDtYuSdit3bS messageID=msg_0049113ec00178Fik6HBlFGeaq process
[Kilo New] ServerManager: ⚠️ CLI Server stderr: INFO  2026-08-15T08:36:53 +3ms service=llm providerID=e2e-local modelID=e2e-model session.id=ses_ffb6f5921ffe7fqDtYuSdit3bS small=false agent=e2e-agent mode=primary stream
[Kilo New] ServerManager: ⚠️ CLI Server stderr: INFO  2026-08-15T08:36:53 +12ms service=model-cache providerID=apertis count=0 models fetched and cached
[Kilo New] ServerManager: ⚠️ CLI Server stderr: INFO  2026-08-15T08:36:53 +12ms service=default llm.runtime=ai-sdk llm.provider=e2e-local llm.model=e2e-model llm runtime selected
[Kilo New][P0-Perf] {"corr":"b4e081ba-89cc-44bc-935b-893749b1d932","stage":"sse.event","t":1786783013095,"d":45593,"surface":"extension","span":"start","eventType":"session.updated","dir":"/private/var/folders/9v/733tfwtj2jvgwygmtrbwj9gm0000gn/T/kilo-e2e-jNSxkS/workspace"}
[Kilo New][P0-Perf] {"corr":"b4e081ba-89cc-44bc-935b-893749b1d932","stage":"sse.event","t":1786783013095,"d":45593,"surface":"extension","span":"end","dur":1,"eventType":"session.updated","dir":"/private/var/folders/9v/733tfwtj2jvgwygmtrbwj9gm0000gn/T/kilo-e2e-jNSxkS/workspace"}
[Kilo New][P0-Perf] {"corr":"b4e081ba-89cc-44bc-935b-893749b1d932","stage":"sse.event","t":1786783013096,"d":45594,"surface":"extension","span":"start","eventType":"session.updated.1","dir":"/private/var/folders/9v/733tfwtj2jvgwygmtrbwj9gm0000gn/T/kilo-e2e-jNSxkS/workspace"}
[Kilo New][P0-Perf] {"corr":"b4e081ba-89cc-44bc-935b-893749b1d932","stage":"sse.event","t":1786783013096,"d":45594,"surface":"extension","span":"end","dur":0,"eventType":"session.updated.1","dir":"/private/var/folders/9v/733tfwtj2jvgwygmtrbwj9gm0000gn/T/kilo-e2e-jNSxkS/workspace"}
[Kilo New][P0-Perf] {"corr":"b4e081ba-89cc-44bc-935b-893749b1d932","stage":"sse.event","t":1786783013096,"d":45594,"surface":"extension","span":"start","eventType":"session.status","dir":"/private/var/folders/9v/733tfwtj2jvgwygmtrbwj9gm0000gn/T/kilo-e2e-jNSxkS/workspace"}
[Kilo New][P0-Perf] {"corr":"b4e081ba-89cc-44bc-935b-893749b1d932","stage":"sse.event","t":1786783013096,"d":45594,"surface":"extension","span":"end","dur":0,"eventType":"session.status","dir":"/private/var/folders/9v/733tfwtj2jvgwygmtrbwj9gm0000gn/T/kilo-e2e-jNSxkS/workspace"}
[Kilo New][P0-Perf] {"corr":"b4e081ba-89cc-44bc-935b-893749b1d932","stage":"sse.event","t":1786783013096,"d":45594,"surface":"extension","span":"start","eventType":"session.diff","dir":"/private/var/folders/9v/733tfwtj2jvgwygmtrbwj9gm0000gn/T/kilo-e2e-jNSxkS/workspace"}
[Kilo New][P0-Perf] {"corr":"b4e081ba-89cc-44bc-935b-893749b1d932","stage":"sse.event","t":1786783013096,"d":45594,"surface":"extension","span":"end","dur":0,"eventType":"session.diff","dir":"/private/var/folders/9v/733tfwtj2jvgwygmtrbwj9gm0000gn/T/kilo-e2e-jNSxkS/workspace"}
[Kilo New][P0-Perf] {"corr":"b4e081ba-89cc-44bc-935b-893749b1d932","stage":"sse.event","t":1786783013096,"d":45594,"surface":"extension","span":"start","eventType":"message.updated","dir":"/private/var/folders/9v/733tfwtj2jvgwygmtrbwj9gm0000gn/T/kilo-e2e-jNSxkS/workspace"}
[Kilo New][P0-Perf] {"corr":"b4e081ba-89cc-44bc-935b-893749b1d932","stage":"sse.event","t":1786783013097,"d":45595,"surface":"extension","span":"end","dur":1,"eventType":"message.updated","dir":"/private/var/folders/9v/733tfwtj2jvgwygmtrbwj9gm0000gn/T/kilo-e2e-jNSxkS/workspace"}
[Kilo New][P0-Perf] {"corr":"b4e081ba-89cc-44bc-935b-893749b1d932","stage":"sse.event","t":1786783013097,"d":45595,"surface":"extension","span":"start","eventType":"message.updated.1","dir":"/private/var/folders/9v/733tfwtj2jvgwygmtrbwj9gm0000gn/T/kilo-e2e-jNSxkS/workspace"}
[Kilo New][P0-Perf] {"corr":"b4e081ba-89cc-44bc-935b-893749b1d932","stage":"sse.event","t":1786783013097,"d":45595,"surface":"extension","span":"end","dur":0,"eventType":"message.updated.1","dir":"/private/var/folders/9v/733tfwtj2jvgwygmtrbwj9gm0000gn/T/kilo-e2e-jNSxkS/workspace"}
[Kilo New] ServerManager: ⚠️ CLI Server stderr: INFO  2026-08-15T08:36:53 +93ms service=p0-perf event=p0.start stage=tool_execute ts=1786783013164 id=ses_ffb6f5921ffe7fqDtYuSdit3bS meta={"tool":"e2e-fixture_e2e_echo","callID":"call_e2e_mcp_1","messageID":"msg_0049113ec00178Fik6HBlFGeaq"} tool_execute
[Kilo New] ServerManager: ⚠️ CLI Server stderr: INFO  2026-08-15T08:36:53 +5ms service=permission permission=e2e-fixture_e2e_echo pattern=* action={"permission":"*","action":"allow","pattern":"*"} evaluated
[Kilo New][P0-Perf] {"corr":"b4e081ba-89cc-44bc-935b-893749b1d932","stage":"sse.event","t":1786783013176,"d":45674,"surface":"extension","span":"start","eventType":"message.part.updated","dir":"/private/var/folders/9v/733tfwtj2jvgwygmtrbwj9gm0000gn/T/kilo-e2e-jNSxkS/workspace"}
[Kilo New][P0-Perf] {"corr":"b4e081ba-89cc-44bc-935b-893749b1d932","stage":"sse.event","t":1786783013177,"d":45675,"surface":"extension","span":"end","dur":1,"eventType":"message.part.updated","dir":"/private/var/folders/9v/733tfwtj2jvgwygmtrbwj9gm0000gn/T/kilo-e2e-jNSxkS/workspace"}
[Kilo New][P0-Perf] {"corr":"b4e081ba-89cc-44bc-935b-893749b1d932","stage":"sse.event","t":1786783013177,"d":45675,"surface":"extension","span":"start","eventType":"message.part.updated.1","dir":"/private/var/folders/9v/733tfwtj2jvgwygmtrbwj9gm0000gn/T/kilo-e2e-jNSxkS/workspace"}
[Kilo New][P0-Perf] {"corr":"b4e081ba-89cc-44bc-935b-893749b1d932","stage":"sse.event","t":1786783013177,"d":45675,"surface":"extension","span":"end","dur":0,"eventType":"message.part.updated.1","dir":"/private/var/folders/9v/733tfwtj2jvgwygmtrbwj9gm0000gn/T/kilo-e2e-jNSxkS/workspace"}
[Kilo New][P0-Perf] {"corr":"b4e081ba-89cc-44bc-935b-893749b1d932","stage":"sse.event","t":1786783013177,"d":45675,"surface":"extension","span":"start","eventType":"message.part.updated","dir":"/private/var/folders/9v/733tfwtj2jvgwygmtrbwj9gm0000gn/T/kilo-e2e-jNSxkS/workspace"}
[Kilo New][P0-Perf] {"corr":"b4e081ba-89cc-44bc-935b-893749b1d932","stage":"sse.event","t":1786783013177,"d":45675,"surface":"extension","span":"end","dur":0,"eventType":"message.part.updated","dir":"/private/var/folders/9v/733tfwtj2jvgwygmtrbwj9gm0000gn/T/kilo-e2e-jNSxkS/workspace"}
[Kilo New][P0-Perf] {"corr":"b4e081ba-89cc-44bc-935b-893749b1d932","stage":"sse.event","t":1786783013177,"d":45675,"surface":"extension","span":"start","eventType":"message.part.updated.1","dir":"/private/var/folders/9v/733tfwtj2jvgwygmtrbwj9gm0000gn/T/kilo-e2e-jNSxkS/workspace"}
[Kilo New][P0-Perf] {"corr":"b4e081ba-89cc-44bc-935b-893749b1d932","stage":"sse.event","t":1786783013177,"d":45675,"surface":"extension","span":"end","dur":0,"eventType":"message.part.updated.1","dir":"/private/var/folders/9v/733tfwtj2jvgwygmtrbwj9gm0000gn/T/kilo-e2e-jNSxkS/workspace"}
[Kilo New][P0-Perf] {"corr":"b4e081ba-89cc-44bc-935b-893749b1d932","stage":"sse.event","t":1786783013177,"d":45675,"surface":"extension","span":"start","eventType":"message.part.updated","dir":"/private/var/folders/9v/733tfwtj2jvgwygmtrbwj9gm0000gn/T/kilo-e2e-jNSxkS/workspace"}
[Kilo New][P0-Perf] {"corr":"b4e081ba-89cc-44bc-935b-893749b1d932","stage":"sse.event","t":1786783013177,"d":45675,"surface":"extension","span":"end","dur":0,"eventType":"message.part.updated","dir":"/private/var/folders/9v/733tfwtj2jvgwygmtrbwj9gm0000gn/T/kilo-e2e-jNSxkS/workspace"}
[Kilo New][P0-Perf] {"corr":"b4e081ba-89cc-44bc-935b-893749b1d932","stage":"sse.event","t":1786783013177,"d":45675,"surface":"extension","span":"start","eventType":"message.part.updated.1","dir":"/private/var/folders/9v/733tfwtj2jvgwygmtrbwj9gm0000gn/T/kilo-e2e-jNSxkS/workspace"}
[Kilo New][P0-Perf] {"corr":"b4e081ba-89cc-44bc-935b-893749b1d932","stage":"sse.event","t":1786783013178,"d":45676,"surface":"extension","span":"end","dur":1,"eventType":"message.part.updated.1","dir":"/private/var/folders/9v/733tfwtj2jvgwygmtrbwj9gm0000gn/T/kilo-e2e-jNSxkS/workspace"}
[Kilo New] ServerManager: ⚠️ CLI Server stderr: INFO  2026-08-15T08:36:53 +75ms service=p0-perf event=p0.end stage=tool_execute ts=1786783013244 duration=80 id=ses_ffb6f5921ffe7fqDtYuSdit3bS meta={"tool":"e2e-fixture_e2e_echo","callID":"call_e2e_mcp_1","messageID":"msg_0049113ec00178Fik6HBlFGeaq"} tool_execute
[Kilo New][P0-Perf] {"corr":"b4e081ba-89cc-44bc-935b-893749b1d932","stage":"sse.event","t":1786783013256,"d":45754,"surface":"extension","span":"start","eventType":"message.part.updated","dir":"/private/var/folders/9v/733tfwtj2jvgwygmtrbwj9gm0000gn/T/kilo-e2e-jNSxkS/workspace"}
[Kilo New][P0-Perf] {"corr":"b4e081ba-89cc-44bc-935b-893749b1d932","stage":"sse.event","t":1786783013256,"d":45754,"surface":"extension","span":"end","dur":0,"eventType":"message.part.updated","dir":"/private/var/folders/9v/733tfwtj2jvgwygmtrbwj9gm0000gn/T/kilo-e2e-jNSxkS/workspace"}
[Kilo New][P0-Perf] {"corr":"b4e081ba-89cc-44bc-935b-893749b1d932","stage":"sse.event","t":1786783013256,"d":45754,"surface":"extension","span":"start","eventType":"message.part.updated.1","dir":"/private/var/folders/9v/733tfwtj2jvgwygmtrbwj9gm0000gn/T/kilo-e2e-jNSxkS/workspace"}
[Kilo New][P0-Perf] {"corr":"b4e081ba-89cc-44bc-935b-893749b1d932","stage":"sse.event","t":1786783013256,"d":45754,"surface":"extension","span":"end","dur":0,"eventType":"message.part.updated.1","dir":"/private/var/folders/9v/733tfwtj2jvgwygmtrbwj9gm0000gn/T/kilo-e2e-jNSxkS/workspace"}
[Kilo New] ServerManager: ⚠️ CLI Server stderr: INFO  2026-08-15T08:36:53 +341ms service=snapshot hash=841cadea1f87b76c48a7d42497d66249b3f0236c cwd=/private/var/folders/9v/733tfwtj2jvgwygmtrbwj9gm0000gn/T/kilo-e2e-jNSxkS/workspace git=/var/folders/9v/733tfwtj2jvgwygmtrbwj9gm0000gn/T/kilo-e2e-jNSxkS/xdg-data/kilo/snapshot/8d92d1e5131045cc7f25d873d3918998f2fa7b46/9be8c9df477d736235572209b80be94e3ae91688 tracking
[Kilo New][P0-Perf] {"corr":"b4e081ba-89cc-44bc-935b-893749b1d932","stage":"sse.event","t":1786783013597,"d":46095,"surface":"extension","span":"start","eventType":"message.part.updated","dir":"/private/var/folders/9v/733tfwtj2jvgwygmtrbwj9gm0000gn/T/kilo-e2e-jNSxkS/workspace"}
[Kilo New][P0-Perf] {"corr":"b4e081ba-89cc-44bc-935b-893749b1d932","stage":"sse.event","t":1786783013598,"d":46096,"surface":"extension","span":"end","dur":1,"eventType":"message.part.updated","dir":"/private/var/folders/9v/733tfwtj2jvgwygmtrbwj9gm0000gn/T/kilo-e2e-jNSxkS/workspace"}
[Kilo New][P0-Perf] {"corr":"b4e081ba-89cc-44bc-935b-893749b1d932","stage":"sse.event","t":1786783013598,"d":46096,"surface":"extension","span":"start","eventType":"message.part.updated.1","dir":"/private/var/folders/9v/733tfwtj2jvgwygmtrbwj9gm0000gn/T/kilo-e2e-jNSxkS/workspace"}
[Kilo New][P0-Perf] {"corr":"b4e081ba-89cc-44bc-935b-893749b1d932","stage":"sse.event","t":1786783013598,"d":46096,"surface":"extension","span":"end","dur":0,"eventType":"message.part.updated.1","dir":"/private/var/folders/9v/733tfwtj2jvgwygmtrbwj9gm0000gn/T/kilo-e2e-jNSxkS/workspace"}
[Kilo New][P0-Perf] {"corr":"b4e081ba-89cc-44bc-935b-893749b1d932","stage":"sse.event","t":1786783013598,"d":46096,"surface":"extension","span":"start","eventType":"message.updated","dir":"/private/var/folders/9v/733tfwtj2jvgwygmtrbwj9gm0000gn/T/kilo-e2e-jNSxkS/workspace"}
[Kilo New][P0-Perf] {"corr":"b4e081ba-89cc-44bc-935b-893749b1d932","stage":"sse.event","t":1786783013598,"d":46096,"surface":"extension","span":"end","dur":0,"eventType":"message.updated","dir":"/private/var/folders/9v/733tfwtj2jvgwygmtrbwj9gm0000gn/T/kilo-e2e-jNSxkS/workspace"}
[Kilo New][P0-Perf] {"corr":"b4e081ba-89cc-44bc-935b-893749b1d932","stage":"sse.event","t":1786783013598,"d":46096,"surface":"extension","span":"start","eventType":"message.updated.1","dir":"/private/var/folders/9v/733tfwtj2jvgwygmtrbwj9gm0000gn/T/kilo-e2e-jNSxkS/workspace"}
[Kilo New][P0-Perf] {"corr":"b4e081ba-89cc-44bc-935b-893749b1d932","stage":"sse.event","t":1786783013599,"d":46097,"surface":"extension","span":"end","dur":1,"eventType":"message.updated.1","dir":"/private/var/folders/9v/733tfwtj2jvgwygmtrbwj9gm0000gn/T/kilo-e2e-jNSxkS/workspace"}
[Kilo New] ServerManager: ⚠️ CLI Server stderr: INFO  2026-08-15T08:36:53 +229ms service=session.prompt session.id=ses_ffb6f5921ffe7fqDtYuSdit3bS step=1 loop
[Kilo New] ServerManager: ⚠️ CLI Server stderr: INFO  2026-08-15T08:36:53 +7ms service=p0-perf event=p0.mark stage=processor_entry ts=1786783013821 id=ses_ffb6f5921ffe7fqDtYuSdit3bS meta={"messageID":"msg_004911bb8001jIe0NuY5gFBgyF","parentID":"msg_004911394001roC75sxzsq5SCO","model":"e2e-model","provider":"e2e-local"} processor_entry
[Kilo New][P0-Perf] {"corr":"b4e081ba-89cc-44bc-935b-893749b1d932","stage":"sse.event","t":1786783013825,"d":46323,"surface":"extension","span":"start","eventType":"message.part.updated","dir":"/private/var/folders/9v/733tfwtj2jvgwygmtrbwj9gm0000gn/T/kilo-e2e-jNSxkS/workspace"}
[Kilo New][P0-Perf] {"corr":"b4e081ba-89cc-44bc-935b-893749b1d932","stage":"sse.event","t":1786783013826,"d":46324,"surface":"extension","span":"end","dur":1,"eventType":"message.part.updated","dir":"/private/var/folders/9v/733tfwtj2jvgwygmtrbwj9gm0000gn/T/kilo-e2e-jNSxkS/workspace"}
[Kilo New][P0-Perf] {"corr":"b4e081ba-89cc-44bc-935b-893749b1d932","stage":"sse.event","t":1786783013826,"d":46324,"surface":"extension","span":"start","eventType":"message.part.updated.1","dir":"/private/var/folders/9v/733tfwtj2jvgwygmtrbwj9gm0000gn/T/kilo-e2e-jNSxkS/workspace"}
[Kilo New][P0-Perf] {"corr":"b4e081ba-89cc-44bc-935b-893749b1d932","stage":"sse.event","t":1786783013826,"d":46324,"surface":"extension","span":"end","dur":0,"eventType":"message.part.updated.1","dir":"/private/var/folders/9v/733tfwtj2jvgwygmtrbwj9gm0000gn/T/kilo-e2e-jNSxkS/workspace"}
[Kilo New][P0-Perf] {"corr":"b4e081ba-89cc-44bc-935b-893749b1d932","stage":"sse.event","t":1786783013826,"d":46324,"surface":"extension","span":"start","eventType":"message.updated","dir":"/private/var/folders/9v/733tfwtj2jvgwygmtrbwj9gm0000gn/T/kilo-e2e-jNSxkS/workspace"}
[Kilo New][P0-Perf] {"corr":"b4e081ba-89cc-44bc-935b-893749b1d932","stage":"sse.event","t":1786783013826,"d":46324,"surface":"extension","span":"end","dur":0,"eventType":"message.updated","dir":"/private/var/folders/9v/733tfwtj2jvgwygmtrbwj9gm0000gn/T/kilo-e2e-jNSxkS/workspace"}
[Kilo New][P0-Perf] {"corr":"b4e081ba-89cc-44bc-935b-893749b1d932","stage":"sse.event","t":1786783013826,"d":46324,"surface":"extension","span":"start","eventType":"message.updated.1","dir":"/private/var/folders/9v/733tfwtj2jvgwygmtrbwj9gm0000gn/T/kilo-e2e-jNSxkS/workspace"}
[Kilo New][P0-Perf] {"corr":"b4e081ba-89cc-44bc-935b-893749b1d932","stage":"sse.event","t":1786783013827,"d":46325,"surface":"extension","span":"end","dur":1,"eventType":"message.updated.1","dir":"/private/var/folders/9v/733tfwtj2jvgwygmtrbwj9gm0000gn/T/kilo-e2e-jNSxkS/workspace"}
[Kilo New][P0-Perf] {"corr":"b4e081ba-89cc-44bc-935b-893749b1d932","stage":"sse.event","t":1786783013827,"d":46325,"surface":"extension","span":"start","eventType":"session.status","dir":"/private/var/folders/9v/733tfwtj2jvgwygmtrbwj9gm0000gn/T/kilo-e2e-jNSxkS/workspace"}
[Kilo New][P0-Perf] {"corr":"b4e081ba-89cc-44bc-935b-893749b1d932","stage":"sse.event","t":1786783013827,"d":46325,"surface":"extension","span":"end","dur":0,"eventType":"session.status","dir":"/private/var/folders/9v/733tfwtj2jvgwygmtrbwj9gm0000gn/T/kilo-e2e-jNSxkS/workspace"}
[Kilo New][P0-Perf] {"corr":"b4e081ba-89cc-44bc-935b-893749b1d932","stage":"sse.event","t":1786783013827,"d":46325,"surface":"extension","span":"start","eventType":"message.updated","dir":"/private/var/folders/9v/733tfwtj2jvgwygmtrbwj9gm0000gn/T/kilo-e2e-jNSxkS/workspace"}
[Kilo New][P0-Perf] {"corr":"b4e081ba-89cc-44bc-935b-893749b1d932","stage":"sse.event","t":1786783013827,"d":46325,"surface":"extension","span":"end","dur":0,"eventType":"message.updated","dir":"/private/var/folders/9v/733tfwtj2jvgwygmtrbwj9gm0000gn/T/kilo-e2e-jNSxkS/workspace"}
[Kilo New][P0-Perf] {"corr":"b4e081ba-89cc-44bc-935b-893749b1d932","stage":"sse.event","t":1786783013827,"d":46325,"surface":"extension","span":"start","eventType":"message.updated.1","dir":"/private/var/folders/9v/733tfwtj2jvgwygmtrbwj9gm0000gn/T/kilo-e2e-jNSxkS/workspace"}
[Kilo New][P0-Perf] {"corr":"b4e081ba-89cc-44bc-935b-893749b1d932","stage":"model.firstEvent","t":1786783013827,"d":46325,"surface":"extension","sessionID":"ses_ffb6f5921ffe7fqDtYuSdit3bS","messageID":"msg_004911bb8001jIe0NuY5gFBgyF","parentID":"msg_004911394001roC75sxzsq5SCO","dir":"/private/var/folders/9v/733tfwtj2jvgwygmtrbwj9gm0000gn/T/kilo-e2e-jNSxkS/workspace"}
[Kilo New][P0-Perf] {"corr":"b4e081ba-89cc-44bc-935b-893749b1d932","stage":"sse.event","t":1786783013827,"d":46325,"surface":"extension","span":"end","dur":0,"eventType":"message.updated.1","dir":"/private/var/folders/9v/733tfwtj2jvgwygmtrbwj9gm0000gn/T/kilo-e2e-jNSxkS/workspace"}
[Kilo New] ServerManager: ⚠️ CLI Server stderr: INFO  2026-08-15T08:36:54 +1020ms service=model-cache providerID=apertis refreshing models
[Kilo New] ServerManager: ⚠️ CLI Server stderr: INFO  2026-08-15T08:36:54 +12ms service=snapshot hash=841cadea1f87b76c48a7d42497d66249b3f0236c cwd=/private/var/folders/9v/733tfwtj2jvgwygmtrbwj9gm0000gn/T/kilo-e2e-jNSxkS/workspace git=/var/folders/9v/733tfwtj2jvgwygmtrbwj9gm0000gn/T/kilo-e2e-jNSxkS/xdg-data/kilo/snapshot/8d92d1e5131045cc7f25d873d3918998f2fa7b46/9be8c9df477d736235572209b80be94e3ae91688 tracking
[Kilo New] ServerManager: ⚠️ CLI Server stderr: INFO  2026-08-15T08:36:54 +32ms service=model-cache providerID=apertis count=0 models fetched and cached
[Kilo New][P0-Perf] {"corr":"b4e081ba-89cc-44bc-935b-893749b1d932","stage":"sse.event","t":1786783014887,"d":47385,"surface":"extension","span":"start","eventType":"message.part.updated","dir":"/private/var/folders/9v/733tfwtj2jvgwygmtrbwj9gm0000gn/T/kilo-e2e-jNSxkS/workspace"}
[Kilo New][P0-Perf] {"corr":"b4e081ba-89cc-44bc-935b-893749b1d932","stage":"sse.event","t":1786783014888,"d":47386,"surface":"extension","span":"end","dur":1,"eventType":"message.part.updated","dir":"/private/var/folders/9v/733tfwtj2jvgwygmtrbwj9gm0000gn/T/kilo-e2e-jNSxkS/workspace"}
[Kilo New][P0-Perf] {"corr":"b4e081ba-89cc-44bc-935b-893749b1d932","stage":"sse.event","t":1786783014888,"d":47386,"surface":"extension","span":"start","eventType":"message.part.updated.1","dir":"/private/var/folders/9v/733tfwtj2jvgwygmtrbwj9gm0000gn/T/kilo-e2e-jNSxkS/workspace"}
[Kilo New][P0-Perf] {"corr":"b4e081ba-89cc-44bc-935b-893749b1d932","stage":"sse.event","t":1786783014888,"d":47386,"surface":"extension","span":"end","dur":0,"eventType":"message.part.updated.1","dir":"/private/var/folders/9v/733tfwtj2jvgwygmtrbwj9gm0000gn/T/kilo-e2e-jNSxkS/workspace"}
[Kilo New] ServerManager: ⚠️ CLI Server stderr: INFO  2026-08-15T08:36:54 +43ms service=session.tools status=started resolveTools
[Kilo New][P0-Perf] {"corr":"b4e081ba-89cc-44bc-935b-893749b1d932","stage":"sse.event","t":1786783014936,"d":47434,"surface":"extension","span":"start","eventType":"message.part.removed","dir":"/private/var/folders/9v/733tfwtj2jvgwygmtrbwj9gm0000gn/T/kilo-e2e-jNSxkS/workspace"}
[Kilo New][P0-Perf] {"corr":"b4e081ba-89cc-44bc-935b-893749b1d932","stage":"sse.event","t":1786783014937,"d":47435,"surface":"extension","span":"end","dur":1,"eventType":"message.part.removed","dir":"/private/var/folders/9v/733tfwtj2jvgwygmtrbwj9gm0000gn/T/kilo-e2e-jNSxkS/workspace"}
[Kilo New][P0-Perf] {"corr":"b4e081ba-89cc-44bc-935b-893749b1d932","stage":"sse.event","t":1786783014937,"d":47435,"surface":"extension","span":"start","eventType":"message.part.removed.1","dir":"/private/var/folders/9v/733tfwtj2jvgwygmtrbwj9gm0000gn/T/kilo-e2e-jNSxkS/workspace"}
[Kilo New][P0-Perf] {"corr":"b4e081ba-89cc-44bc-935b-893749b1d932","stage":"sse.event","t":1786783014937,"d":47435,"surface":"extension","span":"end","dur":0,"eventType":"message.part.removed.1","dir":"/private/var/folders/9v/733tfwtj2jvgwygmtrbwj9gm0000gn/T/kilo-e2e-jNSxkS/workspace"}
[Kilo New] ServerManager: ⚠️ CLI Server stderr: INFO  2026-08-15T08:36:55 +138ms service=tool.registry status=started invalid
[Kilo New] ServerManager: ⚠️ CLI Server stderr: INFO  2026-08-15T08:36:55 +1ms service=tool.registry status=completed duration=1 invalid
[Kilo New] ServerManager: ⚠️ CLI Server stderr: INFO  2026-08-15T08:36:55 +0ms service=tool.registry status=started question
[Kilo New] ServerManager: ⚠️ CLI Server stderr: INFO  2026-08-15T08:36:55 +0ms service=tool.registry status=completed duration=0 question
[Kilo New] ServerManager: ⚠️ CLI Server stderr: INFO  2026-08-15T08:36:55 +0ms service=tool.registry status=started bash
[Kilo New] ServerManager: ⚠️ CLI Server stderr: INFO  2026-08-15T08:36:55 +0ms service=tool.registry status=completed duration=0 bash
[Kilo New] ServerManager: ⚠️ CLI Server stderr: INFO  2026-08-15T08:36:55 +0ms service=tool.registry status=started read
[Kilo New] ServerManager: ⚠️ CLI Server stderr: INFO  2026-08-15T08:36:55 +0ms service=tool.registry status=completed duration=0 read
[Kilo New] ServerManager: ⚠️ CLI Server stderr: INFO  2026-08-15T08:36:55 +0ms service=tool.registry status=started glob
[Kilo New] ServerManager: ⚠️ CLI Server stderr: INFO  2026-08-15T08:36:55 +0ms service=tool.registry status=completed duration=0 glob
[Kilo New] ServerManager: ⚠️ CLI Server stderr: INFO  2026-08-15T08:36:55 +0ms service=tool.registry status=started grep
[Kilo New] ServerManager: ⚠️ CLI Server stderr: INFO  2026-08-15T08:36:55 +0ms service=tool.registry status=completed duration=0 grep
[Kilo New] ServerManager: ⚠️ CLI Server stderr: INFO  2026-08-15T08:36:55 +0ms service=tool.registry status=started edit
[Kilo New] ServerManager: ⚠️ CLI Server stderr: INFO  2026-08-15T08:36:55 +0ms service=tool.registry status=completed duration=0 edit
[Kilo New] ServerManager: ⚠️ CLI Server stderr: INFO  2026-08-15T08:36:55 +0ms service=tool.registry status=started write
[Kilo New] ServerManager: ⚠️ CLI Server stderr: INFO  2026-08-15T08:36:55 +0ms service=tool.registry status=completed duration=0 write
[Kilo New] ServerManager: ⚠️ CLI Server stderr: INFO  2026-08-15T08:36:55 +0ms service=tool.registry status=started task
[Kilo New] ServerManager: ⚠️ CLI Server stderr: INFO  2026-08-15T08:36:55 +2ms service=tool.registry status=completed duration=2 task
[Kilo New] ServerManager: ⚠️ CLI Server stderr: INFO  2026-08-15T08:36:55 +0ms service=tool.registry status=started webfetch
[Kilo New] ServerManager: ⚠️ CLI Server stderr: INFO  2026-08-15T08:36:55 +0ms service=tool.registry status=completed duration=0 webfetch
[Kilo New] ServerManager: ⚠️ CLI Server stderr: INFO  2026-08-15T08:36:55 +0ms service=tool.registry status=started todowrite
[Kilo New] ServerManager: ⚠️ CLI Server stderr: INFO  2026-08-15T08:36:55 +0ms service=tool.registry status=completed duration=0 todowrite
[Kilo New] ServerManager: ⚠️ CLI Server stderr: INFO  2026-08-15T08:36:55 +0ms service=tool.registry status=started skill
[Kilo New] ServerManager: ⚠️ CLI Server stderr: INFO  2026-08-15T08:36:55 +2ms service=tool.registry status=completed duration=2 skill
[Kilo New] ServerManager: ⚠️ CLI Server stderr: INFO  2026-08-15T08:36:55 +0ms service=tool.registry status=started plan_exit
[Kilo New] ServerManager: ⚠️ CLI Server stderr: INFO  2026-08-15T08:36:55 +1ms service=tool.registry status=completed duration=1 plan_exit
[Kilo New] ServerManager: ⚠️ CLI Server stderr: INFO  2026-08-15T08:36:55 +0ms service=tool.registry status=started kilo_local_recall
[Kilo New] ServerManager: ⚠️ CLI Server stderr: INFO  2026-08-15T08:36:55 +0ms service=tool.registry status=completed duration=0 kilo_local_recall
[Kilo New] ServerManager: ⚠️ CLI Server stderr: INFO  2026-08-15T08:36:55 +0ms service=tool.registry status=started background_process
[Kilo New] ServerManager: ⚠️ CLI Server stderr: INFO  2026-08-15T08:36:55 +0ms service=tool.registry status=completed duration=0 background_process
[Kilo New] ServerManager: ⚠️ CLI Server stderr: INFO  2026-08-15T08:36:55 +0ms service=tool.registry status=started agent_manager_models
[Kilo New] ServerManager: ⚠️ CLI Server stderr: INFO  2026-08-15T08:36:55 +0ms service=tool.registry status=completed duration=0 agent_manager_models
[Kilo New] ServerManager: ⚠️ CLI Server stderr: INFO  2026-08-15T08:36:55 +0ms service=tool.registry status=started agent_manager
[Kilo New] ServerManager: ⚠️ CLI Server stderr: INFO  2026-08-15T08:36:55 +0ms service=tool.registry status=completed duration=0 agent_manager
[Kilo New] ServerManager: ⚠️ CLI Server stderr: INFO  2026-08-15T08:36:55 +0ms service=tool.registry status=started e2e_marker
[Kilo New] ServerManager: ⚠️ CLI Server stderr: INFO  2026-08-15T08:36:55 +1ms service=tool.registry status=completed duration=1 e2e_marker
[Kilo New] ServerManager: ⚠️ CLI Server stderr: INFO  2026-08-15T08:36:55 +0ms service=session.tools status=completed duration=145 resolveTools
[Kilo New] ServerManager: ⚠️ CLI Server stderr: INFO  2026-08-15T08:36:55 +105ms service=session.processor session.id=ses_ffb6f5921ffe7fqDtYuSdit3bS messageID=msg_004911bb8001jIe0NuY5gFBgyF process
[Kilo New] ServerManager: ⚠️ CLI Server stderr: INFO  2026-08-15T08:36:55 +4ms service=llm providerID=e2e-local modelID=e2e-model session.id=ses_ffb6f5921ffe7fqDtYuSdit3bS small=false agent=e2e-agent mode=primary stream
[Kilo New] ServerManager: ⚠️ CLI Server stderr: INFO  2026-08-15T08:36:55 +5ms service=default llm.runtime=ai-sdk llm.provider=e2e-local llm.model=e2e-model llm runtime selected
[Kilo New][P0-Perf] {"corr":"b4e081ba-89cc-44bc-935b-893749b1d932","stage":"sse.event","t":1786783015196,"d":47694,"surface":"extension","span":"start","eventType":"server.heartbeat"}
[Kilo New][P0-Perf] {"corr":"b4e081ba-89cc-44bc-935b-893749b1d932","stage":"sse.event","t":1786783015196,"d":47694,"surface":"extension","span":"end","dur":0,"eventType":"server.heartbeat"}
[Kilo New][P0-Perf] {"corr":"b4e081ba-89cc-44bc-935b-893749b1d932","stage":"sse.event","t":1786783015196,"d":47694,"surface":"extension","span":"start","eventType":"session.status","dir":"/private/var/folders/9v/733tfwtj2jvgwygmtrbwj9gm0000gn/T/kilo-e2e-jNSxkS/workspace"}
[Kilo New][P0-Perf] {"corr":"b4e081ba-89cc-44bc-935b-893749b1d932","stage":"sse.event","t":1786783015196,"d":47694,"surface":"extension","span":"end","dur":0,"eventType":"session.status","dir":"/private/var/folders/9v/733tfwtj2jvgwygmtrbwj9gm0000gn/T/kilo-e2e-jNSxkS/workspace"}
[Kilo New][P0-Perf] {"corr":"b4e081ba-89cc-44bc-935b-893749b1d932","stage":"sse.event","t":1786783015238,"d":47736,"surface":"extension","span":"start","eventType":"message.part.updated","dir":"/private/var/folders/9v/733tfwtj2jvgwygmtrbwj9gm0000gn/T/kilo-e2e-jNSxkS/workspace"}
[Kilo New][P0-Perf] {"corr":"b4e081ba-89cc-44bc-935b-893749b1d932","stage":"sse.event","t":1786783015238,"d":47736,"surface":"extension","span":"end","dur":0,"eventType":"message.part.updated","dir":"/private/var/folders/9v/733tfwtj2jvgwygmtrbwj9gm0000gn/T/kilo-e2e-jNSxkS/workspace"}
[Kilo New][P0-Perf] {"corr":"b4e081ba-89cc-44bc-935b-893749b1d932","stage":"sse.event","t":1786783015238,"d":47736,"surface":"extension","span":"start","eventType":"message.part.updated.1","dir":"/private/var/folders/9v/733tfwtj2jvgwygmtrbwj9gm0000gn/T/kilo-e2e-jNSxkS/workspace"}
[Kilo New][P0-Perf] {"corr":"b4e081ba-89cc-44bc-935b-893749b1d932","stage":"sse.event","t":1786783015238,"d":47736,"surface":"extension","span":"end","dur":0,"eventType":"message.part.updated.1","dir":"/private/var/folders/9v/733tfwtj2jvgwygmtrbwj9gm0000gn/T/kilo-e2e-jNSxkS/workspace"}
[Kilo New][P0-Perf] {"corr":"b4e081ba-89cc-44bc-935b-893749b1d932","stage":"sse.event","t":1786783015238,"d":47736,"surface":"extension","span":"start","eventType":"message.part.updated","dir":"/private/var/folders/9v/733tfwtj2jvgwygmtrbwj9gm0000gn/T/kilo-e2e-jNSxkS/workspace"}
[Kilo New][P0-Perf] {"corr":"b4e081ba-89cc-44bc-935b-893749b1d932","stage":"sse.event","t":1786783015238,"d":47736,"surface":"extension","span":"end","dur":0,"eventType":"message.part.updated","dir":"/private/var/folders/9v/733tfwtj2jvgwygmtrbwj9gm0000gn/T/kilo-e2e-jNSxkS/workspace"}
[Kilo New][P0-Perf] {"corr":"b4e081ba-89cc-44bc-935b-893749b1d932","stage":"sse.event","t":1786783015238,"d":47736,"surface":"extension","span":"start","eventType":"message.part.updated.1","dir":"/private/var/folders/9v/733tfwtj2jvgwygmtrbwj9gm0000gn/T/kilo-e2e-jNSxkS/workspace"}
[Kilo New][P0-Perf] {"corr":"b4e081ba-89cc-44bc-935b-893749b1d932","stage":"sse.event","t":1786783015238,"d":47736,"surface":"extension","span":"end","dur":0,"eventType":"message.part.updated.1","dir":"/private/var/folders/9v/733tfwtj2jvgwygmtrbwj9gm0000gn/T/kilo-e2e-jNSxkS/workspace"}
[Kilo New][P0-Perf] {"corr":"b4e081ba-89cc-44bc-935b-893749b1d932","stage":"sse.event","t":1786783015238,"d":47736,"surface":"extension","span":"start","eventType":"message.part.delta","dir":"/private/var/folders/9v/733tfwtj2jvgwygmtrbwj9gm0000gn/T/kilo-e2e-jNSxkS/workspace"}
[Kilo New][P0-Perf] {"corr":"b4e081ba-89cc-44bc-935b-893749b1d932","stage":"sse.event","t":1786783015239,"d":47737,"surface":"extension","span":"end","dur":1,"eventType":"message.part.delta","dir":"/private/var/folders/9v/733tfwtj2jvgwygmtrbwj9gm0000gn/T/kilo-e2e-jNSxkS/workspace"}
[Kilo New][P0-Perf] {"corr":"b4e081ba-89cc-44bc-935b-893749b1d932","stage":"sse.event","t":1786783015239,"d":47737,"surface":"extension","span":"start","eventType":"message.part.updated","dir":"/private/var/folders/9v/733tfwtj2jvgwygmtrbwj9gm0000gn/T/kilo-e2e-jNSxkS/workspace"}
[Kilo New][P0-Perf] {"corr":"b4e081ba-89cc-44bc-935b-893749b1d932","stage":"sse.event","t":1786783015239,"d":47737,"surface":"extension","span":"end","dur":0,"eventType":"message.part.updated","dir":"/private/var/folders/9v/733tfwtj2jvgwygmtrbwj9gm0000gn/T/kilo-e2e-jNSxkS/workspace"}
[Kilo New][P0-Perf] {"corr":"b4e081ba-89cc-44bc-935b-893749b1d932","stage":"sse.event","t":1786783015239,"d":47737,"surface":"extension","span":"start","eventType":"message.part.updated.1","dir":"/private/var/folders/9v/733tfwtj2jvgwygmtrbwj9gm0000gn/T/kilo-e2e-jNSxkS/workspace"}
[Kilo New][P0-Perf] {"corr":"b4e081ba-89cc-44bc-935b-893749b1d932","stage":"sse.event","t":1786783015239,"d":47737,"surface":"extension","span":"end","dur":0,"eventType":"message.part.updated.1","dir":"/private/var/folders/9v/733tfwtj2jvgwygmtrbwj9gm0000gn/T/kilo-e2e-jNSxkS/workspace"}
[Kilo New][P0-Perf] {"corr":"b4e081ba-89cc-44bc-935b-893749b1d932","stage":"sse.event","t":1786783015301,"d":47799,"surface":"extension","span":"start","eventType":"session.updated","dir":"/private/var/folders/9v/733tfwtj2jvgwygmtrbwj9gm0000gn/T/kilo-e2e-jNSxkS/workspace"}
[Kilo New][P0-Perf] {"corr":"b4e081ba-89cc-44bc-935b-893749b1d932","stage":"sse.event","t":1786783015301,"d":47799,"surface":"extension","span":"end","dur":0,"eventType":"session.updated","dir":"/private/var/folders/9v/733tfwtj2jvgwygmtrbwj9gm0000gn/T/kilo-e2e-jNSxkS/workspace"}
[Kilo New][P0-Perf] {"corr":"b4e081ba-89cc-44bc-935b-893749b1d932","stage":"sse.event","t":1786783015301,"d":47799,"surface":"extension","span":"start","eventType":"session.updated.1","dir":"/private/var/folders/9v/733tfwtj2jvgwygmtrbwj9gm0000gn/T/kilo-e2e-jNSxkS/workspace"}
[Kilo New][P0-Perf] {"corr":"b4e081ba-89cc-44bc-935b-893749b1d932","stage":"sse.event","t":1786783015301,"d":47799,"surface":"extension","span":"end","dur":0,"eventType":"session.updated.1","dir":"/private/var/folders/9v/733tfwtj2jvgwygmtrbwj9gm0000gn/T/kilo-e2e-jNSxkS/workspace"}
[Kilo New][P0-Perf] {"corr":"b4e081ba-89cc-44bc-935b-893749b1d932","stage":"sse.event","t":1786783015327,"d":47825,"surface":"extension","span":"start","eventType":"session.diff","dir":"/private/var/folders/9v/733tfwtj2jvgwygmtrbwj9gm0000gn/T/kilo-e2e-jNSxkS/workspace"}
[Kilo New][P0-Perf] {"corr":"b4e081ba-89cc-44bc-935b-893749b1d932","stage":"sse.event","t":1786783015327,"d":47825,"surface":"extension","span":"end","dur":0,"eventType":"session.diff","dir":"/private/var/folders/9v/733tfwtj2jvgwygmtrbwj9gm0000gn/T/kilo-e2e-jNSxkS/workspace"}
[Kilo New] ServerManager: ⚠️ CLI Server stderr: INFO  2026-08-15T08:36:55 +327ms service=snapshot hash=841cadea1f87b76c48a7d42497d66249b3f0236c cwd=/private/var/folders/9v/733tfwtj2jvgwygmtrbwj9gm0000gn/T/kilo-e2e-jNSxkS/workspace git=/var/folders/9v/733tfwtj2jvgwygmtrbwj9gm0000gn/T/kilo-e2e-jNSxkS/xdg-data/kilo/snapshot/8d92d1e5131045cc7f25d873d3918998f2fa7b46/9be8c9df477d736235572209b80be94e3ae91688 tracking
[Kilo New][P0-Perf] {"corr":"b4e081ba-89cc-44bc-935b-893749b1d932","stage":"sse.event","t":1786783015524,"d":48022,"surface":"extension","span":"start","eventType":"message.part.updated","dir":"/private/var/folders/9v/733tfwtj2jvgwygmtrbwj9gm0000gn/T/kilo-e2e-jNSxkS/workspace"}
[Kilo New][P0-Perf] {"corr":"b4e081ba-89cc-44bc-935b-893749b1d932","stage":"sse.event","t":1786783015524,"d":48022,"surface":"extension","span":"end","dur":0,"eventType":"message.part.updated","dir":"/private/var/folders/9v/733tfwtj2jvgwygmtrbwj9gm0000gn/T/kilo-e2e-jNSxkS/workspace"}
[Kilo New][P0-Perf] {"corr":"b4e081ba-89cc-44bc-935b-893749b1d932","stage":"sse.event","t":1786783015524,"d":48022,"surface":"extension","span":"start","eventType":"message.part.updated.1","dir":"/private/var/folders/9v/733tfwtj2jvgwygmtrbwj9gm0000gn/T/kilo-e2e-jNSxkS/workspace"}
[Kilo New][P0-Perf] {"corr":"b4e081ba-89cc-44bc-935b-893749b1d932","stage":"sse.event","t":1786783015524,"d":48022,"surface":"extension","span":"end","dur":0,"eventType":"message.part.updated.1","dir":"/private/var/folders/9v/733tfwtj2jvgwygmtrbwj9gm0000gn/T/kilo-e2e-jNSxkS/workspace"}
[Kilo New][P0-Perf] {"corr":"b4e081ba-89cc-44bc-935b-893749b1d932","stage":"sse.event","t":1786783015524,"d":48022,"surface":"extension","span":"start","eventType":"message.updated","dir":"/private/var/folders/9v/733tfwtj2jvgwygmtrbwj9gm0000gn/T/kilo-e2e-jNSxkS/workspace"}
[Kilo New][P0-Perf] {"corr":"b4e081ba-89cc-44bc-935b-893749b1d932","stage":"sse.event","t":1786783015525,"d":48023,"surface":"extension","span":"end","dur":1,"eventType":"message.updated","dir":"/private/var/folders/9v/733tfwtj2jvgwygmtrbwj9gm0000gn/T/kilo-e2e-jNSxkS/workspace"}
[Kilo New][P0-Perf] {"corr":"b4e081ba-89cc-44bc-935b-893749b1d932","stage":"sse.event","t":1786783015525,"d":48023,"surface":"extension","span":"start","eventType":"message.updated.1","dir":"/private/var/folders/9v/733tfwtj2jvgwygmtrbwj9gm0000gn/T/kilo-e2e-jNSxkS/workspace"}
[Kilo New][P0-Perf] {"corr":"b4e081ba-89cc-44bc-935b-893749b1d932","stage":"sse.event","t":1786783015525,"d":48023,"surface":"extension","span":"end","dur":0,"eventType":"message.updated.1","dir":"/private/var/folders/9v/733tfwtj2jvgwygmtrbwj9gm0000gn/T/kilo-e2e-jNSxkS/workspace"}
[Kilo New] ServerManager: ⚠️ CLI Server stderr: INFO  2026-08-15T08:36:55 +233ms service=session.prompt session.id=ses_ffb6f5921ffe7fqDtYuSdit3bS step=2 loop
[Kilo New] ServerManager: ⚠️ CLI Server stderr: INFO  2026-08-15T08:36:55 +5ms service=session.prompt session.id=ses_ffb6f5921ffe7fqDtYuSdit3bS exiting loop
[Kilo New] ServerManager: ⚠️ CLI Server stderr: INFO  2026-08-15T08:36:55 +3ms service=bus type=session.turn.close publishing
[Kilo New][P0-Perf] {"corr":"b4e081ba-89cc-44bc-935b-893749b1d932","stage":"sse.event","t":1786783015761,"d":48259,"surface":"extension","span":"start","eventType":"message.updated","dir":"/private/var/folders/9v/733tfwtj2jvgwygmtrbwj9gm0000gn/T/kilo-e2e-jNSxkS/workspace"}
[Kilo New][P0-Perf] {"corr":"b4e081ba-89cc-44bc-935b-893749b1d932","stage":"sse.event","t":1786783015761,"d":48259,"surface":"extension","span":"end","dur":0,"eventType":"message.updated","dir":"/private/var/folders/9v/733tfwtj2jvgwygmtrbwj9gm0000gn/T/kilo-e2e-jNSxkS/workspace"}
[Kilo New][P0-Perf] {"corr":"b4e081ba-89cc-44bc-935b-893749b1d932","stage":"sse.event","t":1786783015761,"d":48259,"surface":"extension","span":"start","eventType":"message.updated.1","dir":"/private/var/folders/9v/733tfwtj2jvgwygmtrbwj9gm0000gn/T/kilo-e2e-jNSxkS/workspace"}
[Kilo New][P0-Perf] {"corr":"b4e081ba-89cc-44bc-935b-893749b1d932","stage":"sse.event","t":1786783015761,"d":48259,"surface":"extension","span":"end","dur":0,"eventType":"message.updated.1","dir":"/private/var/folders/9v/733tfwtj2jvgwygmtrbwj9gm0000gn/T/kilo-e2e-jNSxkS/workspace"}
[Kilo New][P0-Perf] {"corr":"b4e081ba-89cc-44bc-935b-893749b1d932","stage":"sse.event","t":1786783015761,"d":48259,"surface":"extension","span":"start","eventType":"session.status","dir":"/private/var/folders/9v/733tfwtj2jvgwygmtrbwj9gm0000gn/T/kilo-e2e-jNSxkS/workspace"}
[Kilo New][P0-Perf] {"corr":"b4e081ba-89cc-44bc-935b-893749b1d932","stage":"sse.event","t":1786783015762,"d":48260,"surface":"extension","span":"end","dur":1,"eventType":"session.status","dir":"/private/var/folders/9v/733tfwtj2jvgwygmtrbwj9gm0000gn/T/kilo-e2e-jNSxkS/workspace"}
[Kilo New][P0-Perf] {"corr":"b4e081ba-89cc-44bc-935b-893749b1d932","stage":"sse.event","t":1786783015762,"d":48260,"surface":"extension","span":"start","eventType":"session.status","dir":"/private/var/folders/9v/733tfwtj2jvgwygmtrbwj9gm0000gn/T/kilo-e2e-jNSxkS/workspace"}
[Kilo New][P0-Perf] {"corr":"b4e081ba-89cc-44bc-935b-893749b1d932","stage":"sse.event","t":1786783015762,"d":48260,"surface":"extension","span":"end","dur":0,"eventType":"session.status","dir":"/private/var/folders/9v/733tfwtj2jvgwygmtrbwj9gm0000gn/T/kilo-e2e-jNSxkS/workspace"}
[Kilo New][P0-Perf] {"corr":"b4e081ba-89cc-44bc-935b-893749b1d932","stage":"sse.event","t":1786783015762,"d":48260,"surface":"extension","span":"start","eventType":"session.idle","dir":"/private/var/folders/9v/733tfwtj2jvgwygmtrbwj9gm0000gn/T/kilo-e2e-jNSxkS/workspace"}
[Kilo New][P0-Perf] {"corr":"b4e081ba-89cc-44bc-935b-893749b1d932","stage":"sse.event","t":1786783015763,"d":48261,"surface":"extension","span":"end","dur":1,"eventType":"session.idle","dir":"/private/var/folders/9v/733tfwtj2jvgwygmtrbwj9gm0000gn/T/kilo-e2e-jNSxkS/workspace"}
[Kilo New][P0-Perf] {"corr":"b4e081ba-89cc-44bc-935b-893749b1d932","stage":"sse.event","t":1786783015763,"d":48261,"surface":"extension","span":"start","eventType":"session.turn.close","dir":"/private/var/folders/9v/733tfwtj2jvgwygmtrbwj9gm0000gn/T/kilo-e2e-jNSxkS/workspace"}
[Kilo New][P0-Perf] {"corr":"b4e081ba-89cc-44bc-935b-893749b1d932","stage":"sse.event","t":1786783015763,"d":48261,"surface":"extension","span":"end","dur":0,"eventType":"session.turn.close","dir":"/private/var/folders/9v/733tfwtj2jvgwygmtrbwj9gm0000gn/T/kilo-e2e-jNSxkS/workspace"}
[Kilo New][P0-Perf] {"corr":"b4e081ba-89cc-44bc-935b-893749b1d932","stage":"sse.event","t":1786783015809,"d":48307,"surface":"extension","span":"start","eventType":"session.updated","dir":"/private/var/folders/9v/733tfwtj2jvgwygmtrbwj9gm0000gn/T/kilo-e2e-jNSxkS/workspace"}
[Kilo New][P0-Perf] {"corr":"b4e081ba-89cc-44bc-935b-893749b1d932","stage":"sse.event","t":1786783015810,"d":48308,"surface":"extension","span":"end","dur":1,"eventType":"session.updated","dir":"/private/var/folders/9v/733tfwtj2jvgwygmtrbwj9gm0000gn/T/kilo-e2e-jNSxkS/workspace"}
[Kilo New][P0-Perf] {"corr":"b4e081ba-89cc-44bc-935b-893749b1d932","stage":"sse.event","t":1786783015810,"d":48308,"surface":"extension","span":"start","eventType":"session.updated.1","dir":"/private/var/folders/9v/733tfwtj2jvgwygmtrbwj9gm0000gn/T/kilo-e2e-jNSxkS/workspace"}
[Kilo New][P0-Perf] {"corr":"b4e081ba-89cc-44bc-935b-893749b1d932","stage":"sse.event","t":1786783015810,"d":48308,"surface":"extension","span":"end","dur":0,"eventType":"session.updated.1","dir":"/private/var/folders/9v/733tfwtj2jvgwygmtrbwj9gm0000gn/T/kilo-e2e-jNSxkS/workspace"}
[Kilo New][P0-Perf] {"corr":"b4e081ba-89cc-44bc-935b-893749b1d932","stage":"sse.event","t":1786783015837,"d":48335,"surface":"extension","span":"start","eventType":"session.diff","dir":"/private/var/folders/9v/733tfwtj2jvgwygmtrbwj9gm0000gn/T/kilo-e2e-jNSxkS/workspace"}
[Kilo New][P0-Perf] {"corr":"b4e081ba-89cc-44bc-935b-893749b1d932","stage":"sse.event","t":1786783015837,"d":48335,"surface":"extension","span":"end","dur":0,"eventType":"session.diff","dir":"/private/var/folders/9v/733tfwtj2jvgwygmtrbwj9gm0000gn/T/kilo-e2e-jNSxkS/workspace"}
[Kilo New] ServerManager: ⚠️ CLI Server stderr: INFO  2026-08-15T08:36:56 +801ms service=model-cache providerID=apertis refreshing models
[Kilo New] ServerManager: ⚠️ CLI Server stderr: INFO  2026-08-15T08:36:56 +5ms service=model-cache providerID=apertis count=0 models fetched and cached
[Kilo New][P0-Perf] {"corr":"b4e081ba-89cc-44bc-935b-893749b1d932","stage":"sse.event","t":1786783016592,"d":49090,"surface":"extension","span":"start","eventType":"message.updated","dir":"/private/var/folders/9v/733tfwtj2jvgwygmtrbwj9gm0000gn/T/kilo-e2e-jNSxkS/workspace"}
[Kilo New][P0-Perf] {"corr":"b4e081ba-89cc-44bc-935b-893749b1d932","stage":"sse.event","t":1786783016593,"d":49091,"surface":"extension","span":"end","dur":1,"eventType":"message.updated","dir":"/private/var/folders/9v/733tfwtj2jvgwygmtrbwj9gm0000gn/T/kilo-e2e-jNSxkS/workspace"}
[Kilo New][P0-Perf] {"corr":"b4e081ba-89cc-44bc-935b-893749b1d932","stage":"sse.event","t":1786783016593,"d":49091,"surface":"extension","span":"start","eventType":"message.updated.1","dir":"/private/var/folders/9v/733tfwtj2jvgwygmtrbwj9gm0000gn/T/kilo-e2e-jNSxkS/workspace"}
[Kilo New][P0-Perf] {"corr":"b4e081ba-89cc-44bc-935b-893749b1d932","stage":"sse.event","t":1786783016593,"d":49091,"surface":"extension","span":"end","dur":0,"eventType":"message.updated.1","dir":"/private/var/folders/9v/733tfwtj2jvgwygmtrbwj9gm0000gn/T/kilo-e2e-jNSxkS/workspace"}
[Kilo New][P0-Perf] {"corr":"b4e081ba-89cc-44bc-935b-893749b1d932","stage":"sse.event","t":1786783016593,"d":49091,"surface":"extension","span":"start","eventType":"message.updated","dir":"/private/var/folders/9v/733tfwtj2jvgwygmtrbwj9gm0000gn/T/kilo-e2e-jNSxkS/workspace"}
[Kilo New][P0-Perf] {"corr":"b4e081ba-89cc-44bc-935b-893749b1d932","stage":"sse.event","t":1786783016593,"d":49091,"surface":"extension","span":"end","dur":0,"eventType":"message.updated","dir":"/private/var/folders/9v/733tfwtj2jvgwygmtrbwj9gm0000gn/T/kilo-e2e-jNSxkS/workspace"}
[Kilo New][P0-Perf] {"corr":"b4e081ba-89cc-44bc-935b-893749b1d932","stage":"sse.event","t":1786783016593,"d":49091,"surface":"extension","span":"start","eventType":"message.updated.1","dir":"/private/var/folders/9v/733tfwtj2jvgwygmtrbwj9gm0000gn/T/kilo-e2e-jNSxkS/workspace"}
[Kilo New][P0-Perf] {"corr":"b4e081ba-89cc-44bc-935b-893749b1d932","stage":"sse.event","t":1786783016594,"d":49092,"surface":"extension","span":"end","dur":1,"eventType":"message.updated.1","dir":"/private/var/folders/9v/733tfwtj2jvgwygmtrbwj9gm0000gn/T/kilo-e2e-jNSxkS/workspace"}
[probe] PASS H-5 MCP: connected + tool executed inside the real loop (attempt 1)
[probe] PASS H-5 MCP server-side log written: /var/folders/9v/733tfwtj2jvgwygmtrbwj9gm0000gn/T/kilo-e2e-jNSxkS/workspace/mcp-fixture/calls.log
[probe] PASS H-5 MCP child alive while connected: 39897
[Kilo New][P0-Perf] {"corr":"b4e081ba-89cc-44bc-935b-893749b1d932","stage":"prompt.submit","t":1786783017754,"d":50252,"surface":"extension","sessionID":"ses_ffb6f5921ffe7fqDtYuSdit3bS","messageID":"msg_004912b05001nXnkdYMuCumZ10","dir":"/var/folders/9v/733tfwtj2jvgwygmtrbwj9gm0000gn/T/kilo-e2e-jNSxkS/workspace"}
[probe] sent prompt via real prompt input: E2E_PERMISSION_READ: read the ask.txt file
[Kilo New] ServerManager: ⚠️ CLI Server stderr: INFO  2026-08-15T08:36:57 +1309ms service=bus type=session.turn.open publishing
[Kilo New] ServerManager: ⚠️ CLI Server stderr: INFO  2026-08-15T08:36:57 +6ms service=session.prompt session.id=ses_ffb6f5921ffe7fqDtYuSdit3bS step=0 loop
[Kilo New] ServerManager: ⚠️ CLI Server stderr: INFO  2026-08-15T08:36:57 +8ms service=p0-perf event=p0.mark stage=processor_entry ts=1786783017884 id=ses_ffb6f5921ffe7fqDtYuSdit3bS meta={"messageID":"msg_004912b99001yXeWqQdafl5atC","parentID":"msg_004912b05001nXnkdYMuCumZ10","model":"e2e-model","provider":"e2e-local"} processor_entry
[Kilo New][P0-Perf] {"corr":"b4e081ba-89cc-44bc-935b-893749b1d932","stage":"sse.event","t":1786783017886,"d":50384,"surface":"extension","span":"start","eventType":"message.updated","dir":"/private/var/folders/9v/733tfwtj2jvgwygmtrbwj9gm0000gn/T/kilo-e2e-jNSxkS/workspace"}
[Kilo New][P0-Perf] {"corr":"b4e081ba-89cc-44bc-935b-893749b1d932","stage":"sse.event","t":1786783017886,"d":50384,"surface":"extension","span":"end","dur":0,"eventType":"message.updated","dir":"/private/var/folders/9v/733tfwtj2jvgwygmtrbwj9gm0000gn/T/kilo-e2e-jNSxkS/workspace"}
[Kilo New][P0-Perf] {"corr":"b4e081ba-89cc-44bc-935b-893749b1d932","stage":"sse.event","t":1786783017886,"d":50384,"surface":"extension","span":"start","eventType":"message.updated.1","dir":"/private/var/folders/9v/733tfwtj2jvgwygmtrbwj9gm0000gn/T/kilo-e2e-jNSxkS/workspace"}
[Kilo New][P0-Perf] {"corr":"b4e081ba-89cc-44bc-935b-893749b1d932","stage":"sse.event","t":1786783017886,"d":50384,"surface":"extension","span":"end","dur":0,"eventType":"message.updated.1","dir":"/private/var/folders/9v/733tfwtj2jvgwygmtrbwj9gm0000gn/T/kilo-e2e-jNSxkS/workspace"}
[Kilo New][P0-Perf] {"corr":"b4e081ba-89cc-44bc-935b-893749b1d932","stage":"sse.event","t":1786783017887,"d":50385,"surface":"extension","span":"start","eventType":"message.part.updated","dir":"/private/var/folders/9v/733tfwtj2jvgwygmtrbwj9gm0000gn/T/kilo-e2e-jNSxkS/workspace"}
[Kilo New][P0-Perf] {"corr":"b4e081ba-89cc-44bc-935b-893749b1d932","stage":"sse.event","t":1786783017887,"d":50385,"surface":"extension","span":"end","dur":0,"eventType":"message.part.updated","dir":"/private/var/folders/9v/733tfwtj2jvgwygmtrbwj9gm0000gn/T/kilo-e2e-jNSxkS/workspace"}
[Kilo New][P0-Perf] {"corr":"b4e081ba-89cc-44bc-935b-893749b1d932","stage":"sse.event","t":1786783017887,"d":50385,"surface":"extension","span":"start","eventType":"message.part.updated.1","dir":"/private/var/folders/9v/733tfwtj2jvgwygmtrbwj9gm0000gn/T/kilo-e2e-jNSxkS/workspace"}
[Kilo New][P0-Perf] {"corr":"b4e081ba-89cc-44bc-935b-893749b1d932","stage":"sse.event","t":1786783017887,"d":50385,"surface":"extension","span":"end","dur":0,"eventType":"message.part.updated.1","dir":"/private/var/folders/9v/733tfwtj2jvgwygmtrbwj9gm0000gn/T/kilo-e2e-jNSxkS/workspace"}
[Kilo New][P0-Perf] {"corr":"b4e081ba-89cc-44bc-935b-893749b1d932","stage":"sse.event","t":1786783017887,"d":50385,"surface":"extension","span":"start","eventType":"session.updated","dir":"/private/var/folders/9v/733tfwtj2jvgwygmtrbwj9gm0000gn/T/kilo-e2e-jNSxkS/workspace"}
[Kilo New][P0-Perf] {"corr":"b4e081ba-89cc-44bc-935b-893749b1d932","stage":"sse.event","t":1786783017887,"d":50385,"surface":"extension","span":"end","dur":0,"eventType":"session.updated","dir":"/private/var/folders/9v/733tfwtj2jvgwygmtrbwj9gm0000gn/T/kilo-e2e-jNSxkS/workspace"}
[Kilo New][P0-Perf] {"corr":"b4e081ba-89cc-44bc-935b-893749b1d932","stage":"sse.event","t":1786783017887,"d":50385,"surface":"extension","span":"start","eventType":"session.updated.1","dir":"/private/var/folders/9v/733tfwtj2jvgwygmtrbwj9gm0000gn/T/kilo-e2e-jNSxkS/workspace"}
[Kilo New][P0-Perf] {"corr":"b4e081ba-89cc-44bc-935b-893749b1d932","stage":"sse.event","t":1786783017888,"d":50386,"surface":"extension","span":"end","dur":1,"eventType":"session.updated.1","dir":"/private/var/folders/9v/733tfwtj2jvgwygmtrbwj9gm0000gn/T/kilo-e2e-jNSxkS/workspace"}
[Kilo New][P0-Perf] {"corr":"b4e081ba-89cc-44bc-935b-893749b1d932","stage":"sse.event","t":1786783017888,"d":50386,"surface":"extension","span":"start","eventType":"session.turn.open","dir":"/private/var/folders/9v/733tfwtj2jvgwygmtrbwj9gm0000gn/T/kilo-e2e-jNSxkS/workspace"}
[Kilo New][P0-Perf] {"corr":"b4e081ba-89cc-44bc-935b-893749b1d932","stage":"sse.event","t":1786783017888,"d":50386,"surface":"extension","span":"end","dur":0,"eventType":"session.turn.open","dir":"/private/var/folders/9v/733tfwtj2jvgwygmtrbwj9gm0000gn/T/kilo-e2e-jNSxkS/workspace"}
[Kilo New][P0-Perf] {"corr":"b4e081ba-89cc-44bc-935b-893749b1d932","stage":"sse.event","t":1786783017899,"d":50397,"surface":"extension","span":"start","eventType":"session.status","dir":"/private/var/folders/9v/733tfwtj2jvgwygmtrbwj9gm0000gn/T/kilo-e2e-jNSxkS/workspace"}
[Kilo New][P0-Perf] {"corr":"b4e081ba-89cc-44bc-935b-893749b1d932","stage":"sse.event","t":1786783017900,"d":50398,"surface":"extension","span":"end","dur":1,"eventType":"session.status","dir":"/private/var/folders/9v/733tfwtj2jvgwygmtrbwj9gm0000gn/T/kilo-e2e-jNSxkS/workspace"}
[Kilo New][P0-Perf] {"corr":"b4e081ba-89cc-44bc-935b-893749b1d932","stage":"sse.event","t":1786783017900,"d":50398,"surface":"extension","span":"start","eventType":"message.updated","dir":"/private/var/folders/9v/733tfwtj2jvgwygmtrbwj9gm0000gn/T/kilo-e2e-jNSxkS/workspace"}
[Kilo New][P0-Perf] {"corr":"b4e081ba-89cc-44bc-935b-893749b1d932","stage":"sse.event","t":1786783017901,"d":50399,"surface":"extension","span":"end","dur":1,"eventType":"message.updated","dir":"/private/var/folders/9v/733tfwtj2jvgwygmtrbwj9gm0000gn/T/kilo-e2e-jNSxkS/workspace"}
[Kilo New][P0-Perf] {"corr":"b4e081ba-89cc-44bc-935b-893749b1d932","stage":"sse.event","t":1786783017901,"d":50399,"surface":"extension","span":"start","eventType":"message.updated.1","dir":"/private/var/folders/9v/733tfwtj2jvgwygmtrbwj9gm0000gn/T/kilo-e2e-jNSxkS/workspace"}
[Kilo New][P0-Perf] {"corr":"b4e081ba-89cc-44bc-935b-893749b1d932","stage":"model.firstEvent","t":1786783017901,"d":50399,"surface":"extension","sessionID":"ses_ffb6f5921ffe7fqDtYuSdit3bS","messageID":"msg_004912b99001yXeWqQdafl5atC","parentID":"msg_004912b05001nXnkdYMuCumZ10","dir":"/private/var/folders/9v/733tfwtj2jvgwygmtrbwj9gm0000gn/T/kilo-e2e-jNSxkS/workspace"}
[Kilo New][P0-Perf] {"corr":"b4e081ba-89cc-44bc-935b-893749b1d932","stage":"sse.event","t":1786783017902,"d":50400,"surface":"extension","span":"end","dur":1,"eventType":"message.updated.1","dir":"/private/var/folders/9v/733tfwtj2jvgwygmtrbwj9gm0000gn/T/kilo-e2e-jNSxkS/workspace"}
[Kilo New] ServerManager: ⚠️ CLI Server stderr: INFO  2026-08-15T08:36:58 +882ms service=model-cache providerID=apertis refreshing models
[Kilo New] ServerManager: ⚠️ CLI Server stderr: INFO  2026-08-15T08:36:58 +41ms service=model-cache providerID=apertis count=0 models fetched and cached
[Kilo New][P0-Perf] {"corr":"b4e081ba-89cc-44bc-935b-893749b1d932","stage":"sse.event","t":1786783018808,"d":51306,"surface":"extension","span":"start","eventType":"message.part.updated","dir":"/private/var/folders/9v/733tfwtj2jvgwygmtrbwj9gm0000gn/T/kilo-e2e-jNSxkS/workspace"}
[Kilo New][P0-Perf] {"corr":"b4e081ba-89cc-44bc-935b-893749b1d932","stage":"sse.event","t":1786783018808,"d":51306,"surface":"extension","span":"end","dur":0,"eventType":"message.part.updated","dir":"/private/var/folders/9v/733tfwtj2jvgwygmtrbwj9gm0000gn/T/kilo-e2e-jNSxkS/workspace"}
[Kilo New][P0-Perf] {"corr":"b4e081ba-89cc-44bc-935b-893749b1d932","stage":"sse.event","t":1786783018808,"d":51306,"surface":"extension","span":"start","eventType":"message.part.updated.1","dir":"/private/var/folders/9v/733tfwtj2jvgwygmtrbwj9gm0000gn/T/kilo-e2e-jNSxkS/workspace"}
[Kilo New][P0-Perf] {"corr":"b4e081ba-89cc-44bc-935b-893749b1d932","stage":"sse.event","t":1786783018808,"d":51306,"surface":"extension","span":"end","dur":0,"eventType":"message.part.updated.1","dir":"/private/var/folders/9v/733tfwtj2jvgwygmtrbwj9gm0000gn/T/kilo-e2e-jNSxkS/workspace"}
[Kilo New][P0-Perf] {"corr":"b4e081ba-89cc-44bc-935b-893749b1d932","stage":"sse.event","t":1786783018912,"d":51410,"surface":"extension","span":"start","eventType":"message.part.updated","dir":"/private/var/folders/9v/733tfwtj2jvgwygmtrbwj9gm0000gn/T/kilo-e2e-jNSxkS/workspace"}
[Kilo New][P0-Perf] {"corr":"b4e081ba-89cc-44bc-935b-893749b1d932","stage":"sse.event","t":1786783018912,"d":51410,"surface":"extension","span":"end","dur":0,"eventType":"message.part.updated","dir":"/private/var/folders/9v/733tfwtj2jvgwygmtrbwj9gm0000gn/T/kilo-e2e-jNSxkS/workspace"}
[Kilo New][P0-Perf] {"corr":"b4e081ba-89cc-44bc-935b-893749b1d932","stage":"sse.event","t":1786783018912,"d":51410,"surface":"extension","span":"start","eventType":"message.part.updated.1","dir":"/private/var/folders/9v/733tfwtj2jvgwygmtrbwj9gm0000gn/T/kilo-e2e-jNSxkS/workspace"}
[Kilo New][P0-Perf] {"corr":"b4e081ba-89cc-44bc-935b-893749b1d932","stage":"sse.event","t":1786783018912,"d":51410,"surface":"extension","span":"end","dur":0,"eventType":"message.part.updated.1","dir":"/private/var/folders/9v/733tfwtj2jvgwygmtrbwj9gm0000gn/T/kilo-e2e-jNSxkS/workspace"}
[Kilo New] ServerManager: ⚠️ CLI Server stderr: INFO  2026-08-15T08:36:59 +238ms service=snapshot hash=841cadea1f87b76c48a7d42497d66249b3f0236c cwd=/private/var/folders/9v/733tfwtj2jvgwygmtrbwj9gm0000gn/T/kilo-e2e-jNSxkS/workspace git=/var/folders/9v/733tfwtj2jvgwygmtrbwj9gm0000gn/T/kilo-e2e-jNSxkS/xdg-data/kilo/snapshot/8d92d1e5131045cc7f25d873d3918998f2fa7b46/9be8c9df477d736235572209b80be94e3ae91688 tracking
[Kilo New][P0-Perf] {"corr":"b4e081ba-89cc-44bc-935b-893749b1d932","stage":"sse.event","t":1786783019046,"d":51544,"surface":"extension","span":"start","eventType":"message.part.updated","dir":"/private/var/folders/9v/733tfwtj2jvgwygmtrbwj9gm0000gn/T/kilo-e2e-jNSxkS/workspace"}
[Kilo New][P0-Perf] {"corr":"b4e081ba-89cc-44bc-935b-893749b1d932","stage":"sse.event","t":1786783019046,"d":51544,"surface":"extension","span":"end","dur":0,"eventType":"message.part.updated","dir":"/private/var/folders/9v/733tfwtj2jvgwygmtrbwj9gm0000gn/T/kilo-e2e-jNSxkS/workspace"}
[Kilo New][P0-Perf] {"corr":"b4e081ba-89cc-44bc-935b-893749b1d932","stage":"sse.event","t":1786783019046,"d":51544,"surface":"extension","span":"start","eventType":"message.part.updated.1","dir":"/private/var/folders/9v/733tfwtj2jvgwygmtrbwj9gm0000gn/T/kilo-e2e-jNSxkS/workspace"}
[Kilo New][P0-Perf] {"corr":"b4e081ba-89cc-44bc-935b-893749b1d932","stage":"sse.event","t":1786783019046,"d":51544,"surface":"extension","span":"end","dur":0,"eventType":"message.part.updated.1","dir":"/private/var/folders/9v/733tfwtj2jvgwygmtrbwj9gm0000gn/T/kilo-e2e-jNSxkS/workspace"}
[Kilo New] ServerManager: ⚠️ CLI Server stderr: INFO  2026-08-15T08:36:59 +17ms service=session.tools status=started resolveTools
[Kilo New] ServerManager: ⚠️ CLI Server stderr: INFO  2026-08-15T08:36:59 +0ms service=tool.registry status=started invalid
[Kilo New] ServerManager: ⚠️ CLI Server stderr: INFO  2026-08-15T08:36:59 +1ms service=tool.registry status=completed duration=1 invalid
[Kilo New] ServerManager: ⚠️ CLI Server stderr: INFO  2026-08-15T08:36:59 +0ms service=tool.registry status=started question
[Kilo New] ServerManager: ⚠️ CLI Server stderr: INFO  2026-08-15T08:36:59 +0ms service=tool.registry status=completed duration=0 question
[Kilo New] ServerManager: ⚠️ CLI Server stderr: INFO  2026-08-15T08:36:59 +0ms service=tool.registry status=started bash
[Kilo New] ServerManager: ⚠️ CLI Server stderr: INFO  2026-08-15T08:36:59 +0ms service=tool.registry status=completed duration=0 bash
[Kilo New] ServerManager: ⚠️ CLI Server stderr: INFO  2026-08-15T08:36:59 +0ms service=tool.registry status=started read
[Kilo New] ServerManager: ⚠️ CLI Server stderr: INFO  2026-08-15T08:36:59 +0ms service=tool.registry status=completed duration=0 read
[Kilo New] ServerManager: ⚠️ CLI Server stderr: INFO  2026-08-15T08:36:59 +0ms service=tool.registry status=started glob
[Kilo New] ServerManager: ⚠️ CLI Server stderr: INFO  2026-08-15T08:36:59 +1ms service=tool.registry status=completed duration=1 glob
[Kilo New] ServerManager: ⚠️ CLI Server stderr: INFO  2026-08-15T08:36:59 +0ms service=tool.registry status=started grep
[Kilo New] ServerManager: ⚠️ CLI Server stderr: INFO  2026-08-15T08:36:59 +0ms service=tool.registry status=completed duration=0 grep
[Kilo New] ServerManager: ⚠️ CLI Server stderr: INFO  2026-08-15T08:36:59 +0ms service=tool.registry status=started edit
[Kilo New] ServerManager: ⚠️ CLI Server stderr: INFO  2026-08-15T08:36:59 +0ms service=tool.registry status=completed duration=0 edit
[Kilo New] ServerManager: ⚠️ CLI Server stderr: INFO  2026-08-15T08:36:59 +0ms service=tool.registry status=started write
[Kilo New] ServerManager: ⚠️ CLI Server stderr: INFO  2026-08-15T08:36:59 +0ms service=tool.registry status=completed duration=0 write
[Kilo New] ServerManager: ⚠️ CLI Server stderr: INFO  2026-08-15T08:36:59 +0ms service=tool.registry status=started task
[Kilo New] ServerManager: ⚠️ CLI Server stderr: INFO  2026-08-15T08:36:59 +1ms service=tool.registry status=completed duration=1 task
[Kilo New] ServerManager: ⚠️ CLI Server stderr: INFO  2026-08-15T08:36:59 +0ms service=tool.registry status=started webfetch
[Kilo New] ServerManager: ⚠️ CLI Server stderr: INFO  2026-08-15T08:36:59 +1ms service=tool.registry status=completed duration=0 webfetch
[Kilo New] ServerManager: ⚠️ CLI Server stderr: INFO  2026-08-15T08:36:59 +0ms service=tool.registry status=started todowrite
[Kilo New] ServerManager: ⚠️ CLI Server stderr: INFO  2026-08-15T08:36:59 +0ms service=tool.registry status=completed duration=0 todowrite
[Kilo New] ServerManager: ⚠️ CLI Server stderr: INFO  2026-08-15T08:36:59 +0ms service=tool.registry status=started skill
[Kilo New] ServerManager: ⚠️ CLI Server stderr: INFO  2026-08-15T08:36:59 +1ms service=tool.registry status=completed duration=1 skill
[Kilo New] ServerManager: ⚠️ CLI Server stderr: INFO  2026-08-15T08:36:59 +0ms service=tool.registry status=started plan_exit
[Kilo New] ServerManager: ⚠️ CLI Server stderr: INFO  2026-08-15T08:36:59 +0ms service=tool.registry status=completed duration=0 plan_exit
[Kilo New] ServerManager: ⚠️ CLI Server stderr: INFO  2026-08-15T08:36:59 +0ms service=tool.registry status=started kilo_local_recall
[Kilo New] ServerManager: ⚠️ CLI Server stderr: INFO  2026-08-15T08:36:59 +0ms service=tool.registry status=completed duration=0 kilo_local_recall
[Kilo New] ServerManager: ⚠️ CLI Server stderr: INFO  2026-08-15T08:36:59 +0ms service=tool.registry status=started background_process
[Kilo New] ServerManager: ⚠️ CLI Server stderr: INFO  2026-08-15T08:36:59 +3ms service=tool.registry status=completed duration=3 background_process
[Kilo New] ServerManager: ⚠️ CLI Server stderr: INFO  2026-08-15T08:36:59 +0ms service=tool.registry status=started agent_manager_models
[Kilo New] ServerManager: ⚠️ CLI Server stderr: INFO  2026-08-15T08:36:59 +1ms service=tool.registry status=completed duration=1 agent_manager_models
[Kilo New] ServerManager: ⚠️ CLI Server stderr: INFO  2026-08-15T08:36:59 +0ms service=tool.registry status=started agent_manager
[Kilo New] ServerManager: ⚠️ CLI Server stderr: INFO  2026-08-15T08:36:59 +0ms service=tool.registry status=completed duration=0 agent_manager
[Kilo New] ServerManager: ⚠️ CLI Server stderr: INFO  2026-08-15T08:36:59 +0ms service=tool.registry status=started e2e_marker
[Kilo New] ServerManager: ⚠️ CLI Server stderr: INFO  2026-08-15T08:36:59 +0ms service=tool.registry status=completed duration=0 e2e_marker
[Kilo New] ServerManager: ⚠️ CLI Server stderr: INFO  2026-08-15T08:36:59 +6ms service=session.tools status=completed duration=16 resolveTools
[Kilo New][P0-Perf] {"corr":"b4e081ba-89cc-44bc-935b-893749b1d932","stage":"sse.event","t":1786783019130,"d":51628,"surface":"extension","span":"start","eventType":"message.part.removed","dir":"/private/var/folders/9v/733tfwtj2jvgwygmtrbwj9gm0000gn/T/kilo-e2e-jNSxkS/workspace"}
[Kilo New][P0-Perf] {"corr":"b4e081ba-89cc-44bc-935b-893749b1d932","stage":"sse.event","t":1786783019131,"d":51629,"surface":"extension","span":"end","dur":1,"eventType":"message.part.removed","dir":"/private/var/folders/9v/733tfwtj2jvgwygmtrbwj9gm0000gn/T/kilo-e2e-jNSxkS/workspace"}
[Kilo New][P0-Perf] {"corr":"b4e081ba-89cc-44bc-935b-893749b1d932","stage":"sse.event","t":1786783019131,"d":51629,"surface":"extension","span":"start","eventType":"message.part.removed.1","dir":"/private/var/folders/9v/733tfwtj2jvgwygmtrbwj9gm0000gn/T/kilo-e2e-jNSxkS/workspace"}
[Kilo New][P0-Perf] {"corr":"b4e081ba-89cc-44bc-935b-893749b1d932","stage":"sse.event","t":1786783019131,"d":51629,"surface":"extension","span":"end","dur":0,"eventType":"message.part.removed.1","dir":"/private/var/folders/9v/733tfwtj2jvgwygmtrbwj9gm0000gn/T/kilo-e2e-jNSxkS/workspace"}
[Kilo New] ServerManager: ⚠️ CLI Server stderr: INFO  2026-08-15T08:36:59 +108ms service=session.processor session.id=ses_ffb6f5921ffe7fqDtYuSdit3bS messageID=msg_004912b99001yXeWqQdafl5atC process
[Kilo New] ServerManager: ⚠️ CLI Server stderr: INFO  2026-08-15T08:36:59 +3ms service=llm providerID=e2e-local modelID=e2e-model session.id=ses_ffb6f5921ffe7fqDtYuSdit3bS small=false agent=e2e-agent mode=primary stream
[Kilo New] ServerManager: ⚠️ CLI Server stderr: INFO  2026-08-15T08:36:59 +3ms service=default llm.runtime=ai-sdk llm.provider=e2e-local llm.model=e2e-model llm runtime selected
[Kilo New][P0-Perf] {"corr":"b4e081ba-89cc-44bc-935b-893749b1d932","stage":"sse.event","t":1786783019201,"d":51699,"surface":"extension","span":"start","eventType":"session.updated","dir":"/private/var/folders/9v/733tfwtj2jvgwygmtrbwj9gm0000gn/T/kilo-e2e-jNSxkS/workspace"}
[Kilo New][P0-Perf] {"corr":"b4e081ba-89cc-44bc-935b-893749b1d932","stage":"sse.event","t":1786783019201,"d":51699,"surface":"extension","span":"end","dur":0,"eventType":"session.updated","dir":"/private/var/folders/9v/733tfwtj2jvgwygmtrbwj9gm0000gn/T/kilo-e2e-jNSxkS/workspace"}
[Kilo New][P0-Perf] {"corr":"b4e081ba-89cc-44bc-935b-893749b1d932","stage":"sse.event","t":1786783019201,"d":51699,"surface":"extension","span":"start","eventType":"session.updated.1","dir":"/private/var/folders/9v/733tfwtj2jvgwygmtrbwj9gm0000gn/T/kilo-e2e-jNSxkS/workspace"}
[Kilo New][P0-Perf] {"corr":"b4e081ba-89cc-44bc-935b-893749b1d932","stage":"sse.event","t":1786783019201,"d":51699,"surface":"extension","span":"end","dur":0,"eventType":"session.updated.1","dir":"/private/var/folders/9v/733tfwtj2jvgwygmtrbwj9gm0000gn/T/kilo-e2e-jNSxkS/workspace"}
[Kilo New][P0-Perf] {"corr":"b4e081ba-89cc-44bc-935b-893749b1d932","stage":"sse.event","t":1786783019201,"d":51699,"surface":"extension","span":"start","eventType":"session.diff","dir":"/private/var/folders/9v/733tfwtj2jvgwygmtrbwj9gm0000gn/T/kilo-e2e-jNSxkS/workspace"}
[Kilo New][P0-Perf] {"corr":"b4e081ba-89cc-44bc-935b-893749b1d932","stage":"sse.event","t":1786783019201,"d":51699,"surface":"extension","span":"end","dur":0,"eventType":"session.diff","dir":"/private/var/folders/9v/733tfwtj2jvgwygmtrbwj9gm0000gn/T/kilo-e2e-jNSxkS/workspace"}
[Kilo New][P0-Perf] {"corr":"b4e081ba-89cc-44bc-935b-893749b1d932","stage":"sse.event","t":1786783019201,"d":51699,"surface":"extension","span":"start","eventType":"message.updated","dir":"/private/var/folders/9v/733tfwtj2jvgwygmtrbwj9gm0000gn/T/kilo-e2e-jNSxkS/workspace"}
[Kilo New][P0-Perf] {"corr":"b4e081ba-89cc-44bc-935b-893749b1d932","stage":"sse.event","t":1786783019202,"d":51700,"surface":"extension","span":"end","dur":1,"eventType":"message.updated","dir":"/private/var/folders/9v/733tfwtj2jvgwygmtrbwj9gm0000gn/T/kilo-e2e-jNSxkS/workspace"}
[Kilo New][P0-Perf] {"corr":"b4e081ba-89cc-44bc-935b-893749b1d932","stage":"sse.event","t":1786783019202,"d":51700,"surface":"extension","span":"start","eventType":"message.updated.1","dir":"/private/var/folders/9v/733tfwtj2jvgwygmtrbwj9gm0000gn/T/kilo-e2e-jNSxkS/workspace"}
[Kilo New][P0-Perf] {"corr":"b4e081ba-89cc-44bc-935b-893749b1d932","stage":"sse.event","t":1786783019202,"d":51700,"surface":"extension","span":"end","dur":0,"eventType":"message.updated.1","dir":"/private/var/folders/9v/733tfwtj2jvgwygmtrbwj9gm0000gn/T/kilo-e2e-jNSxkS/workspace"}
[Kilo New][P0-Perf] {"corr":"b4e081ba-89cc-44bc-935b-893749b1d932","stage":"sse.event","t":1786783019202,"d":51700,"surface":"extension","span":"start","eventType":"session.status","dir":"/private/var/folders/9v/733tfwtj2jvgwygmtrbwj9gm0000gn/T/kilo-e2e-jNSxkS/workspace"}
[Kilo New][P0-Perf] {"corr":"b4e081ba-89cc-44bc-935b-893749b1d932","stage":"sse.event","t":1786783019202,"d":51700,"surface":"extension","span":"end","dur":0,"eventType":"session.status","dir":"/private/var/folders/9v/733tfwtj2jvgwygmtrbwj9gm0000gn/T/kilo-e2e-jNSxkS/workspace"}
[Kilo New] ServerManager: ⚠️ CLI Server stderr: INFO  2026-08-15T08:36:59 +69ms service=p0-perf event=p0.start stage=tool_execute ts=1786783019260 id=ses_ffb6f5921ffe7fqDtYuSdit3bS meta={"tool":"read","callID":"call_e2e_read_1","messageID":"msg_004912b99001yXeWqQdafl5atC"} tool_execute
[Kilo New][P0-Perf] {"corr":"b4e081ba-89cc-44bc-935b-893749b1d932","stage":"sse.event","t":1786783019272,"d":51770,"surface":"extension","span":"start","eventType":"message.part.updated","dir":"/private/var/folders/9v/733tfwtj2jvgwygmtrbwj9gm0000gn/T/kilo-e2e-jNSxkS/workspace"}
[Kilo New][P0-Perf] {"corr":"b4e081ba-89cc-44bc-935b-893749b1d932","stage":"sse.event","t":1786783019272,"d":51770,"surface":"extension","span":"end","dur":0,"eventType":"message.part.updated","dir":"/private/var/folders/9v/733tfwtj2jvgwygmtrbwj9gm0000gn/T/kilo-e2e-jNSxkS/workspace"}
[Kilo New][P0-Perf] {"corr":"b4e081ba-89cc-44bc-935b-893749b1d932","stage":"sse.event","t":1786783019272,"d":51770,"surface":"extension","span":"start","eventType":"message.part.updated.1","dir":"/private/var/folders/9v/733tfwtj2jvgwygmtrbwj9gm0000gn/T/kilo-e2e-jNSxkS/workspace"}
[Kilo New][P0-Perf] {"corr":"b4e081ba-89cc-44bc-935b-893749b1d932","stage":"sse.event","t":1786783019272,"d":51770,"surface":"extension","span":"end","dur":0,"eventType":"message.part.updated.1","dir":"/private/var/folders/9v/733tfwtj2jvgwygmtrbwj9gm0000gn/T/kilo-e2e-jNSxkS/workspace"}
[Kilo New][P0-Perf] {"corr":"b4e081ba-89cc-44bc-935b-893749b1d932","stage":"sse.event","t":1786783019272,"d":51770,"surface":"extension","span":"start","eventType":"message.part.updated","dir":"/private/var/folders/9v/733tfwtj2jvgwygmtrbwj9gm0000gn/T/kilo-e2e-jNSxkS/workspace"}
[Kilo New][P0-Perf] {"corr":"b4e081ba-89cc-44bc-935b-893749b1d932","stage":"sse.event","t":1786783019272,"d":51770,"surface":"extension","span":"end","dur":0,"eventType":"message.part.updated","dir":"/private/var/folders/9v/733tfwtj2jvgwygmtrbwj9gm0000gn/T/kilo-e2e-jNSxkS/workspace"}
[Kilo New][P0-Perf] {"corr":"b4e081ba-89cc-44bc-935b-893749b1d932","stage":"sse.event","t":1786783019272,"d":51770,"surface":"extension","span":"start","eventType":"message.part.updated.1","dir":"/private/var/folders/9v/733tfwtj2jvgwygmtrbwj9gm0000gn/T/kilo-e2e-jNSxkS/workspace"}
[Kilo New][P0-Perf] {"corr":"b4e081ba-89cc-44bc-935b-893749b1d932","stage":"sse.event","t":1786783019273,"d":51771,"surface":"extension","span":"end","dur":1,"eventType":"message.part.updated.1","dir":"/private/var/folders/9v/733tfwtj2jvgwygmtrbwj9gm0000gn/T/kilo-e2e-jNSxkS/workspace"}
[Kilo New][P0-Perf] {"corr":"b4e081ba-89cc-44bc-935b-893749b1d932","stage":"sse.event","t":1786783019273,"d":51771,"surface":"extension","span":"start","eventType":"message.part.updated","dir":"/private/var/folders/9v/733tfwtj2jvgwygmtrbwj9gm0000gn/T/kilo-e2e-jNSxkS/workspace"}
[Kilo New][P0-Perf] {"corr":"b4e081ba-89cc-44bc-935b-893749b1d932","stage":"sse.event","t":1786783019273,"d":51771,"surface":"extension","span":"end","dur":0,"eventType":"message.part.updated","dir":"/private/var/folders/9v/733tfwtj2jvgwygmtrbwj9gm0000gn/T/kilo-e2e-jNSxkS/workspace"}
[Kilo New][P0-Perf] {"corr":"b4e081ba-89cc-44bc-935b-893749b1d932","stage":"sse.event","t":1786783019273,"d":51771,"surface":"extension","span":"start","eventType":"message.part.updated.1","dir":"/private/var/folders/9v/733tfwtj2jvgwygmtrbwj9gm0000gn/T/kilo-e2e-jNSxkS/workspace"}
[Kilo New][P0-Perf] {"corr":"b4e081ba-89cc-44bc-935b-893749b1d932","stage":"sse.event","t":1786783019273,"d":51771,"surface":"extension","span":"end","dur":0,"eventType":"message.part.updated.1","dir":"/private/var/folders/9v/733tfwtj2jvgwygmtrbwj9gm0000gn/T/kilo-e2e-jNSxkS/workspace"}
[Kilo New] ServerManager: ⚠️ CLI Server stderr: INFO  2026-08-15T08:36:59 +49ms service=permission permission=read pattern=ask.txt action={"permission":"read","pattern":"ask.txt","action":"ask"} evaluated
[Kilo New] ServerManager: ⚠️ CLI Server stderr: INFO  2026-08-15T08:36:59 +1ms service=permission id=per_00491312e00153C21530UA8Bhi permission=read patterns=["ask.txt"] asking
[Kilo New] ServerManager: ⚠️ CLI Server stderr: INFO  2026-08-15T08:36:59 +1ms service=p0-perf event=p0.start stage=permission_wait ts=1786783019311 id=per_00491312e00153C21530UA8Bhi meta={"sessionID":"ses_ffb6f5921ffe7fqDtYuSdit3bS","permission":"read"} permission_wait
[Kilo New][P0-Perf] {"corr":"b4e081ba-89cc-44bc-935b-893749b1d932","stage":"sse.event","t":1786783019314,"d":51812,"surface":"extension","span":"start","eventType":"permission.asked","dir":"/private/var/folders/9v/733tfwtj2jvgwygmtrbwj9gm0000gn/T/kilo-e2e-jNSxkS/workspace"}
[Kilo New][P0-Perf] {"corr":"b4e081ba-89cc-44bc-935b-893749b1d932","stage":"permission.asked","t":1786783019314,"d":51812,"surface":"extension","id":"per_00491312e00153C21530UA8Bhi"}
[Kilo New][P0-Perf] {"corr":"b4e081ba-89cc-44bc-935b-893749b1d932","stage":"sse.event","t":1786783019314,"d":51812,"surface":"extension","span":"end","dur":0,"eventType":"permission.asked","dir":"/private/var/folders/9v/733tfwtj2jvgwygmtrbwj9gm0000gn/T/kilo-e2e-jNSxkS/workspace"}
[Kilo New] ServerManager: ⚠️ CLI Server stderr: INFO  2026-08-15T08:37:00 +1283ms service=model-cache providerID=apertis refreshing models
[Kilo New] ServerManager: ⚠️ CLI Server stderr: INFO  2026-08-15T08:37:00 +7ms service=model-cache providerID=apertis count=0 models fetched and cached
[probe] PASS H-6 permission: backend pending permission observable (attempt 1)
[probe] PASS H-6 permission dock visible
[probe] clicked PermissionDock Allow once
[Kilo New][P0-Perf] {"corr":"b4e081ba-89cc-44bc-935b-893749b1d932","stage":"sse.event","t":1786783021077,"d":53575,"surface":"extension","span":"start","eventType":"global.config.updated","dir":"global"}
[Kilo New][P0-Perf] {"corr":"b4e081ba-89cc-44bc-935b-893749b1d932","stage":"sse.event","t":1786783021078,"d":53576,"surface":"extension","span":"end","dur":1,"eventType":"global.config.updated","dir":"global"}
[Kilo New] ServerManager: ⚠️ CLI Server stderr: INFO  2026-08-15T08:37:01 +519ms service=p0-perf event=p0.start stage=config_load ts=1786783021120 dir=/private/var/folders/9v/733tfwtj2jvgwygmtrbwj9gm0000gn/T/kilo-e2e-jNSxkS/workspace config_load
[Kilo New] ServerManager: ⚠️ CLI Server stderr: INFO  2026-08-15T08:37:01 +12ms service=p0-perf event=p0.end stage=permission_wait ts=1786783021132 duration=1821 id=per_00491312e00153C21530UA8Bhi meta={"sessionID":"ses_ffb6f5921ffe7fqDtYuSdit3bS","permission":"read"} permission_wait
[Kilo New] ServerManager: ⚠️ CLI Server stderr: ERROR 2026-08-15T08:37:01 +2ms service=kilo-sessions sessionID=ses_ffb6f5921ffe7fqDtYuSdit3bS error=Error: InstanceRef not provided status sync failed
[Kilo New] ServerManager: ⚠️ CLI Server stderr: INFO  2026-08-15T08:37:01 +2ms service=kilocode.config path=/var/folders/9v/733tfwtj2jvgwygmtrbwj9gm0000gn/T/kilo-e2e-jNSxkS/xdg-config/kilo/kilo.jsonc migrated bash permission to allow for existing user
[Kilo New] ServerManager: ⚠️ CLI Server stderr: INFO  2026-08-15T08:37:01 +29ms service=config path=/var/folders/9v/733tfwtj2jvgwygmtrbwj9gm0000gn/T/kilo-e2e-jNSxkS/xdg-config/kilo/config.json loading
[Kilo New] ServerManager: ⚠️ CLI Server stderr: INFO  2026-08-15T08:37:01 +3ms service=config path=/var/folders/9v/733tfwtj2jvgwygmtrbwj9gm0000gn/T/kilo-e2e-jNSxkS/xdg-config/kilo/kilo.json loading
[Kilo New] ServerManager: ⚠️ CLI Server stderr: INFO  2026-08-15T08:37:01 +0ms service=config path=/var/folders/9v/733tfwtj2jvgwygmtrbwj9gm0000gn/T/kilo-e2e-jNSxkS/xdg-config/kilo/kilo.jsonc loading
[Kilo New] ServerManager: ⚠️ CLI Server stderr: INFO  2026-08-15T08:37:01 +4ms service=config path=/var/folders/9v/733tfwtj2jvgwygmtrbwj9gm0000gn/T/kilo-e2e-jNSxkS/xdg-config/kilo/opencode.json loading
[Kilo New] ServerManager: ⚠️ CLI Server stderr: INFO  2026-08-15T08:37:01 +0ms service=config path=/var/folders/9v/733tfwtj2jvgwygmtrbwj9gm0000gn/T/kilo-e2e-jNSxkS/xdg-config/kilo/opencode.jsonc loading
[Kilo New] ServerManager: ⚠️ CLI Server stderr: INFO  2026-08-15T08:37:01 +16ms service=p0-perf event=p0.end stage=tool_execute ts=1786783021188 duration=1928 id=ses_ffb6f5921ffe7fqDtYuSdit3bS meta={"tool":"read","callID":"call_e2e_read_1","messageID":"msg_004912b99001yXeWqQdafl5atC"} tool_execute
[Kilo New] ServerManager: ⚠️ CLI Server stderr: INFO  2026-08-15T08:37:01 +11ms service=lsp file=/private/var/folders/9v/733tfwtj2jvgwygmtrbwj9gm0000gn/T/kilo-e2e-jNSxkS/workspace/ask.txt touching file
[Kilo New][P0-Perf] {"corr":"b4e081ba-89cc-44bc-935b-893749b1d932","stage":"sse.event","t":1786783021201,"d":53699,"surface":"extension","span":"start","eventType":"permission.replied","dir":"/private/var/folders/9v/733tfwtj2jvgwygmtrbwj9gm0000gn/T/kilo-e2e-jNSxkS/workspace"}
[Kilo New][P0-Perf] {"corr":"b4e081ba-89cc-44bc-935b-893749b1d932","stage":"permission.replied","t":1786783021201,"d":53699,"surface":"extension","requestID":"per_00491312e00153C21530UA8Bhi"}
[Kilo New][P0-Perf] {"corr":"b4e081ba-89cc-44bc-935b-893749b1d932","stage":"sse.event","t":1786783021202,"d":53700,"surface":"extension","span":"end","dur":1,"eventType":"permission.replied","dir":"/private/var/folders/9v/733tfwtj2jvgwygmtrbwj9gm0000gn/T/kilo-e2e-jNSxkS/workspace"}
[Kilo New][P0-Perf] {"corr":"b4e081ba-89cc-44bc-935b-893749b1d932","stage":"sse.event","t":1786783021202,"d":53700,"surface":"extension","span":"start","eventType":"message.part.updated","dir":"/private/var/folders/9v/733tfwtj2jvgwygmtrbwj9gm0000gn/T/kilo-e2e-jNSxkS/workspace"}
[Kilo New][P0-Perf] {"corr":"b4e081ba-89cc-44bc-935b-893749b1d932","stage":"sse.event","t":1786783021202,"d":53700,"surface":"extension","span":"end","dur":0,"eventType":"message.part.updated","dir":"/private/var/folders/9v/733tfwtj2jvgwygmtrbwj9gm0000gn/T/kilo-e2e-jNSxkS/workspace"}
[Kilo New][P0-Perf] {"corr":"b4e081ba-89cc-44bc-935b-893749b1d932","stage":"sse.event","t":1786783021202,"d":53700,"surface":"extension","span":"start","eventType":"message.part.updated.1","dir":"/private/var/folders/9v/733tfwtj2jvgwygmtrbwj9gm0000gn/T/kilo-e2e-jNSxkS/workspace"}
[Kilo New][P0-Perf] {"corr":"b4e081ba-89cc-44bc-935b-893749b1d932","stage":"sse.event","t":1786783021202,"d":53700,"surface":"extension","span":"end","dur":0,"eventType":"message.part.updated.1","dir":"/private/var/folders/9v/733tfwtj2jvgwygmtrbwj9gm0000gn/T/kilo-e2e-jNSxkS/workspace"}
[Kilo New] ServerManager: ⚠️ CLI Server stderr: INFO  2026-08-15T08:37:01 +309ms service=snapshot hash=841cadea1f87b76c48a7d42497d66249b3f0236c cwd=/private/var/folders/9v/733tfwtj2jvgwygmtrbwj9gm0000gn/T/kilo-e2e-jNSxkS/workspace git=/var/folders/9v/733tfwtj2jvgwygmtrbwj9gm0000gn/T/kilo-e2e-jNSxkS/xdg-data/kilo/snapshot/8d92d1e5131045cc7f25d873d3918998f2fa7b46/9be8c9df477d736235572209b80be94e3ae91688 tracking
[Kilo New] ServerManager: ⚠️ CLI Server stderr: INFO  2026-08-15T08:37:01 +40ms service=config path=/private/var/folders/9v/733tfwtj2jvgwygmtrbwj9gm0000gn/T/kilo-e2e-jNSxkS/workspace/.kilo/kilo.jsonc loading
[Kilo New] ServerManager: ⚠️ CLI Server stderr: INFO  2026-08-15T08:37:01 +2ms service=config path=/private/var/folders/9v/733tfwtj2jvgwygmtrbwj9gm0000gn/T/kilo-e2e-jNSxkS/workspace/.kilo/kilo.json loading
[Kilo New][P0-Perf] {"corr":"b4e081ba-89cc-44bc-935b-893749b1d932","stage":"sse.event","t":1786783021551,"d":54049,"surface":"extension","span":"start","eventType":"message.part.updated","dir":"/private/var/folders/9v/733tfwtj2jvgwygmtrbwj9gm0000gn/T/kilo-e2e-jNSxkS/workspace"}
[Kilo New][P0-Perf] {"corr":"b4e081ba-89cc-44bc-935b-893749b1d932","stage":"sse.event","t":1786783021551,"d":54049,"surface":"extension","span":"end","dur":0,"eventType":"message.part.updated","dir":"/private/var/folders/9v/733tfwtj2jvgwygmtrbwj9gm0000gn/T/kilo-e2e-jNSxkS/workspace"}
[Kilo New][P0-Perf] {"corr":"b4e081ba-89cc-44bc-935b-893749b1d932","stage":"sse.event","t":1786783021552,"d":54050,"surface":"extension","span":"start","eventType":"message.part.updated.1","dir":"/private/var/folders/9v/733tfwtj2jvgwygmtrbwj9gm0000gn/T/kilo-e2e-jNSxkS/workspace"}
[Kilo New][P0-Perf] {"corr":"b4e081ba-89cc-44bc-935b-893749b1d932","stage":"sse.event","t":1786783021552,"d":54050,"surface":"extension","span":"end","dur":0,"eventType":"message.part.updated.1","dir":"/private/var/folders/9v/733tfwtj2jvgwygmtrbwj9gm0000gn/T/kilo-e2e-jNSxkS/workspace"}
[Kilo New][P0-Perf] {"corr":"b4e081ba-89cc-44bc-935b-893749b1d932","stage":"sse.event","t":1786783021552,"d":54050,"surface":"extension","span":"start","eventType":"message.updated","dir":"/private/var/folders/9v/733tfwtj2jvgwygmtrbwj9gm0000gn/T/kilo-e2e-jNSxkS/workspace"}
[Kilo New][P0-Perf] {"corr":"b4e081ba-89cc-44bc-935b-893749b1d932","stage":"sse.event","t":1786783021552,"d":54050,"surface":"extension","span":"end","dur":0,"eventType":"message.updated","dir":"/private/var/folders/9v/733tfwtj2jvgwygmtrbwj9gm0000gn/T/kilo-e2e-jNSxkS/workspace"}
[Kilo New][P0-Perf] {"corr":"b4e081ba-89cc-44bc-935b-893749b1d932","stage":"sse.event","t":1786783021552,"d":54050,"surface":"extension","span":"start","eventType":"message.updated.1","dir":"/private/var/folders/9v/733tfwtj2jvgwygmtrbwj9gm0000gn/T/kilo-e2e-jNSxkS/workspace"}
[Kilo New][P0-Perf] {"corr":"b4e081ba-89cc-44bc-935b-893749b1d932","stage":"sse.event","t":1786783021552,"d":54050,"surface":"extension","span":"end","dur":0,"eventType":"message.updated.1","dir":"/private/var/folders/9v/733tfwtj2jvgwygmtrbwj9gm0000gn/T/kilo-e2e-jNSxkS/workspace"}
[Kilo New] ServerManager: ⚠️ CLI Server stderr: INFO  2026-08-15T08:37:01 +38ms service=config path=/private/var/folders/9v/733tfwtj2jvgwygmtrbwj9gm0000gn/T/kilo-e2e-jNSxkS/workspace/.kilo/opencode.jsonc loading
[Kilo New] ServerManager: ⚠️ CLI Server stderr: INFO  2026-08-15T08:37:01 +0ms service=config path=/private/var/folders/9v/733tfwtj2jvgwygmtrbwj9gm0000gn/T/kilo-e2e-jNSxkS/workspace/.kilo/opencode.json loading
[Kilo New] ServerManager: ⚠️ CLI Server stderr: INFO  2026-08-15T08:37:01 +32ms service=config path=/Users/jorkeyliu/.kilo/kilo.jsonc loading
[Kilo New] ServerManager: ⚠️ CLI Server stderr: INFO  2026-08-15T08:37:01 +1ms service=config path=/Users/jorkeyliu/.kilo/kilo.json loading
[Kilo New] ServerManager: ⚠️ CLI Server stderr: INFO  2026-08-15T08:37:01 +56ms service=config path=/Users/jorkeyliu/.kilo/opencode.jsonc loading
[Kilo New] ServerManager: ⚠️ CLI Server stderr: INFO  2026-08-15T08:37:01 +13ms service=config path=/Users/jorkeyliu/.kilo/opencode.json loading
[Kilo New] ServerManager: ⚠️ CLI Server stderr: INFO  2026-08-15T08:37:01 +56ms service=p0-perf event=p0.end stage=config_load ts=1786783021746 duration=626 dir=/private/var/folders/9v/733tfwtj2jvgwygmtrbwj9gm0000gn/T/kilo-e2e-jNSxkS/workspace config_load
[Kilo New] ServerManager: ⚠️ CLI Server stderr: INFO  2026-08-15T08:37:02 +913ms service=model-cache providerID=apertis refreshing models
[Kilo New] ServerManager: ⚠️ CLI Server stderr: INFO  2026-08-15T08:37:02 +47ms service=session.prompt session.id=ses_ffb6f5921ffe7fqDtYuSdit3bS step=1 loop
[Kilo New] ServerManager: ⚠️ CLI Server stderr: INFO  2026-08-15T08:37:02 +9ms service=p0-perf event=p0.mark stage=processor_entry ts=1786783022715 id=ses_ffb6f5921ffe7fqDtYuSdit3bS meta={"messageID":"msg_004913e790018hoeQOshPMbFUl","parentID":"msg_004912b05001nXnkdYMuCumZ10","model":"e2e-model","provider":"e2e-local"} processor_entry
[Kilo New] ServerManager: ⚠️ CLI Server stderr: INFO  2026-08-15T08:37:02 +1ms service=model-cache providerID=apertis count=0 models fetched and cached
[Kilo New] ServerManager: ⚠️ CLI Server stderr: INFO  2026-08-15T08:37:03 +985ms service=model-cache providerID=apertis refreshing models
[Kilo New][P0-Perf] {"corr":"b4e081ba-89cc-44bc-935b-893749b1d932","stage":"sse.event","t":1786783023703,"d":56201,"surface":"extension","span":"start","eventType":"message.updated","dir":"/private/var/folders/9v/733tfwtj2jvgwygmtrbwj9gm0000gn/T/kilo-e2e-jNSxkS/workspace"}
[Kilo New][P0-Perf] {"corr":"b4e081ba-89cc-44bc-935b-893749b1d932","stage":"sse.event","t":1786783023703,"d":56201,"surface":"extension","span":"end","dur":0,"eventType":"message.updated","dir":"/private/var/folders/9v/733tfwtj2jvgwygmtrbwj9gm0000gn/T/kilo-e2e-jNSxkS/workspace"}
[Kilo New][P0-Perf] {"corr":"b4e081ba-89cc-44bc-935b-893749b1d932","stage":"sse.event","t":1786783023703,"d":56201,"surface":"extension","span":"start","eventType":"message.updated.1","dir":"/private/var/folders/9v/733tfwtj2jvgwygmtrbwj9gm0000gn/T/kilo-e2e-jNSxkS/workspace"}
[Kilo New][P0-Perf] {"corr":"b4e081ba-89cc-44bc-935b-893749b1d932","stage":"sse.event","t":1786783023703,"d":56201,"surface":"extension","span":"end","dur":0,"eventType":"message.updated.1","dir":"/private/var/folders/9v/733tfwtj2jvgwygmtrbwj9gm0000gn/T/kilo-e2e-jNSxkS/workspace"}
[Kilo New][P0-Perf] {"corr":"b4e081ba-89cc-44bc-935b-893749b1d932","stage":"sse.event","t":1786783023704,"d":56202,"surface":"extension","span":"start","eventType":"session.status","dir":"/private/var/folders/9v/733tfwtj2jvgwygmtrbwj9gm0000gn/T/kilo-e2e-jNSxkS/workspace"}
[Kilo New][P0-Perf] {"corr":"b4e081ba-89cc-44bc-935b-893749b1d932","stage":"sse.event","t":1786783023704,"d":56202,"surface":"extension","span":"end","dur":0,"eventType":"session.status","dir":"/private/var/folders/9v/733tfwtj2jvgwygmtrbwj9gm0000gn/T/kilo-e2e-jNSxkS/workspace"}
[Kilo New][P0-Perf] {"corr":"b4e081ba-89cc-44bc-935b-893749b1d932","stage":"sse.event","t":1786783023704,"d":56202,"surface":"extension","span":"start","eventType":"message.updated","dir":"/private/var/folders/9v/733tfwtj2jvgwygmtrbwj9gm0000gn/T/kilo-e2e-jNSxkS/workspace"}
[Kilo New][P0-Perf] {"corr":"b4e081ba-89cc-44bc-935b-893749b1d932","stage":"sse.event","t":1786783023704,"d":56202,"surface":"extension","span":"end","dur":0,"eventType":"message.updated","dir":"/private/var/folders/9v/733tfwtj2jvgwygmtrbwj9gm0000gn/T/kilo-e2e-jNSxkS/workspace"}
[Kilo New][P0-Perf] {"corr":"b4e081ba-89cc-44bc-935b-893749b1d932","stage":"sse.event","t":1786783023704,"d":56202,"surface":"extension","span":"start","eventType":"message.updated.1","dir":"/private/var/folders/9v/733tfwtj2jvgwygmtrbwj9gm0000gn/T/kilo-e2e-jNSxkS/workspace"}
[Kilo New][P0-Perf] {"corr":"b4e081ba-89cc-44bc-935b-893749b1d932","stage":"model.firstEvent","t":1786783023704,"d":56202,"surface":"extension","sessionID":"ses_ffb6f5921ffe7fqDtYuSdit3bS","messageID":"msg_004913e790018hoeQOshPMbFUl","parentID":"msg_004912b05001nXnkdYMuCumZ10","dir":"/private/var/folders/9v/733tfwtj2jvgwygmtrbwj9gm0000gn/T/kilo-e2e-jNSxkS/workspace"}
[Kilo New][P0-Perf] {"corr":"b4e081ba-89cc-44bc-935b-893749b1d932","stage":"sse.event","t":1786783023704,"d":56202,"surface":"extension","span":"end","dur":0,"eventType":"message.updated.1","dir":"/private/var/folders/9v/733tfwtj2jvgwygmtrbwj9gm0000gn/T/kilo-e2e-jNSxkS/workspace"}
[Kilo New] ServerManager: ⚠️ CLI Server stderr: INFO  2026-08-15T08:37:03 +108ms service=model-cache providerID=apertis count=0 models fetched and cached
[Kilo New][P0-Perf] {"corr":"b4e081ba-89cc-44bc-935b-893749b1d932","stage":"sse.event","t":1786783023867,"d":56365,"surface":"extension","span":"start","eventType":"session.updated","dir":"/private/var/folders/9v/733tfwtj2jvgwygmtrbwj9gm0000gn/T/kilo-e2e-jNSxkS/workspace"}
[Kilo New][P0-Perf] {"corr":"b4e081ba-89cc-44bc-935b-893749b1d932","stage":"sse.event","t":1786783023867,"d":56365,"surface":"extension","span":"end","dur":0,"eventType":"session.updated","dir":"/private/var/folders/9v/733tfwtj2jvgwygmtrbwj9gm0000gn/T/kilo-e2e-jNSxkS/workspace"}
[Kilo New][P0-Perf] {"corr":"b4e081ba-89cc-44bc-935b-893749b1d932","stage":"sse.event","t":1786783023867,"d":56365,"surface":"extension","span":"start","eventType":"session.updated.1","dir":"/private/var/folders/9v/733tfwtj2jvgwygmtrbwj9gm0000gn/T/kilo-e2e-jNSxkS/workspace"}
[Kilo New][P0-Perf] {"corr":"b4e081ba-89cc-44bc-935b-893749b1d932","stage":"sse.event","t":1786783023867,"d":56365,"surface":"extension","span":"end","dur":0,"eventType":"session.updated.1","dir":"/private/var/folders/9v/733tfwtj2jvgwygmtrbwj9gm0000gn/T/kilo-e2e-jNSxkS/workspace"}
[Kilo New][P0-Perf] {"corr":"b4e081ba-89cc-44bc-935b-893749b1d932","stage":"sse.event","t":1786783023868,"d":56366,"surface":"extension","span":"start","eventType":"session.diff","dir":"/private/var/folders/9v/733tfwtj2jvgwygmtrbwj9gm0000gn/T/kilo-e2e-jNSxkS/workspace"}
[Kilo New][P0-Perf] {"corr":"b4e081ba-89cc-44bc-935b-893749b1d932","stage":"sse.event","t":1786783023868,"d":56366,"surface":"extension","span":"end","dur":0,"eventType":"session.diff","dir":"/private/var/folders/9v/733tfwtj2jvgwygmtrbwj9gm0000gn/T/kilo-e2e-jNSxkS/workspace"}
[Kilo New][P0-Perf] {"corr":"b4e081ba-89cc-44bc-935b-893749b1d932","stage":"sse.event","t":1786783023868,"d":56366,"surface":"extension","span":"start","eventType":"message.updated","dir":"/private/var/folders/9v/733tfwtj2jvgwygmtrbwj9gm0000gn/T/kilo-e2e-jNSxkS/workspace"}
[Kilo New][P0-Perf] {"corr":"b4e081ba-89cc-44bc-935b-893749b1d932","stage":"sse.event","t":1786783023868,"d":56366,"surface":"extension","span":"end","dur":0,"eventType":"message.updated","dir":"/private/var/folders/9v/733tfwtj2jvgwygmtrbwj9gm0000gn/T/kilo-e2e-jNSxkS/workspace"}
[Kilo New][P0-Perf] {"corr":"b4e081ba-89cc-44bc-935b-893749b1d932","stage":"sse.event","t":1786783023868,"d":56366,"surface":"extension","span":"start","eventType":"message.updated.1","dir":"/private/var/folders/9v/733tfwtj2jvgwygmtrbwj9gm0000gn/T/kilo-e2e-jNSxkS/workspace"}
[Kilo New][P0-Perf] {"corr":"b4e081ba-89cc-44bc-935b-893749b1d932","stage":"sse.event","t":1786783023868,"d":56366,"surface":"extension","span":"end","dur":0,"eventType":"message.updated.1","dir":"/private/var/folders/9v/733tfwtj2jvgwygmtrbwj9gm0000gn/T/kilo-e2e-jNSxkS/workspace"}
[Kilo New] ServerManager: ⚠️ CLI Server stderr: INFO  2026-08-15T08:37:04 +337ms service=snapshot hash=841cadea1f87b76c48a7d42497d66249b3f0236c cwd=/private/var/folders/9v/733tfwtj2jvgwygmtrbwj9gm0000gn/T/kilo-e2e-jNSxkS/workspace git=/var/folders/9v/733tfwtj2jvgwygmtrbwj9gm0000gn/T/kilo-e2e-jNSxkS/xdg-data/kilo/snapshot/8d92d1e5131045cc7f25d873d3918998f2fa7b46/9be8c9df477d736235572209b80be94e3ae91688 tracking
[Kilo New] ServerManager: ⚠️ CLI Server stderr: WARN  2026-08-15T08:37:04 +4ms service=config dir=/var/folders/9v/733tfwtj2jvgwygmtrbwj9gm0000gn/T/kilo-e2e-jNSxkS/xdg-config/kilo error=Cause([Fail(NpmInstallFailedError (cause: @kilocode/plugin: No matching version found for @kilocode/plugin@0.0.0-jorkey-refactor-vscode-agent-orchestrator-202608141823.))]) background dependency install failed
[Kilo New] ServerManager: ⚠️ CLI Server stderr: INFO  2026-08-15T08:37:04 +25ms service=session.tools status=started resolveTools
[Kilo New] ServerManager: ⚠️ CLI Server stderr: INFO  2026-08-15T08:37:04 +30ms service=tool.registry status=started invalid
[Kilo New] ServerManager: ⚠️ CLI Server stderr: INFO  2026-08-15T08:37:04 +0ms service=tool.registry status=completed duration=0 invalid
[Kilo New] ServerManager: ⚠️ CLI Server stderr: INFO  2026-08-15T08:37:04 +0ms service=tool.registry status=started question
[Kilo New] ServerManager: ⚠️ CLI Server stderr: INFO  2026-08-15T08:37:04 +0ms service=tool.registry status=completed duration=0 question
[Kilo New] ServerManager: ⚠️ CLI Server stderr: INFO  2026-08-15T08:37:04 +0ms service=tool.registry status=started bash
[Kilo New] ServerManager: ⚠️ CLI Server stderr: INFO  2026-08-15T08:37:04 +0ms service=tool.registry status=completed duration=0 bash
[Kilo New] ServerManager: ⚠️ CLI Server stderr: INFO  2026-08-15T08:37:04 +0ms service=tool.registry status=started read
[Kilo New] ServerManager: ⚠️ CLI Server stderr: INFO  2026-08-15T08:37:04 +0ms service=tool.registry status=completed duration=0 read
[Kilo New] ServerManager: ⚠️ CLI Server stderr: INFO  2026-08-15T08:37:04 +0ms service=tool.registry status=started glob
[Kilo New] ServerManager: ⚠️ CLI Server stderr: INFO  2026-08-15T08:37:04 +0ms service=tool.registry status=completed duration=0 glob
[Kilo New] ServerManager: ⚠️ CLI Server stderr: INFO  2026-08-15T08:37:04 +0ms service=tool.registry status=started grep
[Kilo New] ServerManager: ⚠️ CLI Server stderr: INFO  2026-08-15T08:37:04 +0ms service=tool.registry status=completed duration=0 grep
[Kilo New] ServerManager: ⚠️ CLI Server stderr: INFO  2026-08-15T08:37:04 +0ms service=tool.registry status=started edit
[Kilo New] ServerManager: ⚠️ CLI Server stderr: INFO  2026-08-15T08:37:04 +0ms service=tool.registry status=completed duration=0 edit
[Kilo New] ServerManager: ⚠️ CLI Server stderr: INFO  2026-08-15T08:37:04 +0ms service=tool.registry status=started write
[Kilo New] ServerManager: ⚠️ CLI Server stderr: INFO  2026-08-15T08:37:04 +12ms service=tool.registry status=completed duration=12 write
[Kilo New] ServerManager: ⚠️ CLI Server stderr: INFO  2026-08-15T08:37:04 +2ms service=tool.registry status=started task
[Kilo New] ServerManager: ⚠️ CLI Server stderr: INFO  2026-08-15T08:37:04 +7ms service=tool.registry status=completed duration=7 task
[Kilo New] ServerManager: ⚠️ CLI Server stderr: INFO  2026-08-15T08:37:04 +0ms service=tool.registry status=started webfetch
[Kilo New] ServerManager: ⚠️ CLI Server stderr: INFO  2026-08-15T08:37:04 +1ms service=tool.registry status=completed duration=1 webfetch
[Kilo New] ServerManager: ⚠️ CLI Server stderr: INFO  2026-08-15T08:37:04 +0ms service=tool.registry status=started todowrite
[Kilo New] ServerManager: ⚠️ CLI Server stderr: INFO  2026-08-15T08:37:04 +0ms service=tool.registry status=completed duration=0 todowrite
[Kilo New] ServerManager: ⚠️ CLI Server stderr: INFO  2026-08-15T08:37:04 +0ms service=tool.registry status=started skill
[Kilo New] ServerManager: ⚠️ CLI Server stderr: INFO  2026-08-15T08:37:04 +46ms service=tool.registry status=completed duration=46 skill
[Kilo New] ServerManager: ⚠️ CLI Server stderr: INFO  2026-08-15T08:37:04 +41ms service=tool.registry status=started plan_exit
[Kilo New] ServerManager: ⚠️ CLI Server stderr: INFO  2026-08-15T08:37:04 +7ms service=tool.registry status=completed duration=7 plan_exit
[Kilo New] ServerManager: ⚠️ CLI Server stderr: INFO  2026-08-15T08:37:04 +1ms service=tool.registry status=started kilo_local_recall
[Kilo New] ServerManager: ⚠️ CLI Server stderr: INFO  2026-08-15T08:37:04 +0ms service=tool.registry status=completed duration=1 kilo_local_recall
[Kilo New] ServerManager: ⚠️ CLI Server stderr: INFO  2026-08-15T08:37:04 +1ms service=tool.registry status=started background_process
[Kilo New] ServerManager: ⚠️ CLI Server stderr: INFO  2026-08-15T08:37:04 +0ms service=tool.registry status=completed duration=1 background_process
[Kilo New] ServerManager: ⚠️ CLI Server stderr: INFO  2026-08-15T08:37:04 +0ms service=tool.registry status=started agent_manager_models
[Kilo New] ServerManager: ⚠️ CLI Server stderr: INFO  2026-08-15T08:37:04 +0ms service=tool.registry status=completed duration=0 agent_manager_models
[Kilo New] ServerManager: ⚠️ CLI Server stderr: INFO  2026-08-15T08:37:04 +0ms service=tool.registry status=started agent_manager
[Kilo New] ServerManager: ⚠️ CLI Server stderr: INFO  2026-08-15T08:37:04 +0ms service=tool.registry status=completed duration=0 agent_manager
[Kilo New] ServerManager: ⚠️ CLI Server stderr: INFO  2026-08-15T08:37:04 +0ms service=tool.registry status=started e2e_marker
[Kilo New] ServerManager: ⚠️ CLI Server stderr: INFO  2026-08-15T08:37:04 +0ms service=tool.registry status=completed duration=0 e2e_marker
[Kilo New] ServerManager: ⚠️ CLI Server stderr: INFO  2026-08-15T08:37:04 +1ms service=session.tools status=completed duration=150 resolveTools
[Kilo New] ServerManager: ⚠️ CLI Server stderr: INFO  2026-08-15T08:37:04 +15ms service=session.processor session.id=ses_ffb6f5921ffe7fqDtYuSdit3bS messageID=msg_004913e790018hoeQOshPMbFUl process
[Kilo New] ServerManager: ⚠️ CLI Server stderr: INFO  2026-08-15T08:37:04 +5ms service=llm providerID=e2e-local modelID=e2e-model session.id=ses_ffb6f5921ffe7fqDtYuSdit3bS small=false agent=e2e-agent mode=primary stream
[Kilo New] ServerManager: ⚠️ CLI Server stderr: INFO  2026-08-15T08:37:04 +9ms service=default llm.runtime=ai-sdk llm.provider=e2e-local llm.model=e2e-model llm runtime selected
[Kilo New][P0-Perf] {"corr":"b4e081ba-89cc-44bc-935b-893749b1d932","stage":"sse.event","t":1786783024362,"d":56860,"surface":"extension","span":"start","eventType":"session.status","dir":"/private/var/folders/9v/733tfwtj2jvgwygmtrbwj9gm0000gn/T/kilo-e2e-jNSxkS/workspace"}
[Kilo New][P0-Perf] {"corr":"b4e081ba-89cc-44bc-935b-893749b1d932","stage":"sse.event","t":1786783024362,"d":56860,"surface":"extension","span":"end","dur":0,"eventType":"session.status","dir":"/private/var/folders/9v/733tfwtj2jvgwygmtrbwj9gm0000gn/T/kilo-e2e-jNSxkS/workspace"}
[Kilo New][P0-Perf] {"corr":"b4e081ba-89cc-44bc-935b-893749b1d932","stage":"sse.event","t":1786783024379,"d":56877,"surface":"extension","span":"start","eventType":"message.part.updated","dir":"/private/var/folders/9v/733tfwtj2jvgwygmtrbwj9gm0000gn/T/kilo-e2e-jNSxkS/workspace"}
[Kilo New][P0-Perf] {"corr":"b4e081ba-89cc-44bc-935b-893749b1d932","stage":"sse.event","t":1786783024379,"d":56877,"surface":"extension","span":"end","dur":0,"eventType":"message.part.updated","dir":"/private/var/folders/9v/733tfwtj2jvgwygmtrbwj9gm0000gn/T/kilo-e2e-jNSxkS/workspace"}
[Kilo New][P0-Perf] {"corr":"b4e081ba-89cc-44bc-935b-893749b1d932","stage":"sse.event","t":1786783024379,"d":56877,"surface":"extension","span":"start","eventType":"message.part.updated.1","dir":"/private/var/folders/9v/733tfwtj2jvgwygmtrbwj9gm0000gn/T/kilo-e2e-jNSxkS/workspace"}
[Kilo New][P0-Perf] {"corr":"b4e081ba-89cc-44bc-935b-893749b1d932","stage":"sse.event","t":1786783024379,"d":56877,"surface":"extension","span":"end","dur":0,"eventType":"message.part.updated.1","dir":"/private/var/folders/9v/733tfwtj2jvgwygmtrbwj9gm0000gn/T/kilo-e2e-jNSxkS/workspace"}
[Kilo New][P0-Perf] {"corr":"b4e081ba-89cc-44bc-935b-893749b1d932","stage":"sse.event","t":1786783024379,"d":56877,"surface":"extension","span":"start","eventType":"message.part.updated","dir":"/private/var/folders/9v/733tfwtj2jvgwygmtrbwj9gm0000gn/T/kilo-e2e-jNSxkS/workspace"}
[Kilo New][P0-Perf] {"corr":"b4e081ba-89cc-44bc-935b-893749b1d932","stage":"sse.event","t":1786783024379,"d":56877,"surface":"extension","span":"end","dur":0,"eventType":"message.part.updated","dir":"/private/var/folders/9v/733tfwtj2jvgwygmtrbwj9gm0000gn/T/kilo-e2e-jNSxkS/workspace"}
[Kilo New][P0-Perf] {"corr":"b4e081ba-89cc-44bc-935b-893749b1d932","stage":"sse.event","t":1786783024380,"d":56878,"surface":"extension","span":"start","eventType":"message.part.updated.1","dir":"/private/var/folders/9v/733tfwtj2jvgwygmtrbwj9gm0000gn/T/kilo-e2e-jNSxkS/workspace"}
[Kilo New][P0-Perf] {"corr":"b4e081ba-89cc-44bc-935b-893749b1d932","stage":"sse.event","t":1786783024380,"d":56878,"surface":"extension","span":"end","dur":0,"eventType":"message.part.updated.1","dir":"/private/var/folders/9v/733tfwtj2jvgwygmtrbwj9gm0000gn/T/kilo-e2e-jNSxkS/workspace"}
[Kilo New][P0-Perf] {"corr":"b4e081ba-89cc-44bc-935b-893749b1d932","stage":"sse.event","t":1786783024380,"d":56878,"surface":"extension","span":"start","eventType":"message.part.delta","dir":"/private/var/folders/9v/733tfwtj2jvgwygmtrbwj9gm0000gn/T/kilo-e2e-jNSxkS/workspace"}
[Kilo New][P0-Perf] {"corr":"b4e081ba-89cc-44bc-935b-893749b1d932","stage":"sse.event","t":1786783024380,"d":56878,"surface":"extension","span":"end","dur":0,"eventType":"message.part.delta","dir":"/private/var/folders/9v/733tfwtj2jvgwygmtrbwj9gm0000gn/T/kilo-e2e-jNSxkS/workspace"}
[Kilo New][P0-Perf] {"corr":"b4e081ba-89cc-44bc-935b-893749b1d932","stage":"sse.event","t":1786783024380,"d":56878,"surface":"extension","span":"start","eventType":"message.part.updated","dir":"/private/var/folders/9v/733tfwtj2jvgwygmtrbwj9gm0000gn/T/kilo-e2e-jNSxkS/workspace"}
[Kilo New][P0-Perf] {"corr":"b4e081ba-89cc-44bc-935b-893749b1d932","stage":"sse.event","t":1786783024380,"d":56878,"surface":"extension","span":"end","dur":0,"eventType":"message.part.updated","dir":"/private/var/folders/9v/733tfwtj2jvgwygmtrbwj9gm0000gn/T/kilo-e2e-jNSxkS/workspace"}
[Kilo New][P0-Perf] {"corr":"b4e081ba-89cc-44bc-935b-893749b1d932","stage":"sse.event","t":1786783024380,"d":56878,"surface":"extension","span":"start","eventType":"message.part.updated.1","dir":"/private/var/folders/9v/733tfwtj2jvgwygmtrbwj9gm0000gn/T/kilo-e2e-jNSxkS/workspace"}
[Kilo New][P0-Perf] {"corr":"b4e081ba-89cc-44bc-935b-893749b1d932","stage":"sse.event","t":1786783024380,"d":56878,"surface":"extension","span":"end","dur":0,"eventType":"message.part.updated.1","dir":"/private/var/folders/9v/733tfwtj2jvgwygmtrbwj9gm0000gn/T/kilo-e2e-jNSxkS/workspace"}
[Kilo New] ServerManager: ⚠️ CLI Server stderr: INFO  2026-08-15T08:37:04 +349ms service=snapshot hash=841cadea1f87b76c48a7d42497d66249b3f0236c cwd=/private/var/folders/9v/733tfwtj2jvgwygmtrbwj9gm0000gn/T/kilo-e2e-jNSxkS/workspace git=/var/folders/9v/733tfwtj2jvgwygmtrbwj9gm0000gn/T/kilo-e2e-jNSxkS/xdg-data/kilo/snapshot/8d92d1e5131045cc7f25d873d3918998f2fa7b46/9be8c9df477d736235572209b80be94e3ae91688 tracking
[Kilo New][P0-Perf] {"corr":"b4e081ba-89cc-44bc-935b-893749b1d932","stage":"sse.event","t":1786783024858,"d":57356,"surface":"extension","span":"start","eventType":"message.part.updated","dir":"/private/var/folders/9v/733tfwtj2jvgwygmtrbwj9gm0000gn/T/kilo-e2e-jNSxkS/workspace"}
[Kilo New][P0-Perf] {"corr":"b4e081ba-89cc-44bc-935b-893749b1d932","stage":"sse.event","t":1786783024859,"d":57357,"surface":"extension","span":"end","dur":1,"eventType":"message.part.updated","dir":"/private/var/folders/9v/733tfwtj2jvgwygmtrbwj9gm0000gn/T/kilo-e2e-jNSxkS/workspace"}
[Kilo New][P0-Perf] {"corr":"b4e081ba-89cc-44bc-935b-893749b1d932","stage":"sse.event","t":1786783024859,"d":57357,"surface":"extension","span":"start","eventType":"message.part.updated.1","dir":"/private/var/folders/9v/733tfwtj2jvgwygmtrbwj9gm0000gn/T/kilo-e2e-jNSxkS/workspace"}
[Kilo New][P0-Perf] {"corr":"b4e081ba-89cc-44bc-935b-893749b1d932","stage":"sse.event","t":1786783024859,"d":57357,"surface":"extension","span":"end","dur":0,"eventType":"message.part.updated.1","dir":"/private/var/folders/9v/733tfwtj2jvgwygmtrbwj9gm0000gn/T/kilo-e2e-jNSxkS/workspace"}
[Kilo New][P0-Perf] {"corr":"b4e081ba-89cc-44bc-935b-893749b1d932","stage":"sse.event","t":1786783024859,"d":57357,"surface":"extension","span":"start","eventType":"message.updated","dir":"/private/var/folders/9v/733tfwtj2jvgwygmtrbwj9gm0000gn/T/kilo-e2e-jNSxkS/workspace"}
[Kilo New][P0-Perf] {"corr":"b4e081ba-89cc-44bc-935b-893749b1d932","stage":"sse.event","t":1786783024860,"d":57358,"surface":"extension","span":"end","dur":1,"eventType":"message.updated","dir":"/private/var/folders/9v/733tfwtj2jvgwygmtrbwj9gm0000gn/T/kilo-e2e-jNSxkS/workspace"}
[Kilo New][P0-Perf] {"corr":"b4e081ba-89cc-44bc-935b-893749b1d932","stage":"sse.event","t":1786783024860,"d":57358,"surface":"extension","span":"start","eventType":"message.updated.1","dir":"/private/var/folders/9v/733tfwtj2jvgwygmtrbwj9gm0000gn/T/kilo-e2e-jNSxkS/workspace"}
[Kilo New][P0-Perf] {"corr":"b4e081ba-89cc-44bc-935b-893749b1d932","stage":"sse.event","t":1786783024860,"d":57358,"surface":"extension","span":"end","dur":0,"eventType":"message.updated.1","dir":"/private/var/folders/9v/733tfwtj2jvgwygmtrbwj9gm0000gn/T/kilo-e2e-jNSxkS/workspace"}
[Kilo New] ServerManager: ⚠️ CLI Server stderr: INFO  2026-08-15T08:37:06 +1786ms service=model-cache providerID=apertis refreshing models
[Kilo New][P0-Perf] {"corr":"b4e081ba-89cc-44bc-935b-893749b1d932","stage":"sse.event","t":1786783026491,"d":58989,"surface":"extension","span":"start","eventType":"server.heartbeat"}
[Kilo New][P0-Perf] {"corr":"b4e081ba-89cc-44bc-935b-893749b1d932","stage":"sse.event","t":1786783026492,"d":58990,"surface":"extension","span":"end","dur":1,"eventType":"server.heartbeat"}
[Kilo New] ServerManager: ⚠️ CLI Server stderr: INFO  2026-08-15T08:37:06 +4ms service=model-cache providerID=apertis count=0 models fetched and cached
[Kilo New] ServerManager: ⚠️ CLI Server stderr: INFO  2026-08-15T08:37:06 +70ms service=session.prompt session.id=ses_ffb6f5921ffe7fqDtYuSdit3bS step=2 loop
[Kilo New] ServerManager: ⚠️ CLI Server stderr: INFO  2026-08-15T08:37:06 +2ms service=session.prompt session.id=ses_ffb6f5921ffe7fqDtYuSdit3bS exiting loop
[Kilo New] ServerManager: ⚠️ CLI Server stderr: INFO  2026-08-15T08:37:06 +7ms service=bus type=session.turn.close publishing
[Kilo New][P0-Perf] {"corr":"b4e081ba-89cc-44bc-935b-893749b1d932","stage":"sse.event","t":1786783026578,"d":59076,"surface":"extension","span":"start","eventType":"message.updated","dir":"/private/var/folders/9v/733tfwtj2jvgwygmtrbwj9gm0000gn/T/kilo-e2e-jNSxkS/workspace"}
[Kilo New][P0-Perf] {"corr":"b4e081ba-89cc-44bc-935b-893749b1d932","stage":"sse.event","t":1786783026578,"d":59076,"surface":"extension","span":"end","dur":0,"eventType":"message.updated","dir":"/private/var/folders/9v/733tfwtj2jvgwygmtrbwj9gm0000gn/T/kilo-e2e-jNSxkS/workspace"}
[Kilo New][P0-Perf] {"corr":"b4e081ba-89cc-44bc-935b-893749b1d932","stage":"sse.event","t":1786783026578,"d":59076,"surface":"extension","span":"start","eventType":"message.updated.1","dir":"/private/var/folders/9v/733tfwtj2jvgwygmtrbwj9gm0000gn/T/kilo-e2e-jNSxkS/workspace"}
[Kilo New][P0-Perf] {"corr":"b4e081ba-89cc-44bc-935b-893749b1d932","stage":"sse.event","t":1786783026579,"d":59077,"surface":"extension","span":"end","dur":1,"eventType":"message.updated.1","dir":"/private/var/folders/9v/733tfwtj2jvgwygmtrbwj9gm0000gn/T/kilo-e2e-jNSxkS/workspace"}
[Kilo New][P0-Perf] {"corr":"b4e081ba-89cc-44bc-935b-893749b1d932","stage":"sse.event","t":1786783026579,"d":59077,"surface":"extension","span":"start","eventType":"session.status","dir":"/private/var/folders/9v/733tfwtj2jvgwygmtrbwj9gm0000gn/T/kilo-e2e-jNSxkS/workspace"}
[Kilo New][P0-Perf] {"corr":"b4e081ba-89cc-44bc-935b-893749b1d932","stage":"sse.event","t":1786783026579,"d":59077,"surface":"extension","span":"end","dur":0,"eventType":"session.status","dir":"/private/var/folders/9v/733tfwtj2jvgwygmtrbwj9gm0000gn/T/kilo-e2e-jNSxkS/workspace"}
[Kilo New][P0-Perf] {"corr":"b4e081ba-89cc-44bc-935b-893749b1d932","stage":"sse.event","t":1786783026579,"d":59077,"surface":"extension","span":"start","eventType":"session.status","dir":"/private/var/folders/9v/733tfwtj2jvgwygmtrbwj9gm0000gn/T/kilo-e2e-jNSxkS/workspace"}
[Kilo New][P0-Perf] {"corr":"b4e081ba-89cc-44bc-935b-893749b1d932","stage":"sse.event","t":1786783026579,"d":59077,"surface":"extension","span":"end","dur":0,"eventType":"session.status","dir":"/private/var/folders/9v/733tfwtj2jvgwygmtrbwj9gm0000gn/T/kilo-e2e-jNSxkS/workspace"}
[Kilo New][P0-Perf] {"corr":"b4e081ba-89cc-44bc-935b-893749b1d932","stage":"sse.event","t":1786783026579,"d":59077,"surface":"extension","span":"start","eventType":"session.idle","dir":"/private/var/folders/9v/733tfwtj2jvgwygmtrbwj9gm0000gn/T/kilo-e2e-jNSxkS/workspace"}
[Kilo New][P0-Perf] {"corr":"b4e081ba-89cc-44bc-935b-893749b1d932","stage":"sse.event","t":1786783026580,"d":59078,"surface":"extension","span":"end","dur":1,"eventType":"session.idle","dir":"/private/var/folders/9v/733tfwtj2jvgwygmtrbwj9gm0000gn/T/kilo-e2e-jNSxkS/workspace"}
[Kilo New][P0-Perf] {"corr":"b4e081ba-89cc-44bc-935b-893749b1d932","stage":"sse.event","t":1786783026580,"d":59078,"surface":"extension","span":"start","eventType":"session.turn.close","dir":"/private/var/folders/9v/733tfwtj2jvgwygmtrbwj9gm0000gn/T/kilo-e2e-jNSxkS/workspace"}
[Kilo New][P0-Perf] {"corr":"b4e081ba-89cc-44bc-935b-893749b1d932","stage":"sse.event","t":1786783026580,"d":59078,"surface":"extension","span":"end","dur":0,"eventType":"session.turn.close","dir":"/private/var/folders/9v/733tfwtj2jvgwygmtrbwj9gm0000gn/T/kilo-e2e-jNSxkS/workspace"}
[Kilo New][P0-Perf] {"corr":"b4e081ba-89cc-44bc-935b-893749b1d932","stage":"sse.event","t":1786783026641,"d":59139,"surface":"extension","span":"start","eventType":"session.updated","dir":"/private/var/folders/9v/733tfwtj2jvgwygmtrbwj9gm0000gn/T/kilo-e2e-jNSxkS/workspace"}
[Kilo New][P0-Perf] {"corr":"b4e081ba-89cc-44bc-935b-893749b1d932","stage":"sse.event","t":1786783026641,"d":59139,"surface":"extension","span":"end","dur":0,"eventType":"session.updated","dir":"/private/var/folders/9v/733tfwtj2jvgwygmtrbwj9gm0000gn/T/kilo-e2e-jNSxkS/workspace"}
[Kilo New][P0-Perf] {"corr":"b4e081ba-89cc-44bc-935b-893749b1d932","stage":"sse.event","t":1786783026641,"d":59139,"surface":"extension","span":"start","eventType":"session.updated.1","dir":"/private/var/folders/9v/733tfwtj2jvgwygmtrbwj9gm0000gn/T/kilo-e2e-jNSxkS/workspace"}
[Kilo New][P0-Perf] {"corr":"b4e081ba-89cc-44bc-935b-893749b1d932","stage":"sse.event","t":1786783026641,"d":59139,"surface":"extension","span":"end","dur":0,"eventType":"session.updated.1","dir":"/private/var/folders/9v/733tfwtj2jvgwygmtrbwj9gm0000gn/T/kilo-e2e-jNSxkS/workspace"}
[Kilo New][P0-Perf] {"corr":"b4e081ba-89cc-44bc-935b-893749b1d932","stage":"sse.event","t":1786783026642,"d":59140,"surface":"extension","span":"start","eventType":"session.diff","dir":"/private/var/folders/9v/733tfwtj2jvgwygmtrbwj9gm0000gn/T/kilo-e2e-jNSxkS/workspace"}
[Kilo New][P0-Perf] {"corr":"b4e081ba-89cc-44bc-935b-893749b1d932","stage":"sse.event","t":1786783026642,"d":59140,"surface":"extension","span":"end","dur":0,"eventType":"session.diff","dir":"/private/var/folders/9v/733tfwtj2jvgwygmtrbwj9gm0000gn/T/kilo-e2e-jNSxkS/workspace"}
[Kilo New][P0-Perf] {"corr":"b4e081ba-89cc-44bc-935b-893749b1d932","stage":"sse.event","t":1786783026642,"d":59140,"surface":"extension","span":"start","eventType":"message.updated","dir":"/private/var/folders/9v/733tfwtj2jvgwygmtrbwj9gm0000gn/T/kilo-e2e-jNSxkS/workspace"}
[Kilo New][P0-Perf] {"corr":"b4e081ba-89cc-44bc-935b-893749b1d932","stage":"sse.event","t":1786783026642,"d":59140,"surface":"extension","span":"end","dur":0,"eventType":"message.updated","dir":"/private/var/folders/9v/733tfwtj2jvgwygmtrbwj9gm0000gn/T/kilo-e2e-jNSxkS/workspace"}
[Kilo New][P0-Perf] {"corr":"b4e081ba-89cc-44bc-935b-893749b1d932","stage":"sse.event","t":1786783026642,"d":59140,"surface":"extension","span":"start","eventType":"message.updated.1","dir":"/private/var/folders/9v/733tfwtj2jvgwygmtrbwj9gm0000gn/T/kilo-e2e-jNSxkS/workspace"}
[Kilo New][P0-Perf] {"corr":"b4e081ba-89cc-44bc-935b-893749b1d932","stage":"sse.event","t":1786783026642,"d":59140,"surface":"extension","span":"end","dur":0,"eventType":"message.updated.1","dir":"/private/var/folders/9v/733tfwtj2jvgwygmtrbwj9gm0000gn/T/kilo-e2e-jNSxkS/workspace"}
[Kilo New] ServerManager: ⚠️ CLI Server stderr: INFO  2026-08-15T08:37:08 +1671ms service=model-cache providerID=apertis refreshing models
[Kilo New] ServerManager: ⚠️ CLI Server stderr: INFO  2026-08-15T08:37:08 +2ms service=model-cache providerID=apertis count=0 models fetched and cached
[probe] PASS H-6 permission reply drains the pending request and completes
[probe] PASS H-6 permission dock gone
[probe] PASS H-6 panel shows the permission completion text: transcript text present
[Kilo New][P0-Perf] {"corr":"b4e081ba-89cc-44bc-935b-893749b1d932","stage":"prompt.submit","t":1786783028929,"d":61427,"surface":"extension","sessionID":"ses_ffb6f5921ffe7fqDtYuSdit3bS","messageID":"msg_0049156ac001ih1gWjGdxUyJcm","dir":"/var/folders/9v/733tfwtj2jvgwygmtrbwj9gm0000gn/T/kilo-e2e-jNSxkS/workspace"}
[Kilo New][P0-Perf] {"corr":"b4e081ba-89cc-44bc-935b-893749b1d932","stage":"sse.event","t":1786783028955,"d":61453,"surface":"extension","span":"start","eventType":"message.updated","dir":"/private/var/folders/9v/733tfwtj2jvgwygmtrbwj9gm0000gn/T/kilo-e2e-jNSxkS/workspace"}
[Kilo New][P0-Perf] {"corr":"b4e081ba-89cc-44bc-935b-893749b1d932","stage":"sse.event","t":1786783028955,"d":61453,"surface":"extension","span":"end","dur":0,"eventType":"message.updated","dir":"/private/var/folders/9v/733tfwtj2jvgwygmtrbwj9gm0000gn/T/kilo-e2e-jNSxkS/workspace"}
[Kilo New][P0-Perf] {"corr":"b4e081ba-89cc-44bc-935b-893749b1d932","stage":"sse.event","t":1786783028955,"d":61453,"surface":"extension","span":"start","eventType":"message.updated.1","dir":"/private/var/folders/9v/733tfwtj2jvgwygmtrbwj9gm0000gn/T/kilo-e2e-jNSxkS/workspace"}
[Kilo New][P0-Perf] {"corr":"b4e081ba-89cc-44bc-935b-893749b1d932","stage":"sse.event","t":1786783028955,"d":61453,"surface":"extension","span":"end","dur":0,"eventType":"message.updated.1","dir":"/private/var/folders/9v/733tfwtj2jvgwygmtrbwj9gm0000gn/T/kilo-e2e-jNSxkS/workspace"}
[Kilo New][P0-Perf] {"corr":"b4e081ba-89cc-44bc-935b-893749b1d932","stage":"sse.event","t":1786783028956,"d":61454,"surface":"extension","span":"start","eventType":"message.part.updated","dir":"/private/var/folders/9v/733tfwtj2jvgwygmtrbwj9gm0000gn/T/kilo-e2e-jNSxkS/workspace"}
[Kilo New][P0-Perf] {"corr":"b4e081ba-89cc-44bc-935b-893749b1d932","stage":"sse.event","t":1786783028956,"d":61454,"surface":"extension","span":"end","dur":0,"eventType":"message.part.updated","dir":"/private/var/folders/9v/733tfwtj2jvgwygmtrbwj9gm0000gn/T/kilo-e2e-jNSxkS/workspace"}
[Kilo New][P0-Perf] {"corr":"b4e081ba-89cc-44bc-935b-893749b1d932","stage":"sse.event","t":1786783028956,"d":61454,"surface":"extension","span":"start","eventType":"message.part.updated.1","dir":"/private/var/folders/9v/733tfwtj2jvgwygmtrbwj9gm0000gn/T/kilo-e2e-jNSxkS/workspace"}
[Kilo New][P0-Perf] {"corr":"b4e081ba-89cc-44bc-935b-893749b1d932","stage":"sse.event","t":1786783028956,"d":61454,"surface":"extension","span":"end","dur":0,"eventType":"message.part.updated.1","dir":"/private/var/folders/9v/733tfwtj2jvgwygmtrbwj9gm0000gn/T/kilo-e2e-jNSxkS/workspace"}
[Kilo New][P0-Perf] {"corr":"b4e081ba-89cc-44bc-935b-893749b1d932","stage":"sse.event","t":1786783028956,"d":61454,"surface":"extension","span":"start","eventType":"session.updated","dir":"/private/var/folders/9v/733tfwtj2jvgwygmtrbwj9gm0000gn/T/kilo-e2e-jNSxkS/workspace"}
[Kilo New][P0-Perf] {"corr":"b4e081ba-89cc-44bc-935b-893749b1d932","stage":"sse.event","t":1786783028956,"d":61454,"surface":"extension","span":"end","dur":0,"eventType":"session.updated","dir":"/private/var/folders/9v/733tfwtj2jvgwygmtrbwj9gm0000gn/T/kilo-e2e-jNSxkS/workspace"}
[Kilo New][P0-Perf] {"corr":"b4e081ba-89cc-44bc-935b-893749b1d932","stage":"sse.event","t":1786783028956,"d":61454,"surface":"extension","span":"start","eventType":"session.updated.1","dir":"/private/var/folders/9v/733tfwtj2jvgwygmtrbwj9gm0000gn/T/kilo-e2e-jNSxkS/workspace"}
[Kilo New][P0-Perf] {"corr":"b4e081ba-89cc-44bc-935b-893749b1d932","stage":"sse.event","t":1786783028956,"d":61454,"surface":"extension","span":"end","dur":0,"eventType":"session.updated.1","dir":"/private/var/folders/9v/733tfwtj2jvgwygmtrbwj9gm0000gn/T/kilo-e2e-jNSxkS/workspace"}
[probe] sent prompt via real prompt input: E2E_QUESTION: ask me a question
[Kilo New] ServerManager: ⚠️ CLI Server stderr: INFO  2026-08-15T08:37:08 +749ms service=bus type=session.turn.open publishing
[Kilo New] ServerManager: ⚠️ CLI Server stderr: INFO  2026-08-15T08:37:09 +7ms service=session.prompt session.id=ses_ffb6f5921ffe7fqDtYuSdit3bS step=0 loop
[Kilo New] ServerManager: ⚠️ CLI Server stderr: INFO  2026-08-15T08:37:09 +9ms service=p0-perf event=p0.mark stage=processor_entry ts=1786783029009 id=ses_ffb6f5921ffe7fqDtYuSdit3bS meta={"messageID":"msg_00491570c001P6vy1p5Dn57VkB","parentID":"msg_0049156ac001ih1gWjGdxUyJcm","model":"e2e-model","provider":"e2e-local"} processor_entry
[Kilo New][P0-Perf] {"corr":"b4e081ba-89cc-44bc-935b-893749b1d932","stage":"sse.event","t":1786783029019,"d":61517,"surface":"extension","span":"start","eventType":"session.turn.open","dir":"/private/var/folders/9v/733tfwtj2jvgwygmtrbwj9gm0000gn/T/kilo-e2e-jNSxkS/workspace"}
[Kilo New][P0-Perf] {"corr":"b4e081ba-89cc-44bc-935b-893749b1d932","stage":"sse.event","t":1786783029019,"d":61517,"surface":"extension","span":"end","dur":0,"eventType":"session.turn.open","dir":"/private/var/folders/9v/733tfwtj2jvgwygmtrbwj9gm0000gn/T/kilo-e2e-jNSxkS/workspace"}
[Kilo New][P0-Perf] {"corr":"b4e081ba-89cc-44bc-935b-893749b1d932","stage":"sse.event","t":1786783029048,"d":61546,"surface":"extension","span":"start","eventType":"session.status","dir":"/private/var/folders/9v/733tfwtj2jvgwygmtrbwj9gm0000gn/T/kilo-e2e-jNSxkS/workspace"}
[Kilo New][P0-Perf] {"corr":"b4e081ba-89cc-44bc-935b-893749b1d932","stage":"sse.event","t":1786783029048,"d":61546,"surface":"extension","span":"end","dur":0,"eventType":"session.status","dir":"/private/var/folders/9v/733tfwtj2jvgwygmtrbwj9gm0000gn/T/kilo-e2e-jNSxkS/workspace"}
[Kilo New][P0-Perf] {"corr":"b4e081ba-89cc-44bc-935b-893749b1d932","stage":"sse.event","t":1786783029049,"d":61547,"surface":"extension","span":"start","eventType":"message.updated","dir":"/private/var/folders/9v/733tfwtj2jvgwygmtrbwj9gm0000gn/T/kilo-e2e-jNSxkS/workspace"}
[Kilo New][P0-Perf] {"corr":"b4e081ba-89cc-44bc-935b-893749b1d932","stage":"sse.event","t":1786783029049,"d":61547,"surface":"extension","span":"end","dur":0,"eventType":"message.updated","dir":"/private/var/folders/9v/733tfwtj2jvgwygmtrbwj9gm0000gn/T/kilo-e2e-jNSxkS/workspace"}
[Kilo New][P0-Perf] {"corr":"b4e081ba-89cc-44bc-935b-893749b1d932","stage":"sse.event","t":1786783029049,"d":61547,"surface":"extension","span":"start","eventType":"message.updated.1","dir":"/private/var/folders/9v/733tfwtj2jvgwygmtrbwj9gm0000gn/T/kilo-e2e-jNSxkS/workspace"}
[Kilo New][P0-Perf] {"corr":"b4e081ba-89cc-44bc-935b-893749b1d932","stage":"model.firstEvent","t":1786783029049,"d":61547,"surface":"extension","sessionID":"ses_ffb6f5921ffe7fqDtYuSdit3bS","messageID":"msg_00491570c001P6vy1p5Dn57VkB","parentID":"msg_0049156ac001ih1gWjGdxUyJcm","dir":"/private/var/folders/9v/733tfwtj2jvgwygmtrbwj9gm0000gn/T/kilo-e2e-jNSxkS/workspace"}
[Kilo New][P0-Perf] {"corr":"b4e081ba-89cc-44bc-935b-893749b1d932","stage":"sse.event","t":1786783029049,"d":61547,"surface":"extension","span":"end","dur":0,"eventType":"message.updated.1","dir":"/private/var/folders/9v/733tfwtj2jvgwygmtrbwj9gm0000gn/T/kilo-e2e-jNSxkS/workspace"}
[Kilo New] ServerManager: ⚠️ CLI Server stderr: INFO  2026-08-15T08:37:09 +230ms service=snapshot hash=841cadea1f87b76c48a7d42497d66249b3f0236c cwd=/private/var/folders/9v/733tfwtj2jvgwygmtrbwj9gm0000gn/T/kilo-e2e-jNSxkS/workspace git=/var/folders/9v/733tfwtj2jvgwygmtrbwj9gm0000gn/T/kilo-e2e-jNSxkS/xdg-data/kilo/snapshot/8d92d1e5131045cc7f25d873d3918998f2fa7b46/9be8c9df477d736235572209b80be94e3ae91688 tracking
[Kilo New] ServerManager: ⚠️ CLI Server stderr: INFO  2026-08-15T08:37:09 +3ms service=session.tools status=started resolveTools
[Kilo New] ServerManager: ⚠️ CLI Server stderr: INFO  2026-08-15T08:37:10 +1005ms service=model-cache providerID=apertis refreshing models
[Kilo New] ServerManager: ⚠️ CLI Server stderr: INFO  2026-08-15T08:37:10 +2ms service=model-cache providerID=apertis count=0 models fetched and cached
[Kilo New] ServerManager: ⚠️ CLI Server stderr: INFO  2026-08-15T08:37:10 +59ms service=tool.registry status=started invalid
[Kilo New] ServerManager: ⚠️ CLI Server stderr: INFO  2026-08-15T08:37:10 +1ms service=tool.registry status=completed duration=1 invalid
[Kilo New] ServerManager: ⚠️ CLI Server stderr: INFO  2026-08-15T08:37:10 +1ms service=tool.registry status=started question
[Kilo New] ServerManager: ⚠️ CLI Server stderr: INFO  2026-08-15T08:37:10 +0ms service=tool.registry status=completed duration=0 question
[Kilo New] ServerManager: ⚠️ CLI Server stderr: INFO  2026-08-15T08:37:10 +0ms service=tool.registry status=started bash
[Kilo New] ServerManager: ⚠️ CLI Server stderr: INFO  2026-08-15T08:37:10 +0ms service=tool.registry status=completed duration=0 bash
[Kilo New] ServerManager: ⚠️ CLI Server stderr: INFO  2026-08-15T08:37:10 +0ms service=tool.registry status=started read
[Kilo New] ServerManager: ⚠️ CLI Server stderr: INFO  2026-08-15T08:37:10 +0ms service=tool.registry status=completed duration=0 read
[Kilo New] ServerManager: ⚠️ CLI Server stderr: INFO  2026-08-15T08:37:10 +0ms service=tool.registry status=started glob
[Kilo New] ServerManager: ⚠️ CLI Server stderr: INFO  2026-08-15T08:37:10 +0ms service=tool.registry status=completed duration=0 glob
[Kilo New] ServerManager: ⚠️ CLI Server stderr: INFO  2026-08-15T08:37:10 +0ms service=tool.registry status=started grep
[Kilo New] ServerManager: ⚠️ CLI Server stderr: INFO  2026-08-15T08:37:10 +0ms service=tool.registry status=completed duration=0 grep
[Kilo New] ServerManager: ⚠️ CLI Server stderr: INFO  2026-08-15T08:37:10 +0ms service=tool.registry status=started edit
[Kilo New] ServerManager: ⚠️ CLI Server stderr: INFO  2026-08-15T08:37:10 +0ms service=tool.registry status=completed duration=0 edit
[Kilo New] ServerManager: ⚠️ CLI Server stderr: INFO  2026-08-15T08:37:10 +0ms service=tool.registry status=started write
[Kilo New] ServerManager: ⚠️ CLI Server stderr: INFO  2026-08-15T08:37:10 +0ms service=tool.registry status=completed duration=0 write
[Kilo New] ServerManager: ⚠️ CLI Server stderr: INFO  2026-08-15T08:37:10 +0ms service=tool.registry status=started task
[Kilo New] ServerManager: ⚠️ CLI Server stderr: INFO  2026-08-15T08:37:10 +1ms service=tool.registry status=completed duration=1 task
[Kilo New] ServerManager: ⚠️ CLI Server stderr: INFO  2026-08-15T08:37:10 +0ms service=tool.registry status=started webfetch
[Kilo New] ServerManager: ⚠️ CLI Server stderr: INFO  2026-08-15T08:37:10 +0ms service=tool.registry status=completed duration=0 webfetch
[Kilo New] ServerManager: ⚠️ CLI Server stderr: INFO  2026-08-15T08:37:10 +0ms service=tool.registry status=started todowrite
[Kilo New] ServerManager: ⚠️ CLI Server stderr: INFO  2026-08-15T08:37:10 +0ms service=tool.registry status=completed duration=0 todowrite
[Kilo New] ServerManager: ⚠️ CLI Server stderr: INFO  2026-08-15T08:37:10 +0ms service=tool.registry status=started skill
[Kilo New] ServerManager: ⚠️ CLI Server stderr: INFO  2026-08-15T08:37:10 +0ms service=tool.registry status=completed duration=0 skill
[Kilo New] ServerManager: ⚠️ CLI Server stderr: INFO  2026-08-15T08:37:10 +0ms service=tool.registry status=started plan_exit
[Kilo New] ServerManager: ⚠️ CLI Server stderr: INFO  2026-08-15T08:37:10 +0ms service=tool.registry status=completed duration=0 plan_exit
[Kilo New] ServerManager: ⚠️ CLI Server stderr: INFO  2026-08-15T08:37:10 +0ms service=tool.registry status=started kilo_local_recall
[Kilo New] ServerManager: ⚠️ CLI Server stderr: INFO  2026-08-15T08:37:10 +0ms service=tool.registry status=completed duration=0 kilo_local_recall
[Kilo New] ServerManager: ⚠️ CLI Server stderr: INFO  2026-08-15T08:37:10 +0ms service=tool.registry status=started background_process
[Kilo New] ServerManager: ⚠️ CLI Server stderr: INFO  2026-08-15T08:37:10 +0ms service=tool.registry status=completed duration=0 background_process
[Kilo New] ServerManager: ⚠️ CLI Server stderr: INFO  2026-08-15T08:37:10 +1ms service=tool.registry status=started agent_manager_models
[Kilo New] ServerManager: ⚠️ CLI Server stderr: INFO  2026-08-15T08:37:10 +0ms service=tool.registry status=completed duration=0 agent_manager_models
[Kilo New] ServerManager: ⚠️ CLI Server stderr: INFO  2026-08-15T08:37:10 +0ms service=tool.registry status=started agent_manager
[Kilo New] ServerManager: ⚠️ CLI Server stderr: INFO  2026-08-15T08:37:10 +0ms service=tool.registry status=completed duration=0 agent_manager
[Kilo New] ServerManager: ⚠️ CLI Server stderr: INFO  2026-08-15T08:37:10 +0ms service=tool.registry status=started e2e_marker
[Kilo New] ServerManager: ⚠️ CLI Server stderr: INFO  2026-08-15T08:37:10 +0ms service=tool.registry status=completed duration=0 e2e_marker
[Kilo New] ServerManager: ⚠️ CLI Server stderr: INFO  2026-08-15T08:37:10 +0ms service=session.tools status=completed duration=1070 resolveTools
[Kilo New] ServerManager: ⚠️ CLI Server stderr: INFO  2026-08-15T08:37:10 +57ms service=session.processor session.id=ses_ffb6f5921ffe7fqDtYuSdit3bS messageID=msg_00491570c001P6vy1p5Dn57VkB process
[Kilo New] ServerManager: ⚠️ CLI Server stderr: INFO  2026-08-15T08:37:10 +3ms service=llm providerID=e2e-local modelID=e2e-model session.id=ses_ffb6f5921ffe7fqDtYuSdit3bS small=false agent=e2e-agent mode=primary stream
[Kilo New] ServerManager: ⚠️ CLI Server stderr: INFO  2026-08-15T08:37:10 +51ms service=default llm.runtime=ai-sdk llm.provider=e2e-local llm.model=e2e-model llm runtime selected
[Kilo New][P0-Perf] {"corr":"b4e081ba-89cc-44bc-935b-893749b1d932","stage":"sse.event","t":1786783030448,"d":62946,"surface":"extension","span":"start","eventType":"session.updated","dir":"/private/var/folders/9v/733tfwtj2jvgwygmtrbwj9gm0000gn/T/kilo-e2e-jNSxkS/workspace"}
[Kilo New][P0-Perf] {"corr":"b4e081ba-89cc-44bc-935b-893749b1d932","stage":"sse.event","t":1786783030449,"d":62947,"surface":"extension","span":"end","dur":1,"eventType":"session.updated","dir":"/private/var/folders/9v/733tfwtj2jvgwygmtrbwj9gm0000gn/T/kilo-e2e-jNSxkS/workspace"}
[Kilo New][P0-Perf] {"corr":"b4e081ba-89cc-44bc-935b-893749b1d932","stage":"sse.event","t":1786783030449,"d":62947,"surface":"extension","span":"start","eventType":"session.updated.1","dir":"/private/var/folders/9v/733tfwtj2jvgwygmtrbwj9gm0000gn/T/kilo-e2e-jNSxkS/workspace"}
[Kilo New][P0-Perf] {"corr":"b4e081ba-89cc-44bc-935b-893749b1d932","stage":"sse.event","t":1786783030449,"d":62947,"surface":"extension","span":"end","dur":0,"eventType":"session.updated.1","dir":"/private/var/folders/9v/733tfwtj2jvgwygmtrbwj9gm0000gn/T/kilo-e2e-jNSxkS/workspace"}
[Kilo New][P0-Perf] {"corr":"b4e081ba-89cc-44bc-935b-893749b1d932","stage":"sse.event","t":1786783030449,"d":62947,"surface":"extension","span":"start","eventType":"session.diff","dir":"/private/var/folders/9v/733tfwtj2jvgwygmtrbwj9gm0000gn/T/kilo-e2e-jNSxkS/workspace"}
[Kilo New][P0-Perf] {"corr":"b4e081ba-89cc-44bc-935b-893749b1d932","stage":"sse.event","t":1786783030449,"d":62947,"surface":"extension","span":"end","dur":0,"eventType":"session.diff","dir":"/private/var/folders/9v/733tfwtj2jvgwygmtrbwj9gm0000gn/T/kilo-e2e-jNSxkS/workspace"}
[Kilo New][P0-Perf] {"corr":"b4e081ba-89cc-44bc-935b-893749b1d932","stage":"sse.event","t":1786783030449,"d":62947,"surface":"extension","span":"start","eventType":"message.updated","dir":"/private/var/folders/9v/733tfwtj2jvgwygmtrbwj9gm0000gn/T/kilo-e2e-jNSxkS/workspace"}
[Kilo New][P0-Perf] {"corr":"b4e081ba-89cc-44bc-935b-893749b1d932","stage":"sse.event","t":1786783030450,"d":62948,"surface":"extension","span":"end","dur":1,"eventType":"message.updated","dir":"/private/var/folders/9v/733tfwtj2jvgwygmtrbwj9gm0000gn/T/kilo-e2e-jNSxkS/workspace"}
[Kilo New][P0-Perf] {"corr":"b4e081ba-89cc-44bc-935b-893749b1d932","stage":"sse.event","t":1786783030450,"d":62948,"surface":"extension","span":"start","eventType":"message.updated.1","dir":"/private/var/folders/9v/733tfwtj2jvgwygmtrbwj9gm0000gn/T/kilo-e2e-jNSxkS/workspace"}
[Kilo New][P0-Perf] {"corr":"b4e081ba-89cc-44bc-935b-893749b1d932","stage":"sse.event","t":1786783030450,"d":62948,"surface":"extension","span":"end","dur":0,"eventType":"message.updated.1","dir":"/private/var/folders/9v/733tfwtj2jvgwygmtrbwj9gm0000gn/T/kilo-e2e-jNSxkS/workspace"}
[Kilo New][P0-Perf] {"corr":"b4e081ba-89cc-44bc-935b-893749b1d932","stage":"sse.event","t":1786783030450,"d":62948,"surface":"extension","span":"start","eventType":"session.status","dir":"/private/var/folders/9v/733tfwtj2jvgwygmtrbwj9gm0000gn/T/kilo-e2e-jNSxkS/workspace"}
[Kilo New][P0-Perf] {"corr":"b4e081ba-89cc-44bc-935b-893749b1d932","stage":"sse.event","t":1786783030450,"d":62948,"surface":"extension","span":"end","dur":0,"eventType":"session.status","dir":"/private/var/folders/9v/733tfwtj2jvgwygmtrbwj9gm0000gn/T/kilo-e2e-jNSxkS/workspace"}
[Kilo New] ServerManager: ⚠️ CLI Server stderr: INFO  2026-08-15T08:37:10 +88ms service=p0-perf event=p0.start stage=tool_execute ts=1786783030511 id=ses_ffb6f5921ffe7fqDtYuSdit3bS meta={"tool":"question","callID":"call_e2e_question_1","messageID":"msg_00491570c001P6vy1p5Dn57VkB"} tool_execute
[Kilo New] ServerManager: ⚠️ CLI Server stderr: INFO  2026-08-15T08:37:10 +3ms service=question id=que_004915cf2001W21WIbG8OXpZqz questions=1 asking
[Kilo New] ServerManager: ⚠️ CLI Server stderr: INFO  2026-08-15T08:37:10 +2ms service=p0-perf event=p0.start stage=question_wait ts=1786783030516 id=que_004915cf2001W21WIbG8OXpZqz meta={"sessionID":"ses_ffb6f5921ffe7fqDtYuSdit3bS"} question_wait
[Kilo New][P0-Perf] {"corr":"b4e081ba-89cc-44bc-935b-893749b1d932","stage":"sse.event","t":1786783030524,"d":63022,"surface":"extension","span":"start","eventType":"message.part.updated","dir":"/private/var/folders/9v/733tfwtj2jvgwygmtrbwj9gm0000gn/T/kilo-e2e-jNSxkS/workspace"}
[Kilo New][P0-Perf] {"corr":"b4e081ba-89cc-44bc-935b-893749b1d932","stage":"sse.event","t":1786783030524,"d":63022,"surface":"extension","span":"end","dur":0,"eventType":"message.part.updated","dir":"/private/var/folders/9v/733tfwtj2jvgwygmtrbwj9gm0000gn/T/kilo-e2e-jNSxkS/workspace"}
[Kilo New][P0-Perf] {"corr":"b4e081ba-89cc-44bc-935b-893749b1d932","stage":"sse.event","t":1786783030524,"d":63022,"surface":"extension","span":"start","eventType":"message.part.updated.1","dir":"/private/var/folders/9v/733tfwtj2jvgwygmtrbwj9gm0000gn/T/kilo-e2e-jNSxkS/workspace"}
[Kilo New][P0-Perf] {"corr":"b4e081ba-89cc-44bc-935b-893749b1d932","stage":"sse.event","t":1786783030524,"d":63022,"surface":"extension","span":"end","dur":0,"eventType":"message.part.updated.1","dir":"/private/var/folders/9v/733tfwtj2jvgwygmtrbwj9gm0000gn/T/kilo-e2e-jNSxkS/workspace"}
[Kilo New][P0-Perf] {"corr":"b4e081ba-89cc-44bc-935b-893749b1d932","stage":"sse.event","t":1786783030524,"d":63022,"surface":"extension","span":"start","eventType":"message.part.updated","dir":"/private/var/folders/9v/733tfwtj2jvgwygmtrbwj9gm0000gn/T/kilo-e2e-jNSxkS/workspace"}
[Kilo New][P0-Perf] {"corr":"b4e081ba-89cc-44bc-935b-893749b1d932","stage":"sse.event","t":1786783030524,"d":63022,"surface":"extension","span":"end","dur":0,"eventType":"message.part.updated","dir":"/private/var/folders/9v/733tfwtj2jvgwygmtrbwj9gm0000gn/T/kilo-e2e-jNSxkS/workspace"}
[Kilo New][P0-Perf] {"corr":"b4e081ba-89cc-44bc-935b-893749b1d932","stage":"sse.event","t":1786783030525,"d":63023,"surface":"extension","span":"start","eventType":"message.part.updated.1","dir":"/private/var/folders/9v/733tfwtj2jvgwygmtrbwj9gm0000gn/T/kilo-e2e-jNSxkS/workspace"}
[Kilo New][P0-Perf] {"corr":"b4e081ba-89cc-44bc-935b-893749b1d932","stage":"sse.event","t":1786783030525,"d":63023,"surface":"extension","span":"end","dur":0,"eventType":"message.part.updated.1","dir":"/private/var/folders/9v/733tfwtj2jvgwygmtrbwj9gm0000gn/T/kilo-e2e-jNSxkS/workspace"}
[Kilo New][P0-Perf] {"corr":"b4e081ba-89cc-44bc-935b-893749b1d932","stage":"sse.event","t":1786783030525,"d":63023,"surface":"extension","span":"start","eventType":"question.asked","dir":"/private/var/folders/9v/733tfwtj2jvgwygmtrbwj9gm0000gn/T/kilo-e2e-jNSxkS/workspace"}
[Kilo New][P0-Perf] {"corr":"b4e081ba-89cc-44bc-935b-893749b1d932","stage":"question.asked","t":1786783030525,"d":63023,"surface":"extension","id":"que_004915cf2001W21WIbG8OXpZqz"}
[Kilo New][P0-Perf] {"corr":"b4e081ba-89cc-44bc-935b-893749b1d932","stage":"sse.event","t":1786783030525,"d":63023,"surface":"extension","span":"end","dur":0,"eventType":"question.asked","dir":"/private/var/folders/9v/733tfwtj2jvgwygmtrbwj9gm0000gn/T/kilo-e2e-jNSxkS/workspace"}
[Kilo New][P0-Perf] {"corr":"b4e081ba-89cc-44bc-935b-893749b1d932","stage":"sse.event","t":1786783030525,"d":63023,"surface":"extension","span":"start","eventType":"message.part.updated","dir":"/private/var/folders/9v/733tfwtj2jvgwygmtrbwj9gm0000gn/T/kilo-e2e-jNSxkS/workspace"}
[Kilo New][P0-Perf] {"corr":"b4e081ba-89cc-44bc-935b-893749b1d932","stage":"sse.event","t":1786783030526,"d":63024,"surface":"extension","span":"end","dur":1,"eventType":"message.part.updated","dir":"/private/var/folders/9v/733tfwtj2jvgwygmtrbwj9gm0000gn/T/kilo-e2e-jNSxkS/workspace"}
[Kilo New][P0-Perf] {"corr":"b4e081ba-89cc-44bc-935b-893749b1d932","stage":"sse.event","t":1786783030526,"d":63024,"surface":"extension","span":"start","eventType":"message.part.updated.1","dir":"/private/var/folders/9v/733tfwtj2jvgwygmtrbwj9gm0000gn/T/kilo-e2e-jNSxkS/workspace"}
[Kilo New][P0-Perf] {"corr":"b4e081ba-89cc-44bc-935b-893749b1d932","stage":"sse.event","t":1786783030526,"d":63024,"surface":"extension","span":"end","dur":0,"eventType":"message.part.updated.1","dir":"/private/var/folders/9v/733tfwtj2jvgwygmtrbwj9gm0000gn/T/kilo-e2e-jNSxkS/workspace"}
[probe] PASS H-6 question: backend pending question observable (attempt 1)
[probe] PASS H-6 question dock visible
[probe] clicked QuestionDock option "B"
[probe] clicked QuestionDock Submit
[Kilo New] ServerManager: ⚠️ CLI Server stderr: INFO  2026-08-15T08:37:11 +560ms service=question requestID=que_004915cf2001W21WIbG8OXpZqz answers=[["B"]] replied
[Kilo New] ServerManager: ⚠️ CLI Server stderr: INFO  2026-08-15T08:37:11 +0ms service=p0-perf event=p0.end stage=question_wait ts=1786783031076 duration=560 id=que_004915cf2001W21WIbG8OXpZqz meta={"sessionID":"ses_ffb6f5921ffe7fqDtYuSdit3bS"} question_wait
[Kilo New] ServerManager: ⚠️ CLI Server stderr: INFO  2026-08-15T08:37:11 +1ms service=p0-perf event=p0.end stage=tool_execute ts=1786783031077 duration=567 id=ses_ffb6f5921ffe7fqDtYuSdit3bS meta={"tool":"question","callID":"call_e2e_question_1","messageID":"msg_00491570c001P6vy1p5Dn57VkB"} tool_execute
[Kilo New] ServerManager: ⚠️ CLI Server stderr: ERROR 2026-08-15T08:37:11 +2ms service=kilo-sessions sessionID=ses_ffb6f5921ffe7fqDtYuSdit3bS error=Error: InstanceRef not provided status sync failed
[Kilo New][P0-Perf] {"corr":"b4e081ba-89cc-44bc-935b-893749b1d932","stage":"sse.event","t":1786783031093,"d":63591,"surface":"extension","span":"start","eventType":"question.replied","dir":"/private/var/folders/9v/733tfwtj2jvgwygmtrbwj9gm0000gn/T/kilo-e2e-jNSxkS/workspace"}
[Kilo New][P0-Perf] {"corr":"b4e081ba-89cc-44bc-935b-893749b1d932","stage":"question.replied","t":1786783031093,"d":63591,"surface":"extension","requestID":"que_004915cf2001W21WIbG8OXpZqz"}
[Kilo New][P0-Perf] {"corr":"b4e081ba-89cc-44bc-935b-893749b1d932","stage":"sse.event","t":1786783031093,"d":63591,"surface":"extension","span":"end","dur":0,"eventType":"question.replied","dir":"/private/var/folders/9v/733tfwtj2jvgwygmtrbwj9gm0000gn/T/kilo-e2e-jNSxkS/workspace"}
[Kilo New][P0-Perf] {"corr":"b4e081ba-89cc-44bc-935b-893749b1d932","stage":"sse.event","t":1786783031094,"d":63592,"surface":"extension","span":"start","eventType":"message.part.updated","dir":"/private/var/folders/9v/733tfwtj2jvgwygmtrbwj9gm0000gn/T/kilo-e2e-jNSxkS/workspace"}
[Kilo New][P0-Perf] {"corr":"b4e081ba-89cc-44bc-935b-893749b1d932","stage":"sse.event","t":1786783031094,"d":63592,"surface":"extension","span":"end","dur":0,"eventType":"message.part.updated","dir":"/private/var/folders/9v/733tfwtj2jvgwygmtrbwj9gm0000gn/T/kilo-e2e-jNSxkS/workspace"}
[Kilo New][P0-Perf] {"corr":"b4e081ba-89cc-44bc-935b-893749b1d932","stage":"sse.event","t":1786783031094,"d":63592,"surface":"extension","span":"start","eventType":"message.part.updated.1","dir":"/private/var/folders/9v/733tfwtj2jvgwygmtrbwj9gm0000gn/T/kilo-e2e-jNSxkS/workspace"}
[Kilo New][P0-Perf] {"corr":"b4e081ba-89cc-44bc-935b-893749b1d932","stage":"sse.event","t":1786783031094,"d":63592,"surface":"extension","span":"end","dur":0,"eventType":"message.part.updated.1","dir":"/private/var/folders/9v/733tfwtj2jvgwygmtrbwj9gm0000gn/T/kilo-e2e-jNSxkS/workspace"}
[Kilo New] ServerManager: ⚠️ CLI Server stderr: INFO  2026-08-15T08:37:11 +349ms service=snapshot hash=841cadea1f87b76c48a7d42497d66249b3f0236c cwd=/private/var/folders/9v/733tfwtj2jvgwygmtrbwj9gm0000gn/T/kilo-e2e-jNSxkS/workspace git=/var/folders/9v/733tfwtj2jvgwygmtrbwj9gm0000gn/T/kilo-e2e-jNSxkS/xdg-data/kilo/snapshot/8d92d1e5131045cc7f25d873d3918998f2fa7b46/9be8c9df477d736235572209b80be94e3ae91688 tracking
[Kilo New] ServerManager: ⚠️ CLI Server stderr: INFO  2026-08-15T08:37:12 +1306ms service=model-cache providerID=apertis refreshing models
[Kilo New][P0-Perf] {"corr":"b4e081ba-89cc-44bc-935b-893749b1d932","stage":"sse.event","t":1786783032737,"d":65235,"surface":"extension","span":"start","eventType":"message.part.updated","dir":"/private/var/folders/9v/733tfwtj2jvgwygmtrbwj9gm0000gn/T/kilo-e2e-jNSxkS/workspace"}
[Kilo New][P0-Perf] {"corr":"b4e081ba-89cc-44bc-935b-893749b1d932","stage":"sse.event","t":1786783032737,"d":65235,"surface":"extension","span":"end","dur":0,"eventType":"message.part.updated","dir":"/private/var/folders/9v/733tfwtj2jvgwygmtrbwj9gm0000gn/T/kilo-e2e-jNSxkS/workspace"}
[Kilo New][P0-Perf] {"corr":"b4e081ba-89cc-44bc-935b-893749b1d932","stage":"sse.event","t":1786783032737,"d":65235,"surface":"extension","span":"start","eventType":"message.part.updated.1","dir":"/private/var/folders/9v/733tfwtj2jvgwygmtrbwj9gm0000gn/T/kilo-e2e-jNSxkS/workspace"}
[Kilo New][P0-Perf] {"corr":"b4e081ba-89cc-44bc-935b-893749b1d932","stage":"sse.event","t":1786783032737,"d":65235,"surface":"extension","span":"end","dur":0,"eventType":"message.part.updated.1","dir":"/private/var/folders/9v/733tfwtj2jvgwygmtrbwj9gm0000gn/T/kilo-e2e-jNSxkS/workspace"}
[Kilo New][P0-Perf] {"corr":"b4e081ba-89cc-44bc-935b-893749b1d932","stage":"sse.event","t":1786783032737,"d":65235,"surface":"extension","span":"start","eventType":"message.updated","dir":"/private/var/folders/9v/733tfwtj2jvgwygmtrbwj9gm0000gn/T/kilo-e2e-jNSxkS/workspace"}
[Kilo New][P0-Perf] {"corr":"b4e081ba-89cc-44bc-935b-893749b1d932","stage":"sse.event","t":1786783032738,"d":65236,"surface":"extension","span":"end","dur":1,"eventType":"message.updated","dir":"/private/var/folders/9v/733tfwtj2jvgwygmtrbwj9gm0000gn/T/kilo-e2e-jNSxkS/workspace"}
[Kilo New][P0-Perf] {"corr":"b4e081ba-89cc-44bc-935b-893749b1d932","stage":"sse.event","t":1786783032738,"d":65236,"surface":"extension","span":"start","eventType":"message.updated.1","dir":"/private/var/folders/9v/733tfwtj2jvgwygmtrbwj9gm0000gn/T/kilo-e2e-jNSxkS/workspace"}
[Kilo New][P0-Perf] {"corr":"b4e081ba-89cc-44bc-935b-893749b1d932","stage":"sse.event","t":1786783032738,"d":65236,"surface":"extension","span":"end","dur":0,"eventType":"message.updated.1","dir":"/private/var/folders/9v/733tfwtj2jvgwygmtrbwj9gm0000gn/T/kilo-e2e-jNSxkS/workspace"}
[Kilo New] ServerManager: ⚠️ CLI Server stderr: INFO  2026-08-15T08:37:12 +42ms service=model-cache providerID=apertis count=0 models fetched and cached
[Kilo New] ServerManager: ⚠️ CLI Server stderr: INFO  2026-08-15T08:37:13 +231ms service=session.prompt session.id=ses_ffb6f5921ffe7fqDtYuSdit3bS step=1 loop
[Kilo New] ServerManager: ⚠️ CLI Server stderr: INFO  2026-08-15T08:37:13 +5ms service=p0-perf event=p0.mark stage=processor_entry ts=1786783033012 id=ses_ffb6f5921ffe7fqDtYuSdit3bS meta={"messageID":"msg_0049166b2001jTlkzhMOi8mf6m","parentID":"msg_0049156ac001ih1gWjGdxUyJcm","model":"e2e-model","provider":"e2e-local"} processor_entry
[Kilo New][P0-Perf] {"corr":"b4e081ba-89cc-44bc-935b-893749b1d932","stage":"sse.event","t":1786783033018,"d":65516,"surface":"extension","span":"start","eventType":"message.updated","dir":"/private/var/folders/9v/733tfwtj2jvgwygmtrbwj9gm0000gn/T/kilo-e2e-jNSxkS/workspace"}
[Kilo New][P0-Perf] {"corr":"b4e081ba-89cc-44bc-935b-893749b1d932","stage":"sse.event","t":1786783033019,"d":65517,"surface":"extension","span":"end","dur":1,"eventType":"message.updated","dir":"/private/var/folders/9v/733tfwtj2jvgwygmtrbwj9gm0000gn/T/kilo-e2e-jNSxkS/workspace"}
[Kilo New][P0-Perf] {"corr":"b4e081ba-89cc-44bc-935b-893749b1d932","stage":"sse.event","t":1786783033019,"d":65517,"surface":"extension","span":"start","eventType":"message.updated.1","dir":"/private/var/folders/9v/733tfwtj2jvgwygmtrbwj9gm0000gn/T/kilo-e2e-jNSxkS/workspace"}
[Kilo New][P0-Perf] {"corr":"b4e081ba-89cc-44bc-935b-893749b1d932","stage":"sse.event","t":1786783033019,"d":65517,"surface":"extension","span":"end","dur":0,"eventType":"message.updated.1","dir":"/private/var/folders/9v/733tfwtj2jvgwygmtrbwj9gm0000gn/T/kilo-e2e-jNSxkS/workspace"}
[Kilo New][P0-Perf] {"corr":"b4e081ba-89cc-44bc-935b-893749b1d932","stage":"sse.event","t":1786783033019,"d":65517,"surface":"extension","span":"start","eventType":"session.status","dir":"/private/var/folders/9v/733tfwtj2jvgwygmtrbwj9gm0000gn/T/kilo-e2e-jNSxkS/workspace"}
[Kilo New][P0-Perf] {"corr":"b4e081ba-89cc-44bc-935b-893749b1d932","stage":"sse.event","t":1786783033019,"d":65517,"surface":"extension","span":"end","dur":0,"eventType":"session.status","dir":"/private/var/folders/9v/733tfwtj2jvgwygmtrbwj9gm0000gn/T/kilo-e2e-jNSxkS/workspace"}
[Kilo New][P0-Perf] {"corr":"b4e081ba-89cc-44bc-935b-893749b1d932","stage":"sse.event","t":1786783033019,"d":65517,"surface":"extension","span":"start","eventType":"message.updated","dir":"/private/var/folders/9v/733tfwtj2jvgwygmtrbwj9gm0000gn/T/kilo-e2e-jNSxkS/workspace"}
[Kilo New][P0-Perf] {"corr":"b4e081ba-89cc-44bc-935b-893749b1d932","stage":"sse.event","t":1786783033019,"d":65517,"surface":"extension","span":"end","dur":0,"eventType":"message.updated","dir":"/private/var/folders/9v/733tfwtj2jvgwygmtrbwj9gm0000gn/T/kilo-e2e-jNSxkS/workspace"}
[Kilo New][P0-Perf] {"corr":"b4e081ba-89cc-44bc-935b-893749b1d932","stage":"sse.event","t":1786783033020,"d":65518,"surface":"extension","span":"start","eventType":"message.updated.1","dir":"/private/var/folders/9v/733tfwtj2jvgwygmtrbwj9gm0000gn/T/kilo-e2e-jNSxkS/workspace"}
[Kilo New][P0-Perf] {"corr":"b4e081ba-89cc-44bc-935b-893749b1d932","stage":"model.firstEvent","t":1786783033020,"d":65518,"surface":"extension","sessionID":"ses_ffb6f5921ffe7fqDtYuSdit3bS","messageID":"msg_0049166b2001jTlkzhMOi8mf6m","parentID":"msg_0049156ac001ih1gWjGdxUyJcm","dir":"/private/var/folders/9v/733tfwtj2jvgwygmtrbwj9gm0000gn/T/kilo-e2e-jNSxkS/workspace"}
[Kilo New][P0-Perf] {"corr":"b4e081ba-89cc-44bc-935b-893749b1d932","stage":"sse.event","t":1786783033020,"d":65518,"surface":"extension","span":"end","dur":0,"eventType":"message.updated.1","dir":"/private/var/folders/9v/733tfwtj2jvgwygmtrbwj9gm0000gn/T/kilo-e2e-jNSxkS/workspace"}
[Kilo New][P0-Perf] {"corr":"b4e081ba-89cc-44bc-935b-893749b1d932","stage":"sse.event","t":1786783033068,"d":65566,"surface":"extension","span":"start","eventType":"session.updated","dir":"/private/var/folders/9v/733tfwtj2jvgwygmtrbwj9gm0000gn/T/kilo-e2e-jNSxkS/workspace"}
[Kilo New][P0-Perf] {"corr":"b4e081ba-89cc-44bc-935b-893749b1d932","stage":"sse.event","t":1786783033068,"d":65566,"surface":"extension","span":"end","dur":0,"eventType":"session.updated","dir":"/private/var/folders/9v/733tfwtj2jvgwygmtrbwj9gm0000gn/T/kilo-e2e-jNSxkS/workspace"}
[Kilo New][P0-Perf] {"corr":"b4e081ba-89cc-44bc-935b-893749b1d932","stage":"sse.event","t":1786783033068,"d":65566,"surface":"extension","span":"start","eventType":"session.updated.1","dir":"/private/var/folders/9v/733tfwtj2jvgwygmtrbwj9gm0000gn/T/kilo-e2e-jNSxkS/workspace"}
[Kilo New][P0-Perf] {"corr":"b4e081ba-89cc-44bc-935b-893749b1d932","stage":"sse.event","t":1786783033069,"d":65567,"surface":"extension","span":"end","dur":1,"eventType":"session.updated.1","dir":"/private/var/folders/9v/733tfwtj2jvgwygmtrbwj9gm0000gn/T/kilo-e2e-jNSxkS/workspace"}
[Kilo New][P0-Perf] {"corr":"b4e081ba-89cc-44bc-935b-893749b1d932","stage":"sse.event","t":1786783033069,"d":65567,"surface":"extension","span":"start","eventType":"session.diff","dir":"/private/var/folders/9v/733tfwtj2jvgwygmtrbwj9gm0000gn/T/kilo-e2e-jNSxkS/workspace"}
[Kilo New][P0-Perf] {"corr":"b4e081ba-89cc-44bc-935b-893749b1d932","stage":"sse.event","t":1786783033069,"d":65567,"surface":"extension","span":"end","dur":0,"eventType":"session.diff","dir":"/private/var/folders/9v/733tfwtj2jvgwygmtrbwj9gm0000gn/T/kilo-e2e-jNSxkS/workspace"}
[Kilo New][P0-Perf] {"corr":"b4e081ba-89cc-44bc-935b-893749b1d932","stage":"sse.event","t":1786783033069,"d":65567,"surface":"extension","span":"start","eventType":"message.updated","dir":"/private/var/folders/9v/733tfwtj2jvgwygmtrbwj9gm0000gn/T/kilo-e2e-jNSxkS/workspace"}
[Kilo New][P0-Perf] {"corr":"b4e081ba-89cc-44bc-935b-893749b1d932","stage":"sse.event","t":1786783033069,"d":65567,"surface":"extension","span":"end","dur":0,"eventType":"message.updated","dir":"/private/var/folders/9v/733tfwtj2jvgwygmtrbwj9gm0000gn/T/kilo-e2e-jNSxkS/workspace"}
[Kilo New][P0-Perf] {"corr":"b4e081ba-89cc-44bc-935b-893749b1d932","stage":"sse.event","t":1786783033069,"d":65567,"surface":"extension","span":"start","eventType":"message.updated.1","dir":"/private/var/folders/9v/733tfwtj2jvgwygmtrbwj9gm0000gn/T/kilo-e2e-jNSxkS/workspace"}
[Kilo New][P0-Perf] {"corr":"b4e081ba-89cc-44bc-935b-893749b1d932","stage":"sse.event","t":1786783033069,"d":65567,"surface":"extension","span":"end","dur":0,"eventType":"message.updated.1","dir":"/private/var/folders/9v/733tfwtj2jvgwygmtrbwj9gm0000gn/T/kilo-e2e-jNSxkS/workspace"}
[Kilo New] ServerManager: ⚠️ CLI Server stderr: INFO  2026-08-15T08:37:13 +237ms service=snapshot hash=841cadea1f87b76c48a7d42497d66249b3f0236c cwd=/private/var/folders/9v/733tfwtj2jvgwygmtrbwj9gm0000gn/T/kilo-e2e-jNSxkS/workspace git=/var/folders/9v/733tfwtj2jvgwygmtrbwj9gm0000gn/T/kilo-e2e-jNSxkS/xdg-data/kilo/snapshot/8d92d1e5131045cc7f25d873d3918998f2fa7b46/9be8c9df477d736235572209b80be94e3ae91688 tracking
[Kilo New] ServerManager: ⚠️ CLI Server stderr: INFO  2026-08-15T08:37:13 +3ms service=session.tools status=started resolveTools
[Kilo New] ServerManager: ⚠️ CLI Server stderr: INFO  2026-08-15T08:37:13 +1ms service=tool.registry status=started invalid
[Kilo New] ServerManager: ⚠️ CLI Server stderr: INFO  2026-08-15T08:37:13 +0ms service=tool.registry status=completed duration=0 invalid
[Kilo New] ServerManager: ⚠️ CLI Server stderr: INFO  2026-08-15T08:37:13 +0ms service=tool.registry status=started question
[Kilo New] ServerManager: ⚠️ CLI Server stderr: INFO  2026-08-15T08:37:13 +1ms service=tool.registry status=completed duration=1 question
[Kilo New] ServerManager: ⚠️ CLI Server stderr: INFO  2026-08-15T08:37:13 +0ms service=tool.registry status=started bash
[Kilo New] ServerManager: ⚠️ CLI Server stderr: INFO  2026-08-15T08:37:13 +0ms service=tool.registry status=completed duration=0 bash
[Kilo New] ServerManager: ⚠️ CLI Server stderr: INFO  2026-08-15T08:37:13 +0ms service=tool.registry status=started read
[Kilo New] ServerManager: ⚠️ CLI Server stderr: INFO  2026-08-15T08:37:13 +0ms service=tool.registry status=completed duration=0 read
[Kilo New] ServerManager: ⚠️ CLI Server stderr: INFO  2026-08-15T08:37:13 +0ms service=tool.registry status=started glob
[Kilo New] ServerManager: ⚠️ CLI Server stderr: INFO  2026-08-15T08:37:13 +0ms service=tool.registry status=completed duration=0 glob
[Kilo New] ServerManager: ⚠️ CLI Server stderr: INFO  2026-08-15T08:37:13 +0ms service=tool.registry status=started grep
[Kilo New] ServerManager: ⚠️ CLI Server stderr: INFO  2026-08-15T08:37:13 +0ms service=tool.registry status=completed duration=0 grep
[Kilo New] ServerManager: ⚠️ CLI Server stderr: INFO  2026-08-15T08:37:13 +0ms service=tool.registry status=started edit
[Kilo New] ServerManager: ⚠️ CLI Server stderr: INFO  2026-08-15T08:37:13 +0ms service=tool.registry status=completed duration=0 edit
[Kilo New] ServerManager: ⚠️ CLI Server stderr: INFO  2026-08-15T08:37:13 +0ms service=tool.registry status=started write
[Kilo New] ServerManager: ⚠️ CLI Server stderr: INFO  2026-08-15T08:37:13 +0ms service=tool.registry status=completed duration=0 write
[Kilo New] ServerManager: ⚠️ CLI Server stderr: INFO  2026-08-15T08:37:13 +0ms service=tool.registry status=started task
[Kilo New] ServerManager: ⚠️ CLI Server stderr: INFO  2026-08-15T08:37:13 +1ms service=tool.registry status=completed duration=1 task
[Kilo New] ServerManager: ⚠️ CLI Server stderr: INFO  2026-08-15T08:37:13 +0ms service=tool.registry status=started webfetch
[Kilo New] ServerManager: ⚠️ CLI Server stderr: INFO  2026-08-15T08:37:13 +1ms service=tool.registry status=completed duration=1 webfetch
[Kilo New] ServerManager: ⚠️ CLI Server stderr: INFO  2026-08-15T08:37:13 +0ms service=tool.registry status=started todowrite
[Kilo New] ServerManager: ⚠️ CLI Server stderr: INFO  2026-08-15T08:37:13 +0ms service=tool.registry status=completed duration=0 todowrite
[Kilo New] ServerManager: ⚠️ CLI Server stderr: INFO  2026-08-15T08:37:13 +0ms service=tool.registry status=started skill
[Kilo New] ServerManager: ⚠️ CLI Server stderr: INFO  2026-08-15T08:37:13 +2ms service=tool.registry status=completed duration=2 skill
[Kilo New] ServerManager: ⚠️ CLI Server stderr: INFO  2026-08-15T08:37:13 +0ms service=tool.registry status=started plan_exit
[Kilo New] ServerManager: ⚠️ CLI Server stderr: INFO  2026-08-15T08:37:13 +0ms service=tool.registry status=completed duration=0 plan_exit
[Kilo New] ServerManager: ⚠️ CLI Server stderr: INFO  2026-08-15T08:37:13 +0ms service=tool.registry status=started kilo_local_recall
[Kilo New] ServerManager: ⚠️ CLI Server stderr: INFO  2026-08-15T08:37:13 +0ms service=tool.registry status=completed duration=0 kilo_local_recall
[Kilo New] ServerManager: ⚠️ CLI Server stderr: INFO  2026-08-15T08:37:13 +0ms service=tool.registry status=started background_process
[Kilo New] ServerManager: ⚠️ CLI Server stderr: INFO  2026-08-15T08:37:13 +0ms service=tool.registry status=completed duration=0 background_process
[Kilo New] ServerManager: ⚠️ CLI Server stderr: INFO  2026-08-15T08:37:13 +1ms service=tool.registry status=started agent_manager_models
[Kilo New] ServerManager: ⚠️ CLI Server stderr: INFO  2026-08-15T08:37:13 +0ms service=tool.registry status=completed duration=1 agent_manager_models
[Kilo New] ServerManager: ⚠️ CLI Server stderr: INFO  2026-08-15T08:37:13 +0ms service=tool.registry status=started agent_manager
[Kilo New] ServerManager: ⚠️ CLI Server stderr: INFO  2026-08-15T08:37:13 +0ms service=tool.registry status=completed duration=0 agent_manager
[Kilo New] ServerManager: ⚠️ CLI Server stderr: INFO  2026-08-15T08:37:13 +0ms service=tool.registry status=started e2e_marker
[Kilo New] ServerManager: ⚠️ CLI Server stderr: INFO  2026-08-15T08:37:13 +1ms service=tool.registry status=completed duration=1 e2e_marker
[Kilo New] ServerManager: ⚠️ CLI Server stderr: INFO  2026-08-15T08:37:13 +0ms service=session.tools status=completed duration=8 resolveTools
[Kilo New] ServerManager: ⚠️ CLI Server stderr: INFO  2026-08-15T08:37:13 +47ms service=session.processor session.id=ses_ffb6f5921ffe7fqDtYuSdit3bS messageID=msg_0049166b2001jTlkzhMOi8mf6m process
[Kilo New] ServerManager: ⚠️ CLI Server stderr: INFO  2026-08-15T08:37:13 +3ms service=llm providerID=e2e-local modelID=e2e-model session.id=ses_ffb6f5921ffe7fqDtYuSdit3bS small=false agent=e2e-agent mode=primary stream
[Kilo New] ServerManager: ⚠️ CLI Server stderr: INFO  2026-08-15T08:37:13 +4ms service=default llm.runtime=ai-sdk llm.provider=e2e-local llm.model=e2e-model llm runtime selected
[Kilo New][P0-Perf] {"corr":"b4e081ba-89cc-44bc-935b-893749b1d932","stage":"sse.event","t":1786783033324,"d":65822,"surface":"extension","span":"start","eventType":"session.status","dir":"/private/var/folders/9v/733tfwtj2jvgwygmtrbwj9gm0000gn/T/kilo-e2e-jNSxkS/workspace"}
[Kilo New][P0-Perf] {"corr":"b4e081ba-89cc-44bc-935b-893749b1d932","stage":"sse.event","t":1786783033325,"d":65823,"surface":"extension","span":"end","dur":1,"eventType":"session.status","dir":"/private/var/folders/9v/733tfwtj2jvgwygmtrbwj9gm0000gn/T/kilo-e2e-jNSxkS/workspace"}
[Kilo New][P0-Perf] {"corr":"b4e081ba-89cc-44bc-935b-893749b1d932","stage":"sse.event","t":1786783033365,"d":65863,"surface":"extension","span":"start","eventType":"message.part.updated","dir":"/private/var/folders/9v/733tfwtj2jvgwygmtrbwj9gm0000gn/T/kilo-e2e-jNSxkS/workspace"}
[Kilo New][P0-Perf] {"corr":"b4e081ba-89cc-44bc-935b-893749b1d932","stage":"sse.event","t":1786783033365,"d":65863,"surface":"extension","span":"end","dur":0,"eventType":"message.part.updated","dir":"/private/var/folders/9v/733tfwtj2jvgwygmtrbwj9gm0000gn/T/kilo-e2e-jNSxkS/workspace"}
[Kilo New][P0-Perf] {"corr":"b4e081ba-89cc-44bc-935b-893749b1d932","stage":"sse.event","t":1786783033365,"d":65863,"surface":"extension","span":"start","eventType":"message.part.updated.1","dir":"/private/var/folders/9v/733tfwtj2jvgwygmtrbwj9gm0000gn/T/kilo-e2e-jNSxkS/workspace"}
[Kilo New][P0-Perf] {"corr":"b4e081ba-89cc-44bc-935b-893749b1d932","stage":"sse.event","t":1786783033365,"d":65863,"surface":"extension","span":"end","dur":0,"eventType":"message.part.updated.1","dir":"/private/var/folders/9v/733tfwtj2jvgwygmtrbwj9gm0000gn/T/kilo-e2e-jNSxkS/workspace"}
[Kilo New][P0-Perf] {"corr":"b4e081ba-89cc-44bc-935b-893749b1d932","stage":"sse.event","t":1786783033365,"d":65863,"surface":"extension","span":"start","eventType":"message.part.updated","dir":"/private/var/folders/9v/733tfwtj2jvgwygmtrbwj9gm0000gn/T/kilo-e2e-jNSxkS/workspace"}
[Kilo New][P0-Perf] {"corr":"b4e081ba-89cc-44bc-935b-893749b1d932","stage":"sse.event","t":1786783033365,"d":65863,"surface":"extension","span":"end","dur":0,"eventType":"message.part.updated","dir":"/private/var/folders/9v/733tfwtj2jvgwygmtrbwj9gm0000gn/T/kilo-e2e-jNSxkS/workspace"}
[Kilo New][P0-Perf] {"corr":"b4e081ba-89cc-44bc-935b-893749b1d932","stage":"sse.event","t":1786783033365,"d":65863,"surface":"extension","span":"start","eventType":"message.part.updated.1","dir":"/private/var/folders/9v/733tfwtj2jvgwygmtrbwj9gm0000gn/T/kilo-e2e-jNSxkS/workspace"}
[Kilo New][P0-Perf] {"corr":"b4e081ba-89cc-44bc-935b-893749b1d932","stage":"sse.event","t":1786783033365,"d":65863,"surface":"extension","span":"end","dur":0,"eventType":"message.part.updated.1","dir":"/private/var/folders/9v/733tfwtj2jvgwygmtrbwj9gm0000gn/T/kilo-e2e-jNSxkS/workspace"}
[Kilo New][P0-Perf] {"corr":"b4e081ba-89cc-44bc-935b-893749b1d932","stage":"sse.event","t":1786783033365,"d":65863,"surface":"extension","span":"start","eventType":"message.part.delta","dir":"/private/var/folders/9v/733tfwtj2jvgwygmtrbwj9gm0000gn/T/kilo-e2e-jNSxkS/workspace"}
[Kilo New][P0-Perf] {"corr":"b4e081ba-89cc-44bc-935b-893749b1d932","stage":"sse.event","t":1786783033366,"d":65864,"surface":"extension","span":"end","dur":1,"eventType":"message.part.delta","dir":"/private/var/folders/9v/733tfwtj2jvgwygmtrbwj9gm0000gn/T/kilo-e2e-jNSxkS/workspace"}
[Kilo New][P0-Perf] {"corr":"b4e081ba-89cc-44bc-935b-893749b1d932","stage":"sse.event","t":1786783033366,"d":65864,"surface":"extension","span":"start","eventType":"message.part.updated","dir":"/private/var/folders/9v/733tfwtj2jvgwygmtrbwj9gm0000gn/T/kilo-e2e-jNSxkS/workspace"}
[Kilo New][P0-Perf] {"corr":"b4e081ba-89cc-44bc-935b-893749b1d932","stage":"sse.event","t":1786783033366,"d":65864,"surface":"extension","span":"end","dur":0,"eventType":"message.part.updated","dir":"/private/var/folders/9v/733tfwtj2jvgwygmtrbwj9gm0000gn/T/kilo-e2e-jNSxkS/workspace"}
[Kilo New][P0-Perf] {"corr":"b4e081ba-89cc-44bc-935b-893749b1d932","stage":"sse.event","t":1786783033366,"d":65864,"surface":"extension","span":"start","eventType":"message.part.updated.1","dir":"/private/var/folders/9v/733tfwtj2jvgwygmtrbwj9gm0000gn/T/kilo-e2e-jNSxkS/workspace"}
[Kilo New][P0-Perf] {"corr":"b4e081ba-89cc-44bc-935b-893749b1d932","stage":"sse.event","t":1786783033366,"d":65864,"surface":"extension","span":"end","dur":0,"eventType":"message.part.updated.1","dir":"/private/var/folders/9v/733tfwtj2jvgwygmtrbwj9gm0000gn/T/kilo-e2e-jNSxkS/workspace"}
[Kilo New] ServerManager: ⚠️ CLI Server stderr: INFO  2026-08-15T08:37:13 +212ms service=snapshot hash=841cadea1f87b76c48a7d42497d66249b3f0236c cwd=/private/var/folders/9v/733tfwtj2jvgwygmtrbwj9gm0000gn/T/kilo-e2e-jNSxkS/workspace git=/var/folders/9v/733tfwtj2jvgwygmtrbwj9gm0000gn/T/kilo-e2e-jNSxkS/xdg-data/kilo/snapshot/8d92d1e5131045cc7f25d873d3918998f2fa7b46/9be8c9df477d736235572209b80be94e3ae91688 tracking
[Kilo New][P0-Perf] {"corr":"b4e081ba-89cc-44bc-935b-893749b1d932","stage":"sse.event","t":1786783033536,"d":66034,"surface":"extension","span":"start","eventType":"message.part.updated","dir":"/private/var/folders/9v/733tfwtj2jvgwygmtrbwj9gm0000gn/T/kilo-e2e-jNSxkS/workspace"}
[Kilo New][P0-Perf] {"corr":"b4e081ba-89cc-44bc-935b-893749b1d932","stage":"sse.event","t":1786783033536,"d":66034,"surface":"extension","span":"end","dur":0,"eventType":"message.part.updated","dir":"/private/var/folders/9v/733tfwtj2jvgwygmtrbwj9gm0000gn/T/kilo-e2e-jNSxkS/workspace"}
[Kilo New][P0-Perf] {"corr":"b4e081ba-89cc-44bc-935b-893749b1d932","stage":"sse.event","t":1786783033536,"d":66034,"surface":"extension","span":"start","eventType":"message.part.updated.1","dir":"/private/var/folders/9v/733tfwtj2jvgwygmtrbwj9gm0000gn/T/kilo-e2e-jNSxkS/workspace"}
[Kilo New][P0-Perf] {"corr":"b4e081ba-89cc-44bc-935b-893749b1d932","stage":"sse.event","t":1786783033536,"d":66034,"surface":"extension","span":"end","dur":0,"eventType":"message.part.updated.1","dir":"/private/var/folders/9v/733tfwtj2jvgwygmtrbwj9gm0000gn/T/kilo-e2e-jNSxkS/workspace"}
[Kilo New][P0-Perf] {"corr":"b4e081ba-89cc-44bc-935b-893749b1d932","stage":"sse.event","t":1786783033537,"d":66035,"surface":"extension","span":"start","eventType":"message.updated","dir":"/private/var/folders/9v/733tfwtj2jvgwygmtrbwj9gm0000gn/T/kilo-e2e-jNSxkS/workspace"}
[Kilo New][P0-Perf] {"corr":"b4e081ba-89cc-44bc-935b-893749b1d932","stage":"sse.event","t":1786783033537,"d":66035,"surface":"extension","span":"end","dur":0,"eventType":"message.updated","dir":"/private/var/folders/9v/733tfwtj2jvgwygmtrbwj9gm0000gn/T/kilo-e2e-jNSxkS/workspace"}
[Kilo New][P0-Perf] {"corr":"b4e081ba-89cc-44bc-935b-893749b1d932","stage":"sse.event","t":1786783033537,"d":66035,"surface":"extension","span":"start","eventType":"message.updated.1","dir":"/private/var/folders/9v/733tfwtj2jvgwygmtrbwj9gm0000gn/T/kilo-e2e-jNSxkS/workspace"}
[Kilo New][P0-Perf] {"corr":"b4e081ba-89cc-44bc-935b-893749b1d932","stage":"sse.event","t":1786783033537,"d":66035,"surface":"extension","span":"end","dur":0,"eventType":"message.updated.1","dir":"/private/var/folders/9v/733tfwtj2jvgwygmtrbwj9gm0000gn/T/kilo-e2e-jNSxkS/workspace"}
[Kilo New] ServerManager: ⚠️ CLI Server stderr: INFO  2026-08-15T08:37:14 +1185ms service=model-cache providerID=apertis refreshing models
[Kilo New] ServerManager: ⚠️ CLI Server stderr: INFO  2026-08-15T08:37:14 +7ms service=model-cache providerID=apertis count=0 models fetched and cached
[Kilo New] ServerManager: ⚠️ CLI Server stderr: INFO  2026-08-15T08:37:14 +37ms service=session.prompt session.id=ses_ffb6f5921ffe7fqDtYuSdit3bS step=2 loop
[Kilo New] ServerManager: ⚠️ CLI Server stderr: INFO  2026-08-15T08:37:14 +2ms service=session.prompt session.id=ses_ffb6f5921ffe7fqDtYuSdit3bS exiting loop
[Kilo New] ServerManager: ⚠️ CLI Server stderr: INFO  2026-08-15T08:37:14 +13ms service=bus type=session.turn.close publishing
[Kilo New][P0-Perf] {"corr":"b4e081ba-89cc-44bc-935b-893749b1d932","stage":"sse.event","t":1786783034829,"d":67327,"surface":"extension","span":"start","eventType":"message.updated","dir":"/private/var/folders/9v/733tfwtj2jvgwygmtrbwj9gm0000gn/T/kilo-e2e-jNSxkS/workspace"}
[Kilo New][P0-Perf] {"corr":"b4e081ba-89cc-44bc-935b-893749b1d932","stage":"sse.event","t":1786783034829,"d":67327,"surface":"extension","span":"end","dur":0,"eventType":"message.updated","dir":"/private/var/folders/9v/733tfwtj2jvgwygmtrbwj9gm0000gn/T/kilo-e2e-jNSxkS/workspace"}
[Kilo New][P0-Perf] {"corr":"b4e081ba-89cc-44bc-935b-893749b1d932","stage":"sse.event","t":1786783034829,"d":67327,"surface":"extension","span":"start","eventType":"message.updated.1","dir":"/private/var/folders/9v/733tfwtj2jvgwygmtrbwj9gm0000gn/T/kilo-e2e-jNSxkS/workspace"}
[Kilo New][P0-Perf] {"corr":"b4e081ba-89cc-44bc-935b-893749b1d932","stage":"sse.event","t":1786783034830,"d":67328,"surface":"extension","span":"end","dur":1,"eventType":"message.updated.1","dir":"/private/var/folders/9v/733tfwtj2jvgwygmtrbwj9gm0000gn/T/kilo-e2e-jNSxkS/workspace"}
[Kilo New][P0-Perf] {"corr":"b4e081ba-89cc-44bc-935b-893749b1d932","stage":"sse.event","t":1786783034830,"d":67328,"surface":"extension","span":"start","eventType":"session.status","dir":"/private/var/folders/9v/733tfwtj2jvgwygmtrbwj9gm0000gn/T/kilo-e2e-jNSxkS/workspace"}
[Kilo New][P0-Perf] {"corr":"b4e081ba-89cc-44bc-935b-893749b1d932","stage":"sse.event","t":1786783034830,"d":67328,"surface":"extension","span":"end","dur":0,"eventType":"session.status","dir":"/private/var/folders/9v/733tfwtj2jvgwygmtrbwj9gm0000gn/T/kilo-e2e-jNSxkS/workspace"}
[Kilo New][P0-Perf] {"corr":"b4e081ba-89cc-44bc-935b-893749b1d932","stage":"sse.event","t":1786783034830,"d":67328,"surface":"extension","span":"start","eventType":"session.status","dir":"/private/var/folders/9v/733tfwtj2jvgwygmtrbwj9gm0000gn/T/kilo-e2e-jNSxkS/workspace"}
[Kilo New][P0-Perf] {"corr":"b4e081ba-89cc-44bc-935b-893749b1d932","stage":"sse.event","t":1786783034831,"d":67329,"surface":"extension","span":"end","dur":1,"eventType":"session.status","dir":"/private/var/folders/9v/733tfwtj2jvgwygmtrbwj9gm0000gn/T/kilo-e2e-jNSxkS/workspace"}
[Kilo New][P0-Perf] {"corr":"b4e081ba-89cc-44bc-935b-893749b1d932","stage":"sse.event","t":1786783034831,"d":67329,"surface":"extension","span":"start","eventType":"session.idle","dir":"/private/var/folders/9v/733tfwtj2jvgwygmtrbwj9gm0000gn/T/kilo-e2e-jNSxkS/workspace"}
[Kilo New][P0-Perf] {"corr":"b4e081ba-89cc-44bc-935b-893749b1d932","stage":"sse.event","t":1786783034831,"d":67329,"surface":"extension","span":"end","dur":0,"eventType":"session.idle","dir":"/private/var/folders/9v/733tfwtj2jvgwygmtrbwj9gm0000gn/T/kilo-e2e-jNSxkS/workspace"}
[Kilo New][P0-Perf] {"corr":"b4e081ba-89cc-44bc-935b-893749b1d932","stage":"sse.event","t":1786783034831,"d":67329,"surface":"extension","span":"start","eventType":"session.turn.close","dir":"/private/var/folders/9v/733tfwtj2jvgwygmtrbwj9gm0000gn/T/kilo-e2e-jNSxkS/workspace"}
[Kilo New][P0-Perf] {"corr":"b4e081ba-89cc-44bc-935b-893749b1d932","stage":"sse.event","t":1786783034832,"d":67330,"surface":"extension","span":"end","dur":1,"eventType":"session.turn.close","dir":"/private/var/folders/9v/733tfwtj2jvgwygmtrbwj9gm0000gn/T/kilo-e2e-jNSxkS/workspace"}
[Kilo New][P0-Perf] {"corr":"b4e081ba-89cc-44bc-935b-893749b1d932","stage":"sse.event","t":1786783034832,"d":67330,"surface":"extension","span":"start","eventType":"session.updated","dir":"/private/var/folders/9v/733tfwtj2jvgwygmtrbwj9gm0000gn/T/kilo-e2e-jNSxkS/workspace"}
[Kilo New][P0-Perf] {"corr":"b4e081ba-89cc-44bc-935b-893749b1d932","stage":"sse.event","t":1786783034832,"d":67330,"surface":"extension","span":"end","dur":0,"eventType":"session.updated","dir":"/private/var/folders/9v/733tfwtj2jvgwygmtrbwj9gm0000gn/T/kilo-e2e-jNSxkS/workspace"}
[Kilo New][P0-Perf] {"corr":"b4e081ba-89cc-44bc-935b-893749b1d932","stage":"sse.event","t":1786783034832,"d":67330,"surface":"extension","span":"start","eventType":"session.updated.1","dir":"/private/var/folders/9v/733tfwtj2jvgwygmtrbwj9gm0000gn/T/kilo-e2e-jNSxkS/workspace"}
[Kilo New][P0-Perf] {"corr":"b4e081ba-89cc-44bc-935b-893749b1d932","stage":"sse.event","t":1786783034832,"d":67330,"surface":"extension","span":"end","dur":0,"eventType":"session.updated.1","dir":"/private/var/folders/9v/733tfwtj2jvgwygmtrbwj9gm0000gn/T/kilo-e2e-jNSxkS/workspace"}
[Kilo New][P0-Perf] {"corr":"b4e081ba-89cc-44bc-935b-893749b1d932","stage":"sse.event","t":1786783034876,"d":67374,"surface":"extension","span":"start","eventType":"session.diff","dir":"/private/var/folders/9v/733tfwtj2jvgwygmtrbwj9gm0000gn/T/kilo-e2e-jNSxkS/workspace"}
[Kilo New][P0-Perf] {"corr":"b4e081ba-89cc-44bc-935b-893749b1d932","stage":"sse.event","t":1786783034876,"d":67374,"surface":"extension","span":"end","dur":0,"eventType":"session.diff","dir":"/private/var/folders/9v/733tfwtj2jvgwygmtrbwj9gm0000gn/T/kilo-e2e-jNSxkS/workspace"}
[Kilo New][P0-Perf] {"corr":"b4e081ba-89cc-44bc-935b-893749b1d932","stage":"sse.event","t":1786783034876,"d":67374,"surface":"extension","span":"start","eventType":"message.updated","dir":"/private/var/folders/9v/733tfwtj2jvgwygmtrbwj9gm0000gn/T/kilo-e2e-jNSxkS/workspace"}
[Kilo New][P0-Perf] {"corr":"b4e081ba-89cc-44bc-935b-893749b1d932","stage":"sse.event","t":1786783034877,"d":67375,"surface":"extension","span":"end","dur":1,"eventType":"message.updated","dir":"/private/var/folders/9v/733tfwtj2jvgwygmtrbwj9gm0000gn/T/kilo-e2e-jNSxkS/workspace"}
[Kilo New][P0-Perf] {"corr":"b4e081ba-89cc-44bc-935b-893749b1d932","stage":"sse.event","t":1786783034877,"d":67375,"surface":"extension","span":"start","eventType":"message.updated.1","dir":"/private/var/folders/9v/733tfwtj2jvgwygmtrbwj9gm0000gn/T/kilo-e2e-jNSxkS/workspace"}
[Kilo New][P0-Perf] {"corr":"b4e081ba-89cc-44bc-935b-893749b1d932","stage":"sse.event","t":1786783034877,"d":67375,"surface":"extension","span":"end","dur":0,"eventType":"message.updated.1","dir":"/private/var/folders/9v/733tfwtj2jvgwygmtrbwj9gm0000gn/T/kilo-e2e-jNSxkS/workspace"}
[Kilo New] ServerManager: ⚠️ CLI Server stderr: INFO  2026-08-15T08:37:16 +1659ms service=model-cache providerID=apertis refreshing models
[Kilo New] ServerManager: ⚠️ CLI Server stderr: INFO  2026-08-15T08:37:16 +5ms service=model-cache providerID=apertis count=0 models fetched and cached
[Kilo New][P0-Perf] {"corr":"b4e081ba-89cc-44bc-935b-893749b1d932","stage":"sse.event","t":1786783036550,"d":69048,"surface":"extension","span":"start","eventType":"server.heartbeat"}
[Kilo New][P0-Perf] {"corr":"b4e081ba-89cc-44bc-935b-893749b1d932","stage":"sse.event","t":1786783036551,"d":69049,"surface":"extension","span":"end","dur":1,"eventType":"server.heartbeat"}
[probe] PASS H-6 question reply drains the pending request and completes
[probe] PASS H-6 question dock gone
[probe] PASS H-6 panel shows the question completion text: transcript text present
[Kilo New] ServerManager: ⚠️ CLI Server stderr: INFO  2026-08-15T08:37:17 +1259ms service=model-cache providerID=apertis refreshing models
[Kilo New] ServerManager: ⚠️ CLI Server stderr: INFO  2026-08-15T08:37:17 +3ms service=snapshot prune=7.days cleanup
[Kilo New] ServerManager: ⚠️ CLI Server stderr: INFO  2026-08-15T08:37:17 +2ms service=model-cache providerID=apertis count=0 models fetched and cached
[telemetry] Agent Manager Opened { source: 'agent-manager' }
[Kilo New] KiloProvider: 🔧 Starting initializeConnection...
[Kilo New] KiloProvider: checking config warnings {
  from: 'init',
  dir: '/var/folders/9v/733tfwtj2jvgwygmtrbwj9gm0000gn/T/kilo-e2e-jNSxkS/workspace'
}
[Kilo New] KiloProvider: 🔄 syncWebviewState() {
  reason: 'initializeConnection',
  isWebviewReady: false,
  connectionState: 'connected',
  hasClient: true,
  hasServerInfo: true
}
[Kilo New] KiloProvider: ⏭️ syncWebviewState skipped (webview not ready)
[Kilo New][P0-Perf] {"corr":"b4e081ba-89cc-44bc-935b-893749b1d932","stage":"dataReady.start","t":1786783038154,"d":70652,"surface":"extension"}
[Kilo New] ServerManager: ⚠️ CLI Server stderr: INFO  2026-08-15T08:37:18 +451ms service=session.prompt session.id=ses_ffb6f5921ffe7fqDtYuSdit3bS cancel
[Kilo New] ServerManager: ⚠️ CLI Server stderr: ERROR 2026-08-15T08:37:18 +137ms service=kilo-sessions sessionID=ses_ffb6f5921ffe7fqDtYuSdit3bS error=Error: InstanceRef not provided status sync failed
[Kilo New] ServerManager: ⚠️ CLI Server stderr: ERROR 2026-08-15T08:37:18 +0ms service=kilo-sessions sessionID=ses_ffb6f4a02ffehoL0gau0KztAZV error=Error: InstanceRef not provided status sync failed
[Kilo New][P0-Perf] {"corr":"b4e081ba-89cc-44bc-935b-893749b1d932","stage":"sse.event","t":1786783038288,"d":70786,"surface":"extension","span":"start","eventType":"session.status","dir":"/private/var/folders/9v/733tfwtj2jvgwygmtrbwj9gm0000gn/T/kilo-e2e-jNSxkS/workspace"}
[Kilo New][P0-Perf] {"corr":"b4e081ba-89cc-44bc-935b-893749b1d932","stage":"sse.event","t":1786783038288,"d":70786,"surface":"extension","span":"end","dur":0,"eventType":"session.status","dir":"/private/var/folders/9v/733tfwtj2jvgwygmtrbwj9gm0000gn/T/kilo-e2e-jNSxkS/workspace"}
[Kilo New][P0-Perf] {"corr":"b4e081ba-89cc-44bc-935b-893749b1d932","stage":"sse.event","t":1786783038288,"d":70786,"surface":"extension","span":"start","eventType":"session.idle","dir":"/private/var/folders/9v/733tfwtj2jvgwygmtrbwj9gm0000gn/T/kilo-e2e-jNSxkS/workspace"}
[Kilo New][P0-Perf] {"corr":"b4e081ba-89cc-44bc-935b-893749b1d932","stage":"sse.event","t":1786783038289,"d":70787,"surface":"extension","span":"end","dur":1,"eventType":"session.idle","dir":"/private/var/folders/9v/733tfwtj2jvgwygmtrbwj9gm0000gn/T/kilo-e2e-jNSxkS/workspace"}
[Kilo New][P0-Perf] {"corr":"b4e081ba-89cc-44bc-935b-893749b1d932","stage":"sse.event","t":1786783038289,"d":70787,"surface":"extension","span":"start","eventType":"session.status","dir":"/private/var/folders/9v/733tfwtj2jvgwygmtrbwj9gm0000gn/T/kilo-e2e-jNSxkS/workspace"}
[Kilo New][P0-Perf] {"corr":"b4e081ba-89cc-44bc-935b-893749b1d932","stage":"sse.event","t":1786783038289,"d":70787,"surface":"extension","span":"end","dur":0,"eventType":"session.status","dir":"/private/var/folders/9v/733tfwtj2jvgwygmtrbwj9gm0000gn/T/kilo-e2e-jNSxkS/workspace"}
[Kilo New][P0-Perf] {"corr":"b4e081ba-89cc-44bc-935b-893749b1d932","stage":"sse.event","t":1786783038289,"d":70787,"surface":"extension","span":"start","eventType":"session.idle","dir":"/private/var/folders/9v/733tfwtj2jvgwygmtrbwj9gm0000gn/T/kilo-e2e-jNSxkS/workspace"}
[Kilo New][P0-Perf] {"corr":"b4e081ba-89cc-44bc-935b-893749b1d932","stage":"sse.event","t":1786783038289,"d":70787,"surface":"extension","span":"end","dur":0,"eventType":"session.idle","dir":"/private/var/folders/9v/733tfwtj2jvgwygmtrbwj9gm0000gn/T/kilo-e2e-jNSxkS/workspace"}
[Kilo New] KiloProvider: config warnings fetched { from: 'init', count: 0 }
[Kilo New][P0-Perf] {"corr":"b4e081ba-89cc-44bc-935b-893749b1d932","stage":"webview.load","t":1786783039034,"d":71532,"surface":"webview","wd":194}
[Kilo New][P0-Perf] {"corr":"b4e081ba-89cc-44bc-935b-893749b1d932","stage":"webview.mount","t":1786783039067,"d":71565,"surface":"webview","wd":227}
[Kilo New] ServerManager: ⚠️ CLI Server stderr: INFO  2026-08-15T08:37:19 +1511ms service=model-cache providerID=apertis refreshing models
[Kilo New] ServerManager: ⚠️ CLI Server stderr: INFO  2026-08-15T08:37:19 +74ms service=model-cache providerID=apertis count=0 models fetched and cached
[Kilo New] KiloProvider: ✅ webviewReady received
[Kilo New][P0-Perf] {"corr":"b4e081ba-89cc-44bc-935b-893749b1d932","stage":"webview.ready","t":1786783039952,"d":72450,"surface":"extension"}
[Kilo New] KiloProvider: 🔄 syncWebviewState() {
  reason: 'webviewReady',
  isWebviewReady: true,
  connectionState: 'connected',
  hasClient: true,
  hasServerInfo: true
}
[Kilo New] KiloProvider: 👤 syncWebviewState fetching profile...
[Kilo New][P0-Perf] {"corr":"b4e081ba-89cc-44bc-935b-893749b1d932","stage":"webview.render","t":1786783039996,"d":72494,"surface":"webview","wd":1156}
[Kilo New][P0-Perf] {"corr":"b4e081ba-89cc-44bc-935b-893749b1d932","stage":"webview.paint","t":1786783040085,"d":72583,"surface":"webview","wd":1245}
[Kilo New] KiloProvider: 👤 syncWebviewState profile: null
[Kilo New] ServerManager: ⚠️ CLI Server stderr: INFO  2026-08-15T08:37:21 +1800ms service=model-cache providerID=apertis refreshing models
[Kilo New] ServerManager: ⚠️ CLI Server stderr: INFO  2026-08-15T08:37:21 +193ms service=model-cache providerID=apertis count=0 models fetched and cached
[Kilo New][P0-Perf] {"corr":"b4e081ba-89cc-44bc-935b-893749b1d932","stage":"dataReady.done","t":1786783042048,"d":74546,"surface":"extension"}
[Kilo New] KiloProvider: ✅ initializeConnection completed successfully
[Kilo New] ServerManager: ⚠️ CLI Server stderr: INFO  2026-08-15T08:37:23 +1938ms service=model-cache providerID=apertis refreshing models
[Kilo New] ServerManager: ⚠️ CLI Server stderr: INFO  2026-08-15T08:37:23 +109ms service=model-cache providerID=apertis count=0 models fetched and cached
[Kilo New] ServerManager: ⚠️ CLI Server stderr: INFO  2026-08-15T08:37:27 +3229ms service=model-cache providerID=apertis refreshing models
[Kilo New][P0-Perf] {"corr":"b4e081ba-89cc-44bc-935b-893749b1d932","stage":"sse.event","t":1786783047183,"d":79681,"surface":"extension","span":"start","eventType":"server.heartbeat"}
[Kilo New][P0-Perf] {"corr":"b4e081ba-89cc-44bc-935b-893749b1d932","stage":"sse.event","t":1786783047184,"d":79682,"surface":"extension","span":"end","dur":1,"eventType":"server.heartbeat"}
[Kilo New] ServerManager: ⚠️ CLI Server stderr: INFO  2026-08-15T08:37:27 +44ms service=model-cache providerID=apertis count=0 models fetched and cached
[probe] PASS H-7 backend parentID/children facts persist after panel reopen
[probe] clicked sidebar topic row ses_ffb6f5921ffe7fqDtYuSdit3bS
[probe] PASS H-7 reopened panel renders parent topic "E2E Title" with child row "E2E read-only reply sub-task (@general subagent)"
[probe] PASS H-5 cleanup: recorded MCP child pids 39897 exited after disconnect
[Kilo New] ServerManager: ⚠️ CLI Server stderr: INFO  2026-08-15T08:37:29 +2303ms service=model-cache providerID=apertis refreshing models
[Kilo New] ServerManager: ⚠️ CLI Server stderr: INFO  2026-08-15T08:37:29 +11ms service=model-cache providerID=apertis count=0 models fetched and cached
[probe] PASS H-5 snapshot shows the MCP server disabled after disconnect
[probe] PASS real-completed-post-h7: 14 generation request(s), all e2e-local/e2e-model (matrix={
  "total": 14,
  "runOwned": 14,
  "violations": [],
  "byModel": {
    "e2e-local/e2e-model": 14
  },
  "byAgent": {
    "title": 1,
    "e2e-agent": 12,
    "general": 1
  },
  "small": 1,
  "nonSmall": 13,
  "bySession": {
    "title-ses_ffb6f5921ffe7fqDtYuSdit3bS": 1,
    "ses_ffb6f5921ffe7fqDtYuSdit3bS": 12,
    "ses_ffb6f4a02ffehoL0gau0KztAZV": 1
  }
})
[probe] PASS custom agent served in ModeSwitcher: "E2E Agent"
[probe] picked "E2E Agent" from agent picker
[probe] PASS custom agent selected (reopened panel): "E2E Agent"
[probe] picked "Low" from variant picker
[probe] PASS variant Low selected (reopened panel): "Low"
[probe] PASS custom model visibly selected (reopened panel): "E2E Local / E2E Model"
[Kilo New][P0-Perf] {"corr":"b4e081ba-89cc-44bc-935b-893749b1d932","stage":"prompt.submit","t":1786783051319,"d":83817,"surface":"extension","sessionID":"ses_ffb6f5921ffe7fqDtYuSdit3bS","messageID":"msg_00491ae1a001ZPR49i4xojN6UJ","dir":"/var/folders/9v/733tfwtj2jvgwygmtrbwj9gm0000gn/T/kilo-e2e-jNSxkS/workspace"}
[Kilo New] ServerManager: ⚠️ CLI Server stderr: INFO  2026-08-15T08:37:31 +1893ms service=bus type=session.turn.open publishing
[Kilo New] ServerManager: ⚠️ CLI Server stderr: INFO  2026-08-15T08:37:31 +4ms service=session.prompt session.id=ses_ffb6f5921ffe7fqDtYuSdit3bS step=0 loop
[Kilo New] ServerManager: ⚠️ CLI Server stderr: INFO  2026-08-15T08:37:31 +13ms service=p0-perf event=p0.mark stage=processor_entry ts=1786783051408 id=ses_ffb6f5921ffe7fqDtYuSdit3bS meta={"messageID":"msg_00491ae88001pMGFZ9lw9AoUfC","parentID":"msg_00491ae1a001ZPR49i4xojN6UJ","model":"e2e-model","provider":"e2e-local"} processor_entry
[Kilo New][P0-Perf] {"corr":"b4e081ba-89cc-44bc-935b-893749b1d932","stage":"sse.event","t":1786783051419,"d":83917,"surface":"extension","span":"start","eventType":"message.updated","dir":"/private/var/folders/9v/733tfwtj2jvgwygmtrbwj9gm0000gn/T/kilo-e2e-jNSxkS/workspace"}
[Kilo New][P0-Perf] {"corr":"b4e081ba-89cc-44bc-935b-893749b1d932","stage":"sse.event","t":1786783051420,"d":83918,"surface":"extension","span":"end","dur":1,"eventType":"message.updated","dir":"/private/var/folders/9v/733tfwtj2jvgwygmtrbwj9gm0000gn/T/kilo-e2e-jNSxkS/workspace"}
[Kilo New][P0-Perf] {"corr":"b4e081ba-89cc-44bc-935b-893749b1d932","stage":"sse.event","t":1786783051420,"d":83918,"surface":"extension","span":"start","eventType":"message.updated.1","dir":"/private/var/folders/9v/733tfwtj2jvgwygmtrbwj9gm0000gn/T/kilo-e2e-jNSxkS/workspace"}
[Kilo New][P0-Perf] {"corr":"b4e081ba-89cc-44bc-935b-893749b1d932","stage":"sse.event","t":1786783051420,"d":83918,"surface":"extension","span":"end","dur":0,"eventType":"message.updated.1","dir":"/private/var/folders/9v/733tfwtj2jvgwygmtrbwj9gm0000gn/T/kilo-e2e-jNSxkS/workspace"}
[Kilo New][P0-Perf] {"corr":"b4e081ba-89cc-44bc-935b-893749b1d932","stage":"sse.event","t":1786783051420,"d":83918,"surface":"extension","span":"start","eventType":"message.part.updated","dir":"/private/var/folders/9v/733tfwtj2jvgwygmtrbwj9gm0000gn/T/kilo-e2e-jNSxkS/workspace"}
[Kilo New][P0-Perf] {"corr":"b4e081ba-89cc-44bc-935b-893749b1d932","stage":"sse.event","t":1786783051420,"d":83918,"surface":"extension","span":"end","dur":0,"eventType":"message.part.updated","dir":"/private/var/folders/9v/733tfwtj2jvgwygmtrbwj9gm0000gn/T/kilo-e2e-jNSxkS/workspace"}
[Kilo New][P0-Perf] {"corr":"b4e081ba-89cc-44bc-935b-893749b1d932","stage":"sse.event","t":1786783051421,"d":83919,"surface":"extension","span":"start","eventType":"message.part.updated.1","dir":"/private/var/folders/9v/733tfwtj2jvgwygmtrbwj9gm0000gn/T/kilo-e2e-jNSxkS/workspace"}
[Kilo New][P0-Perf] {"corr":"b4e081ba-89cc-44bc-935b-893749b1d932","stage":"sse.event","t":1786783051421,"d":83919,"surface":"extension","span":"end","dur":0,"eventType":"message.part.updated.1","dir":"/private/var/folders/9v/733tfwtj2jvgwygmtrbwj9gm0000gn/T/kilo-e2e-jNSxkS/workspace"}
[Kilo New][P0-Perf] {"corr":"b4e081ba-89cc-44bc-935b-893749b1d932","stage":"sse.event","t":1786783051421,"d":83919,"surface":"extension","span":"start","eventType":"session.updated","dir":"/private/var/folders/9v/733tfwtj2jvgwygmtrbwj9gm0000gn/T/kilo-e2e-jNSxkS/workspace"}
[Kilo New][P0-Perf] {"corr":"b4e081ba-89cc-44bc-935b-893749b1d932","stage":"sse.event","t":1786783051421,"d":83919,"surface":"extension","span":"end","dur":0,"eventType":"session.updated","dir":"/private/var/folders/9v/733tfwtj2jvgwygmtrbwj9gm0000gn/T/kilo-e2e-jNSxkS/workspace"}
[Kilo New][P0-Perf] {"corr":"b4e081ba-89cc-44bc-935b-893749b1d932","stage":"sse.event","t":1786783051421,"d":83919,"surface":"extension","span":"start","eventType":"session.updated.1","dir":"/private/var/folders/9v/733tfwtj2jvgwygmtrbwj9gm0000gn/T/kilo-e2e-jNSxkS/workspace"}
[probe] sent prompt via real prompt input: E2E_ROLLBACK_EDIT: edit the tracked file
[Kilo New][P0-Perf] {"corr":"b4e081ba-89cc-44bc-935b-893749b1d932","stage":"sse.event","t":1786783051421,"d":83919,"surface":"extension","span":"end","dur":0,"eventType":"session.updated.1","dir":"/private/var/folders/9v/733tfwtj2jvgwygmtrbwj9gm0000gn/T/kilo-e2e-jNSxkS/workspace"}
[Kilo New][P0-Perf] {"corr":"b4e081ba-89cc-44bc-935b-893749b1d932","stage":"sse.event","t":1786783051421,"d":83919,"surface":"extension","span":"start","eventType":"session.turn.open","dir":"/private/var/folders/9v/733tfwtj2jvgwygmtrbwj9gm0000gn/T/kilo-e2e-jNSxkS/workspace"}
[Kilo New][P0-Perf] {"corr":"b4e081ba-89cc-44bc-935b-893749b1d932","stage":"sse.event","t":1786783051421,"d":83919,"surface":"extension","span":"end","dur":0,"eventType":"session.turn.open","dir":"/private/var/folders/9v/733tfwtj2jvgwygmtrbwj9gm0000gn/T/kilo-e2e-jNSxkS/workspace"}
[Kilo New][P0-Perf] {"corr":"b4e081ba-89cc-44bc-935b-893749b1d932","stage":"sse.event","t":1786783051482,"d":83980,"surface":"extension","span":"start","eventType":"session.status","dir":"/private/var/folders/9v/733tfwtj2jvgwygmtrbwj9gm0000gn/T/kilo-e2e-jNSxkS/workspace"}
[Kilo New][P0-Perf] {"corr":"b4e081ba-89cc-44bc-935b-893749b1d932","stage":"sse.event","t":1786783051483,"d":83981,"surface":"extension","span":"end","dur":1,"eventType":"session.status","dir":"/private/var/folders/9v/733tfwtj2jvgwygmtrbwj9gm0000gn/T/kilo-e2e-jNSxkS/workspace"}
[Kilo New][P0-Perf] {"corr":"b4e081ba-89cc-44bc-935b-893749b1d932","stage":"sse.event","t":1786783051483,"d":83981,"surface":"extension","span":"start","eventType":"message.updated","dir":"/private/var/folders/9v/733tfwtj2jvgwygmtrbwj9gm0000gn/T/kilo-e2e-jNSxkS/workspace"}
[Kilo New][P0-Perf] {"corr":"b4e081ba-89cc-44bc-935b-893749b1d932","stage":"sse.event","t":1786783051484,"d":83982,"surface":"extension","span":"end","dur":1,"eventType":"message.updated","dir":"/private/var/folders/9v/733tfwtj2jvgwygmtrbwj9gm0000gn/T/kilo-e2e-jNSxkS/workspace"}
[Kilo New][P0-Perf] {"corr":"b4e081ba-89cc-44bc-935b-893749b1d932","stage":"sse.event","t":1786783051484,"d":83982,"surface":"extension","span":"start","eventType":"message.updated.1","dir":"/private/var/folders/9v/733tfwtj2jvgwygmtrbwj9gm0000gn/T/kilo-e2e-jNSxkS/workspace"}
[Kilo New][P0-Perf] {"corr":"b4e081ba-89cc-44bc-935b-893749b1d932","stage":"model.firstEvent","t":1786783051484,"d":83982,"surface":"extension","sessionID":"ses_ffb6f5921ffe7fqDtYuSdit3bS","messageID":"msg_00491ae88001pMGFZ9lw9AoUfC","parentID":"msg_00491ae1a001ZPR49i4xojN6UJ","dir":"/private/var/folders/9v/733tfwtj2jvgwygmtrbwj9gm0000gn/T/kilo-e2e-jNSxkS/workspace"}
[Kilo New][P0-Perf] {"corr":"b4e081ba-89cc-44bc-935b-893749b1d932","stage":"sse.event","t":1786783051484,"d":83982,"surface":"extension","span":"end","dur":0,"eventType":"message.updated.1","dir":"/private/var/folders/9v/733tfwtj2jvgwygmtrbwj9gm0000gn/T/kilo-e2e-jNSxkS/workspace"}
[Kilo New] ServerManager: ⚠️ CLI Server stderr: INFO  2026-08-15T08:37:32 +1200ms service=model-cache providerID=apertis refreshing models
[Kilo New][P0-Perf] {"corr":"b4e081ba-89cc-44bc-935b-893749b1d932","stage":"sse.event","t":1786783052624,"d":85122,"surface":"extension","span":"start","eventType":"message.part.updated","dir":"/private/var/folders/9v/733tfwtj2jvgwygmtrbwj9gm0000gn/T/kilo-e2e-jNSxkS/workspace"}
[Kilo New][P0-Perf] {"corr":"b4e081ba-89cc-44bc-935b-893749b1d932","stage":"sse.event","t":1786783052625,"d":85123,"surface":"extension","span":"end","dur":1,"eventType":"message.part.updated","dir":"/private/var/folders/9v/733tfwtj2jvgwygmtrbwj9gm0000gn/T/kilo-e2e-jNSxkS/workspace"}
[Kilo New][P0-Perf] {"corr":"b4e081ba-89cc-44bc-935b-893749b1d932","stage":"sse.event","t":1786783052625,"d":85123,"surface":"extension","span":"start","eventType":"message.part.updated.1","dir":"/private/var/folders/9v/733tfwtj2jvgwygmtrbwj9gm0000gn/T/kilo-e2e-jNSxkS/workspace"}
[Kilo New][P0-Perf] {"corr":"b4e081ba-89cc-44bc-935b-893749b1d932","stage":"sse.event","t":1786783052625,"d":85123,"surface":"extension","span":"end","dur":0,"eventType":"message.part.updated.1","dir":"/private/var/folders/9v/733tfwtj2jvgwygmtrbwj9gm0000gn/T/kilo-e2e-jNSxkS/workspace"}
[Kilo New] ServerManager: ⚠️ CLI Server stderr: INFO  2026-08-15T08:37:32 +16ms service=model-cache providerID=apertis count=0 models fetched and cached
[Kilo New] ServerManager: ⚠️ CLI Server stderr: INFO  2026-08-15T08:37:32 +62ms service=snapshot hash=841cadea1f87b76c48a7d42497d66249b3f0236c cwd=/private/var/folders/9v/733tfwtj2jvgwygmtrbwj9gm0000gn/T/kilo-e2e-jNSxkS/workspace git=/var/folders/9v/733tfwtj2jvgwygmtrbwj9gm0000gn/T/kilo-e2e-jNSxkS/xdg-data/kilo/snapshot/8d92d1e5131045cc7f25d873d3918998f2fa7b46/9be8c9df477d736235572209b80be94e3ae91688 tracking
[Kilo New] ServerManager: ⚠️ CLI Server stderr: INFO  2026-08-15T08:37:32 +4ms service=session.tools status=started resolveTools
[Kilo New] ServerManager: ⚠️ CLI Server stderr: INFO  2026-08-15T08:37:32 +9ms service=tool.registry status=started invalid
[Kilo New] ServerManager: ⚠️ CLI Server stderr: INFO  2026-08-15T08:37:32 +0ms service=tool.registry status=completed duration=0 invalid
[Kilo New] ServerManager: ⚠️ CLI Server stderr: INFO  2026-08-15T08:37:32 +1ms service=tool.registry status=started question
[Kilo New] ServerManager: ⚠️ CLI Server stderr: INFO  2026-08-15T08:37:32 +0ms service=tool.registry status=completed duration=0 question
[Kilo New] ServerManager: ⚠️ CLI Server stderr: INFO  2026-08-15T08:37:32 +0ms service=tool.registry status=started bash
[Kilo New] ServerManager: ⚠️ CLI Server stderr: INFO  2026-08-15T08:37:32 +0ms service=tool.registry status=completed duration=0 bash
[Kilo New] ServerManager: ⚠️ CLI Server stderr: INFO  2026-08-15T08:37:32 +0ms service=tool.registry status=started read
[Kilo New] ServerManager: ⚠️ CLI Server stderr: INFO  2026-08-15T08:37:32 +0ms service=tool.registry status=completed duration=0 read
[Kilo New] ServerManager: ⚠️ CLI Server stderr: INFO  2026-08-15T08:37:32 +0ms service=tool.registry status=started glob
[Kilo New] ServerManager: ⚠️ CLI Server stderr: INFO  2026-08-15T08:37:32 +0ms service=tool.registry status=completed duration=0 glob
[Kilo New] ServerManager: ⚠️ CLI Server stderr: INFO  2026-08-15T08:37:32 +0ms service=tool.registry status=started grep
[Kilo New] ServerManager: ⚠️ CLI Server stderr: INFO  2026-08-15T08:37:32 +0ms service=tool.registry status=completed duration=0 grep
[Kilo New] ServerManager: ⚠️ CLI Server stderr: INFO  2026-08-15T08:37:32 +0ms service=tool.registry status=started edit
[Kilo New] ServerManager: ⚠️ CLI Server stderr: INFO  2026-08-15T08:37:32 +0ms service=tool.registry status=completed duration=0 edit
[Kilo New] ServerManager: ⚠️ CLI Server stderr: INFO  2026-08-15T08:37:32 +0ms service=tool.registry status=started write
[Kilo New] ServerManager: ⚠️ CLI Server stderr: INFO  2026-08-15T08:37:32 +0ms service=tool.registry status=completed duration=0 write
[Kilo New] ServerManager: ⚠️ CLI Server stderr: INFO  2026-08-15T08:37:32 +0ms service=tool.registry status=started task
[Kilo New] ServerManager: ⚠️ CLI Server stderr: INFO  2026-08-15T08:37:32 +1ms service=tool.registry status=completed duration=1 task
[Kilo New] ServerManager: ⚠️ CLI Server stderr: INFO  2026-08-15T08:37:32 +0ms service=tool.registry status=started webfetch
[Kilo New] ServerManager: ⚠️ CLI Server stderr: INFO  2026-08-15T08:37:32 +0ms service=tool.registry status=completed duration=0 webfetch
[Kilo New] ServerManager: ⚠️ CLI Server stderr: INFO  2026-08-15T08:37:32 +0ms service=tool.registry status=started todowrite
[Kilo New] ServerManager: ⚠️ CLI Server stderr: INFO  2026-08-15T08:37:32 +0ms service=tool.registry status=completed duration=0 todowrite
[Kilo New] ServerManager: ⚠️ CLI Server stderr: INFO  2026-08-15T08:37:32 +0ms service=tool.registry status=started skill
[Kilo New] ServerManager: ⚠️ CLI Server stderr: INFO  2026-08-15T08:37:32 +4ms service=tool.registry status=completed duration=4 skill
[Kilo New] ServerManager: ⚠️ CLI Server stderr: INFO  2026-08-15T08:37:32 +0ms service=tool.registry status=started plan_exit
[Kilo New] ServerManager: ⚠️ CLI Server stderr: INFO  2026-08-15T08:37:32 +0ms service=tool.registry status=completed duration=0 plan_exit
[Kilo New] ServerManager: ⚠️ CLI Server stderr: INFO  2026-08-15T08:37:32 +0ms service=tool.registry status=started kilo_local_recall
[Kilo New] ServerManager: ⚠️ CLI Server stderr: INFO  2026-08-15T08:37:32 +0ms service=tool.registry status=completed duration=0 kilo_local_recall
[Kilo New] ServerManager: ⚠️ CLI Server stderr: INFO  2026-08-15T08:37:32 +0ms service=tool.registry status=started background_process
[Kilo New] ServerManager: ⚠️ CLI Server stderr: INFO  2026-08-15T08:37:32 +0ms service=tool.registry status=completed duration=0 background_process
[Kilo New] ServerManager: ⚠️ CLI Server stderr: INFO  2026-08-15T08:37:32 +0ms service=tool.registry status=started agent_manager_models
[Kilo New] ServerManager: ⚠️ CLI Server stderr: INFO  2026-08-15T08:37:32 +0ms service=tool.registry status=completed duration=0 agent_manager_models
[Kilo New] ServerManager: ⚠️ CLI Server stderr: INFO  2026-08-15T08:37:32 +0ms service=tool.registry status=started agent_manager
[Kilo New] ServerManager: ⚠️ CLI Server stderr: INFO  2026-08-15T08:37:32 +1ms service=tool.registry status=completed duration=1 agent_manager
[Kilo New] ServerManager: ⚠️ CLI Server stderr: INFO  2026-08-15T08:37:32 +0ms service=tool.registry status=started e2e_marker
[Kilo New] ServerManager: ⚠️ CLI Server stderr: INFO  2026-08-15T08:37:32 +0ms service=tool.registry status=completed duration=0 e2e_marker
[Kilo New] ServerManager: ⚠️ CLI Server stderr: INFO  2026-08-15T08:37:32 +0ms service=session.tools status=completed duration=16 resolveTools
[Kilo New][P0-Perf] {"corr":"b4e081ba-89cc-44bc-935b-893749b1d932","stage":"sse.event","t":1786783052740,"d":85238,"surface":"extension","span":"start","eventType":"message.part.removed","dir":"/private/var/folders/9v/733tfwtj2jvgwygmtrbwj9gm0000gn/T/kilo-e2e-jNSxkS/workspace"}
[Kilo New][P0-Perf] {"corr":"b4e081ba-89cc-44bc-935b-893749b1d932","stage":"sse.event","t":1786783052741,"d":85239,"surface":"extension","span":"end","dur":1,"eventType":"message.part.removed","dir":"/private/var/folders/9v/733tfwtj2jvgwygmtrbwj9gm0000gn/T/kilo-e2e-jNSxkS/workspace"}
[Kilo New][P0-Perf] {"corr":"b4e081ba-89cc-44bc-935b-893749b1d932","stage":"sse.event","t":1786783052741,"d":85239,"surface":"extension","span":"start","eventType":"message.part.removed.1","dir":"/private/var/folders/9v/733tfwtj2jvgwygmtrbwj9gm0000gn/T/kilo-e2e-jNSxkS/workspace"}
[Kilo New][P0-Perf] {"corr":"b4e081ba-89cc-44bc-935b-893749b1d932","stage":"sse.event","t":1786783052741,"d":85239,"surface":"extension","span":"end","dur":0,"eventType":"message.part.removed.1","dir":"/private/var/folders/9v/733tfwtj2jvgwygmtrbwj9gm0000gn/T/kilo-e2e-jNSxkS/workspace"}
[Kilo New] ServerManager: ⚠️ CLI Server stderr: INFO  2026-08-15T08:37:32 +70ms service=session.processor session.id=ses_ffb6f5921ffe7fqDtYuSdit3bS messageID=msg_00491ae88001pMGFZ9lw9AoUfC process
[Kilo New] ServerManager: ⚠️ CLI Server stderr: INFO  2026-08-15T08:37:32 +5ms service=llm providerID=e2e-local modelID=e2e-model session.id=ses_ffb6f5921ffe7fqDtYuSdit3bS small=false agent=e2e-agent mode=primary stream
[Kilo New][P0-Perf] {"corr":"b4e081ba-89cc-44bc-935b-893749b1d932","stage":"sse.event","t":1786783052787,"d":85285,"surface":"extension","span":"start","eventType":"session.updated","dir":"/private/var/folders/9v/733tfwtj2jvgwygmtrbwj9gm0000gn/T/kilo-e2e-jNSxkS/workspace"}
[Kilo New][P0-Perf] {"corr":"b4e081ba-89cc-44bc-935b-893749b1d932","stage":"sse.event","t":1786783052788,"d":85286,"surface":"extension","span":"end","dur":1,"eventType":"session.updated","dir":"/private/var/folders/9v/733tfwtj2jvgwygmtrbwj9gm0000gn/T/kilo-e2e-jNSxkS/workspace"}
[Kilo New][P0-Perf] {"corr":"b4e081ba-89cc-44bc-935b-893749b1d932","stage":"sse.event","t":1786783052788,"d":85286,"surface":"extension","span":"start","eventType":"session.updated.1","dir":"/private/var/folders/9v/733tfwtj2jvgwygmtrbwj9gm0000gn/T/kilo-e2e-jNSxkS/workspace"}
[Kilo New][P0-Perf] {"corr":"b4e081ba-89cc-44bc-935b-893749b1d932","stage":"sse.event","t":1786783052788,"d":85286,"surface":"extension","span":"end","dur":0,"eventType":"session.updated.1","dir":"/private/var/folders/9v/733tfwtj2jvgwygmtrbwj9gm0000gn/T/kilo-e2e-jNSxkS/workspace"}
[Kilo New][P0-Perf] {"corr":"b4e081ba-89cc-44bc-935b-893749b1d932","stage":"sse.event","t":1786783052788,"d":85286,"surface":"extension","span":"start","eventType":"session.diff","dir":"/private/var/folders/9v/733tfwtj2jvgwygmtrbwj9gm0000gn/T/kilo-e2e-jNSxkS/workspace"}
[Kilo New][P0-Perf] {"corr":"b4e081ba-89cc-44bc-935b-893749b1d932","stage":"sse.event","t":1786783052788,"d":85286,"surface":"extension","span":"end","dur":0,"eventType":"session.diff","dir":"/private/var/folders/9v/733tfwtj2jvgwygmtrbwj9gm0000gn/T/kilo-e2e-jNSxkS/workspace"}
[Kilo New][P0-Perf] {"corr":"b4e081ba-89cc-44bc-935b-893749b1d932","stage":"sse.event","t":1786783052788,"d":85286,"surface":"extension","span":"start","eventType":"message.updated","dir":"/private/var/folders/9v/733tfwtj2jvgwygmtrbwj9gm0000gn/T/kilo-e2e-jNSxkS/workspace"}
[Kilo New][P0-Perf] {"corr":"b4e081ba-89cc-44bc-935b-893749b1d932","stage":"sse.event","t":1786783052789,"d":85287,"surface":"extension","span":"end","dur":1,"eventType":"message.updated","dir":"/private/var/folders/9v/733tfwtj2jvgwygmtrbwj9gm0000gn/T/kilo-e2e-jNSxkS/workspace"}
[Kilo New][P0-Perf] {"corr":"b4e081ba-89cc-44bc-935b-893749b1d932","stage":"sse.event","t":1786783052789,"d":85287,"surface":"extension","span":"start","eventType":"message.updated.1","dir":"/private/var/folders/9v/733tfwtj2jvgwygmtrbwj9gm0000gn/T/kilo-e2e-jNSxkS/workspace"}
[Kilo New][P0-Perf] {"corr":"b4e081ba-89cc-44bc-935b-893749b1d932","stage":"sse.event","t":1786783052789,"d":85287,"surface":"extension","span":"end","dur":0,"eventType":"message.updated.1","dir":"/private/var/folders/9v/733tfwtj2jvgwygmtrbwj9gm0000gn/T/kilo-e2e-jNSxkS/workspace"}
[Kilo New][P0-Perf] {"corr":"b4e081ba-89cc-44bc-935b-893749b1d932","stage":"sse.event","t":1786783052789,"d":85287,"surface":"extension","span":"start","eventType":"session.status","dir":"/private/var/folders/9v/733tfwtj2jvgwygmtrbwj9gm0000gn/T/kilo-e2e-jNSxkS/workspace"}
[Kilo New][P0-Perf] {"corr":"b4e081ba-89cc-44bc-935b-893749b1d932","stage":"sse.event","t":1786783052789,"d":85287,"surface":"extension","span":"end","dur":0,"eventType":"session.status","dir":"/private/var/folders/9v/733tfwtj2jvgwygmtrbwj9gm0000gn/T/kilo-e2e-jNSxkS/workspace"}
[Kilo New] ServerManager: ⚠️ CLI Server stderr: INFO  2026-08-15T08:37:32 +74ms service=default llm.runtime=ai-sdk llm.provider=e2e-local llm.model=e2e-model llm runtime selected
[Kilo New] ServerManager: ⚠️ CLI Server stderr: INFO  2026-08-15T08:37:32 +82ms service=p0-perf event=p0.start stage=tool_execute ts=1786783052937 id=ses_ffb6f5921ffe7fqDtYuSdit3bS meta={"tool":"write","callID":"call_e2e_rollback_1","messageID":"msg_00491ae88001pMGFZ9lw9AoUfC"} tool_execute
[Kilo New][P0-Perf] {"corr":"b4e081ba-89cc-44bc-935b-893749b1d932","stage":"sse.event","t":1786783052951,"d":85449,"surface":"extension","span":"start","eventType":"message.part.updated","dir":"/private/var/folders/9v/733tfwtj2jvgwygmtrbwj9gm0000gn/T/kilo-e2e-jNSxkS/workspace"}
[Kilo New][P0-Perf] {"corr":"b4e081ba-89cc-44bc-935b-893749b1d932","stage":"sse.event","t":1786783052952,"d":85450,"surface":"extension","span":"end","dur":1,"eventType":"message.part.updated","dir":"/private/var/folders/9v/733tfwtj2jvgwygmtrbwj9gm0000gn/T/kilo-e2e-jNSxkS/workspace"}
[Kilo New][P0-Perf] {"corr":"b4e081ba-89cc-44bc-935b-893749b1d932","stage":"sse.event","t":1786783052952,"d":85450,"surface":"extension","span":"start","eventType":"message.part.updated.1","dir":"/private/var/folders/9v/733tfwtj2jvgwygmtrbwj9gm0000gn/T/kilo-e2e-jNSxkS/workspace"}
[Kilo New][P0-Perf] {"corr":"b4e081ba-89cc-44bc-935b-893749b1d932","stage":"sse.event","t":1786783052952,"d":85450,"surface":"extension","span":"end","dur":0,"eventType":"message.part.updated.1","dir":"/private/var/folders/9v/733tfwtj2jvgwygmtrbwj9gm0000gn/T/kilo-e2e-jNSxkS/workspace"}
[Kilo New][P0-Perf] {"corr":"b4e081ba-89cc-44bc-935b-893749b1d932","stage":"sse.event","t":1786783052952,"d":85450,"surface":"extension","span":"start","eventType":"message.part.updated","dir":"/private/var/folders/9v/733tfwtj2jvgwygmtrbwj9gm0000gn/T/kilo-e2e-jNSxkS/workspace"}
[Kilo New][P0-Perf] {"corr":"b4e081ba-89cc-44bc-935b-893749b1d932","stage":"sse.event","t":1786783052952,"d":85450,"surface":"extension","span":"end","dur":0,"eventType":"message.part.updated","dir":"/private/var/folders/9v/733tfwtj2jvgwygmtrbwj9gm0000gn/T/kilo-e2e-jNSxkS/workspace"}
[Kilo New][P0-Perf] {"corr":"b4e081ba-89cc-44bc-935b-893749b1d932","stage":"sse.event","t":1786783052952,"d":85450,"surface":"extension","span":"start","eventType":"message.part.updated.1","dir":"/private/var/folders/9v/733tfwtj2jvgwygmtrbwj9gm0000gn/T/kilo-e2e-jNSxkS/workspace"}
[Kilo New][P0-Perf] {"corr":"b4e081ba-89cc-44bc-935b-893749b1d932","stage":"sse.event","t":1786783052952,"d":85450,"surface":"extension","span":"end","dur":0,"eventType":"message.part.updated.1","dir":"/private/var/folders/9v/733tfwtj2jvgwygmtrbwj9gm0000gn/T/kilo-e2e-jNSxkS/workspace"}
[Kilo New][P0-Perf] {"corr":"b4e081ba-89cc-44bc-935b-893749b1d932","stage":"sse.event","t":1786783052953,"d":85451,"surface":"extension","span":"start","eventType":"message.part.updated","dir":"/private/var/folders/9v/733tfwtj2jvgwygmtrbwj9gm0000gn/T/kilo-e2e-jNSxkS/workspace"}
[Kilo New][P0-Perf] {"corr":"b4e081ba-89cc-44bc-935b-893749b1d932","stage":"sse.event","t":1786783052953,"d":85451,"surface":"extension","span":"end","dur":0,"eventType":"message.part.updated","dir":"/private/var/folders/9v/733tfwtj2jvgwygmtrbwj9gm0000gn/T/kilo-e2e-jNSxkS/workspace"}
[Kilo New][P0-Perf] {"corr":"b4e081ba-89cc-44bc-935b-893749b1d932","stage":"sse.event","t":1786783052953,"d":85451,"surface":"extension","span":"start","eventType":"message.part.updated.1","dir":"/private/var/folders/9v/733tfwtj2jvgwygmtrbwj9gm0000gn/T/kilo-e2e-jNSxkS/workspace"}
[Kilo New][P0-Perf] {"corr":"b4e081ba-89cc-44bc-935b-893749b1d932","stage":"sse.event","t":1786783052953,"d":85451,"surface":"extension","span":"end","dur":0,"eventType":"message.part.updated.1","dir":"/private/var/folders/9v/733tfwtj2jvgwygmtrbwj9gm0000gn/T/kilo-e2e-jNSxkS/workspace"}
[Kilo New] ServerManager: ⚠️ CLI Server stderr: INFO  2026-08-15T08:37:33 +68ms service=permission permission=edit pattern=rollback.txt action={"permission":"edit","pattern":"rollback.txt","action":"allow"} evaluated
[Kilo New] ServerManager: ⚠️ CLI Server stderr: INFO  2026-08-15T08:37:33 +13ms service=format file=/private/var/folders/9v/733tfwtj2jvgwygmtrbwj9gm0000gn/T/kilo-e2e-jNSxkS/workspace/rollback.txt formatting
[Kilo New] ServerManager: ⚠️ CLI Server stderr: INFO  2026-08-15T08:37:33 +20ms service=lsp file=/private/var/folders/9v/733tfwtj2jvgwygmtrbwj9gm0000gn/T/kilo-e2e-jNSxkS/workspace/rollback.txt touching file
[Kilo New] ServerManager: ⚠️ CLI Server stderr: INFO  2026-08-15T08:37:33 +42ms service=p0-perf event=p0.end stage=tool_execute ts=1786783053080 duration=142 id=ses_ffb6f5921ffe7fqDtYuSdit3bS meta={"tool":"write","callID":"call_e2e_rollback_1","messageID":"msg_00491ae88001pMGFZ9lw9AoUfC"} tool_execute
[Kilo New][P0-Perf] {"corr":"b4e081ba-89cc-44bc-935b-893749b1d932","stage":"sse.event","t":1786783053135,"d":85633,"surface":"extension","span":"start","eventType":"file.edited","dir":"/private/var/folders/9v/733tfwtj2jvgwygmtrbwj9gm0000gn/T/kilo-e2e-jNSxkS/workspace"}
[Kilo New][P0-Perf] {"corr":"b4e081ba-89cc-44bc-935b-893749b1d932","stage":"sse.event","t":1786783053135,"d":85633,"surface":"extension","span":"end","dur":0,"eventType":"file.edited","dir":"/private/var/folders/9v/733tfwtj2jvgwygmtrbwj9gm0000gn/T/kilo-e2e-jNSxkS/workspace"}
[Kilo New][P0-Perf] {"corr":"b4e081ba-89cc-44bc-935b-893749b1d932","stage":"sse.event","t":1786783053135,"d":85633,"surface":"extension","span":"start","eventType":"file.watcher.updated","dir":"/private/var/folders/9v/733tfwtj2jvgwygmtrbwj9gm0000gn/T/kilo-e2e-jNSxkS/workspace"}
[Kilo New][P0-Perf] {"corr":"b4e081ba-89cc-44bc-935b-893749b1d932","stage":"sse.event","t":1786783053135,"d":85633,"surface":"extension","span":"end","dur":0,"eventType":"file.watcher.updated","dir":"/private/var/folders/9v/733tfwtj2jvgwygmtrbwj9gm0000gn/T/kilo-e2e-jNSxkS/workspace"}
[Kilo New][P0-Perf] {"corr":"b4e081ba-89cc-44bc-935b-893749b1d932","stage":"sse.event","t":1786783053135,"d":85633,"surface":"extension","span":"start","eventType":"message.part.updated","dir":"/private/var/folders/9v/733tfwtj2jvgwygmtrbwj9gm0000gn/T/kilo-e2e-jNSxkS/workspace"}
[Kilo New][P0-Perf] {"corr":"b4e081ba-89cc-44bc-935b-893749b1d932","stage":"sse.event","t":1786783053135,"d":85633,"surface":"extension","span":"end","dur":0,"eventType":"message.part.updated","dir":"/private/var/folders/9v/733tfwtj2jvgwygmtrbwj9gm0000gn/T/kilo-e2e-jNSxkS/workspace"}
[Kilo New][P0-Perf] {"corr":"b4e081ba-89cc-44bc-935b-893749b1d932","stage":"sse.event","t":1786783053136,"d":85634,"surface":"extension","span":"start","eventType":"message.part.updated.1","dir":"/private/var/folders/9v/733tfwtj2jvgwygmtrbwj9gm0000gn/T/kilo-e2e-jNSxkS/workspace"}
[Kilo New][P0-Perf] {"corr":"b4e081ba-89cc-44bc-935b-893749b1d932","stage":"sse.event","t":1786783053136,"d":85634,"surface":"extension","span":"end","dur":0,"eventType":"message.part.updated.1","dir":"/private/var/folders/9v/733tfwtj2jvgwygmtrbwj9gm0000gn/T/kilo-e2e-jNSxkS/workspace"}
[Kilo New][P0-Perf] {"corr":"b4e081ba-89cc-44bc-935b-893749b1d932","stage":"sse.event","t":1786783053763,"d":86261,"surface":"extension","span":"start","eventType":"message.part.updated","dir":"/private/var/folders/9v/733tfwtj2jvgwygmtrbwj9gm0000gn/T/kilo-e2e-jNSxkS/workspace"}
[Kilo New][P0-Perf] {"corr":"b4e081ba-89cc-44bc-935b-893749b1d932","stage":"sse.event","t":1786783053763,"d":86261,"surface":"extension","span":"end","dur":0,"eventType":"message.part.updated","dir":"/private/var/folders/9v/733tfwtj2jvgwygmtrbwj9gm0000gn/T/kilo-e2e-jNSxkS/workspace"}
[Kilo New][P0-Perf] {"corr":"b4e081ba-89cc-44bc-935b-893749b1d932","stage":"sse.event","t":1786783053763,"d":86261,"surface":"extension","span":"start","eventType":"message.part.updated.1","dir":"/private/var/folders/9v/733tfwtj2jvgwygmtrbwj9gm0000gn/T/kilo-e2e-jNSxkS/workspace"}
[Kilo New][P0-Perf] {"corr":"b4e081ba-89cc-44bc-935b-893749b1d932","stage":"sse.event","t":1786783053764,"d":86262,"surface":"extension","span":"end","dur":1,"eventType":"message.part.updated.1","dir":"/private/var/folders/9v/733tfwtj2jvgwygmtrbwj9gm0000gn/T/kilo-e2e-jNSxkS/workspace"}
[Kilo New] ServerManager: ⚠️ CLI Server stderr: INFO  2026-08-15T08:37:33 +779ms service=snapshot hash=48a1e11518905c9f39f99be7dd88d4897849bcf8 cwd=/private/var/folders/9v/733tfwtj2jvgwygmtrbwj9gm0000gn/T/kilo-e2e-jNSxkS/workspace git=/var/folders/9v/733tfwtj2jvgwygmtrbwj9gm0000gn/T/kilo-e2e-jNSxkS/xdg-data/kilo/snapshot/8d92d1e5131045cc7f25d873d3918998f2fa7b46/9be8c9df477d736235572209b80be94e3ae91688 tracking
[Kilo New][P0-Perf] {"corr":"b4e081ba-89cc-44bc-935b-893749b1d932","stage":"sse.event","t":1786783053866,"d":86364,"surface":"extension","span":"start","eventType":"message.part.updated","dir":"/private/var/folders/9v/733tfwtj2jvgwygmtrbwj9gm0000gn/T/kilo-e2e-jNSxkS/workspace"}
[Kilo New][P0-Perf] {"corr":"b4e081ba-89cc-44bc-935b-893749b1d932","stage":"sse.event","t":1786783053866,"d":86364,"surface":"extension","span":"end","dur":0,"eventType":"message.part.updated","dir":"/private/var/folders/9v/733tfwtj2jvgwygmtrbwj9gm0000gn/T/kilo-e2e-jNSxkS/workspace"}
[Kilo New][P0-Perf] {"corr":"b4e081ba-89cc-44bc-935b-893749b1d932","stage":"sse.event","t":1786783053866,"d":86364,"surface":"extension","span":"start","eventType":"message.part.updated.1","dir":"/private/var/folders/9v/733tfwtj2jvgwygmtrbwj9gm0000gn/T/kilo-e2e-jNSxkS/workspace"}
[Kilo New][P0-Perf] {"corr":"b4e081ba-89cc-44bc-935b-893749b1d932","stage":"sse.event","t":1786783053866,"d":86364,"surface":"extension","span":"end","dur":0,"eventType":"message.part.updated.1","dir":"/private/var/folders/9v/733tfwtj2jvgwygmtrbwj9gm0000gn/T/kilo-e2e-jNSxkS/workspace"}
[Kilo New][P0-Perf] {"corr":"b4e081ba-89cc-44bc-935b-893749b1d932","stage":"sse.event","t":1786783053921,"d":86419,"surface":"extension","span":"start","eventType":"message.part.updated","dir":"/private/var/folders/9v/733tfwtj2jvgwygmtrbwj9gm0000gn/T/kilo-e2e-jNSxkS/workspace"}
[Kilo New][P0-Perf] {"corr":"b4e081ba-89cc-44bc-935b-893749b1d932","stage":"sse.event","t":1786783053922,"d":86420,"surface":"extension","span":"end","dur":1,"eventType":"message.part.updated","dir":"/private/var/folders/9v/733tfwtj2jvgwygmtrbwj9gm0000gn/T/kilo-e2e-jNSxkS/workspace"}
[Kilo New][P0-Perf] {"corr":"b4e081ba-89cc-44bc-935b-893749b1d932","stage":"sse.event","t":1786783053922,"d":86420,"surface":"extension","span":"start","eventType":"message.part.updated.1","dir":"/private/var/folders/9v/733tfwtj2jvgwygmtrbwj9gm0000gn/T/kilo-e2e-jNSxkS/workspace"}
[Kilo New][P0-Perf] {"corr":"b4e081ba-89cc-44bc-935b-893749b1d932","stage":"sse.event","t":1786783053922,"d":86420,"surface":"extension","span":"end","dur":0,"eventType":"message.part.updated.1","dir":"/private/var/folders/9v/733tfwtj2jvgwygmtrbwj9gm0000gn/T/kilo-e2e-jNSxkS/workspace"}
[Kilo New][P0-Perf] {"corr":"b4e081ba-89cc-44bc-935b-893749b1d932","stage":"sse.event","t":1786783053922,"d":86420,"surface":"extension","span":"start","eventType":"message.updated","dir":"/private/var/folders/9v/733tfwtj2jvgwygmtrbwj9gm0000gn/T/kilo-e2e-jNSxkS/workspace"}
[Kilo New][P0-Perf] {"corr":"b4e081ba-89cc-44bc-935b-893749b1d932","stage":"sse.event","t":1786783053922,"d":86420,"surface":"extension","span":"end","dur":0,"eventType":"message.updated","dir":"/private/var/folders/9v/733tfwtj2jvgwygmtrbwj9gm0000gn/T/kilo-e2e-jNSxkS/workspace"}
[Kilo New][P0-Perf] {"corr":"b4e081ba-89cc-44bc-935b-893749b1d932","stage":"sse.event","t":1786783053923,"d":86421,"surface":"extension","span":"start","eventType":"message.updated.1","dir":"/private/var/folders/9v/733tfwtj2jvgwygmtrbwj9gm0000gn/T/kilo-e2e-jNSxkS/workspace"}
[Kilo New][P0-Perf] {"corr":"b4e081ba-89cc-44bc-935b-893749b1d932","stage":"sse.event","t":1786783053923,"d":86421,"surface":"extension","span":"end","dur":0,"eventType":"message.updated.1","dir":"/private/var/folders/9v/733tfwtj2jvgwygmtrbwj9gm0000gn/T/kilo-e2e-jNSxkS/workspace"}
[Kilo New][P0-Perf] {"corr":"b4e081ba-89cc-44bc-935b-893749b1d932","stage":"sse.event","t":1786783053923,"d":86421,"surface":"extension","span":"start","eventType":"message.part.removed","dir":"/private/var/folders/9v/733tfwtj2jvgwygmtrbwj9gm0000gn/T/kilo-e2e-jNSxkS/workspace"}
[Kilo New][P0-Perf] {"corr":"b4e081ba-89cc-44bc-935b-893749b1d932","stage":"sse.event","t":1786783053923,"d":86421,"surface":"extension","span":"end","dur":0,"eventType":"message.part.removed","dir":"/private/var/folders/9v/733tfwtj2jvgwygmtrbwj9gm0000gn/T/kilo-e2e-jNSxkS/workspace"}
[Kilo New][P0-Perf] {"corr":"b4e081ba-89cc-44bc-935b-893749b1d932","stage":"sse.event","t":1786783053923,"d":86421,"surface":"extension","span":"start","eventType":"message.part.removed.1","dir":"/private/var/folders/9v/733tfwtj2jvgwygmtrbwj9gm0000gn/T/kilo-e2e-jNSxkS/workspace"}
[Kilo New][P0-Perf] {"corr":"b4e081ba-89cc-44bc-935b-893749b1d932","stage":"sse.event","t":1786783053923,"d":86421,"surface":"extension","span":"end","dur":0,"eventType":"message.part.removed.1","dir":"/private/var/folders/9v/733tfwtj2jvgwygmtrbwj9gm0000gn/T/kilo-e2e-jNSxkS/workspace"}
[Kilo New] ServerManager: ⚠️ CLI Server stderr: INFO  2026-08-15T08:37:35 +1245ms service=model-cache providerID=apertis refreshing models
[Kilo New] ServerManager: ⚠️ CLI Server stderr: INFO  2026-08-15T08:37:35 +33ms service=model-cache providerID=apertis count=0 models fetched and cached
[Kilo New] ServerManager: ⚠️ CLI Server stderr: INFO  2026-08-15T08:37:35 +316ms service=session.prompt session.id=ses_ffb6f5921ffe7fqDtYuSdit3bS step=1 loop
[Kilo New] ServerManager: ⚠️ CLI Server stderr: INFO  2026-08-15T08:37:35 +10ms service=p0-perf event=p0.mark stage=processor_entry ts=1786783055462 id=ses_ffb6f5921ffe7fqDtYuSdit3bS meta={"messageID":"msg_00491be600018a6vAeZgS2wAr6","parentID":"msg_00491ae1a001ZPR49i4xojN6UJ","model":"e2e-model","provider":"e2e-local"} processor_entry
[Kilo New][P0-Perf] {"corr":"b4e081ba-89cc-44bc-935b-893749b1d932","stage":"sse.event","t":1786783055468,"d":87966,"surface":"extension","span":"start","eventType":"message.part.updated","dir":"/private/var/folders/9v/733tfwtj2jvgwygmtrbwj9gm0000gn/T/kilo-e2e-jNSxkS/workspace"}
[Kilo New][P0-Perf] {"corr":"b4e081ba-89cc-44bc-935b-893749b1d932","stage":"sse.event","t":1786783055468,"d":87966,"surface":"extension","span":"end","dur":0,"eventType":"message.part.updated","dir":"/private/var/folders/9v/733tfwtj2jvgwygmtrbwj9gm0000gn/T/kilo-e2e-jNSxkS/workspace"}
[Kilo New][P0-Perf] {"corr":"b4e081ba-89cc-44bc-935b-893749b1d932","stage":"sse.event","t":1786783055468,"d":87966,"surface":"extension","span":"start","eventType":"message.part.updated.1","dir":"/private/var/folders/9v/733tfwtj2jvgwygmtrbwj9gm0000gn/T/kilo-e2e-jNSxkS/workspace"}
[Kilo New][P0-Perf] {"corr":"b4e081ba-89cc-44bc-935b-893749b1d932","stage":"sse.event","t":1786783055469,"d":87967,"surface":"extension","span":"end","dur":1,"eventType":"message.part.updated.1","dir":"/private/var/folders/9v/733tfwtj2jvgwygmtrbwj9gm0000gn/T/kilo-e2e-jNSxkS/workspace"}
[Kilo New][P0-Perf] {"corr":"b4e081ba-89cc-44bc-935b-893749b1d932","stage":"sse.event","t":1786783055469,"d":87967,"surface":"extension","span":"start","eventType":"message.updated","dir":"/private/var/folders/9v/733tfwtj2jvgwygmtrbwj9gm0000gn/T/kilo-e2e-jNSxkS/workspace"}
[Kilo New][P0-Perf] {"corr":"b4e081ba-89cc-44bc-935b-893749b1d932","stage":"sse.event","t":1786783055469,"d":87967,"surface":"extension","span":"end","dur":0,"eventType":"message.updated","dir":"/private/var/folders/9v/733tfwtj2jvgwygmtrbwj9gm0000gn/T/kilo-e2e-jNSxkS/workspace"}
[Kilo New][P0-Perf] {"corr":"b4e081ba-89cc-44bc-935b-893749b1d932","stage":"sse.event","t":1786783055469,"d":87967,"surface":"extension","span":"start","eventType":"message.updated.1","dir":"/private/var/folders/9v/733tfwtj2jvgwygmtrbwj9gm0000gn/T/kilo-e2e-jNSxkS/workspace"}
[Kilo New][P0-Perf] {"corr":"b4e081ba-89cc-44bc-935b-893749b1d932","stage":"sse.event","t":1786783055469,"d":87967,"surface":"extension","span":"end","dur":0,"eventType":"message.updated.1","dir":"/private/var/folders/9v/733tfwtj2jvgwygmtrbwj9gm0000gn/T/kilo-e2e-jNSxkS/workspace"}
[Kilo New][P0-Perf] {"corr":"b4e081ba-89cc-44bc-935b-893749b1d932","stage":"sse.event","t":1786783055469,"d":87967,"surface":"extension","span":"start","eventType":"session.status","dir":"/private/var/folders/9v/733tfwtj2jvgwygmtrbwj9gm0000gn/T/kilo-e2e-jNSxkS/workspace"}
[Kilo New][P0-Perf] {"corr":"b4e081ba-89cc-44bc-935b-893749b1d932","stage":"sse.event","t":1786783055470,"d":87968,"surface":"extension","span":"end","dur":1,"eventType":"session.status","dir":"/private/var/folders/9v/733tfwtj2jvgwygmtrbwj9gm0000gn/T/kilo-e2e-jNSxkS/workspace"}
[Kilo New][P0-Perf] {"corr":"b4e081ba-89cc-44bc-935b-893749b1d932","stage":"sse.event","t":1786783055470,"d":87968,"surface":"extension","span":"start","eventType":"message.updated","dir":"/private/var/folders/9v/733tfwtj2jvgwygmtrbwj9gm0000gn/T/kilo-e2e-jNSxkS/workspace"}
[Kilo New][P0-Perf] {"corr":"b4e081ba-89cc-44bc-935b-893749b1d932","stage":"sse.event","t":1786783055470,"d":87968,"surface":"extension","span":"end","dur":0,"eventType":"message.updated","dir":"/private/var/folders/9v/733tfwtj2jvgwygmtrbwj9gm0000gn/T/kilo-e2e-jNSxkS/workspace"}
[Kilo New][P0-Perf] {"corr":"b4e081ba-89cc-44bc-935b-893749b1d932","stage":"sse.event","t":1786783055470,"d":87968,"surface":"extension","span":"start","eventType":"message.updated.1","dir":"/private/var/folders/9v/733tfwtj2jvgwygmtrbwj9gm0000gn/T/kilo-e2e-jNSxkS/workspace"}
[Kilo New][P0-Perf] {"corr":"b4e081ba-89cc-44bc-935b-893749b1d932","stage":"model.firstEvent","t":1786783055470,"d":87968,"surface":"extension","sessionID":"ses_ffb6f5921ffe7fqDtYuSdit3bS","messageID":"msg_00491be600018a6vAeZgS2wAr6","parentID":"msg_00491ae1a001ZPR49i4xojN6UJ","dir":"/private/var/folders/9v/733tfwtj2jvgwygmtrbwj9gm0000gn/T/kilo-e2e-jNSxkS/workspace"}
[Kilo New][P0-Perf] {"corr":"b4e081ba-89cc-44bc-935b-893749b1d932","stage":"sse.event","t":1786783055470,"d":87968,"surface":"extension","span":"end","dur":0,"eventType":"message.updated.1","dir":"/private/var/folders/9v/733tfwtj2jvgwygmtrbwj9gm0000gn/T/kilo-e2e-jNSxkS/workspace"}
[Kilo New] ServerManager: ⚠️ CLI Server stderr: INFO  2026-08-15T08:37:35 +394ms service=snapshot hash=48a1e11518905c9f39f99be7dd88d4897849bcf8 cwd=/private/var/folders/9v/733tfwtj2jvgwygmtrbwj9gm0000gn/T/kilo-e2e-jNSxkS/workspace git=/var/folders/9v/733tfwtj2jvgwygmtrbwj9gm0000gn/T/kilo-e2e-jNSxkS/xdg-data/kilo/snapshot/8d92d1e5131045cc7f25d873d3918998f2fa7b46/9be8c9df477d736235572209b80be94e3ae91688 tracking
[Kilo New] ServerManager: ⚠️ CLI Server stderr: INFO  2026-08-15T08:37:35 +2ms service=session.tools status=started resolveTools
[Kilo New] ServerManager: ⚠️ CLI Server stderr: INFO  2026-08-15T08:37:35 +3ms service=tool.registry status=started invalid
[Kilo New] ServerManager: ⚠️ CLI Server stderr: INFO  2026-08-15T08:37:35 +0ms service=tool.registry status=completed duration=0 invalid
[Kilo New] ServerManager: ⚠️ CLI Server stderr: INFO  2026-08-15T08:37:35 +0ms service=tool.registry status=started question
[Kilo New] ServerManager: ⚠️ CLI Server stderr: INFO  2026-08-15T08:37:35 +1ms service=tool.registry status=completed duration=1 question
[Kilo New] ServerManager: ⚠️ CLI Server stderr: INFO  2026-08-15T08:37:35 +0ms service=tool.registry status=started bash
[Kilo New] ServerManager: ⚠️ CLI Server stderr: INFO  2026-08-15T08:37:35 +0ms service=tool.registry status=completed duration=0 bash
[Kilo New] ServerManager: ⚠️ CLI Server stderr: INFO  2026-08-15T08:37:35 +0ms service=tool.registry status=started read
[Kilo New] ServerManager: ⚠️ CLI Server stderr: INFO  2026-08-15T08:37:35 +0ms service=tool.registry status=completed duration=0 read
[Kilo New] ServerManager: ⚠️ CLI Server stderr: INFO  2026-08-15T08:37:35 +0ms service=tool.registry status=started glob
[Kilo New] ServerManager: ⚠️ CLI Server stderr: INFO  2026-08-15T08:37:35 +0ms service=tool.registry status=completed duration=0 glob
[Kilo New] ServerManager: ⚠️ CLI Server stderr: INFO  2026-08-15T08:37:35 +0ms service=tool.registry status=started grep
[Kilo New] ServerManager: ⚠️ CLI Server stderr: INFO  2026-08-15T08:37:35 +0ms service=tool.registry status=completed duration=0 grep
[Kilo New] ServerManager: ⚠️ CLI Server stderr: INFO  2026-08-15T08:37:35 +0ms service=tool.registry status=started edit
[Kilo New] ServerManager: ⚠️ CLI Server stderr: INFO  2026-08-15T08:37:35 +0ms service=tool.registry status=completed duration=0 edit
[Kilo New] ServerManager: ⚠️ CLI Server stderr: INFO  2026-08-15T08:37:35 +0ms service=tool.registry status=started write
[Kilo New] ServerManager: ⚠️ CLI Server stderr: INFO  2026-08-15T08:37:35 +0ms service=tool.registry status=completed duration=0 write
[Kilo New] ServerManager: ⚠️ CLI Server stderr: INFO  2026-08-15T08:37:35 +1ms service=tool.registry status=started task
[Kilo New] ServerManager: ⚠️ CLI Server stderr: INFO  2026-08-15T08:37:35 +1ms service=tool.registry status=completed duration=1 task
[Kilo New] ServerManager: ⚠️ CLI Server stderr: INFO  2026-08-15T08:37:35 +0ms service=tool.registry status=started webfetch
[Kilo New] ServerManager: ⚠️ CLI Server stderr: INFO  2026-08-15T08:37:35 +0ms service=tool.registry status=completed duration=0 webfetch
[Kilo New] ServerManager: ⚠️ CLI Server stderr: INFO  2026-08-15T08:37:35 +0ms service=tool.registry status=started todowrite
[Kilo New] ServerManager: ⚠️ CLI Server stderr: INFO  2026-08-15T08:37:35 +0ms service=tool.registry status=completed duration=0 todowrite
[Kilo New] ServerManager: ⚠️ CLI Server stderr: INFO  2026-08-15T08:37:35 +0ms service=tool.registry status=started skill
[Kilo New] ServerManager: ⚠️ CLI Server stderr: INFO  2026-08-15T08:37:35 +1ms service=tool.registry status=completed duration=1 skill
[Kilo New] ServerManager: ⚠️ CLI Server stderr: INFO  2026-08-15T08:37:35 +0ms service=tool.registry status=started plan_exit
[Kilo New] ServerManager: ⚠️ CLI Server stderr: INFO  2026-08-15T08:37:35 +0ms service=tool.registry status=completed duration=0 plan_exit
[Kilo New] ServerManager: ⚠️ CLI Server stderr: INFO  2026-08-15T08:37:35 +0ms service=tool.registry status=started kilo_local_recall
[Kilo New] ServerManager: ⚠️ CLI Server stderr: INFO  2026-08-15T08:37:35 +0ms service=tool.registry status=completed duration=0 kilo_local_recall
[Kilo New] ServerManager: ⚠️ CLI Server stderr: INFO  2026-08-15T08:37:35 +0ms service=tool.registry status=started background_process
[Kilo New] ServerManager: ⚠️ CLI Server stderr: INFO  2026-08-15T08:37:35 +0ms service=tool.registry status=completed duration=0 background_process
[Kilo New] ServerManager: ⚠️ CLI Server stderr: INFO  2026-08-15T08:37:35 +0ms service=tool.registry status=started agent_manager_models
[Kilo New] ServerManager: ⚠️ CLI Server stderr: INFO  2026-08-15T08:37:35 +0ms service=tool.registry status=completed duration=0 agent_manager_models
[Kilo New] ServerManager: ⚠️ CLI Server stderr: INFO  2026-08-15T08:37:35 +0ms service=tool.registry status=started agent_manager
[Kilo New] ServerManager: ⚠️ CLI Server stderr: INFO  2026-08-15T08:37:35 +0ms service=tool.registry status=completed duration=0 agent_manager
[Kilo New] ServerManager: ⚠️ CLI Server stderr: INFO  2026-08-15T08:37:35 +0ms service=tool.registry status=started e2e_marker
[Kilo New] ServerManager: ⚠️ CLI Server stderr: INFO  2026-08-15T08:37:35 +0ms service=tool.registry status=completed duration=0 e2e_marker
[Kilo New] ServerManager: ⚠️ CLI Server stderr: INFO  2026-08-15T08:37:35 +1ms service=session.tools status=completed duration=8 resolveTools
[Kilo New] ServerManager: ⚠️ CLI Server stderr: INFO  2026-08-15T08:37:35 +114ms service=session.processor session.id=ses_ffb6f5921ffe7fqDtYuSdit3bS messageID=msg_00491be600018a6vAeZgS2wAr6 process
[Kilo New] ServerManager: ⚠️ CLI Server stderr: INFO  2026-08-15T08:37:35 +3ms service=llm providerID=e2e-local modelID=e2e-model session.id=ses_ffb6f5921ffe7fqDtYuSdit3bS small=false agent=e2e-agent mode=primary stream
[Kilo New] ServerManager: ⚠️ CLI Server stderr: INFO  2026-08-15T08:37:35 +12ms service=default llm.runtime=ai-sdk llm.provider=e2e-local llm.model=e2e-model llm runtime selected
[Kilo New][P0-Perf] {"corr":"b4e081ba-89cc-44bc-935b-893749b1d932","stage":"sse.event","t":1786783056083,"d":88581,"surface":"extension","span":"start","eventType":"session.status","dir":"/private/var/folders/9v/733tfwtj2jvgwygmtrbwj9gm0000gn/T/kilo-e2e-jNSxkS/workspace"}
[Kilo New][P0-Perf] {"corr":"b4e081ba-89cc-44bc-935b-893749b1d932","stage":"sse.event","t":1786783056083,"d":88581,"surface":"extension","span":"end","dur":0,"eventType":"session.status","dir":"/private/var/folders/9v/733tfwtj2jvgwygmtrbwj9gm0000gn/T/kilo-e2e-jNSxkS/workspace"}
[Kilo New][P0-Perf] {"corr":"b4e081ba-89cc-44bc-935b-893749b1d932","stage":"sse.event","t":1786783056083,"d":88581,"surface":"extension","span":"start","eventType":"message.part.updated","dir":"/private/var/folders/9v/733tfwtj2jvgwygmtrbwj9gm0000gn/T/kilo-e2e-jNSxkS/workspace"}
[Kilo New][P0-Perf] {"corr":"b4e081ba-89cc-44bc-935b-893749b1d932","stage":"sse.event","t":1786783056084,"d":88582,"surface":"extension","span":"end","dur":1,"eventType":"message.part.updated","dir":"/private/var/folders/9v/733tfwtj2jvgwygmtrbwj9gm0000gn/T/kilo-e2e-jNSxkS/workspace"}
[Kilo New][P0-Perf] {"corr":"b4e081ba-89cc-44bc-935b-893749b1d932","stage":"sse.event","t":1786783056084,"d":88582,"surface":"extension","span":"start","eventType":"message.part.updated.1","dir":"/private/var/folders/9v/733tfwtj2jvgwygmtrbwj9gm0000gn/T/kilo-e2e-jNSxkS/workspace"}
[Kilo New][P0-Perf] {"corr":"b4e081ba-89cc-44bc-935b-893749b1d932","stage":"sse.event","t":1786783056084,"d":88582,"surface":"extension","span":"end","dur":0,"eventType":"message.part.updated.1","dir":"/private/var/folders/9v/733tfwtj2jvgwygmtrbwj9gm0000gn/T/kilo-e2e-jNSxkS/workspace"}
[Kilo New][P0-Perf] {"corr":"b4e081ba-89cc-44bc-935b-893749b1d932","stage":"sse.event","t":1786783056084,"d":88582,"surface":"extension","span":"start","eventType":"message.part.updated","dir":"/private/var/folders/9v/733tfwtj2jvgwygmtrbwj9gm0000gn/T/kilo-e2e-jNSxkS/workspace"}
[Kilo New][P0-Perf] {"corr":"b4e081ba-89cc-44bc-935b-893749b1d932","stage":"sse.event","t":1786783056084,"d":88582,"surface":"extension","span":"end","dur":0,"eventType":"message.part.updated","dir":"/private/var/folders/9v/733tfwtj2jvgwygmtrbwj9gm0000gn/T/kilo-e2e-jNSxkS/workspace"}
[Kilo New][P0-Perf] {"corr":"b4e081ba-89cc-44bc-935b-893749b1d932","stage":"sse.event","t":1786783056084,"d":88582,"surface":"extension","span":"start","eventType":"message.part.updated.1","dir":"/private/var/folders/9v/733tfwtj2jvgwygmtrbwj9gm0000gn/T/kilo-e2e-jNSxkS/workspace"}
[Kilo New][P0-Perf] {"corr":"b4e081ba-89cc-44bc-935b-893749b1d932","stage":"sse.event","t":1786783056084,"d":88582,"surface":"extension","span":"end","dur":0,"eventType":"message.part.updated.1","dir":"/private/var/folders/9v/733tfwtj2jvgwygmtrbwj9gm0000gn/T/kilo-e2e-jNSxkS/workspace"}
[Kilo New][P0-Perf] {"corr":"b4e081ba-89cc-44bc-935b-893749b1d932","stage":"sse.event","t":1786783056084,"d":88582,"surface":"extension","span":"start","eventType":"message.part.delta","dir":"/private/var/folders/9v/733tfwtj2jvgwygmtrbwj9gm0000gn/T/kilo-e2e-jNSxkS/workspace"}
[Kilo New][P0-Perf] {"corr":"b4e081ba-89cc-44bc-935b-893749b1d932","stage":"sse.event","t":1786783056084,"d":88582,"surface":"extension","span":"end","dur":0,"eventType":"message.part.delta","dir":"/private/var/folders/9v/733tfwtj2jvgwygmtrbwj9gm0000gn/T/kilo-e2e-jNSxkS/workspace"}
[Kilo New][P0-Perf] {"corr":"b4e081ba-89cc-44bc-935b-893749b1d932","stage":"sse.event","t":1786783056084,"d":88582,"surface":"extension","span":"start","eventType":"message.part.updated","dir":"/private/var/folders/9v/733tfwtj2jvgwygmtrbwj9gm0000gn/T/kilo-e2e-jNSxkS/workspace"}
[Kilo New][P0-Perf] {"corr":"b4e081ba-89cc-44bc-935b-893749b1d932","stage":"sse.event","t":1786783056085,"d":88583,"surface":"extension","span":"end","dur":1,"eventType":"message.part.updated","dir":"/private/var/folders/9v/733tfwtj2jvgwygmtrbwj9gm0000gn/T/kilo-e2e-jNSxkS/workspace"}
[Kilo New][P0-Perf] {"corr":"b4e081ba-89cc-44bc-935b-893749b1d932","stage":"sse.event","t":1786783056085,"d":88583,"surface":"extension","span":"start","eventType":"message.part.updated.1","dir":"/private/var/folders/9v/733tfwtj2jvgwygmtrbwj9gm0000gn/T/kilo-e2e-jNSxkS/workspace"}
[Kilo New][P0-Perf] {"corr":"b4e081ba-89cc-44bc-935b-893749b1d932","stage":"sse.event","t":1786783056085,"d":88583,"surface":"extension","span":"end","dur":0,"eventType":"message.part.updated.1","dir":"/private/var/folders/9v/733tfwtj2jvgwygmtrbwj9gm0000gn/T/kilo-e2e-jNSxkS/workspace"}
[Kilo New] ServerManager: ⚠️ CLI Server stderr: INFO  2026-08-15T08:37:37 +1487ms service=model-cache providerID=apertis refreshing models
[Kilo New][P0-Perf] {"corr":"b4e081ba-89cc-44bc-935b-893749b1d932","stage":"sse.event","t":1786783057488,"d":89986,"surface":"extension","span":"start","eventType":"session.updated","dir":"/private/var/folders/9v/733tfwtj2jvgwygmtrbwj9gm0000gn/T/kilo-e2e-jNSxkS/workspace"}
[Kilo New][P0-Perf] {"corr":"b4e081ba-89cc-44bc-935b-893749b1d932","stage":"sse.event","t":1786783057488,"d":89986,"surface":"extension","span":"end","dur":0,"eventType":"session.updated","dir":"/private/var/folders/9v/733tfwtj2jvgwygmtrbwj9gm0000gn/T/kilo-e2e-jNSxkS/workspace"}
[Kilo New][P0-Perf] {"corr":"b4e081ba-89cc-44bc-935b-893749b1d932","stage":"sse.event","t":1786783057488,"d":89986,"surface":"extension","span":"start","eventType":"session.updated.1","dir":"/private/var/folders/9v/733tfwtj2jvgwygmtrbwj9gm0000gn/T/kilo-e2e-jNSxkS/workspace"}
[Kilo New][P0-Perf] {"corr":"b4e081ba-89cc-44bc-935b-893749b1d932","stage":"sse.event","t":1786783057488,"d":89986,"surface":"extension","span":"end","dur":0,"eventType":"session.updated.1","dir":"/private/var/folders/9v/733tfwtj2jvgwygmtrbwj9gm0000gn/T/kilo-e2e-jNSxkS/workspace"}
[Kilo New][P0-Perf] {"corr":"b4e081ba-89cc-44bc-935b-893749b1d932","stage":"sse.event","t":1786783057488,"d":89986,"surface":"extension","span":"start","eventType":"session.diff","dir":"/private/var/folders/9v/733tfwtj2jvgwygmtrbwj9gm0000gn/T/kilo-e2e-jNSxkS/workspace"}
[Kilo New][P0-Perf] {"corr":"b4e081ba-89cc-44bc-935b-893749b1d932","stage":"sse.event","t":1786783057488,"d":89986,"surface":"extension","span":"end","dur":0,"eventType":"session.diff","dir":"/private/var/folders/9v/733tfwtj2jvgwygmtrbwj9gm0000gn/T/kilo-e2e-jNSxkS/workspace"}
[Kilo New][P0-Perf] {"corr":"b4e081ba-89cc-44bc-935b-893749b1d932","stage":"sse.event","t":1786783057499,"d":89997,"surface":"extension","span":"start","eventType":"server.heartbeat"}
[Kilo New][P0-Perf] {"corr":"b4e081ba-89cc-44bc-935b-893749b1d932","stage":"sse.event","t":1786783057499,"d":89997,"surface":"extension","span":"end","dur":0,"eventType":"server.heartbeat"}
[Kilo New] ServerManager: ⚠️ CLI Server stderr: INFO  2026-08-15T08:37:37 +15ms service=model-cache providerID=apertis count=0 models fetched and cached
[Kilo New][P0-Perf] {"corr":"b4e081ba-89cc-44bc-935b-893749b1d932","stage":"sse.event","t":1786783057503,"d":90001,"surface":"extension","span":"start","eventType":"message.part.updated","dir":"/private/var/folders/9v/733tfwtj2jvgwygmtrbwj9gm0000gn/T/kilo-e2e-jNSxkS/workspace"}
[Kilo New][P0-Perf] {"corr":"b4e081ba-89cc-44bc-935b-893749b1d932","stage":"sse.event","t":1786783057503,"d":90001,"surface":"extension","span":"end","dur":0,"eventType":"message.part.updated","dir":"/private/var/folders/9v/733tfwtj2jvgwygmtrbwj9gm0000gn/T/kilo-e2e-jNSxkS/workspace"}
[Kilo New][P0-Perf] {"corr":"b4e081ba-89cc-44bc-935b-893749b1d932","stage":"sse.event","t":1786783057503,"d":90001,"surface":"extension","span":"start","eventType":"message.part.updated.1","dir":"/private/var/folders/9v/733tfwtj2jvgwygmtrbwj9gm0000gn/T/kilo-e2e-jNSxkS/workspace"}
[Kilo New][P0-Perf] {"corr":"b4e081ba-89cc-44bc-935b-893749b1d932","stage":"sse.event","t":1786783057503,"d":90001,"surface":"extension","span":"end","dur":0,"eventType":"message.part.updated.1","dir":"/private/var/folders/9v/733tfwtj2jvgwygmtrbwj9gm0000gn/T/kilo-e2e-jNSxkS/workspace"}
[Kilo New][P0-Perf] {"corr":"b4e081ba-89cc-44bc-935b-893749b1d932","stage":"sse.event","t":1786783057728,"d":90226,"surface":"extension","span":"start","eventType":"message.part.updated","dir":"/private/var/folders/9v/733tfwtj2jvgwygmtrbwj9gm0000gn/T/kilo-e2e-jNSxkS/workspace"}
[Kilo New][P0-Perf] {"corr":"b4e081ba-89cc-44bc-935b-893749b1d932","stage":"sse.event","t":1786783057728,"d":90226,"surface":"extension","span":"end","dur":0,"eventType":"message.part.updated","dir":"/private/var/folders/9v/733tfwtj2jvgwygmtrbwj9gm0000gn/T/kilo-e2e-jNSxkS/workspace"}
[Kilo New][P0-Perf] {"corr":"b4e081ba-89cc-44bc-935b-893749b1d932","stage":"sse.event","t":1786783057728,"d":90226,"surface":"extension","span":"start","eventType":"message.part.updated.1","dir":"/private/var/folders/9v/733tfwtj2jvgwygmtrbwj9gm0000gn/T/kilo-e2e-jNSxkS/workspace"}
[Kilo New][P0-Perf] {"corr":"b4e081ba-89cc-44bc-935b-893749b1d932","stage":"sse.event","t":1786783057728,"d":90226,"surface":"extension","span":"end","dur":0,"eventType":"message.part.updated.1","dir":"/private/var/folders/9v/733tfwtj2jvgwygmtrbwj9gm0000gn/T/kilo-e2e-jNSxkS/workspace"}
[Kilo New][P0-Perf] {"corr":"b4e081ba-89cc-44bc-935b-893749b1d932","stage":"sse.event","t":1786783057819,"d":90317,"surface":"extension","span":"start","eventType":"message.part.updated","dir":"/private/var/folders/9v/733tfwtj2jvgwygmtrbwj9gm0000gn/T/kilo-e2e-jNSxkS/workspace"}
[Kilo New][P0-Perf] {"corr":"b4e081ba-89cc-44bc-935b-893749b1d932","stage":"sse.event","t":1786783057819,"d":90317,"surface":"extension","span":"end","dur":0,"eventType":"message.part.updated","dir":"/private/var/folders/9v/733tfwtj2jvgwygmtrbwj9gm0000gn/T/kilo-e2e-jNSxkS/workspace"}
[Kilo New][P0-Perf] {"corr":"b4e081ba-89cc-44bc-935b-893749b1d932","stage":"sse.event","t":1786783057819,"d":90317,"surface":"extension","span":"start","eventType":"message.part.updated.1","dir":"/private/var/folders/9v/733tfwtj2jvgwygmtrbwj9gm0000gn/T/kilo-e2e-jNSxkS/workspace"}
[Kilo New][P0-Perf] {"corr":"b4e081ba-89cc-44bc-935b-893749b1d932","stage":"sse.event","t":1786783057819,"d":90317,"surface":"extension","span":"end","dur":0,"eventType":"message.part.updated.1","dir":"/private/var/folders/9v/733tfwtj2jvgwygmtrbwj9gm0000gn/T/kilo-e2e-jNSxkS/workspace"}
[Kilo New][P0-Perf] {"corr":"b4e081ba-89cc-44bc-935b-893749b1d932","stage":"sse.event","t":1786783057936,"d":90434,"surface":"extension","span":"start","eventType":"message.updated","dir":"/private/var/folders/9v/733tfwtj2jvgwygmtrbwj9gm0000gn/T/kilo-e2e-jNSxkS/workspace"}
[Kilo New][P0-Perf] {"corr":"b4e081ba-89cc-44bc-935b-893749b1d932","stage":"sse.event","t":1786783057937,"d":90435,"surface":"extension","span":"end","dur":1,"eventType":"message.updated","dir":"/private/var/folders/9v/733tfwtj2jvgwygmtrbwj9gm0000gn/T/kilo-e2e-jNSxkS/workspace"}
[Kilo New][P0-Perf] {"corr":"b4e081ba-89cc-44bc-935b-893749b1d932","stage":"sse.event","t":1786783057937,"d":90435,"surface":"extension","span":"start","eventType":"message.updated.1","dir":"/private/var/folders/9v/733tfwtj2jvgwygmtrbwj9gm0000gn/T/kilo-e2e-jNSxkS/workspace"}
[Kilo New][P0-Perf] {"corr":"b4e081ba-89cc-44bc-935b-893749b1d932","stage":"sse.event","t":1786783057937,"d":90435,"surface":"extension","span":"end","dur":0,"eventType":"message.updated.1","dir":"/private/var/folders/9v/733tfwtj2jvgwygmtrbwj9gm0000gn/T/kilo-e2e-jNSxkS/workspace"}
[Kilo New][P0-Perf] {"corr":"b4e081ba-89cc-44bc-935b-893749b1d932","stage":"sse.event","t":1786783058025,"d":90523,"surface":"extension","span":"start","eventType":"message.part.updated","dir":"/private/var/folders/9v/733tfwtj2jvgwygmtrbwj9gm0000gn/T/kilo-e2e-jNSxkS/workspace"}
[Kilo New][P0-Perf] {"corr":"b4e081ba-89cc-44bc-935b-893749b1d932","stage":"sse.event","t":1786783058025,"d":90523,"surface":"extension","span":"end","dur":0,"eventType":"message.part.updated","dir":"/private/var/folders/9v/733tfwtj2jvgwygmtrbwj9gm0000gn/T/kilo-e2e-jNSxkS/workspace"}
[Kilo New][P0-Perf] {"corr":"b4e081ba-89cc-44bc-935b-893749b1d932","stage":"sse.event","t":1786783058025,"d":90523,"surface":"extension","span":"start","eventType":"message.part.updated.1","dir":"/private/var/folders/9v/733tfwtj2jvgwygmtrbwj9gm0000gn/T/kilo-e2e-jNSxkS/workspace"}
[Kilo New][P0-Perf] {"corr":"b4e081ba-89cc-44bc-935b-893749b1d932","stage":"sse.event","t":1786783058025,"d":90523,"surface":"extension","span":"end","dur":0,"eventType":"message.part.updated.1","dir":"/private/var/folders/9v/733tfwtj2jvgwygmtrbwj9gm0000gn/T/kilo-e2e-jNSxkS/workspace"}
[Kilo New][P0-Perf] {"corr":"b4e081ba-89cc-44bc-935b-893749b1d932","stage":"sse.event","t":1786783058135,"d":90633,"surface":"extension","span":"start","eventType":"message.part.updated","dir":"/private/var/folders/9v/733tfwtj2jvgwygmtrbwj9gm0000gn/T/kilo-e2e-jNSxkS/workspace"}
[Kilo New][P0-Perf] {"corr":"b4e081ba-89cc-44bc-935b-893749b1d932","stage":"sse.event","t":1786783058135,"d":90633,"surface":"extension","span":"end","dur":0,"eventType":"message.part.updated","dir":"/private/var/folders/9v/733tfwtj2jvgwygmtrbwj9gm0000gn/T/kilo-e2e-jNSxkS/workspace"}
[Kilo New][P0-Perf] {"corr":"b4e081ba-89cc-44bc-935b-893749b1d932","stage":"sse.event","t":1786783058135,"d":90633,"surface":"extension","span":"start","eventType":"message.part.updated.1","dir":"/private/var/folders/9v/733tfwtj2jvgwygmtrbwj9gm0000gn/T/kilo-e2e-jNSxkS/workspace"}
[Kilo New][P0-Perf] {"corr":"b4e081ba-89cc-44bc-935b-893749b1d932","stage":"sse.event","t":1786783058136,"d":90634,"surface":"extension","span":"end","dur":1,"eventType":"message.part.updated.1","dir":"/private/var/folders/9v/733tfwtj2jvgwygmtrbwj9gm0000gn/T/kilo-e2e-jNSxkS/workspace"}
[Kilo New][P0-Perf] {"corr":"b4e081ba-89cc-44bc-935b-893749b1d932","stage":"sse.event","t":1786783058286,"d":90784,"surface":"extension","span":"start","eventType":"message.part.updated","dir":"/private/var/folders/9v/733tfwtj2jvgwygmtrbwj9gm0000gn/T/kilo-e2e-jNSxkS/workspace"}
[Kilo New][P0-Perf] {"corr":"b4e081ba-89cc-44bc-935b-893749b1d932","stage":"sse.event","t":1786783058287,"d":90785,"surface":"extension","span":"end","dur":1,"eventType":"message.part.updated","dir":"/private/var/folders/9v/733tfwtj2jvgwygmtrbwj9gm0000gn/T/kilo-e2e-jNSxkS/workspace"}
[Kilo New][P0-Perf] {"corr":"b4e081ba-89cc-44bc-935b-893749b1d932","stage":"sse.event","t":1786783058287,"d":90785,"surface":"extension","span":"start","eventType":"message.part.updated.1","dir":"/private/var/folders/9v/733tfwtj2jvgwygmtrbwj9gm0000gn/T/kilo-e2e-jNSxkS/workspace"}
[Kilo New][P0-Perf] {"corr":"b4e081ba-89cc-44bc-935b-893749b1d932","stage":"sse.event","t":1786783058287,"d":90785,"surface":"extension","span":"end","dur":0,"eventType":"message.part.updated.1","dir":"/private/var/folders/9v/733tfwtj2jvgwygmtrbwj9gm0000gn/T/kilo-e2e-jNSxkS/workspace"}
[Kilo New] ServerManager: ⚠️ CLI Server stderr: INFO  2026-08-15T08:37:38 +868ms service=snapshot hash=48a1e11518905c9f39f99be7dd88d4897849bcf8 cwd=/private/var/folders/9v/733tfwtj2jvgwygmtrbwj9gm0000gn/T/kilo-e2e-jNSxkS/workspace git=/var/folders/9v/733tfwtj2jvgwygmtrbwj9gm0000gn/T/kilo-e2e-jNSxkS/xdg-data/kilo/snapshot/8d92d1e5131045cc7f25d873d3918998f2fa7b46/9be8c9df477d736235572209b80be94e3ae91688 tracking
[Kilo New][P0-Perf] {"corr":"b4e081ba-89cc-44bc-935b-893749b1d932","stage":"sse.event","t":1786783058386,"d":90884,"surface":"extension","span":"start","eventType":"message.part.updated","dir":"/private/var/folders/9v/733tfwtj2jvgwygmtrbwj9gm0000gn/T/kilo-e2e-jNSxkS/workspace"}
[Kilo New][P0-Perf] {"corr":"b4e081ba-89cc-44bc-935b-893749b1d932","stage":"sse.event","t":1786783058386,"d":90884,"surface":"extension","span":"end","dur":0,"eventType":"message.part.updated","dir":"/private/var/folders/9v/733tfwtj2jvgwygmtrbwj9gm0000gn/T/kilo-e2e-jNSxkS/workspace"}
[Kilo New][P0-Perf] {"corr":"b4e081ba-89cc-44bc-935b-893749b1d932","stage":"sse.event","t":1786783058386,"d":90884,"surface":"extension","span":"start","eventType":"message.part.updated.1","dir":"/private/var/folders/9v/733tfwtj2jvgwygmtrbwj9gm0000gn/T/kilo-e2e-jNSxkS/workspace"}
[Kilo New][P0-Perf] {"corr":"b4e081ba-89cc-44bc-935b-893749b1d932","stage":"sse.event","t":1786783058387,"d":90885,"surface":"extension","span":"end","dur":1,"eventType":"message.part.updated.1","dir":"/private/var/folders/9v/733tfwtj2jvgwygmtrbwj9gm0000gn/T/kilo-e2e-jNSxkS/workspace"}
[Kilo New][P0-Perf] {"corr":"b4e081ba-89cc-44bc-935b-893749b1d932","stage":"sse.event","t":1786783058387,"d":90885,"surface":"extension","span":"start","eventType":"message.updated","dir":"/private/var/folders/9v/733tfwtj2jvgwygmtrbwj9gm0000gn/T/kilo-e2e-jNSxkS/workspace"}
[Kilo New][P0-Perf] {"corr":"b4e081ba-89cc-44bc-935b-893749b1d932","stage":"sse.event","t":1786783058387,"d":90885,"surface":"extension","span":"end","dur":0,"eventType":"message.updated","dir":"/private/var/folders/9v/733tfwtj2jvgwygmtrbwj9gm0000gn/T/kilo-e2e-jNSxkS/workspace"}
[Kilo New][P0-Perf] {"corr":"b4e081ba-89cc-44bc-935b-893749b1d932","stage":"sse.event","t":1786783058387,"d":90885,"surface":"extension","span":"start","eventType":"message.updated.1","dir":"/private/var/folders/9v/733tfwtj2jvgwygmtrbwj9gm0000gn/T/kilo-e2e-jNSxkS/workspace"}
[Kilo New][P0-Perf] {"corr":"b4e081ba-89cc-44bc-935b-893749b1d932","stage":"sse.event","t":1786783058388,"d":90886,"surface":"extension","span":"end","dur":1,"eventType":"message.updated.1","dir":"/private/var/folders/9v/733tfwtj2jvgwygmtrbwj9gm0000gn/T/kilo-e2e-jNSxkS/workspace"}
[Kilo New][P0-Perf] {"corr":"b4e081ba-89cc-44bc-935b-893749b1d932","stage":"sse.event","t":1786783058388,"d":90886,"surface":"extension","span":"start","eventType":"message.part.removed","dir":"/private/var/folders/9v/733tfwtj2jvgwygmtrbwj9gm0000gn/T/kilo-e2e-jNSxkS/workspace"}
[Kilo New][P0-Perf] {"corr":"b4e081ba-89cc-44bc-935b-893749b1d932","stage":"sse.event","t":1786783058388,"d":90886,"surface":"extension","span":"end","dur":0,"eventType":"message.part.removed","dir":"/private/var/folders/9v/733tfwtj2jvgwygmtrbwj9gm0000gn/T/kilo-e2e-jNSxkS/workspace"}
[Kilo New][P0-Perf] {"corr":"b4e081ba-89cc-44bc-935b-893749b1d932","stage":"sse.event","t":1786783058388,"d":90886,"surface":"extension","span":"start","eventType":"message.part.removed.1","dir":"/private/var/folders/9v/733tfwtj2jvgwygmtrbwj9gm0000gn/T/kilo-e2e-jNSxkS/workspace"}
[Kilo New][P0-Perf] {"corr":"b4e081ba-89cc-44bc-935b-893749b1d932","stage":"sse.event","t":1786783058388,"d":90886,"surface":"extension","span":"end","dur":0,"eventType":"message.part.removed.1","dir":"/private/var/folders/9v/733tfwtj2jvgwygmtrbwj9gm0000gn/T/kilo-e2e-jNSxkS/workspace"}
[Kilo New] ServerManager: ⚠️ CLI Server stderr: INFO  2026-08-15T08:37:38 +345ms service=session.prompt session.id=ses_ffb6f5921ffe7fqDtYuSdit3bS step=2 loop
[Kilo New] ServerManager: ⚠️ CLI Server stderr: INFO  2026-08-15T08:37:38 +3ms service=session.prompt session.id=ses_ffb6f5921ffe7fqDtYuSdit3bS exiting loop
[Kilo New] ServerManager: ⚠️ CLI Server stderr: INFO  2026-08-15T08:37:38 +3ms service=bus type=session.turn.close publishing
[Kilo New][P0-Perf] {"corr":"b4e081ba-89cc-44bc-935b-893749b1d932","stage":"sse.event","t":1786783058726,"d":91224,"surface":"extension","span":"start","eventType":"message.updated","dir":"/private/var/folders/9v/733tfwtj2jvgwygmtrbwj9gm0000gn/T/kilo-e2e-jNSxkS/workspace"}
[Kilo New][P0-Perf] {"corr":"b4e081ba-89cc-44bc-935b-893749b1d932","stage":"sse.event","t":1786783058726,"d":91224,"surface":"extension","span":"end","dur":0,"eventType":"message.updated","dir":"/private/var/folders/9v/733tfwtj2jvgwygmtrbwj9gm0000gn/T/kilo-e2e-jNSxkS/workspace"}
[Kilo New][P0-Perf] {"corr":"b4e081ba-89cc-44bc-935b-893749b1d932","stage":"sse.event","t":1786783058726,"d":91224,"surface":"extension","span":"start","eventType":"message.updated.1","dir":"/private/var/folders/9v/733tfwtj2jvgwygmtrbwj9gm0000gn/T/kilo-e2e-jNSxkS/workspace"}
[Kilo New][P0-Perf] {"corr":"b4e081ba-89cc-44bc-935b-893749b1d932","stage":"sse.event","t":1786783058726,"d":91224,"surface":"extension","span":"end","dur":0,"eventType":"message.updated.1","dir":"/private/var/folders/9v/733tfwtj2jvgwygmtrbwj9gm0000gn/T/kilo-e2e-jNSxkS/workspace"}
[Kilo New][P0-Perf] {"corr":"b4e081ba-89cc-44bc-935b-893749b1d932","stage":"sse.event","t":1786783058727,"d":91225,"surface":"extension","span":"start","eventType":"session.status","dir":"/private/var/folders/9v/733tfwtj2jvgwygmtrbwj9gm0000gn/T/kilo-e2e-jNSxkS/workspace"}
[Kilo New][P0-Perf] {"corr":"b4e081ba-89cc-44bc-935b-893749b1d932","stage":"sse.event","t":1786783058727,"d":91225,"surface":"extension","span":"end","dur":0,"eventType":"session.status","dir":"/private/var/folders/9v/733tfwtj2jvgwygmtrbwj9gm0000gn/T/kilo-e2e-jNSxkS/workspace"}
[Kilo New][P0-Perf] {"corr":"b4e081ba-89cc-44bc-935b-893749b1d932","stage":"sse.event","t":1786783058727,"d":91225,"surface":"extension","span":"start","eventType":"session.status","dir":"/private/var/folders/9v/733tfwtj2jvgwygmtrbwj9gm0000gn/T/kilo-e2e-jNSxkS/workspace"}
[Kilo New][P0-Perf] {"corr":"b4e081ba-89cc-44bc-935b-893749b1d932","stage":"sse.event","t":1786783058727,"d":91225,"surface":"extension","span":"end","dur":0,"eventType":"session.status","dir":"/private/var/folders/9v/733tfwtj2jvgwygmtrbwj9gm0000gn/T/kilo-e2e-jNSxkS/workspace"}
[Kilo New][P0-Perf] {"corr":"b4e081ba-89cc-44bc-935b-893749b1d932","stage":"sse.event","t":1786783058728,"d":91226,"surface":"extension","span":"start","eventType":"session.idle","dir":"/private/var/folders/9v/733tfwtj2jvgwygmtrbwj9gm0000gn/T/kilo-e2e-jNSxkS/workspace"}
[Kilo New][P0-Perf] {"corr":"b4e081ba-89cc-44bc-935b-893749b1d932","stage":"sse.event","t":1786783058728,"d":91226,"surface":"extension","span":"end","dur":0,"eventType":"session.idle","dir":"/private/var/folders/9v/733tfwtj2jvgwygmtrbwj9gm0000gn/T/kilo-e2e-jNSxkS/workspace"}
[Kilo New][P0-Perf] {"corr":"b4e081ba-89cc-44bc-935b-893749b1d932","stage":"sse.event","t":1786783058728,"d":91226,"surface":"extension","span":"start","eventType":"session.turn.close","dir":"/private/var/folders/9v/733tfwtj2jvgwygmtrbwj9gm0000gn/T/kilo-e2e-jNSxkS/workspace"}
[Kilo New][P0-Perf] {"corr":"b4e081ba-89cc-44bc-935b-893749b1d932","stage":"sse.event","t":1786783058728,"d":91226,"surface":"extension","span":"end","dur":0,"eventType":"session.turn.close","dir":"/private/var/folders/9v/733tfwtj2jvgwygmtrbwj9gm0000gn/T/kilo-e2e-jNSxkS/workspace"}
[Kilo New][P0-Perf] {"corr":"b4e081ba-89cc-44bc-935b-893749b1d932","stage":"sse.event","t":1786783058989,"d":91487,"surface":"extension","span":"start","eventType":"session.updated","dir":"/private/var/folders/9v/733tfwtj2jvgwygmtrbwj9gm0000gn/T/kilo-e2e-jNSxkS/workspace"}
[Kilo New][P0-Perf] {"corr":"b4e081ba-89cc-44bc-935b-893749b1d932","stage":"sse.event","t":1786783058990,"d":91488,"surface":"extension","span":"end","dur":1,"eventType":"session.updated","dir":"/private/var/folders/9v/733tfwtj2jvgwygmtrbwj9gm0000gn/T/kilo-e2e-jNSxkS/workspace"}
[Kilo New][P0-Perf] {"corr":"b4e081ba-89cc-44bc-935b-893749b1d932","stage":"sse.event","t":1786783058990,"d":91488,"surface":"extension","span":"start","eventType":"session.updated.1","dir":"/private/var/folders/9v/733tfwtj2jvgwygmtrbwj9gm0000gn/T/kilo-e2e-jNSxkS/workspace"}
[Kilo New][P0-Perf] {"corr":"b4e081ba-89cc-44bc-935b-893749b1d932","stage":"sse.event","t":1786783058990,"d":91488,"surface":"extension","span":"end","dur":0,"eventType":"session.updated.1","dir":"/private/var/folders/9v/733tfwtj2jvgwygmtrbwj9gm0000gn/T/kilo-e2e-jNSxkS/workspace"}
[Kilo New][P0-Perf] {"corr":"b4e081ba-89cc-44bc-935b-893749b1d932","stage":"sse.event","t":1786783059086,"d":91584,"surface":"extension","span":"start","eventType":"session.diff","dir":"/private/var/folders/9v/733tfwtj2jvgwygmtrbwj9gm0000gn/T/kilo-e2e-jNSxkS/workspace"}
[Kilo New][P0-Perf] {"corr":"b4e081ba-89cc-44bc-935b-893749b1d932","stage":"sse.event","t":1786783059086,"d":91584,"surface":"extension","span":"end","dur":0,"eventType":"session.diff","dir":"/private/var/folders/9v/733tfwtj2jvgwygmtrbwj9gm0000gn/T/kilo-e2e-jNSxkS/workspace"}
[Kilo New][P0-Perf] {"corr":"b4e081ba-89cc-44bc-935b-893749b1d932","stage":"sse.event","t":1786783059087,"d":91585,"surface":"extension","span":"start","eventType":"message.updated","dir":"/private/var/folders/9v/733tfwtj2jvgwygmtrbwj9gm0000gn/T/kilo-e2e-jNSxkS/workspace"}
[Kilo New][P0-Perf] {"corr":"b4e081ba-89cc-44bc-935b-893749b1d932","stage":"sse.event","t":1786783059087,"d":91585,"surface":"extension","span":"end","dur":0,"eventType":"message.updated","dir":"/private/var/folders/9v/733tfwtj2jvgwygmtrbwj9gm0000gn/T/kilo-e2e-jNSxkS/workspace"}
[Kilo New][P0-Perf] {"corr":"b4e081ba-89cc-44bc-935b-893749b1d932","stage":"sse.event","t":1786783059087,"d":91585,"surface":"extension","span":"start","eventType":"message.updated.1","dir":"/private/var/folders/9v/733tfwtj2jvgwygmtrbwj9gm0000gn/T/kilo-e2e-jNSxkS/workspace"}
[Kilo New][P0-Perf] {"corr":"b4e081ba-89cc-44bc-935b-893749b1d932","stage":"sse.event","t":1786783059087,"d":91585,"surface":"extension","span":"end","dur":0,"eventType":"message.updated.1","dir":"/private/var/folders/9v/733tfwtj2jvgwygmtrbwj9gm0000gn/T/kilo-e2e-jNSxkS/workspace"}
[Kilo New] ServerManager: ⚠️ CLI Server stderr: INFO  2026-08-15T08:37:40 +1483ms service=model-cache providerID=apertis refreshing models
[Kilo New] ServerManager: ⚠️ CLI Server stderr: INFO  2026-08-15T08:37:40 +4ms service=model-cache providerID=apertis count=0 models fetched and cached
[probe] PASS H-12 write: completed write tool part in the backend (attempt 1)
[probe] PASS H-12 tracked file edited: /var/folders/9v/733tfwtj2jvgwygmtrbwj9gm0000gn/T/kilo-e2e-jNSxkS/workspace/rollback.txt = "E2E_ROLLBACK_EDITED\n"
[probe] PASS H-12 panel shows the edit completion text: transcript text present
[Kilo New][P0-Perf] {"corr":"b4e081ba-89cc-44bc-935b-893749b1d932","stage":"prompt.submit","t":1786783061931,"d":94429,"surface":"extension","sessionID":"ses_ffb6f5921ffe7fqDtYuSdit3bS","messageID":"msg_00491d791001MQyTBgDEisjDZY","dir":"/var/folders/9v/733tfwtj2jvgwygmtrbwj9gm0000gn/T/kilo-e2e-jNSxkS/workspace"}
[Kilo New] ServerManager: ⚠️ CLI Server stderr: INFO  2026-08-15T08:37:42 +1819ms service=bus type=session.turn.open publishing
[Kilo New] ServerManager: ⚠️ CLI Server stderr: INFO  2026-08-15T08:37:42 +4ms service=session.prompt session.id=ses_ffb6f5921ffe7fqDtYuSdit3bS step=0 loop
[probe] sent prompt via real prompt input: E2E_ROLLBACK_SUMMARY: summarize the edit
[Kilo New] ServerManager: ⚠️ CLI Server stderr: INFO  2026-08-15T08:37:42 +18ms service=p0-perf event=p0.mark stage=processor_entry ts=1786783062045 id=ses_ffb6f5921ffe7fqDtYuSdit3bS meta={"messageID":"msg_00491d8110018wEIZ82aqnHXo7","parentID":"msg_00491d791001MQyTBgDEisjDZY","model":"e2e-model","provider":"e2e-local"} processor_entry
[Kilo New][P0-Perf] {"corr":"b4e081ba-89cc-44bc-935b-893749b1d932","stage":"sse.event","t":1786783062051,"d":94549,"surface":"extension","span":"start","eventType":"message.updated","dir":"/private/var/folders/9v/733tfwtj2jvgwygmtrbwj9gm0000gn/T/kilo-e2e-jNSxkS/workspace"}
[Kilo New][P0-Perf] {"corr":"b4e081ba-89cc-44bc-935b-893749b1d932","stage":"sse.event","t":1786783062051,"d":94549,"surface":"extension","span":"end","dur":0,"eventType":"message.updated","dir":"/private/var/folders/9v/733tfwtj2jvgwygmtrbwj9gm0000gn/T/kilo-e2e-jNSxkS/workspace"}
[Kilo New][P0-Perf] {"corr":"b4e081ba-89cc-44bc-935b-893749b1d932","stage":"sse.event","t":1786783062052,"d":94550,"surface":"extension","span":"start","eventType":"message.updated.1","dir":"/private/var/folders/9v/733tfwtj2jvgwygmtrbwj9gm0000gn/T/kilo-e2e-jNSxkS/workspace"}
[Kilo New][P0-Perf] {"corr":"b4e081ba-89cc-44bc-935b-893749b1d932","stage":"sse.event","t":1786783062052,"d":94550,"surface":"extension","span":"end","dur":0,"eventType":"message.updated.1","dir":"/private/var/folders/9v/733tfwtj2jvgwygmtrbwj9gm0000gn/T/kilo-e2e-jNSxkS/workspace"}
[Kilo New][P0-Perf] {"corr":"b4e081ba-89cc-44bc-935b-893749b1d932","stage":"sse.event","t":1786783062052,"d":94550,"surface":"extension","span":"start","eventType":"message.part.updated","dir":"/private/var/folders/9v/733tfwtj2jvgwygmtrbwj9gm0000gn/T/kilo-e2e-jNSxkS/workspace"}
[Kilo New][P0-Perf] {"corr":"b4e081ba-89cc-44bc-935b-893749b1d932","stage":"sse.event","t":1786783062052,"d":94550,"surface":"extension","span":"end","dur":0,"eventType":"message.part.updated","dir":"/private/var/folders/9v/733tfwtj2jvgwygmtrbwj9gm0000gn/T/kilo-e2e-jNSxkS/workspace"}
[Kilo New][P0-Perf] {"corr":"b4e081ba-89cc-44bc-935b-893749b1d932","stage":"sse.event","t":1786783062052,"d":94550,"surface":"extension","span":"start","eventType":"message.part.updated.1","dir":"/private/var/folders/9v/733tfwtj2jvgwygmtrbwj9gm0000gn/T/kilo-e2e-jNSxkS/workspace"}
[Kilo New][P0-Perf] {"corr":"b4e081ba-89cc-44bc-935b-893749b1d932","stage":"sse.event","t":1786783062052,"d":94550,"surface":"extension","span":"end","dur":0,"eventType":"message.part.updated.1","dir":"/private/var/folders/9v/733tfwtj2jvgwygmtrbwj9gm0000gn/T/kilo-e2e-jNSxkS/workspace"}
[Kilo New][P0-Perf] {"corr":"b4e081ba-89cc-44bc-935b-893749b1d932","stage":"sse.event","t":1786783062052,"d":94550,"surface":"extension","span":"start","eventType":"session.updated","dir":"/private/var/folders/9v/733tfwtj2jvgwygmtrbwj9gm0000gn/T/kilo-e2e-jNSxkS/workspace"}
[Kilo New][P0-Perf] {"corr":"b4e081ba-89cc-44bc-935b-893749b1d932","stage":"sse.event","t":1786783062053,"d":94551,"surface":"extension","span":"end","dur":1,"eventType":"session.updated","dir":"/private/var/folders/9v/733tfwtj2jvgwygmtrbwj9gm0000gn/T/kilo-e2e-jNSxkS/workspace"}
[Kilo New][P0-Perf] {"corr":"b4e081ba-89cc-44bc-935b-893749b1d932","stage":"sse.event","t":1786783062053,"d":94551,"surface":"extension","span":"start","eventType":"session.updated.1","dir":"/private/var/folders/9v/733tfwtj2jvgwygmtrbwj9gm0000gn/T/kilo-e2e-jNSxkS/workspace"}
[Kilo New][P0-Perf] {"corr":"b4e081ba-89cc-44bc-935b-893749b1d932","stage":"sse.event","t":1786783062053,"d":94551,"surface":"extension","span":"end","dur":0,"eventType":"session.updated.1","dir":"/private/var/folders/9v/733tfwtj2jvgwygmtrbwj9gm0000gn/T/kilo-e2e-jNSxkS/workspace"}
[Kilo New][P0-Perf] {"corr":"b4e081ba-89cc-44bc-935b-893749b1d932","stage":"sse.event","t":1786783062053,"d":94551,"surface":"extension","span":"start","eventType":"session.turn.open","dir":"/private/var/folders/9v/733tfwtj2jvgwygmtrbwj9gm0000gn/T/kilo-e2e-jNSxkS/workspace"}
[Kilo New][P0-Perf] {"corr":"b4e081ba-89cc-44bc-935b-893749b1d932","stage":"sse.event","t":1786783062053,"d":94551,"surface":"extension","span":"end","dur":0,"eventType":"session.turn.open","dir":"/private/var/folders/9v/733tfwtj2jvgwygmtrbwj9gm0000gn/T/kilo-e2e-jNSxkS/workspace"}
[Kilo New][P0-Perf] {"corr":"b4e081ba-89cc-44bc-935b-893749b1d932","stage":"sse.event","t":1786783062083,"d":94581,"surface":"extension","span":"start","eventType":"session.status","dir":"/private/var/folders/9v/733tfwtj2jvgwygmtrbwj9gm0000gn/T/kilo-e2e-jNSxkS/workspace"}
[Kilo New][P0-Perf] {"corr":"b4e081ba-89cc-44bc-935b-893749b1d932","stage":"sse.event","t":1786783062084,"d":94582,"surface":"extension","span":"end","dur":1,"eventType":"session.status","dir":"/private/var/folders/9v/733tfwtj2jvgwygmtrbwj9gm0000gn/T/kilo-e2e-jNSxkS/workspace"}
[Kilo New][P0-Perf] {"corr":"b4e081ba-89cc-44bc-935b-893749b1d932","stage":"sse.event","t":1786783062084,"d":94582,"surface":"extension","span":"start","eventType":"message.updated","dir":"/private/var/folders/9v/733tfwtj2jvgwygmtrbwj9gm0000gn/T/kilo-e2e-jNSxkS/workspace"}
[Kilo New][P0-Perf] {"corr":"b4e081ba-89cc-44bc-935b-893749b1d932","stage":"sse.event","t":1786783062084,"d":94582,"surface":"extension","span":"end","dur":0,"eventType":"message.updated","dir":"/private/var/folders/9v/733tfwtj2jvgwygmtrbwj9gm0000gn/T/kilo-e2e-jNSxkS/workspace"}
[Kilo New][P0-Perf] {"corr":"b4e081ba-89cc-44bc-935b-893749b1d932","stage":"sse.event","t":1786783062084,"d":94582,"surface":"extension","span":"start","eventType":"message.updated.1","dir":"/private/var/folders/9v/733tfwtj2jvgwygmtrbwj9gm0000gn/T/kilo-e2e-jNSxkS/workspace"}
[Kilo New][P0-Perf] {"corr":"b4e081ba-89cc-44bc-935b-893749b1d932","stage":"model.firstEvent","t":1786783062084,"d":94582,"surface":"extension","sessionID":"ses_ffb6f5921ffe7fqDtYuSdit3bS","messageID":"msg_00491d8110018wEIZ82aqnHXo7","parentID":"msg_00491d791001MQyTBgDEisjDZY","dir":"/private/var/folders/9v/733tfwtj2jvgwygmtrbwj9gm0000gn/T/kilo-e2e-jNSxkS/workspace"}
[Kilo New][P0-Perf] {"corr":"b4e081ba-89cc-44bc-935b-893749b1d932","stage":"sse.event","t":1786783062084,"d":94582,"surface":"extension","span":"end","dur":0,"eventType":"message.updated.1","dir":"/private/var/folders/9v/733tfwtj2jvgwygmtrbwj9gm0000gn/T/kilo-e2e-jNSxkS/workspace"}
[Kilo New] ServerManager: ⚠️ CLI Server stderr: INFO  2026-08-15T08:37:44 +2101ms service=model-cache providerID=apertis refreshing models
[Kilo New] ServerManager: ⚠️ CLI Server stderr: INFO  2026-08-15T08:37:44 +87ms service=model-cache providerID=apertis count=0 models fetched and cached
[Kilo New][P0-Perf] {"corr":"b4e081ba-89cc-44bc-935b-893749b1d932","stage":"sse.event","t":1786783064234,"d":96732,"surface":"extension","span":"start","eventType":"message.part.updated","dir":"/private/var/folders/9v/733tfwtj2jvgwygmtrbwj9gm0000gn/T/kilo-e2e-jNSxkS/workspace"}
[Kilo New][P0-Perf] {"corr":"b4e081ba-89cc-44bc-935b-893749b1d932","stage":"sse.event","t":1786783064234,"d":96732,"surface":"extension","span":"end","dur":0,"eventType":"message.part.updated","dir":"/private/var/folders/9v/733tfwtj2jvgwygmtrbwj9gm0000gn/T/kilo-e2e-jNSxkS/workspace"}
[Kilo New][P0-Perf] {"corr":"b4e081ba-89cc-44bc-935b-893749b1d932","stage":"sse.event","t":1786783064234,"d":96732,"surface":"extension","span":"start","eventType":"message.part.updated.1","dir":"/private/var/folders/9v/733tfwtj2jvgwygmtrbwj9gm0000gn/T/kilo-e2e-jNSxkS/workspace"}
[Kilo New][P0-Perf] {"corr":"b4e081ba-89cc-44bc-935b-893749b1d932","stage":"sse.event","t":1786783064234,"d":96732,"surface":"extension","span":"end","dur":0,"eventType":"message.part.updated.1","dir":"/private/var/folders/9v/733tfwtj2jvgwygmtrbwj9gm0000gn/T/kilo-e2e-jNSxkS/workspace"}
[Kilo New][P0-Perf] {"corr":"b4e081ba-89cc-44bc-935b-893749b1d932","stage":"sse.event","t":1786783064369,"d":96867,"surface":"extension","span":"start","eventType":"message.part.updated","dir":"/private/var/folders/9v/733tfwtj2jvgwygmtrbwj9gm0000gn/T/kilo-e2e-jNSxkS/workspace"}
[Kilo New][P0-Perf] {"corr":"b4e081ba-89cc-44bc-935b-893749b1d932","stage":"sse.event","t":1786783064370,"d":96868,"surface":"extension","span":"end","dur":1,"eventType":"message.part.updated","dir":"/private/var/folders/9v/733tfwtj2jvgwygmtrbwj9gm0000gn/T/kilo-e2e-jNSxkS/workspace"}
[Kilo New][P0-Perf] {"corr":"b4e081ba-89cc-44bc-935b-893749b1d932","stage":"sse.event","t":1786783064370,"d":96868,"surface":"extension","span":"start","eventType":"message.part.updated.1","dir":"/private/var/folders/9v/733tfwtj2jvgwygmtrbwj9gm0000gn/T/kilo-e2e-jNSxkS/workspace"}
[Kilo New][P0-Perf] {"corr":"b4e081ba-89cc-44bc-935b-893749b1d932","stage":"sse.event","t":1786783064370,"d":96868,"surface":"extension","span":"end","dur":0,"eventType":"message.part.updated.1","dir":"/private/var/folders/9v/733tfwtj2jvgwygmtrbwj9gm0000gn/T/kilo-e2e-jNSxkS/workspace"}
[Kilo New] ServerManager: ⚠️ CLI Server stderr: INFO  2026-08-15T08:37:44 +151ms service=snapshot hash=48a1e11518905c9f39f99be7dd88d4897849bcf8 cwd=/private/var/folders/9v/733tfwtj2jvgwygmtrbwj9gm0000gn/T/kilo-e2e-jNSxkS/workspace git=/var/folders/9v/733tfwtj2jvgwygmtrbwj9gm0000gn/T/kilo-e2e-jNSxkS/xdg-data/kilo/snapshot/8d92d1e5131045cc7f25d873d3918998f2fa7b46/9be8c9df477d736235572209b80be94e3ae91688 tracking
[Kilo New] ServerManager: ⚠️ CLI Server stderr: INFO  2026-08-15T08:37:44 +100ms service=session.tools status=started resolveTools
[Kilo New][P0-Perf] {"corr":"b4e081ba-89cc-44bc-935b-893749b1d932","stage":"sse.event","t":1786783064491,"d":96989,"surface":"extension","span":"start","eventType":"message.part.removed","dir":"/private/var/folders/9v/733tfwtj2jvgwygmtrbwj9gm0000gn/T/kilo-e2e-jNSxkS/workspace"}
[Kilo New][P0-Perf] {"corr":"b4e081ba-89cc-44bc-935b-893749b1d932","stage":"sse.event","t":1786783064491,"d":96989,"surface":"extension","span":"end","dur":0,"eventType":"message.part.removed","dir":"/private/var/folders/9v/733tfwtj2jvgwygmtrbwj9gm0000gn/T/kilo-e2e-jNSxkS/workspace"}
[Kilo New][P0-Perf] {"corr":"b4e081ba-89cc-44bc-935b-893749b1d932","stage":"sse.event","t":1786783064491,"d":96989,"surface":"extension","span":"start","eventType":"message.part.removed.1","dir":"/private/var/folders/9v/733tfwtj2jvgwygmtrbwj9gm0000gn/T/kilo-e2e-jNSxkS/workspace"}
[Kilo New][P0-Perf] {"corr":"b4e081ba-89cc-44bc-935b-893749b1d932","stage":"sse.event","t":1786783064491,"d":96989,"surface":"extension","span":"end","dur":0,"eventType":"message.part.removed.1","dir":"/private/var/folders/9v/733tfwtj2jvgwygmtrbwj9gm0000gn/T/kilo-e2e-jNSxkS/workspace"}
[Kilo New] ServerManager: ⚠️ CLI Server stderr: INFO  2026-08-15T08:37:44 +236ms service=tool.registry status=started invalid
[Kilo New] ServerManager: ⚠️ CLI Server stderr: INFO  2026-08-15T08:37:44 +0ms service=tool.registry status=completed duration=0 invalid
[Kilo New] ServerManager: ⚠️ CLI Server stderr: INFO  2026-08-15T08:37:44 +1ms service=tool.registry status=started question
[Kilo New] ServerManager: ⚠️ CLI Server stderr: INFO  2026-08-15T08:37:44 +0ms service=tool.registry status=completed duration=0 question
[Kilo New] ServerManager: ⚠️ CLI Server stderr: INFO  2026-08-15T08:37:44 +0ms service=tool.registry status=started bash
[Kilo New] ServerManager: ⚠️ CLI Server stderr: INFO  2026-08-15T08:37:44 +0ms service=tool.registry status=completed duration=0 bash
[Kilo New] ServerManager: ⚠️ CLI Server stderr: INFO  2026-08-15T08:37:44 +0ms service=tool.registry status=started read
[Kilo New] ServerManager: ⚠️ CLI Server stderr: INFO  2026-08-15T08:37:44 +0ms service=tool.registry status=completed duration=0 read
[Kilo New] ServerManager: ⚠️ CLI Server stderr: INFO  2026-08-15T08:37:44 +0ms service=tool.registry status=started glob
[Kilo New] ServerManager: ⚠️ CLI Server stderr: INFO  2026-08-15T08:37:44 +0ms service=tool.registry status=completed duration=0 glob
[Kilo New] ServerManager: ⚠️ CLI Server stderr: INFO  2026-08-15T08:37:44 +0ms service=tool.registry status=started grep
[Kilo New] ServerManager: ⚠️ CLI Server stderr: INFO  2026-08-15T08:37:44 +1ms service=tool.registry status=completed duration=1 grep
[Kilo New] ServerManager: ⚠️ CLI Server stderr: INFO  2026-08-15T08:37:44 +0ms service=tool.registry status=started edit
[Kilo New] ServerManager: ⚠️ CLI Server stderr: INFO  2026-08-15T08:37:44 +0ms service=tool.registry status=completed duration=0 edit
[Kilo New] ServerManager: ⚠️ CLI Server stderr: INFO  2026-08-15T08:37:44 +0ms service=tool.registry status=started write
[Kilo New] ServerManager: ⚠️ CLI Server stderr: INFO  2026-08-15T08:37:44 +1ms service=tool.registry status=completed duration=1 write
[Kilo New] ServerManager: ⚠️ CLI Server stderr: INFO  2026-08-15T08:37:44 +0ms service=tool.registry status=started task
[Kilo New] ServerManager: ⚠️ CLI Server stderr: INFO  2026-08-15T08:37:44 +3ms service=tool.registry status=completed duration=3 task
[Kilo New] ServerManager: ⚠️ CLI Server stderr: INFO  2026-08-15T08:37:44 +0ms service=tool.registry status=started webfetch
[Kilo New] ServerManager: ⚠️ CLI Server stderr: INFO  2026-08-15T08:37:44 +0ms service=tool.registry status=completed duration=0 webfetch
[Kilo New] ServerManager: ⚠️ CLI Server stderr: INFO  2026-08-15T08:37:44 +0ms service=tool.registry status=started todowrite
[Kilo New] ServerManager: ⚠️ CLI Server stderr: INFO  2026-08-15T08:37:44 +0ms service=tool.registry status=completed duration=0 todowrite
[Kilo New] ServerManager: ⚠️ CLI Server stderr: INFO  2026-08-15T08:37:44 +0ms service=tool.registry status=started skill
[Kilo New] ServerManager: ⚠️ CLI Server stderr: INFO  2026-08-15T08:37:44 +1ms service=tool.registry status=completed duration=1 skill
[Kilo New] ServerManager: ⚠️ CLI Server stderr: INFO  2026-08-15T08:37:44 +0ms service=tool.registry status=started plan_exit
[Kilo New] ServerManager: ⚠️ CLI Server stderr: INFO  2026-08-15T08:37:44 +0ms service=tool.registry status=completed duration=0 plan_exit
[Kilo New] ServerManager: ⚠️ CLI Server stderr: INFO  2026-08-15T08:37:44 +1ms service=tool.registry status=started kilo_local_recall
[Kilo New] ServerManager: ⚠️ CLI Server stderr: INFO  2026-08-15T08:37:44 +0ms service=tool.registry status=completed duration=0 kilo_local_recall
[Kilo New] ServerManager: ⚠️ CLI Server stderr: INFO  2026-08-15T08:37:44 +0ms service=tool.registry status=started background_process
[Kilo New] ServerManager: ⚠️ CLI Server stderr: INFO  2026-08-15T08:37:44 +0ms service=tool.registry status=completed duration=0 background_process
[Kilo New] ServerManager: ⚠️ CLI Server stderr: INFO  2026-08-15T08:37:44 +0ms service=tool.registry status=started agent_manager_models
[Kilo New] ServerManager: ⚠️ CLI Server stderr: INFO  2026-08-15T08:37:44 +0ms service=tool.registry status=completed duration=0 agent_manager_models
[Kilo New] ServerManager: ⚠️ CLI Server stderr: INFO  2026-08-15T08:37:44 +0ms service=tool.registry status=started agent_manager
[Kilo New] ServerManager: ⚠️ CLI Server stderr: INFO  2026-08-15T08:37:44 +0ms service=tool.registry status=completed duration=0 agent_manager
[Kilo New] ServerManager: ⚠️ CLI Server stderr: INFO  2026-08-15T08:37:44 +1ms service=tool.registry status=started e2e_marker
[Kilo New] ServerManager: ⚠️ CLI Server stderr: INFO  2026-08-15T08:37:44 +0ms service=tool.registry status=completed duration=0 e2e_marker
[Kilo New] ServerManager: ⚠️ CLI Server stderr: INFO  2026-08-15T08:37:44 +1ms service=session.tools status=completed duration=246 resolveTools
[Kilo New] ServerManager: ⚠️ CLI Server stderr: INFO  2026-08-15T08:37:44 +127ms service=session.processor session.id=ses_ffb6f5921ffe7fqDtYuSdit3bS messageID=msg_00491d8110018wEIZ82aqnHXo7 process
[Kilo New] ServerManager: ⚠️ CLI Server stderr: INFO  2026-08-15T08:37:44 +5ms service=llm providerID=e2e-local modelID=e2e-model session.id=ses_ffb6f5921ffe7fqDtYuSdit3bS small=false agent=e2e-agent mode=primary stream
[Kilo New] ServerManager: ⚠️ CLI Server stderr: INFO  2026-08-15T08:37:44 +11ms service=default llm.runtime=ai-sdk llm.provider=e2e-local llm.model=e2e-model llm runtime selected
[Kilo New][P0-Perf] {"corr":"b4e081ba-89cc-44bc-935b-893749b1d932","stage":"sse.event","t":1786783064891,"d":97389,"surface":"extension","span":"start","eventType":"session.updated","dir":"/private/var/folders/9v/733tfwtj2jvgwygmtrbwj9gm0000gn/T/kilo-e2e-jNSxkS/workspace"}
[Kilo New][P0-Perf] {"corr":"b4e081ba-89cc-44bc-935b-893749b1d932","stage":"sse.event","t":1786783064892,"d":97390,"surface":"extension","span":"end","dur":1,"eventType":"session.updated","dir":"/private/var/folders/9v/733tfwtj2jvgwygmtrbwj9gm0000gn/T/kilo-e2e-jNSxkS/workspace"}
[Kilo New][P0-Perf] {"corr":"b4e081ba-89cc-44bc-935b-893749b1d932","stage":"sse.event","t":1786783064892,"d":97390,"surface":"extension","span":"start","eventType":"session.updated.1","dir":"/private/var/folders/9v/733tfwtj2jvgwygmtrbwj9gm0000gn/T/kilo-e2e-jNSxkS/workspace"}
[Kilo New][P0-Perf] {"corr":"b4e081ba-89cc-44bc-935b-893749b1d932","stage":"sse.event","t":1786783064892,"d":97390,"surface":"extension","span":"end","dur":0,"eventType":"session.updated.1","dir":"/private/var/folders/9v/733tfwtj2jvgwygmtrbwj9gm0000gn/T/kilo-e2e-jNSxkS/workspace"}
[Kilo New][P0-Perf] {"corr":"b4e081ba-89cc-44bc-935b-893749b1d932","stage":"sse.event","t":1786783064892,"d":97390,"surface":"extension","span":"start","eventType":"session.diff","dir":"/private/var/folders/9v/733tfwtj2jvgwygmtrbwj9gm0000gn/T/kilo-e2e-jNSxkS/workspace"}
[Kilo New][P0-Perf] {"corr":"b4e081ba-89cc-44bc-935b-893749b1d932","stage":"sse.event","t":1786783064892,"d":97390,"surface":"extension","span":"end","dur":0,"eventType":"session.diff","dir":"/private/var/folders/9v/733tfwtj2jvgwygmtrbwj9gm0000gn/T/kilo-e2e-jNSxkS/workspace"}
[Kilo New][P0-Perf] {"corr":"b4e081ba-89cc-44bc-935b-893749b1d932","stage":"sse.event","t":1786783064892,"d":97390,"surface":"extension","span":"start","eventType":"message.updated","dir":"/private/var/folders/9v/733tfwtj2jvgwygmtrbwj9gm0000gn/T/kilo-e2e-jNSxkS/workspace"}
[Kilo New][P0-Perf] {"corr":"b4e081ba-89cc-44bc-935b-893749b1d932","stage":"sse.event","t":1786783064893,"d":97391,"surface":"extension","span":"end","dur":1,"eventType":"message.updated","dir":"/private/var/folders/9v/733tfwtj2jvgwygmtrbwj9gm0000gn/T/kilo-e2e-jNSxkS/workspace"}
[Kilo New][P0-Perf] {"corr":"b4e081ba-89cc-44bc-935b-893749b1d932","stage":"sse.event","t":1786783064893,"d":97391,"surface":"extension","span":"start","eventType":"message.updated.1","dir":"/private/var/folders/9v/733tfwtj2jvgwygmtrbwj9gm0000gn/T/kilo-e2e-jNSxkS/workspace"}
[Kilo New][P0-Perf] {"corr":"b4e081ba-89cc-44bc-935b-893749b1d932","stage":"sse.event","t":1786783064893,"d":97391,"surface":"extension","span":"end","dur":0,"eventType":"message.updated.1","dir":"/private/var/folders/9v/733tfwtj2jvgwygmtrbwj9gm0000gn/T/kilo-e2e-jNSxkS/workspace"}
[Kilo New][P0-Perf] {"corr":"b4e081ba-89cc-44bc-935b-893749b1d932","stage":"sse.event","t":1786783064893,"d":97391,"surface":"extension","span":"start","eventType":"session.status","dir":"/private/var/folders/9v/733tfwtj2jvgwygmtrbwj9gm0000gn/T/kilo-e2e-jNSxkS/workspace"}
[Kilo New][P0-Perf] {"corr":"b4e081ba-89cc-44bc-935b-893749b1d932","stage":"sse.event","t":1786783064893,"d":97391,"surface":"extension","span":"end","dur":0,"eventType":"session.status","dir":"/private/var/folders/9v/733tfwtj2jvgwygmtrbwj9gm0000gn/T/kilo-e2e-jNSxkS/workspace"}
[Kilo New][P0-Perf] {"corr":"b4e081ba-89cc-44bc-935b-893749b1d932","stage":"sse.event","t":1786783064956,"d":97454,"surface":"extension","span":"start","eventType":"message.part.updated","dir":"/private/var/folders/9v/733tfwtj2jvgwygmtrbwj9gm0000gn/T/kilo-e2e-jNSxkS/workspace"}
[Kilo New][P0-Perf] {"corr":"b4e081ba-89cc-44bc-935b-893749b1d932","stage":"sse.event","t":1786783064956,"d":97454,"surface":"extension","span":"end","dur":0,"eventType":"message.part.updated","dir":"/private/var/folders/9v/733tfwtj2jvgwygmtrbwj9gm0000gn/T/kilo-e2e-jNSxkS/workspace"}
[Kilo New][P0-Perf] {"corr":"b4e081ba-89cc-44bc-935b-893749b1d932","stage":"sse.event","t":1786783064956,"d":97454,"surface":"extension","span":"start","eventType":"message.part.updated.1","dir":"/private/var/folders/9v/733tfwtj2jvgwygmtrbwj9gm0000gn/T/kilo-e2e-jNSxkS/workspace"}
[Kilo New][P0-Perf] {"corr":"b4e081ba-89cc-44bc-935b-893749b1d932","stage":"sse.event","t":1786783064956,"d":97454,"surface":"extension","span":"end","dur":0,"eventType":"message.part.updated.1","dir":"/private/var/folders/9v/733tfwtj2jvgwygmtrbwj9gm0000gn/T/kilo-e2e-jNSxkS/workspace"}
[Kilo New][P0-Perf] {"corr":"b4e081ba-89cc-44bc-935b-893749b1d932","stage":"sse.event","t":1786783064956,"d":97454,"surface":"extension","span":"start","eventType":"message.part.updated","dir":"/private/var/folders/9v/733tfwtj2jvgwygmtrbwj9gm0000gn/T/kilo-e2e-jNSxkS/workspace"}
[Kilo New][P0-Perf] {"corr":"b4e081ba-89cc-44bc-935b-893749b1d932","stage":"sse.event","t":1786783064957,"d":97455,"surface":"extension","span":"end","dur":1,"eventType":"message.part.updated","dir":"/private/var/folders/9v/733tfwtj2jvgwygmtrbwj9gm0000gn/T/kilo-e2e-jNSxkS/workspace"}
[Kilo New][P0-Perf] {"corr":"b4e081ba-89cc-44bc-935b-893749b1d932","stage":"sse.event","t":1786783064957,"d":97455,"surface":"extension","span":"start","eventType":"message.part.updated.1","dir":"/private/var/folders/9v/733tfwtj2jvgwygmtrbwj9gm0000gn/T/kilo-e2e-jNSxkS/workspace"}
[Kilo New][P0-Perf] {"corr":"b4e081ba-89cc-44bc-935b-893749b1d932","stage":"sse.event","t":1786783064957,"d":97455,"surface":"extension","span":"end","dur":0,"eventType":"message.part.updated.1","dir":"/private/var/folders/9v/733tfwtj2jvgwygmtrbwj9gm0000gn/T/kilo-e2e-jNSxkS/workspace"}
[Kilo New][P0-Perf] {"corr":"b4e081ba-89cc-44bc-935b-893749b1d932","stage":"sse.event","t":1786783064957,"d":97455,"surface":"extension","span":"start","eventType":"message.part.delta","dir":"/private/var/folders/9v/733tfwtj2jvgwygmtrbwj9gm0000gn/T/kilo-e2e-jNSxkS/workspace"}
[Kilo New][P0-Perf] {"corr":"b4e081ba-89cc-44bc-935b-893749b1d932","stage":"sse.event","t":1786783064957,"d":97455,"surface":"extension","span":"end","dur":0,"eventType":"message.part.delta","dir":"/private/var/folders/9v/733tfwtj2jvgwygmtrbwj9gm0000gn/T/kilo-e2e-jNSxkS/workspace"}
[Kilo New][P0-Perf] {"corr":"b4e081ba-89cc-44bc-935b-893749b1d932","stage":"sse.event","t":1786783064957,"d":97455,"surface":"extension","span":"start","eventType":"message.part.updated","dir":"/private/var/folders/9v/733tfwtj2jvgwygmtrbwj9gm0000gn/T/kilo-e2e-jNSxkS/workspace"}
[Kilo New][P0-Perf] {"corr":"b4e081ba-89cc-44bc-935b-893749b1d932","stage":"sse.event","t":1786783064957,"d":97455,"surface":"extension","span":"end","dur":0,"eventType":"message.part.updated","dir":"/private/var/folders/9v/733tfwtj2jvgwygmtrbwj9gm0000gn/T/kilo-e2e-jNSxkS/workspace"}
[Kilo New][P0-Perf] {"corr":"b4e081ba-89cc-44bc-935b-893749b1d932","stage":"sse.event","t":1786783064957,"d":97455,"surface":"extension","span":"start","eventType":"message.part.updated.1","dir":"/private/var/folders/9v/733tfwtj2jvgwygmtrbwj9gm0000gn/T/kilo-e2e-jNSxkS/workspace"}
[Kilo New][P0-Perf] {"corr":"b4e081ba-89cc-44bc-935b-893749b1d932","stage":"sse.event","t":1786783064957,"d":97455,"surface":"extension","span":"end","dur":0,"eventType":"message.part.updated.1","dir":"/private/var/folders/9v/733tfwtj2jvgwygmtrbwj9gm0000gn/T/kilo-e2e-jNSxkS/workspace"}
[Kilo New] ServerManager: ⚠️ CLI Server stderr: INFO  2026-08-15T08:37:45 +356ms service=snapshot hash=48a1e11518905c9f39f99be7dd88d4897849bcf8 cwd=/private/var/folders/9v/733tfwtj2jvgwygmtrbwj9gm0000gn/T/kilo-e2e-jNSxkS/workspace git=/var/folders/9v/733tfwtj2jvgwygmtrbwj9gm0000gn/T/kilo-e2e-jNSxkS/xdg-data/kilo/snapshot/8d92d1e5131045cc7f25d873d3918998f2fa7b46/9be8c9df477d736235572209b80be94e3ae91688 tracking
[Kilo New][P0-Perf] {"corr":"b4e081ba-89cc-44bc-935b-893749b1d932","stage":"sse.event","t":1786783065242,"d":97740,"surface":"extension","span":"start","eventType":"message.part.updated","dir":"/private/var/folders/9v/733tfwtj2jvgwygmtrbwj9gm0000gn/T/kilo-e2e-jNSxkS/workspace"}
[Kilo New][P0-Perf] {"corr":"b4e081ba-89cc-44bc-935b-893749b1d932","stage":"sse.event","t":1786783065243,"d":97741,"surface":"extension","span":"end","dur":1,"eventType":"message.part.updated","dir":"/private/var/folders/9v/733tfwtj2jvgwygmtrbwj9gm0000gn/T/kilo-e2e-jNSxkS/workspace"}
[Kilo New][P0-Perf] {"corr":"b4e081ba-89cc-44bc-935b-893749b1d932","stage":"sse.event","t":1786783065243,"d":97741,"surface":"extension","span":"start","eventType":"message.part.updated.1","dir":"/private/var/folders/9v/733tfwtj2jvgwygmtrbwj9gm0000gn/T/kilo-e2e-jNSxkS/workspace"}
[Kilo New][P0-Perf] {"corr":"b4e081ba-89cc-44bc-935b-893749b1d932","stage":"sse.event","t":1786783065243,"d":97741,"surface":"extension","span":"end","dur":0,"eventType":"message.part.updated.1","dir":"/private/var/folders/9v/733tfwtj2jvgwygmtrbwj9gm0000gn/T/kilo-e2e-jNSxkS/workspace"}
[Kilo New][P0-Perf] {"corr":"b4e081ba-89cc-44bc-935b-893749b1d932","stage":"sse.event","t":1786783065243,"d":97741,"surface":"extension","span":"start","eventType":"message.updated","dir":"/private/var/folders/9v/733tfwtj2jvgwygmtrbwj9gm0000gn/T/kilo-e2e-jNSxkS/workspace"}
[Kilo New][P0-Perf] {"corr":"b4e081ba-89cc-44bc-935b-893749b1d932","stage":"sse.event","t":1786783065244,"d":97742,"surface":"extension","span":"end","dur":1,"eventType":"message.updated","dir":"/private/var/folders/9v/733tfwtj2jvgwygmtrbwj9gm0000gn/T/kilo-e2e-jNSxkS/workspace"}
[Kilo New][P0-Perf] {"corr":"b4e081ba-89cc-44bc-935b-893749b1d932","stage":"sse.event","t":1786783065244,"d":97742,"surface":"extension","span":"start","eventType":"message.updated.1","dir":"/private/var/folders/9v/733tfwtj2jvgwygmtrbwj9gm0000gn/T/kilo-e2e-jNSxkS/workspace"}
[Kilo New][P0-Perf] {"corr":"b4e081ba-89cc-44bc-935b-893749b1d932","stage":"sse.event","t":1786783065244,"d":97742,"surface":"extension","span":"end","dur":0,"eventType":"message.updated.1","dir":"/private/var/folders/9v/733tfwtj2jvgwygmtrbwj9gm0000gn/T/kilo-e2e-jNSxkS/workspace"}
[Kilo New] ServerManager: ⚠️ CLI Server stderr: INFO  2026-08-15T08:37:45 +332ms service=session.prompt session.id=ses_ffb6f5921ffe7fqDtYuSdit3bS step=1 loop
[Kilo New] ServerManager: ⚠️ CLI Server stderr: INFO  2026-08-15T08:37:45 +2ms service=session.prompt session.id=ses_ffb6f5921ffe7fqDtYuSdit3bS exiting loop
[Kilo New] ServerManager: ⚠️ CLI Server stderr: INFO  2026-08-15T08:37:45 +4ms service=bus type=session.turn.close publishing
[Kilo New][P0-Perf] {"corr":"b4e081ba-89cc-44bc-935b-893749b1d932","stage":"sse.event","t":1786783065621,"d":98119,"surface":"extension","span":"start","eventType":"message.updated","dir":"/private/var/folders/9v/733tfwtj2jvgwygmtrbwj9gm0000gn/T/kilo-e2e-jNSxkS/workspace"}
[Kilo New][P0-Perf] {"corr":"b4e081ba-89cc-44bc-935b-893749b1d932","stage":"sse.event","t":1786783065622,"d":98120,"surface":"extension","span":"end","dur":1,"eventType":"message.updated","dir":"/private/var/folders/9v/733tfwtj2jvgwygmtrbwj9gm0000gn/T/kilo-e2e-jNSxkS/workspace"}
[Kilo New][P0-Perf] {"corr":"b4e081ba-89cc-44bc-935b-893749b1d932","stage":"sse.event","t":1786783065622,"d":98120,"surface":"extension","span":"start","eventType":"message.updated.1","dir":"/private/var/folders/9v/733tfwtj2jvgwygmtrbwj9gm0000gn/T/kilo-e2e-jNSxkS/workspace"}
[Kilo New][P0-Perf] {"corr":"b4e081ba-89cc-44bc-935b-893749b1d932","stage":"sse.event","t":1786783065622,"d":98120,"surface":"extension","span":"end","dur":0,"eventType":"message.updated.1","dir":"/private/var/folders/9v/733tfwtj2jvgwygmtrbwj9gm0000gn/T/kilo-e2e-jNSxkS/workspace"}
[Kilo New][P0-Perf] {"corr":"b4e081ba-89cc-44bc-935b-893749b1d932","stage":"sse.event","t":1786783065622,"d":98120,"surface":"extension","span":"start","eventType":"session.status","dir":"/private/var/folders/9v/733tfwtj2jvgwygmtrbwj9gm0000gn/T/kilo-e2e-jNSxkS/workspace"}
[Kilo New][P0-Perf] {"corr":"b4e081ba-89cc-44bc-935b-893749b1d932","stage":"sse.event","t":1786783065623,"d":98121,"surface":"extension","span":"end","dur":1,"eventType":"session.status","dir":"/private/var/folders/9v/733tfwtj2jvgwygmtrbwj9gm0000gn/T/kilo-e2e-jNSxkS/workspace"}
[Kilo New][P0-Perf] {"corr":"b4e081ba-89cc-44bc-935b-893749b1d932","stage":"sse.event","t":1786783065623,"d":98121,"surface":"extension","span":"start","eventType":"session.status","dir":"/private/var/folders/9v/733tfwtj2jvgwygmtrbwj9gm0000gn/T/kilo-e2e-jNSxkS/workspace"}
[Kilo New][P0-Perf] {"corr":"b4e081ba-89cc-44bc-935b-893749b1d932","stage":"sse.event","t":1786783065623,"d":98121,"surface":"extension","span":"end","dur":0,"eventType":"session.status","dir":"/private/var/folders/9v/733tfwtj2jvgwygmtrbwj9gm0000gn/T/kilo-e2e-jNSxkS/workspace"}
[Kilo New][P0-Perf] {"corr":"b4e081ba-89cc-44bc-935b-893749b1d932","stage":"sse.event","t":1786783065623,"d":98121,"surface":"extension","span":"start","eventType":"session.idle","dir":"/private/var/folders/9v/733tfwtj2jvgwygmtrbwj9gm0000gn/T/kilo-e2e-jNSxkS/workspace"}
[Kilo New][P0-Perf] {"corr":"b4e081ba-89cc-44bc-935b-893749b1d932","stage":"sse.event","t":1786783065624,"d":98122,"surface":"extension","span":"end","dur":1,"eventType":"session.idle","dir":"/private/var/folders/9v/733tfwtj2jvgwygmtrbwj9gm0000gn/T/kilo-e2e-jNSxkS/workspace"}
[Kilo New][P0-Perf] {"corr":"b4e081ba-89cc-44bc-935b-893749b1d932","stage":"sse.event","t":1786783065624,"d":98122,"surface":"extension","span":"start","eventType":"session.turn.close","dir":"/private/var/folders/9v/733tfwtj2jvgwygmtrbwj9gm0000gn/T/kilo-e2e-jNSxkS/workspace"}
[Kilo New][P0-Perf] {"corr":"b4e081ba-89cc-44bc-935b-893749b1d932","stage":"sse.event","t":1786783065624,"d":98122,"surface":"extension","span":"end","dur":0,"eventType":"session.turn.close","dir":"/private/var/folders/9v/733tfwtj2jvgwygmtrbwj9gm0000gn/T/kilo-e2e-jNSxkS/workspace"}
[Kilo New][P0-Perf] {"corr":"b4e081ba-89cc-44bc-935b-893749b1d932","stage":"sse.event","t":1786783065758,"d":98256,"surface":"extension","span":"start","eventType":"session.updated","dir":"/private/var/folders/9v/733tfwtj2jvgwygmtrbwj9gm0000gn/T/kilo-e2e-jNSxkS/workspace"}
[Kilo New][P0-Perf] {"corr":"b4e081ba-89cc-44bc-935b-893749b1d932","stage":"sse.event","t":1786783065759,"d":98257,"surface":"extension","span":"end","dur":1,"eventType":"session.updated","dir":"/private/var/folders/9v/733tfwtj2jvgwygmtrbwj9gm0000gn/T/kilo-e2e-jNSxkS/workspace"}
[Kilo New][P0-Perf] {"corr":"b4e081ba-89cc-44bc-935b-893749b1d932","stage":"sse.event","t":1786783065759,"d":98257,"surface":"extension","span":"start","eventType":"session.updated.1","dir":"/private/var/folders/9v/733tfwtj2jvgwygmtrbwj9gm0000gn/T/kilo-e2e-jNSxkS/workspace"}
[Kilo New][P0-Perf] {"corr":"b4e081ba-89cc-44bc-935b-893749b1d932","stage":"sse.event","t":1786783065759,"d":98257,"surface":"extension","span":"end","dur":0,"eventType":"session.updated.1","dir":"/private/var/folders/9v/733tfwtj2jvgwygmtrbwj9gm0000gn/T/kilo-e2e-jNSxkS/workspace"}
[Kilo New][P0-Perf] {"corr":"b4e081ba-89cc-44bc-935b-893749b1d932","stage":"sse.event","t":1786783065759,"d":98257,"surface":"extension","span":"start","eventType":"session.diff","dir":"/private/var/folders/9v/733tfwtj2jvgwygmtrbwj9gm0000gn/T/kilo-e2e-jNSxkS/workspace"}
[Kilo New][P0-Perf] {"corr":"b4e081ba-89cc-44bc-935b-893749b1d932","stage":"sse.event","t":1786783065759,"d":98257,"surface":"extension","span":"end","dur":0,"eventType":"session.diff","dir":"/private/var/folders/9v/733tfwtj2jvgwygmtrbwj9gm0000gn/T/kilo-e2e-jNSxkS/workspace"}
[Kilo New][P0-Perf] {"corr":"b4e081ba-89cc-44bc-935b-893749b1d932","stage":"sse.event","t":1786783065759,"d":98257,"surface":"extension","span":"start","eventType":"message.updated","dir":"/private/var/folders/9v/733tfwtj2jvgwygmtrbwj9gm0000gn/T/kilo-e2e-jNSxkS/workspace"}
[Kilo New][P0-Perf] {"corr":"b4e081ba-89cc-44bc-935b-893749b1d932","stage":"sse.event","t":1786783065759,"d":98257,"surface":"extension","span":"end","dur":0,"eventType":"message.updated","dir":"/private/var/folders/9v/733tfwtj2jvgwygmtrbwj9gm0000gn/T/kilo-e2e-jNSxkS/workspace"}
[Kilo New][P0-Perf] {"corr":"b4e081ba-89cc-44bc-935b-893749b1d932","stage":"sse.event","t":1786783065760,"d":98258,"surface":"extension","span":"start","eventType":"message.updated.1","dir":"/private/var/folders/9v/733tfwtj2jvgwygmtrbwj9gm0000gn/T/kilo-e2e-jNSxkS/workspace"}
[Kilo New][P0-Perf] {"corr":"b4e081ba-89cc-44bc-935b-893749b1d932","stage":"sse.event","t":1786783065760,"d":98258,"surface":"extension","span":"end","dur":0,"eventType":"message.updated.1","dir":"/private/var/folders/9v/733tfwtj2jvgwygmtrbwj9gm0000gn/T/kilo-e2e-jNSxkS/workspace"}
[Kilo New] ServerManager: ⚠️ CLI Server stderr: INFO  2026-08-15T08:37:46 +1398ms service=model-cache providerID=apertis refreshing models
[Kilo New] ServerManager: ⚠️ CLI Server stderr: INFO  2026-08-15T08:37:46 +11ms service=model-cache providerID=apertis count=0 models fetched and cached
[Kilo New][P0-Perf] {"corr":"b4e081ba-89cc-44bc-935b-893749b1d932","stage":"sse.event","t":1786783067516,"d":100014,"surface":"extension","span":"start","eventType":"server.heartbeat"}
[Kilo New][P0-Perf] {"corr":"b4e081ba-89cc-44bc-935b-893749b1d932","stage":"sse.event","t":1786783067516,"d":100014,"surface":"extension","span":"end","dur":0,"eventType":"server.heartbeat"}
[Kilo New] ServerManager: ⚠️ CLI Server stderr: INFO  2026-08-15T08:37:49 +2273ms service=model-cache providerID=apertis refreshing models
[Kilo New] ServerManager: ⚠️ CLI Server stderr: INFO  2026-08-15T08:37:49 +116ms service=model-cache providerID=apertis count=0 models fetched and cached
[probe] PASS H-12 summary: second user turn completes and the session is idle (attempt 1)
[probe] PASS H-12 panel shows the summary text: transcript text present
[probe] H-12 revert boundary user message: msg_00491ae1a001ZPR49i4xojN6UJ
[probe] clicked production Revert-to-here on user message msg_00491ae1a001ZPR49i4xojN6UJ
[Kilo New] ServerManager: ⚠️ CLI Server stderr: INFO  2026-08-15T08:37:50 +902ms service=snapshot hash=48a1e11518905c9f39f99be7dd88d4897849bcf8 cwd=/private/var/folders/9v/733tfwtj2jvgwygmtrbwj9gm0000gn/T/kilo-e2e-jNSxkS/workspace git=/var/folders/9v/733tfwtj2jvgwygmtrbwj9gm0000gn/T/kilo-e2e-jNSxkS/xdg-data/kilo/snapshot/8d92d1e5131045cc7f25d873d3918998f2fa7b46/9be8c9df477d736235572209b80be94e3ae91688 tracking
[Kilo New] ServerManager: ⚠️ CLI Server stderr: INFO  2026-08-15T08:37:51 +857ms service=model-cache providerID=apertis refreshing models
[Kilo New] ServerManager: ⚠️ CLI Server stderr: INFO  2026-08-15T08:37:51 +9ms service=model-cache providerID=apertis count=0 models fetched and cached
[Kilo New] ServerManager: ⚠️ CLI Server stderr: INFO  2026-08-15T08:37:51 +104ms service=snapshot file=/private/var/folders/9v/733tfwtj2jvgwygmtrbwj9gm0000gn/T/kilo-e2e-jNSxkS/workspace/rollback.txt hash=841cadea1f87b76c48a7d42497d66249b3f0236c reverting
[Kilo New][P0-Perf] {"corr":"b4e081ba-89cc-44bc-935b-893749b1d932","stage":"sse.event","t":1786783071685,"d":104183,"surface":"extension","span":"start","eventType":"session.diff","dir":"/private/var/folders/9v/733tfwtj2jvgwygmtrbwj9gm0000gn/T/kilo-e2e-jNSxkS/workspace"}
[Kilo New][P0-Perf] {"corr":"b4e081ba-89cc-44bc-935b-893749b1d932","stage":"sse.event","t":1786783071685,"d":104183,"surface":"extension","span":"end","dur":0,"eventType":"session.diff","dir":"/private/var/folders/9v/733tfwtj2jvgwygmtrbwj9gm0000gn/T/kilo-e2e-jNSxkS/workspace"}
[Kilo New][P0-Perf] {"corr":"b4e081ba-89cc-44bc-935b-893749b1d932","stage":"sse.event","t":1786783071686,"d":104184,"surface":"extension","span":"start","eventType":"session.updated","dir":"/private/var/folders/9v/733tfwtj2jvgwygmtrbwj9gm0000gn/T/kilo-e2e-jNSxkS/workspace"}
[Kilo New][P0-Perf] {"corr":"b4e081ba-89cc-44bc-935b-893749b1d932","stage":"sse.event","t":1786783071686,"d":104184,"surface":"extension","span":"end","dur":0,"eventType":"session.updated","dir":"/private/var/folders/9v/733tfwtj2jvgwygmtrbwj9gm0000gn/T/kilo-e2e-jNSxkS/workspace"}
[Kilo New][P0-Perf] {"corr":"b4e081ba-89cc-44bc-935b-893749b1d932","stage":"sse.event","t":1786783071686,"d":104184,"surface":"extension","span":"start","eventType":"session.updated.1","dir":"/private/var/folders/9v/733tfwtj2jvgwygmtrbwj9gm0000gn/T/kilo-e2e-jNSxkS/workspace"}
[Kilo New][P0-Perf] {"corr":"b4e081ba-89cc-44bc-935b-893749b1d932","stage":"sse.event","t":1786783071686,"d":104184,"surface":"extension","span":"end","dur":0,"eventType":"session.updated.1","dir":"/private/var/folders/9v/733tfwtj2jvgwygmtrbwj9gm0000gn/T/kilo-e2e-jNSxkS/workspace"}
[Kilo New] ServerManager: ⚠️ CLI Server stderr: INFO  2026-08-15T08:37:53 +1800ms service=model-cache providerID=apertis refreshing models
[Kilo New] ServerManager: ⚠️ CLI Server stderr: INFO  2026-08-15T08:37:53 +3ms service=model-cache providerID=apertis count=0 models fetched and cached
[probe] PASS H-12 backend revert/checkpoint fact + summary diff
[probe] PASS H-12 exact initial bytes restored
[probe] PASS H-12 restored bytes: /var/folders/9v/733tfwtj2jvgwygmtrbwj9gm0000gn/T/kilo-e2e-jNSxkS/workspace/rollback.txt = "E2E_ROLLBACK_ORIGINAL\n"
[probe] PASS H-12 RevertBanner visible
[probe] PASS H-12 RevertBanner lists the reverted file: banner lists "rollback.txt"
[Kilo New] ServerManager: ⚠️ CLI Server stderr: INFO  2026-08-15T08:37:53 +357ms service=session.revert sessionID=ses_ffb6f5921ffe7fqDtYuSdit3bS unreverting
[probe] clicked RevertBanner Redo All (production unrevert path)
[Kilo New] ServerManager: ⚠️ CLI Server stderr: INFO  2026-08-15T08:37:53 +8ms service=snapshot commit=48a1e11518905c9f39f99be7dd88d4897849bcf8 restore
[Kilo New] ServerManager: ⚠️ CLI Server stderr: INFO  2026-08-15T08:37:54 +933ms service=model-cache providerID=apertis refreshing models
[Kilo New][P0-Perf] {"corr":"b4e081ba-89cc-44bc-935b-893749b1d932","stage":"sse.event","t":1786783074341,"d":106839,"surface":"extension","span":"start","eventType":"session.updated","dir":"/private/var/folders/9v/733tfwtj2jvgwygmtrbwj9gm0000gn/T/kilo-e2e-jNSxkS/workspace"}
[Kilo New][P0-Perf] {"corr":"b4e081ba-89cc-44bc-935b-893749b1d932","stage":"sse.event","t":1786783074341,"d":106839,"surface":"extension","span":"end","dur":0,"eventType":"session.updated","dir":"/private/var/folders/9v/733tfwtj2jvgwygmtrbwj9gm0000gn/T/kilo-e2e-jNSxkS/workspace"}
[Kilo New][P0-Perf] {"corr":"b4e081ba-89cc-44bc-935b-893749b1d932","stage":"sse.event","t":1786783074341,"d":106839,"surface":"extension","span":"start","eventType":"session.updated.1","dir":"/private/var/folders/9v/733tfwtj2jvgwygmtrbwj9gm0000gn/T/kilo-e2e-jNSxkS/workspace"}
[Kilo New][P0-Perf] {"corr":"b4e081ba-89cc-44bc-935b-893749b1d932","stage":"sse.event","t":1786783074341,"d":106839,"surface":"extension","span":"end","dur":0,"eventType":"session.updated.1","dir":"/private/var/folders/9v/733tfwtj2jvgwygmtrbwj9gm0000gn/T/kilo-e2e-jNSxkS/workspace"}
[Kilo New] ServerManager: ⚠️ CLI Server stderr: INFO  2026-08-15T08:37:54 +8ms service=model-cache providerID=apertis count=0 models fetched and cached
[Kilo New] ServerManager: ⚠️ CLI Server stderr: INFO  2026-08-15T08:37:56 +1734ms service=model-cache providerID=apertis refreshing models
[Kilo New] ServerManager: ⚠️ CLI Server stderr: INFO  2026-08-15T08:37:56 +8ms service=model-cache providerID=apertis count=0 models fetched and cached
[probe] PASS H-12 Redo All clears the backend checkpoint and the session stays idle
[probe] PASS H-12 edited bytes restored by Redo All
[probe] PASS H-12 RevertBanner gone after Redo All
[probe] PASS H-12 reverted turns re-shown in the transcript: transcript text present
[probe] PASS H-12 rollback lifecycle passed
[Kilo New] ServerManager: ⚠️ CLI Server stderr: INFO  2026-08-15T08:37:57 +1188ms service=model-cache providerID=apertis refreshing models
[Kilo New] ServerManager: ⚠️ CLI Server stderr: INFO  2026-08-15T08:37:57 +5ms service=model-cache providerID=apertis count=0 models fetched and cached
[Kilo New][P0-Perf] {"corr":"b4e081ba-89cc-44bc-935b-893749b1d932","stage":"sse.event","t":1786783077536,"d":110034,"surface":"extension","span":"start","eventType":"server.heartbeat"}
[Kilo New][P0-Perf] {"corr":"b4e081ba-89cc-44bc-935b-893749b1d932","stage":"sse.event","t":1786783077536,"d":110034,"surface":"extension","span":"end","dur":0,"eventType":"server.heartbeat"}
[probe] PIN EVIDENCE: [
  {
    "prompt": "E2E_TASK_DELEGATE: delegate one read-only sub-task that only replies with a fixed text string, wait for it, and report its reply verbatim",
    "expected": {
      "agent": "e2e-agent",
      "model": "e2e-local/e2e-model",
      "variant": "low"
    },
    "users": [
      {
        "id": "msg_00490a6cb0013dmkaK81GYaOFA",
        "agent": "e2e-agent",
        "model": "e2e-local/e2e-model/low",
        "pass": true
      }
    ]
  },
  {
    "prompt": "E2E_USER_TOOL: call the user-defined tool",
    "expected": {
      "agent": "e2e-agent",
      "model": "e2e-local/e2e-model",
      "variant": "low"
    },
    "users": [
      {
        "id": "msg_00490dbbe0013H1ihGUNpe53B5",
        "agent": "e2e-agent",
        "model": "e2e-local/e2e-model/low",
        "pass": true
      }
    ]
  },
  {
    "prompt": "E2E_SKILL: load the e2e skill",
    "expected": {
      "agent": "e2e-agent",
      "model": "e2e-local/e2e-model",
      "variant": "low"
    },
    "users": [
      {
        "id": "msg_00490fa55001e2ivEQnfi6RHKV",
        "agent": "e2e-agent",
        "model": "e2e-local/e2e-model/low",
        "pass": true
      }
    ]
  },
  {
    "prompt": "E2E_MCP_TOOL: call the mcp echo tool",
    "expected": {
      "agent": "e2e-agent",
      "model": "e2e-local/e2e-model",
      "variant": "low"
    },
    "users": [
      {
        "id": "msg_004911394001roC75sxzsq5SCO",
        "agent": "e2e-agent",
        "model": "e2e-local/e2e-model/low",
        "pass": true
      }
    ]
  },
  {
    "prompt": "E2E_PERMISSION_READ: read the ask.txt file",
    "expected": {
      "agent": "e2e-agent",
      "model": "e2e-local/e2e-model",
      "variant": "low"
    },
    "users": [
      {
        "id": "msg_004912b05001nXnkdYMuCumZ10",
        "agent": "e2e-agent",
        "model": "e2e-local/e2e-model/low",
        "pass": true
      }
    ]
  },
  {
    "prompt": "E2E_QUESTION: ask me a question",
    "expected": {
      "agent": "e2e-agent",
      "model": "e2e-local/e2e-model",
      "variant": "low"
    },
    "users": [
      {
        "id": "msg_0049156ac001ih1gWjGdxUyJcm",
        "agent": "e2e-agent",
        "model": "e2e-local/e2e-model/low",
        "pass": true
      }
    ]
  },
  {
    "prompt": "E2E_ROLLBACK_EDIT: edit the tracked file",
    "expected": {
      "agent": "e2e-agent",
      "model": "e2e-local/e2e-model",
      "variant": "low"
    },
    "users": [
      {
        "id": "msg_00491ae1a001ZPR49i4xojN6UJ",
        "agent": "e2e-agent",
        "model": "e2e-local/e2e-model/low",
        "pass": true
      }
    ]
  },
  {
    "prompt": "E2E_ROLLBACK_SUMMARY: summarize the edit",
    "expected": {
      "agent": "e2e-agent",
      "model": "e2e-local/e2e-model",
      "variant": "low"
    },
    "users": [
      {
        "id": "msg_00491d791001MQyTBgDEisjDZY",
        "agent": "e2e-agent",
        "model": "e2e-local/e2e-model/low",
        "pass": true
      }
    ]
  }
]
[probe] PASS real-completed-final: 17 generation request(s), all e2e-local/e2e-model (matrix={
  "total": 17,
  "runOwned": 17,
  "violations": [],
  "byModel": {
    "e2e-local/e2e-model": 17
  },
  "byAgent": {
    "title": 1,
    "e2e-agent": 15,
    "general": 1
  },
  "small": 1,
  "nonSmall": 16,
  "bySession": {
    "title-ses_ffb6f5921ffe7fqDtYuSdit3bS": 1,
    "ses_ffb6f5921ffe7fqDtYuSdit3bS": 15,
    "ses_ffb6f4a02ffehoL0gau0KztAZV": 1
  }
})
[probe] real-completed lifecycle passed
[probe] real-completed lifecycle assertion passed
[90m[main 2026-08-15T08:37:57.859Z][0m Extension host with pid 39063 exited with code: 0, signal: unknown.
Exit code:   0
[probe] VS Code exited (code 0)
[probe] evidence handoff: status=complete files=64 missing=0 malformed=0 validated=true
[probe] cleanup: no owned VS Code process remains
[probe] cleanup: CDP port 54777 released
[probe] cleanup: scratch dir removed: true
[probe] total elapsed: 138s
