$ KILO_E2E_SCENARIO=real-completed node script/e2e-probe-launch.mjs
[probe] scenarios: real-completed (real-completed)
[probe] Building extension + webview bundles via node esbuild.js
[watch] build started
[watch] build started
[watch] build started
[watch] build started
[watch] build started
[watch] build started
[watch] build started
[watch] build started
[watch] build finished
[watch] build finished
[watch] build finished
[watch] build finished
[watch] build finished
[watch] build finished
[watch] build finished
[watch] build finished
[probe] Build complete
[probe] fixture id: e2e-probe-b44fe52c
[probe] cdp port:   49588
[probe] scratch:    /var/folders/9v/733tfwtj2jvgwygmtrbwj9gm0000gn/T/kilo-e2e-8ANOTU
[probe] real-completed seed: /var/folders/9v/733tfwtj2jvgwygmtrbwj9gm0000gn/T/kilo-e2e-8ANOTU/workspace/.kilo/kilo.json (scripted model port 49589)
[probe] runner bundled: /var/folders/9v/733tfwtj2jvgwygmtrbwj9gm0000gn/T/kilo-e2e-8ANOTU/runner.cjs
[probe] VS Code executable: /Users/jorkeyliu/workspace/repos/kilocode/packages/kilo-vscode/.vscode-test/vscode-darwin-arm64-1.133.0/Visual Studio Code.app/Contents/MacOS/Code

DevTools listening on ws://127.0.0.1:49588/devtools/browser/0e69b17a-b857-4c32-9cc7-06e2d31565b1
Warning: 'remote-debugging-port' is not in the list of known options, but still passed to Electron/Chromium.
Warning: 'remote-allow-origins' is not in the list of known options, but still passed to Electron/Chromium.
[probe] CDP endpoint reachable, connecting Playwright
[90m[main 2026-08-15T07:36:42.442Z][0m StorageMainService: creating application shared storage
[90m[main 2026-08-15T07:36:42.657Z][0m [shared storage] Creating shared storage database at ':memory:' (wasCreated: true)
[90m[main 2026-08-15T07:36:42.660Z][0m [shared storage] Initializing fallback application storage (path: in-memory)
[90m[main 2026-08-15T07:36:42.903Z][0m [shared storage] Fallback application storage initialized with 3 items
[90m[main 2026-08-15T07:36:42.904Z][0m update#setState disabled
[90m[main 2026-08-15T07:36:42.904Z][0m update#ctor - updates are disabled by the environment
[AgentHost:renderer] Acquiring MessagePort to agent host...
2026-08-15 15:36:45.901 Code[34703:17494223] error messaging the mach port for IMKCFRunLoopWakeUpReliable
Started initializing default profile extensions in extensions installation folder. file:///var/folders/9v/733tfwtj2jvgwygmtrbwj9gm0000gn/T/kilo-e2e-8ANOTU/extensions
Completed initializing default profile extensions in extensions installation folder. file:///var/folders/9v/733tfwtj2jvgwygmtrbwj9gm0000gn/T/kilo-e2e-8ANOTU/extensions
[AccountPolicyGate] apply: state=inactive, reason=undefined, isRestricted=false
Loading development extension at /Users/jorkeyliu/workspace/repos/kilocode/packages/kilo-vscode
[vscode.mermaid-markdown-features]: Extension 'vscode.mermaid-markdown-features' CANNOT use 'legacyToolReferenceFullNames' without the 'chatParticipantPrivate' API proposal enabled
Settings Sync: Account status changed from uninitialized to unavailable
[90m[main 2026-08-15T07:36:47.304Z][0m AgentHostProcessManager: agent host started
[AgentHost:renderer] MessagePort acquired, creating client...
Started local extension host with pid 35450.
[AgentHost:renderer] Protocol connection established; clientId=488dedf3-531d-4bed-a0a4-9e800f8190ce
[91m[main 2026-08-15T07:36:48.517Z][0m [AgentHost:stderr] (node:35449) [DEP0169] DeprecationWarning: `url.parse()` behavior is not standardized and prone to errors that have security implications. Use the WHATWG URL API instead. CVEs are not issued for `url.parse()` vulnerabilities.
(Use `Code Helper --trace-deprecation ...` to show where the warning was created)

[AgentHost] No token resolved for resource: https://api.github.com
[AgentHost] No token resolved for resource: https://api.github.com
[AgentHost] No token resolved for resource: https://api.github.com
[AgentHost] No token resolved for resource: https://api.github.com
[AgentHost] No token resolved for resource: https://api.github.com
[AgentHost] No token resolved for resource: https://api.github.com
[AgentHost] No token resolved for resource: https://api.github.com
[AgentHost] No token resolved for resource: https://api.github.com
[AgentHost] No token resolved for resource: https://api.github.com
[AgentHost] No token resolved for resource: https://api.github.com
[AgentHost] No token resolved for resource: https://api.github.com
[AgentHost] No token resolved for resource: https://api.github.com
[AgentHost] No token resolved for resource: https://api.github.com
[AgentHost] No token resolved for resource: https://api.github.com
[AgentHost] No token resolved for resource: https://api.github.com
[AgentHost] No token resolved for resource: https://api.github.com
[AgentHost] No token resolved for resource: https://api.github.com/repos
[AgentHost] No token resolved for resource: https://api.github.com/repos
[AgentHost] No token resolved for resource: https://api.github.com/repos
[AgentHost] No token resolved for resource: https://api.github.com/repos
[AgentHost] No token resolved for resource: https://api.github.com/repos
[AgentHost] No token resolved for resource: https://api.github.com/repos
[AgentHost] No token resolved for resource: https://api.github.com/repos
[AgentHost] No token resolved for resource: https://api.github.com/repos
[AgentHost] No token resolved for resource: https://api.github.com/repos
[AgentHost] No token resolved for resource: https://api.github.com/repos
[AgentHost] No token resolved for resource: https://api.github.com/repos
[AgentHost] No token resolved for resource: https://api.github.com/repos
[AgentHost] No token resolved for resource: https://api.github.com/repos
[AgentHost] No token resolved for resource: https://api.github.com/repos
[AgentHost] No token resolved for resource: https://api.github.com/repos
[AgentHost] No token resolved for resource: https://api.github.com/repos
[AgentHost] No token resolved for resource: https://api.github.com
[AgentHost] No token resolved for resource: https://api.github.com
[AgentHost] No token resolved for resource: https://api.github.com
[AgentHost] No token resolved for resource: https://api.github.com
[AgentHost] No token resolved for resource: https://api.github.com
[AgentHost] No token resolved for resource: https://api.github.com
[AgentHost] No token resolved for resource: https://api.github.com
[AgentHost] No token resolved for resource: https://api.github.com
[AgentHost] No token resolved for resource: https://api.github.com
[AgentHost] No token resolved for resource: https://api.github.com
[AgentHost] No token resolved for resource: https://api.github.com
[AgentHost] No token resolved for resource: https://api.github.com
[AgentHost] No token resolved for resource: https://api.github.com
[AgentHost] No token resolved for resource: https://api.github.com
[AgentHost] No token resolved for resource: https://api.github.com
[AgentHost] No token resolved for resource: https://api.github.com
[AgentHost] No token resolved for resource: https://api.github.com/repos
[AgentHost] No token resolved for resource: https://api.github.com/repos
[AgentHost] No token resolved for resource: https://api.github.com/repos
[AgentHost] No token resolved for resource: https://api.github.com/repos
[AgentHost] No token resolved for resource: https://api.github.com/repos
[AgentHost] No token resolved for resource: https://api.github.com/repos
[AgentHost] No token resolved for resource: https://api.github.com/repos
[AgentHost] No token resolved for resource: https://api.github.com/repos
[AgentHost] No token resolved for resource: https://api.github.com/repos
[AgentHost] No token resolved for resource: https://api.github.com/repos
[AgentHost] No token resolved for resource: https://api.github.com/repos
[AgentHost] No token resolved for resource: https://api.github.com/repos
[AgentHost] No token resolved for resource: https://api.github.com/repos
[AgentHost] No token resolved for resource: https://api.github.com/repos
[AgentHost] No token resolved for resource: https://api.github.com/repos
[AgentHost] No token resolved for resource: https://api.github.com/repos
Kilo Code extension is now active
[Kilo New][P0-Perf] {"corr":"bb5b4eac-1b57-444d-898b-935dcdf9b4f6","stage":"activate.start","t":1786779409157,"d":0,"surface":"extension"}
[Kilo New][P0-Perf] {"corr":"bb5b4eac-1b57-444d-898b-935dcdf9b4f6","stage":"connect.start","t":1786779409165,"d":8,"surface":"extension"}
[Kilo New] ServerManager: 🔍 getServer called
[Kilo New] ServerManager: 🚀 Starting new server instance...
[Kilo New] ServerManager: 📦 Using CLI path: /Users/jorkeyliu/workspace/repos/kilocode/packages/kilo-vscode/bin/kilo
[Kilo New] ServerManager: 📍 CLI path: /Users/jorkeyliu/workspace/repos/kilocode/packages/kilo-vscode/bin/kilo
[Kilo New] ServerManager: 🔐 Generated password (length): 64
[Kilo New] ServerManager: 📄 CLI isFile: true
[Kilo New] ServerManager: 📄 CLI mode (octal): 755
[Kilo New] ServerManager: 🎬 Spawning CLI process: /Users/jorkeyliu/workspace/repos/kilocode/packages/kilo-vscode/bin/kilo [ 'serve', '--port', '0' ]
[Kilo New][P0-Perf] {"corr":"bb5b4eac-1b57-444d-898b-935dcdf9b4f6","stage":"spawn.start","t":1786779409167,"d":10,"surface":"extension"}
[Kilo New] ServerManager: 📦 Process spawned with PID: 35875
[Kilo New][P0-Perf] {"corr":"bb5b4eac-1b57-444d-898b-935dcdf9b4f6","stage":"spawn.done","t":1786779409174,"d":17,"surface":"extension","pid":35875}
[Kilo New][P0-Perf] {"corr":"bb5b4eac-1b57-444d-898b-935dcdf9b4f6","stage":"activate.done","t":1786779409183,"d":26,"surface":"extension"}
[telemetry] Agent Manager Opened { source: 'agent-manager' }
[Kilo New] KiloProvider: 🔧 Starting initializeConnection...
Unknown channel: agentHostClientProxy
Unknown channel: agentHostClientProxy
(node:35450) [DEP0169] DeprecationWarning: `url.parse()` behavior is not standardized and prone to errors that have security implications. Use the WHATWG URL API instead. CVEs are not issued for `url.parse()` vulnerabilities.
(Use `Code Helper (Plugin) --trace-deprecation ...` to show where the warning was created)
[Kilo New][P0-Perf] {"corr":"bb5b4eac-1b57-444d-898b-935dcdf9b4f6","stage":"webview.load","t":1786779410869,"d":1712,"surface":"webview","wd":224}
[Kilo New][P0-Perf] {"corr":"bb5b4eac-1b57-444d-898b-935dcdf9b4f6","stage":"webview.mount","t":1786779410905,"d":1748,"surface":"webview","wd":260}
[AccountPolicyGate] apply: state=inactive, reason=undefined, isRestricted=false
Unknown channel: agentHostClientProxy
[Kilo New] KiloProvider: ✅ webviewReady received
[Kilo New][P0-Perf] {"corr":"bb5b4eac-1b57-444d-898b-935dcdf9b4f6","stage":"webview.ready","t":1786779411905,"d":2748,"surface":"extension"}
[Kilo New] KiloProvider: 🔄 syncWebviewState() {
  reason: 'webviewReady',
  isWebviewReady: true,
  connectionState: 'connecting',
  hasClient: false,
  hasServerInfo: false
}
[Kilo New][P0-Perf] {"corr":"bb5b4eac-1b57-444d-898b-935dcdf9b4f6","stage":"webview.render","t":1786779411992,"d":2835,"surface":"webview","wd":1347}
[Kilo New][P0-Perf] {"corr":"bb5b4eac-1b57-444d-898b-935dcdf9b4f6","stage":"webview.paint","t":1786779412077,"d":2920,"surface":"webview","wd":1432}
[Kilo New] ServerManager: ⚠️ CLI Server stderr: INFO  2026-08-15T07:36:53 +146ms service=p0-perf event=p0.start stage=app_layer_define ts=1786779413972 app_layer_define
[Kilo New] ServerManager: ⚠️ CLI Server stderr: INFO  2026-08-15T07:36:53 +1ms service=p0-perf event=p0.end stage=app_layer_define ts=1786779413974 duration=2 app_layer_define
[Kilo New] ServerManager: ⚠️ CLI Server stderr: INFO  2026-08-15T07:36:53 +0ms service=p0-perf event=p0.start stage=app_runtime_make ts=1786779413974 app_runtime_make
[Kilo New] ServerManager: ⚠️ CLI Server stderr: INFO  2026-08-15T07:36:53 +0ms service=p0-perf event=p0.end stage=app_runtime_make ts=1786779413974 duration=0 app_runtime_make
[Kilo New] ServerManager: ⚠️ CLI Server stderr: INFO  2026-08-15T07:36:54 +62ms service=default version=0.0.0-jorkey-refactor-vscode-agent-orchestrator-202608141823 args=["serve","--port","0","--print-logs"] process_role=main run_id=bef49d26-7790-423f-a34e-14a8c8b2cb15 opencode
[Kilo New] ServerManager: ⚠️ CLI Server stderr: Performing one time database migration, may take a few minutes...
[Kilo New] ServerManager: ⚠️ CLI Server stderr: INFO  2026-08-15T07:36:54 +176ms service=json-migration storage directory does not exist, skipping migration
[Kilo New] ServerManager: ⚠️ CLI Server stderr: sqlite-migration:done
[Kilo New] ServerManager: ⚠️ CLI Server stderr: Database migration complete.
[Kilo New] ServerManager: ⚠️ CLI Server stderr: INFO  2026-08-15T07:36:54 +339ms service=config path=/var/folders/9v/733tfwtj2jvgwygmtrbwj9gm0000gn/T/kilo-e2e-8ANOTU/xdg-config/kilo/config.json loading
[Kilo New] ServerManager: ⚠️ CLI Server stderr: INFO  2026-08-15T07:36:54 +1ms service=config path=/var/folders/9v/733tfwtj2jvgwygmtrbwj9gm0000gn/T/kilo-e2e-8ANOTU/xdg-config/kilo/kilo.json loading
[Kilo New] ServerManager: ⚠️ CLI Server stderr: INFO  2026-08-15T07:36:54 +1ms service=config path=/var/folders/9v/733tfwtj2jvgwygmtrbwj9gm0000gn/T/kilo-e2e-8ANOTU/xdg-config/kilo/kilo.jsonc loading
[Kilo New] ServerManager: ⚠️ CLI Server stderr: INFO  2026-08-15T07:36:54 +18ms service=config path=/var/folders/9v/733tfwtj2jvgwygmtrbwj9gm0000gn/T/kilo-e2e-8ANOTU/xdg-config/kilo/opencode.json loading
[Kilo New] ServerManager: ⚠️ CLI Server stderr: INFO  2026-08-15T07:36:54 +1ms service=config path=/var/folders/9v/733tfwtj2jvgwygmtrbwj9gm0000gn/T/kilo-e2e-8ANOTU/xdg-config/kilo/opencode.jsonc loading
[Kilo New] ServerManager: ⚠️ CLI Server stderr: INFO  2026-08-15T07:36:54 +20ms service=p0-perf event=p0.mark stage=serve_cli_entry ts=1786779414592 id=35875 serve_cli_entry
[Kilo New] ServerManager: ⚠️ CLI Server stderr: INFO  2026-08-15T07:36:54 +149ms service=p0-perf event=p0.start stage=listener ts=1786779414741 id=127.0.0.1:0 listener
[Kilo New] ServerManager: ⚠️ CLI Server stderr: INFO  2026-08-15T07:36:55 +578ms service=p0-perf event=p0.end stage=listener ts=1786779415319 duration=579 id=127.0.0.1:0 meta={"hostname":"127.0.0.1","port":49631} listener
[Kilo New] ServerManager: 📥 CLI Server stdout: kilo server listening on http://127.0.0.1:49631

[Kilo New] ServerManager: 🎯 Port detected: 49631
[Kilo New][P0-Perf] {"corr":"bb5b4eac-1b57-444d-898b-935dcdf9b4f6","stage":"port.detected","t":1786779415322,"d":6165,"surface":"extension","port":49631}
[Kilo New] ServerManager: ✅ Server started successfully: { port: 49631 }
[Kilo New] SSE: 🔌 connect() called
[Kilo New][P0-Perf] {"corr":"bb5b4eac-1b57-444d-898b-935dcdf9b4f6","stage":"sse.connect","t":1786779415323,"d":6166,"surface":"extension"}
[Kilo New] SSE: 🔄 Setting state to "connecting"
[Kilo New] SSE: 🎬 Calling SDK global.event()...
[Kilo New] SSE: ⏳ Waiting for first stream event
[Kilo New] ServerManager: ⚠️ CLI Server stderr: INFO  2026-08-15T07:36:55 +3ms service=parent-watchdog parent=35450 ppid=35450 intervalMs=1000 watching parent process
[Kilo New] ServerManager: ⚠️ CLI Server stderr: INFO  2026-08-15T07:36:55 +90ms service=server global event connected
[Kilo New] SSE: ✅ Stream opened successfully
[Kilo New][P0-Perf] {"corr":"bb5b4eac-1b57-444d-898b-935dcdf9b4f6","stage":"sse.connected","t":1786779415447,"d":6290,"surface":"extension"}
[Kilo New] CLI connected, calling remoteService.refresh()
[Kilo New][P0-Perf] {"corr":"bb5b4eac-1b57-444d-898b-935dcdf9b4f6","stage":"sse.event","t":1786779415452,"d":6295,"surface":"extension","span":"start","eventType":"server.connected"}
[Kilo New][P0-Perf] {"corr":"bb5b4eac-1b57-444d-898b-935dcdf9b4f6","stage":"sse.event","t":1786779415452,"d":6295,"surface":"extension","span":"end","dur":0,"eventType":"server.connected"}
[Kilo New] KiloProvider: checking config warnings {
  from: 'init',
  dir: '/var/folders/9v/733tfwtj2jvgwygmtrbwj9gm0000gn/T/kilo-e2e-8ANOTU/workspace'
}
[Kilo New] KiloProvider: 🔄 syncWebviewState() {
  reason: 'initializeConnection',
  isWebviewReady: true,
  connectionState: 'connected',
  hasClient: true,
  hasServerInfo: true
}
[Kilo New] KiloProvider: 👤 syncWebviewState fetching profile...
[Kilo New] KiloProvider: 🔄 Flushing deferred sessions refresh { reason: 'refreshSessions' }
[Kilo New] ServerManager: ⚠️ CLI Server stderr: INFO  2026-08-15T07:36:55 +136ms service=default directory=/private/var/folders/9v/733tfwtj2jvgwygmtrbwj9gm0000gn/T/kilo-e2e-8ANOTU/workspace creating instance
[Kilo New] ServerManager: ⚠️ CLI Server stderr: INFO  2026-08-15T07:36:55 +3ms service=project directory=/private/var/folders/9v/733tfwtj2jvgwygmtrbwj9gm0000gn/T/kilo-e2e-8ANOTU/workspace fromDirectory
[Kilo New][P0-Perf] {"corr":"bb5b4eac-1b57-444d-898b-935dcdf9b4f6","stage":"sse.event","t":1786779415871,"d":6714,"surface":"extension","span":"start","eventType":"project.updated","dir":"global"}
[Kilo New][P0-Perf] {"corr":"bb5b4eac-1b57-444d-898b-935dcdf9b4f6","stage":"sse.event","t":1786779415873,"d":6716,"surface":"extension","span":"end","dur":2,"eventType":"project.updated","dir":"global"}
[Kilo New] ServerManager: ⚠️ CLI Server stderr: INFO  2026-08-15T07:36:55 +322ms service=p0-perf event=p0.start stage=instance_bootstrap ts=1786779415873 dir=/private/var/folders/9v/733tfwtj2jvgwygmtrbwj9gm0000gn/T/kilo-e2e-8ANOTU/workspace instance_bootstrap
[Kilo New] ServerManager: ⚠️ CLI Server stderr: INFO  2026-08-15T07:36:55 +12ms service=p0-perf event=p0.start stage=config_load ts=1786779415885 dir=/private/var/folders/9v/733tfwtj2jvgwygmtrbwj9gm0000gn/T/kilo-e2e-8ANOTU/workspace config_load
[Kilo New] ServerManager: ⚠️ CLI Server stderr: INFO  2026-08-15T07:36:55 +63ms service=config path=/var/folders/9v/733tfwtj2jvgwygmtrbwj9gm0000gn/T/kilo-e2e-8ANOTU/xdg-config/kilo/config.json loading
[Kilo New] ServerManager: ⚠️ CLI Server stderr: INFO  2026-08-15T07:36:55 +19ms service=config path=/var/folders/9v/733tfwtj2jvgwygmtrbwj9gm0000gn/T/kilo-e2e-8ANOTU/xdg-config/kilo/kilo.json loading
[Kilo New] ServerManager: ⚠️ CLI Server stderr: INFO  2026-08-15T07:36:55 +0ms service=config path=/var/folders/9v/733tfwtj2jvgwygmtrbwj9gm0000gn/T/kilo-e2e-8ANOTU/xdg-config/kilo/kilo.jsonc loading
[Kilo New] ServerManager: ⚠️ CLI Server stderr: INFO  2026-08-15T07:36:55 +1ms service=config path=/var/folders/9v/733tfwtj2jvgwygmtrbwj9gm0000gn/T/kilo-e2e-8ANOTU/xdg-config/kilo/opencode.json loading
[Kilo New] ServerManager: ⚠️ CLI Server stderr: INFO  2026-08-15T07:36:55 +1ms service=config path=/var/folders/9v/733tfwtj2jvgwygmtrbwj9gm0000gn/T/kilo-e2e-8ANOTU/xdg-config/kilo/opencode.jsonc loading
[Kilo New] ServerManager: ⚠️ CLI Server stderr: INFO  2026-08-15T07:36:56 +657ms service=config path=/private/var/folders/9v/733tfwtj2jvgwygmtrbwj9gm0000gn/T/kilo-e2e-8ANOTU/workspace/.kilo/kilo.jsonc loading
[Kilo New] ServerManager: ⚠️ CLI Server stderr: INFO  2026-08-15T07:36:56 +10ms service=config path=/private/var/folders/9v/733tfwtj2jvgwygmtrbwj9gm0000gn/T/kilo-e2e-8ANOTU/workspace/.kilo/kilo.json loading
[Kilo New] ServerManager: ⚠️ CLI Server stderr: INFO  2026-08-15T07:36:56 +34ms service=config path=/private/var/folders/9v/733tfwtj2jvgwygmtrbwj9gm0000gn/T/kilo-e2e-8ANOTU/workspace/.kilo/opencode.jsonc loading
[Kilo New] ServerManager: ⚠️ CLI Server stderr: INFO  2026-08-15T07:36:56 +2ms service=config path=/private/var/folders/9v/733tfwtj2jvgwygmtrbwj9gm0000gn/T/kilo-e2e-8ANOTU/workspace/.kilo/opencode.json loading
[Kilo New] ServerManager: ⚠️ CLI Server stderr: INFO  2026-08-15T07:36:56 +13ms service=config path=/Users/jorkeyliu/.kilo/kilo.jsonc loading
[Kilo New] ServerManager: ⚠️ CLI Server stderr: INFO  2026-08-15T07:36:56 +1ms service=config path=/Users/jorkeyliu/.kilo/kilo.json loading
[Kilo New] ServerManager: ⚠️ CLI Server stderr: INFO  2026-08-15T07:36:56 +9ms service=config path=/Users/jorkeyliu/.kilo/opencode.jsonc loading
[Kilo New] ServerManager: ⚠️ CLI Server stderr: INFO  2026-08-15T07:36:56 +0ms service=config path=/Users/jorkeyliu/.kilo/opencode.json loading
[Kilo New] ServerManager: ⚠️ CLI Server stderr: INFO  2026-08-15T07:36:56 +38ms service=p0-perf event=p0.end stage=config_load ts=1786779416733 duration=848 dir=/private/var/folders/9v/733tfwtj2jvgwygmtrbwj9gm0000gn/T/kilo-e2e-8ANOTU/workspace config_load
[Kilo New] ServerManager: ⚠️ CLI Server stderr: INFO  2026-08-15T07:36:56 +16ms service=plugin name=SH6 loading internal plugin
[Kilo New] ServerManager: ⚠️ CLI Server stderr: INFO  2026-08-15T07:36:56 +1ms service=plugin name=Fo6 loading internal plugin
[Kilo New] ServerManager: ⚠️ CLI Server stderr: INFO  2026-08-15T07:36:56 +1ms service=plugin name=fW_ loading internal plugin
[Kilo New] ServerManager: ⚠️ CLI Server stderr: INFO  2026-08-15T07:36:56 +1ms service=plugin name= loading internal plugin
[Kilo New] ServerManager: ⚠️ CLI Server stderr: INFO  2026-08-15T07:36:56 +0ms service=plugin name=SF_ loading internal plugin
[Kilo New] ServerManager: ⚠️ CLI Server stderr: INFO  2026-08-15T07:36:56 +1ms service=plugin name=nX_ loading internal plugin
[Kilo New] ServerManager: ⚠️ CLI Server stderr: INFO  2026-08-15T07:36:56 +1ms service=plugin name=yW1 loading internal plugin
[Kilo New] ServerManager: ⚠️ CLI Server stderr: INFO  2026-08-15T07:36:56 +1ms service=plugin name=_K_ loading internal plugin
[Kilo New] ServerManager: ⚠️ CLI Server stderr: INFO  2026-08-15T07:36:56 +1ms service=plugin name=qK_ loading internal plugin
[Kilo New] ServerManager: ⚠️ CLI Server stderr: INFO  2026-08-15T07:36:56 +0ms service=plugin name=TK_ loading internal plugin
[Kilo New] ServerManager: ⚠️ CLI Server stderr: INFO  2026-08-15T07:36:56 +0ms service=plugin name=RK_ loading internal plugin
[Kilo New] ServerManager: ⚠️ CLI Server stderr: INFO  2026-08-15T07:36:56 +1ms service=plugin name=WK_ loading internal plugin
[Kilo New] ServerManager: ⚠️ CLI Server stderr: INFO  2026-08-15T07:36:56 +11ms service=bus type=session.turn.open subscribing
[Kilo New] ServerManager: ⚠️ CLI Server stderr: INFO  2026-08-15T07:36:56 +2ms service=bus type=session.turn.close subscribing
[Kilo New] ServerManager: ⚠️ CLI Server stderr: INFO  2026-08-15T07:36:56 +0ms service=bus type=memory.status subscribing
[Kilo New] ServerManager: ⚠️ CLI Server stderr: INFO  2026-08-15T07:36:56 +0ms service=bus type=memory.updated subscribing
[Kilo New] ServerManager: ⚠️ CLI Server stderr: INFO  2026-08-15T07:36:56 +10ms service=lsp all LSPs are disabled
[Kilo New] ServerManager: ⚠️ CLI Server stderr: INFO  2026-08-15T07:36:56 +1ms service=format all formatters are disabled
[Kilo New] ServerManager: ⚠️ CLI Server stderr: INFO  2026-08-15T07:36:56 +0ms service=format init
[Kilo New] ServerManager: ⚠️ CLI Server stderr: INFO  2026-08-15T07:36:56 +0ms service=p0-perf event=p0.end stage=instance_bootstrap ts=1786779416781 duration=908 dir=/private/var/folders/9v/733tfwtj2jvgwygmtrbwj9gm0000gn/T/kilo-e2e-8ANOTU/workspace instance_bootstrap
[Kilo New] KiloProvider: config warnings fetched { from: 'init', count: 0 }
[Kilo New] KiloProvider: 👤 syncWebviewState profile: null
[Kilo New] ServerManager: ⚠️ CLI Server stderr: INFO  2026-08-15T07:36:57 +326ms service=vcs branch=main default_branch=main initialized
[Kilo New] KiloProvider: 🔄 Flushing deferred sessions refresh { reason: 'initializeConnection' }
[Kilo New][P0-Perf] {"corr":"bb5b4eac-1b57-444d-898b-935dcdf9b4f6","stage":"dataReady.start","t":1786779417154,"d":7997,"surface":"extension"}
[probe] runner ready, plan: source=e2e-probe-b44fe52c-A sibling=e2e-probe-b44fe52c-B child=e2e-probe-b44fe52c-C variant=e2e-probe-b44fe52c-D tabA=e2e-probe-b44fe52c-TA tabB=e2e-probe-b44fe52c-TB tabC=e2e-probe-b44fe52c-TC topicRoot=e2e-probe-b44fe52c-T1 topicChild=e2e-probe-b44fe52c-T1C topicSibling=e2e-probe-b44fe52c-T2 realAgent=e2e-agent realAgentB=e2e-agent-b realModel=e2e-local/e2e-model
[Kilo New] ServerManager: ⚠️ CLI Server stderr: INFO  2026-08-15T07:36:57 +202ms service=p0-perf event=p0.start stage=config_load ts=1786779417309 dir=/private/var/folders/9v/733tfwtj2jvgwygmtrbwj9gm0000gn/T/kilo-e2e-8ANOTU/workspace config_load
[Kilo New] ServerManager: ⚠️ CLI Server stderr: INFO  2026-08-15T07:36:57 +58ms service=model-cache providerID=kilo fetching models
[Kilo New] ServerManager: ⚠️ CLI Server stderr: INFO  2026-08-15T07:36:57 +77ms service=mcp key=e2e-fixture type=local found
[Kilo New] ServerManager: ⚠️ CLI Server stderr: INFO  2026-08-15T07:36:58 +708ms service=mcp key=e2e-fixture toolCount=1 create() successfully created client
[Kilo New] ServerManager: ⚠️ CLI Server stderr: INFO  2026-08-15T07:36:58 +21ms service=skill count=6 init
[Kilo New] ServerManager: ⚠️ CLI Server stderr: INFO  2026-08-15T07:36:58 +53ms service=config path=/private/var/folders/9v/733tfwtj2jvgwygmtrbwj9gm0000gn/T/kilo-e2e-8ANOTU/workspace/.kilo/kilo.jsonc loading
[Kilo New] ServerManager: ⚠️ CLI Server stderr: ERROR 2026-08-15T07:36:58 +9ms service=mcp clientName=e2e-fixture error=MCP error -32601: Method not found failed to get prompts
[Kilo New] ServerManager: ⚠️ CLI Server stderr: WARN  2026-08-15T07:36:58 +41ms service=config dir=/var/folders/9v/733tfwtj2jvgwygmtrbwj9gm0000gn/T/kilo-e2e-8ANOTU/xdg-config/kilo error=Cause([Fail(NpmInstallFailedError (cause: @kilocode/plugin: No matching version found for @kilocode/plugin@0.0.0-jorkey-refactor-vscode-agent-orchestrator-202608141823.))]) background dependency install failed
[Kilo New] ServerManager: ⚠️ CLI Server stderr: INFO  2026-08-15T07:36:58 +1ms service=config path=/private/var/folders/9v/733tfwtj2jvgwygmtrbwj9gm0000gn/T/kilo-e2e-8ANOTU/workspace/.kilo/kilo.json loading
[Kilo New] ServerManager: ⚠️ CLI Server stderr: INFO  2026-08-15T07:36:58 +3ms service=config path=/private/var/folders/9v/733tfwtj2jvgwygmtrbwj9gm0000gn/T/kilo-e2e-8ANOTU/workspace/.kilo/opencode.jsonc loading
[Kilo New] ServerManager: ⚠️ CLI Server stderr: INFO  2026-08-15T07:36:58 +1ms service=config path=/private/var/folders/9v/733tfwtj2jvgwygmtrbwj9gm0000gn/T/kilo-e2e-8ANOTU/workspace/.kilo/opencode.json loading
[Kilo New] ServerManager: ⚠️ CLI Server stderr: INFO  2026-08-15T07:36:58 +26ms service=config path=/Users/jorkeyliu/.kilo/kilo.jsonc loading
[Kilo New] ServerManager: ⚠️ CLI Server stderr: INFO  2026-08-15T07:36:58 +1ms service=config path=/Users/jorkeyliu/.kilo/kilo.json loading
[Kilo New] ServerManager: ⚠️ CLI Server stderr: INFO  2026-08-15T07:36:58 +71ms service=config path=/Users/jorkeyliu/.kilo/opencode.jsonc loading
[Kilo New] ServerManager: ⚠️ CLI Server stderr: INFO  2026-08-15T07:36:58 +18ms service=config path=/Users/jorkeyliu/.kilo/opencode.json loading
[Kilo New] ServerManager: ⚠️ CLI Server stderr: INFO  2026-08-15T07:36:58 +10ms service=p0-perf event=p0.end stage=config_load ts=1786779418407 duration=1099 dir=/private/var/folders/9v/733tfwtj2jvgwygmtrbwj9gm0000gn/T/kilo-e2e-8ANOTU/workspace config_load
[Kilo New] ServerManager: ⚠️ CLI Server stderr: INFO  2026-08-15T07:36:58 +1ms service=kilocode-indexing workspacePath=/private/var/folders/9v/733tfwtj2jvgwygmtrbwj9gm0000gn/T/kilo-e2e-8ANOTU/workspace initializing project indexing
[Kilo New] ServerManager: ⚠️ CLI Server stderr: INFO  2026-08-15T07:36:58 +11ms service=bus type=indexing.status publishing
[Kilo New] ServerManager: ⚠️ CLI Server stderr: INFO  2026-08-15T07:36:58 +4ms service=bus type=indexing.status publishing
[Kilo New][P0-Perf] {"corr":"bb5b4eac-1b57-444d-898b-935dcdf9b4f6","stage":"sse.event","t":1786779418428,"d":9271,"surface":"extension","span":"start","eventType":"indexing.status","dir":"/private/var/folders/9v/733tfwtj2jvgwygmtrbwj9gm0000gn/T/kilo-e2e-8ANOTU/workspace"}
[Kilo New][P0-Perf] {"corr":"bb5b4eac-1b57-444d-898b-935dcdf9b4f6","stage":"sse.event","t":1786779418428,"d":9271,"surface":"extension","span":"end","dur":0,"eventType":"indexing.status","dir":"/private/var/folders/9v/733tfwtj2jvgwygmtrbwj9gm0000gn/T/kilo-e2e-8ANOTU/workspace"}
[Kilo New][P0-Perf] {"corr":"bb5b4eac-1b57-444d-898b-935dcdf9b4f6","stage":"sse.event","t":1786779418428,"d":9271,"surface":"extension","span":"start","eventType":"indexing.status","dir":"/private/var/folders/9v/733tfwtj2jvgwygmtrbwj9gm0000gn/T/kilo-e2e-8ANOTU/workspace"}
[Kilo New][P0-Perf] {"corr":"bb5b4eac-1b57-444d-898b-935dcdf9b4f6","stage":"sse.event","t":1786779418429,"d":9272,"surface":"extension","span":"end","dur":1,"eventType":"indexing.status","dir":"/private/var/folders/9v/733tfwtj2jvgwygmtrbwj9gm0000gn/T/kilo-e2e-8ANOTU/workspace"}
[probe] PASS custom agent served in ModeSwitcher: "E2E Agent"
[Kilo New] ServerManager: ⚠️ CLI Server stderr: INFO  2026-08-15T07:36:58 +235ms service=model-cache providerID=kilo count=291 models fetched and cached
[Kilo New] ServerManager: ⚠️ CLI Server stderr: INFO  2026-08-15T07:36:58 +3ms service=model-cache providerID=apertis fetching models
[Kilo New] ServerManager: ⚠️ CLI Server stderr: INFO  2026-08-15T07:36:58 +9ms service=model-cache providerID=apertis count=0 models fetched and cached
[Kilo New] ServerManager: ⚠️ CLI Server stderr: INFO  2026-08-15T07:36:58 +16ms service=provider status=started state
[Kilo New] ServerManager: ⚠️ CLI Server stderr: INFO  2026-08-15T07:36:58 +1ms service=p0-perf event=p0.start stage=provider_state_init ts=1786779418687 dir=/private/var/folders/9v/733tfwtj2jvgwygmtrbwj9gm0000gn/T/kilo-e2e-8ANOTU/workspace provider_state_init
[Kilo New] ServerManager: ⚠️ CLI Server stderr: INFO  2026-08-15T07:36:58 +16ms service=model-cache providerID=apertis refreshing models
[probe] picked "E2E Agent" from agent picker
[probe] PASS custom agent selected: "E2E Agent"
[Kilo New] ServerManager: ⚠️ CLI Server stderr: INFO  2026-08-15T07:36:59 +700ms service=provider init
[Kilo New] ServerManager: ⚠️ CLI Server stderr: INFO  2026-08-15T07:36:59 +1ms service=model-cache providerID=apertis refreshing models
[Kilo New] ServerManager: ⚠️ CLI Server stderr: INFO  2026-08-15T07:36:59 +18ms service=model-cache providerID=apertis count=0 models fetched and cached
[Kilo New] ServerManager: ⚠️ CLI Server stderr: WARN  2026-08-15T07:36:59 +108ms service=config dir=/var/folders/9v/733tfwtj2jvgwygmtrbwj9gm0000gn/T/kilo-e2e-8ANOTU/xdg-config/kilo error=Cause([Fail(NpmInstallFailedError (cause: @kilocode/plugin: No matching version found for @kilocode/plugin@0.0.0-jorkey-refactor-vscode-agent-orchestrator-202608141823.))]) background dependency install failed
[Kilo New] ServerManager: ⚠️ CLI Server stderr: ERROR 2026-08-15T07:36:59 +11ms service=provider Provider does not exist in model list github-copilot-enterprise
[Kilo New] ServerManager: ⚠️ CLI Server stderr: INFO  2026-08-15T07:36:59 +1ms service=provider providerID=kilo found
[Kilo New] ServerManager: ⚠️ CLI Server stderr: INFO  2026-08-15T07:36:59 +0ms service=provider providerID=e2e-local found
[Kilo New] ServerManager: ⚠️ CLI Server stderr: INFO  2026-08-15T07:36:59 +0ms service=p0-perf event=p0.end stage=provider_state_init ts=1786779419542 duration=855 dir=/private/var/folders/9v/733tfwtj2jvgwygmtrbwj9gm0000gn/T/kilo-e2e-8ANOTU/workspace provider_state_init
[Kilo New] ServerManager: ⚠️ CLI Server stderr: INFO  2026-08-15T07:36:59 +0ms service=provider status=completed duration=856 state
[Kilo New][P0-Perf] {"corr":"bb5b4eac-1b57-444d-898b-935dcdf9b4f6","stage":"dataReady.done","t":1786779421901,"d":12744,"surface":"extension"}
[Kilo New] KiloProvider: ✅ initializeConnection completed successfully
[probe] picked "Low" from variant picker
[probe] PASS variant Low selected: "Low"
[probe] PASS custom model visibly selected: "E2E Local / E2E Model"
[probe] sent prompt via real prompt input: E2E_TASK_DELEGATE: delegate one read-only sub-task that only replies with a fixed text string, wait for it, and report its reply verbatim
[Kilo New] ServerManager: ⚠️ CLI Server stderr: INFO  2026-08-15T07:37:05 +5634ms service=session id=ses_ffba5a668ffeP77RqCa6WauoqE slug=misty-meadow version=0.0.0-jorkey-refactor-vscode-agent-orchestrator-202608141823 projectID=4d5c11ef39f7bccd8f64aa9c9ec14e4525f1d947 directory=/private/var/folders/9v/733tfwtj2jvgwygmtrbwj9gm0000gn/T/kilo-e2e-8ANOTU/workspace path= title=New session - 2026-08-15T07:37:05.175Z metadata={"kilocode.sandbox":{"enabled":false,"version":0}} cost=0 tokens={"input":0,"output":0,"reasoning":0,"cache":{"read":0,"write":0}} time={"created":1786779425175,"updated":1786779425175} created
[Kilo New] ServerManager: ⚠️ CLI Server stderr: INFO  2026-08-15T07:37:05 +99ms service=kilo-sessions sessionId=ses_ffba5a668ffeP77RqCa6WauoqE session bootstrap skipped: no client
[Kilo New][P0-Perf] {"corr":"bb5b4eac-1b57-444d-898b-935dcdf9b4f6","stage":"sse.event","t":1786779425293,"d":16136,"surface":"extension","span":"start","eventType":"session.created","dir":"/private/var/folders/9v/733tfwtj2jvgwygmtrbwj9gm0000gn/T/kilo-e2e-8ANOTU/workspace"}
[Kilo New][P0-Perf] {"corr":"bb5b4eac-1b57-444d-898b-935dcdf9b4f6","stage":"sse.event","t":1786779425295,"d":16138,"surface":"extension","span":"end","dur":2,"eventType":"session.created","dir":"/private/var/folders/9v/733tfwtj2jvgwygmtrbwj9gm0000gn/T/kilo-e2e-8ANOTU/workspace"}
[Kilo New][P0-Perf] {"corr":"bb5b4eac-1b57-444d-898b-935dcdf9b4f6","stage":"sse.event","t":1786779425295,"d":16138,"surface":"extension","span":"start","eventType":"session.created.1","dir":"/private/var/folders/9v/733tfwtj2jvgwygmtrbwj9gm0000gn/T/kilo-e2e-8ANOTU/workspace"}
[Kilo New][P0-Perf] {"corr":"bb5b4eac-1b57-444d-898b-935dcdf9b4f6","stage":"sse.event","t":1786779425296,"d":16139,"surface":"extension","span":"end","dur":1,"eventType":"session.created.1","dir":"/private/var/folders/9v/733tfwtj2jvgwygmtrbwj9gm0000gn/T/kilo-e2e-8ANOTU/workspace"}
[Kilo New][P0-Perf] {"corr":"bb5b4eac-1b57-444d-898b-935dcdf9b4f6","stage":"prompt.submit","t":1786779425636,"d":16479,"surface":"extension","sessionID":"ses_ffba5a668ffeP77RqCa6WauoqE","messageID":"msg_0045a5947001ATE7cWvF2GvcmJ","draftID":"pending:a0859422-9f20-4c94-bfd0-80912fbe92c7","dir":"/var/folders/9v/733tfwtj2jvgwygmtrbwj9gm0000gn/T/kilo-e2e-8ANOTU/workspace"}
[Kilo New][P0-Perf] {"corr":"bb5b4eac-1b57-444d-898b-935dcdf9b4f6","stage":"sse.event","t":1786779425724,"d":16567,"surface":"extension","span":"start","eventType":"server.heartbeat"}
[Kilo New][P0-Perf] {"corr":"bb5b4eac-1b57-444d-898b-935dcdf9b4f6","stage":"sse.event","t":1786779425724,"d":16567,"surface":"extension","span":"end","dur":0,"eventType":"server.heartbeat"}
[Kilo New][P0-Perf] {"corr":"bb5b4eac-1b57-444d-898b-935dcdf9b4f6","stage":"sse.event","t":1786779425959,"d":16802,"surface":"extension","span":"start","eventType":"session.next.agent.switched","dir":"/private/var/folders/9v/733tfwtj2jvgwygmtrbwj9gm0000gn/T/kilo-e2e-8ANOTU/workspace"}
[Kilo New][P0-Perf] {"corr":"bb5b4eac-1b57-444d-898b-935dcdf9b4f6","stage":"sse.event","t":1786779425959,"d":16802,"surface":"extension","span":"end","dur":0,"eventType":"session.next.agent.switched","dir":"/private/var/folders/9v/733tfwtj2jvgwygmtrbwj9gm0000gn/T/kilo-e2e-8ANOTU/workspace"}
[Kilo New][P0-Perf] {"corr":"bb5b4eac-1b57-444d-898b-935dcdf9b4f6","stage":"sse.event","t":1786779425960,"d":16803,"surface":"extension","span":"start","eventType":"session.next.agent.switched.1","dir":"/private/var/folders/9v/733tfwtj2jvgwygmtrbwj9gm0000gn/T/kilo-e2e-8ANOTU/workspace"}
[Kilo New][P0-Perf] {"corr":"bb5b4eac-1b57-444d-898b-935dcdf9b4f6","stage":"sse.event","t":1786779425960,"d":16803,"surface":"extension","span":"end","dur":0,"eventType":"session.next.agent.switched.1","dir":"/private/var/folders/9v/733tfwtj2jvgwygmtrbwj9gm0000gn/T/kilo-e2e-8ANOTU/workspace"}
[Kilo New][P0-Perf] {"corr":"bb5b4eac-1b57-444d-898b-935dcdf9b4f6","stage":"sse.event","t":1786779425960,"d":16803,"surface":"extension","span":"start","eventType":"session.next.model.switched","dir":"/private/var/folders/9v/733tfwtj2jvgwygmtrbwj9gm0000gn/T/kilo-e2e-8ANOTU/workspace"}
[Kilo New][P0-Perf] {"corr":"bb5b4eac-1b57-444d-898b-935dcdf9b4f6","stage":"sse.event","t":1786779425960,"d":16803,"surface":"extension","span":"end","dur":0,"eventType":"session.next.model.switched","dir":"/private/var/folders/9v/733tfwtj2jvgwygmtrbwj9gm0000gn/T/kilo-e2e-8ANOTU/workspace"}
[Kilo New][P0-Perf] {"corr":"bb5b4eac-1b57-444d-898b-935dcdf9b4f6","stage":"sse.event","t":1786779425960,"d":16803,"surface":"extension","span":"start","eventType":"session.next.model.switched.1","dir":"/private/var/folders/9v/733tfwtj2jvgwygmtrbwj9gm0000gn/T/kilo-e2e-8ANOTU/workspace"}
[Kilo New][P0-Perf] {"corr":"bb5b4eac-1b57-444d-898b-935dcdf9b4f6","stage":"sse.event","t":1786779425960,"d":16803,"surface":"extension","span":"end","dur":0,"eventType":"session.next.model.switched.1","dir":"/private/var/folders/9v/733tfwtj2jvgwygmtrbwj9gm0000gn/T/kilo-e2e-8ANOTU/workspace"}
[Kilo New] ServerManager: ⚠️ CLI Server stderr: INFO  2026-08-15T07:37:08 +3199ms service=model-cache providerID=apertis refreshing models
[Kilo New] ServerManager: ⚠️ CLI Server stderr: ERROR 2026-08-15T07:37:08 +173ms service=kilo-sessions type=message.updated cause=InstanceRef not provided subscriber failed
[Kilo New] ServerManager: ⚠️ CLI Server stderr: INFO  2026-08-15T07:37:08 +158ms service=bus type=session.turn.open publishing
[Kilo New] ServerManager: ⚠️ CLI Server stderr: INFO  2026-08-15T07:37:08 +5ms service=model-cache providerID=apertis count=0 models fetched and cached
[Kilo New] ServerManager: ⚠️ CLI Server stderr: INFO  2026-08-15T07:37:08 +24ms service=session.prompt session.id=ses_ffba5a668ffeP77RqCa6WauoqE step=0 loop
[Kilo New] ServerManager: ⚠️ CLI Server stderr: INFO  2026-08-15T07:37:08 +31ms service=p0-perf event=p0.mark stage=processor_entry ts=1786779428865 id=ses_ffba5a668ffeP77RqCa6WauoqE meta={"messageID":"msg_0045a67eb001mH0PWc3x07tfO4","parentID":"msg_0045a5947001ATE7cWvF2GvcmJ","model":"e2e-model","provider":"e2e-local"} processor_entry
[Kilo New][P0-Perf] {"corr":"bb5b4eac-1b57-444d-898b-935dcdf9b4f6","stage":"sse.event","t":1786779429065,"d":19908,"surface":"extension","span":"start","eventType":"message.updated","dir":"/private/var/folders/9v/733tfwtj2jvgwygmtrbwj9gm0000gn/T/kilo-e2e-8ANOTU/workspace"}
[Kilo New][P0-Perf] {"corr":"bb5b4eac-1b57-444d-898b-935dcdf9b4f6","stage":"sse.event","t":1786779429066,"d":19909,"surface":"extension","span":"end","dur":1,"eventType":"message.updated","dir":"/private/var/folders/9v/733tfwtj2jvgwygmtrbwj9gm0000gn/T/kilo-e2e-8ANOTU/workspace"}
[Kilo New][P0-Perf] {"corr":"bb5b4eac-1b57-444d-898b-935dcdf9b4f6","stage":"sse.event","t":1786779429066,"d":19909,"surface":"extension","span":"start","eventType":"message.updated.1","dir":"/private/var/folders/9v/733tfwtj2jvgwygmtrbwj9gm0000gn/T/kilo-e2e-8ANOTU/workspace"}
[Kilo New][P0-Perf] {"corr":"bb5b4eac-1b57-444d-898b-935dcdf9b4f6","stage":"sse.event","t":1786779429067,"d":19910,"surface":"extension","span":"end","dur":1,"eventType":"message.updated.1","dir":"/private/var/folders/9v/733tfwtj2jvgwygmtrbwj9gm0000gn/T/kilo-e2e-8ANOTU/workspace"}
[Kilo New][P0-Perf] {"corr":"bb5b4eac-1b57-444d-898b-935dcdf9b4f6","stage":"sse.event","t":1786779429067,"d":19910,"surface":"extension","span":"start","eventType":"message.part.updated","dir":"/private/var/folders/9v/733tfwtj2jvgwygmtrbwj9gm0000gn/T/kilo-e2e-8ANOTU/workspace"}
[Kilo New][P0-Perf] {"corr":"bb5b4eac-1b57-444d-898b-935dcdf9b4f6","stage":"sse.event","t":1786779429067,"d":19910,"surface":"extension","span":"end","dur":0,"eventType":"message.part.updated","dir":"/private/var/folders/9v/733tfwtj2jvgwygmtrbwj9gm0000gn/T/kilo-e2e-8ANOTU/workspace"}
[Kilo New][P0-Perf] {"corr":"bb5b4eac-1b57-444d-898b-935dcdf9b4f6","stage":"sse.event","t":1786779429067,"d":19910,"surface":"extension","span":"start","eventType":"message.part.updated.1","dir":"/private/var/folders/9v/733tfwtj2jvgwygmtrbwj9gm0000gn/T/kilo-e2e-8ANOTU/workspace"}
[Kilo New][P0-Perf] {"corr":"bb5b4eac-1b57-444d-898b-935dcdf9b4f6","stage":"sse.event","t":1786779429068,"d":19911,"surface":"extension","span":"end","dur":1,"eventType":"message.part.updated.1","dir":"/private/var/folders/9v/733tfwtj2jvgwygmtrbwj9gm0000gn/T/kilo-e2e-8ANOTU/workspace"}
[Kilo New][P0-Perf] {"corr":"bb5b4eac-1b57-444d-898b-935dcdf9b4f6","stage":"sse.event","t":1786779429068,"d":19911,"surface":"extension","span":"start","eventType":"session.updated","dir":"/private/var/folders/9v/733tfwtj2jvgwygmtrbwj9gm0000gn/T/kilo-e2e-8ANOTU/workspace"}
[Kilo New][P0-Perf] {"corr":"bb5b4eac-1b57-444d-898b-935dcdf9b4f6","stage":"sse.event","t":1786779429068,"d":19911,"surface":"extension","span":"end","dur":0,"eventType":"session.updated","dir":"/private/var/folders/9v/733tfwtj2jvgwygmtrbwj9gm0000gn/T/kilo-e2e-8ANOTU/workspace"}
[Kilo New][P0-Perf] {"corr":"bb5b4eac-1b57-444d-898b-935dcdf9b4f6","stage":"sse.event","t":1786779429068,"d":19911,"surface":"extension","span":"start","eventType":"session.updated.1","dir":"/private/var/folders/9v/733tfwtj2jvgwygmtrbwj9gm0000gn/T/kilo-e2e-8ANOTU/workspace"}
[Kilo New][P0-Perf] {"corr":"bb5b4eac-1b57-444d-898b-935dcdf9b4f6","stage":"sse.event","t":1786779429069,"d":19912,"surface":"extension","span":"end","dur":1,"eventType":"session.updated.1","dir":"/private/var/folders/9v/733tfwtj2jvgwygmtrbwj9gm0000gn/T/kilo-e2e-8ANOTU/workspace"}
[Kilo New][P0-Perf] {"corr":"bb5b4eac-1b57-444d-898b-935dcdf9b4f6","stage":"sse.event","t":1786779429069,"d":19912,"surface":"extension","span":"start","eventType":"session.turn.open","dir":"/private/var/folders/9v/733tfwtj2jvgwygmtrbwj9gm0000gn/T/kilo-e2e-8ANOTU/workspace"}
[Kilo New][P0-Perf] {"corr":"bb5b4eac-1b57-444d-898b-935dcdf9b4f6","stage":"sse.event","t":1786779429069,"d":19912,"surface":"extension","span":"end","dur":0,"eventType":"session.turn.open","dir":"/private/var/folders/9v/733tfwtj2jvgwygmtrbwj9gm0000gn/T/kilo-e2e-8ANOTU/workspace"}
[Kilo New] ServerManager: ⚠️ CLI Server stderr: INFO  2026-08-15T07:37:09 +463ms service=llm providerID=e2e-local modelID=e2e-model session.id=title-ses_ffba5a668ffeP77RqCa6WauoqE small=true agent=title mode=primary stream
[Kilo New] ServerManager: ⚠️ CLI Server stderr: INFO  2026-08-15T07:37:09 +8ms service=provider status=started providerID=e2e-local getSDK
[Kilo New] ServerManager: ⚠️ CLI Server stderr: INFO  2026-08-15T07:37:09 +5ms service=provider providerID=e2e-local pkg=@ai-sdk/openai-compatible using bundled provider
[Kilo New] ServerManager: ⚠️ CLI Server stderr: INFO  2026-08-15T07:37:09 +4ms service=provider status=completed duration=9 providerID=e2e-local getSDK
[Kilo New][P0-Perf] {"corr":"bb5b4eac-1b57-444d-898b-935dcdf9b4f6","stage":"sse.event","t":1786779429371,"d":20214,"surface":"extension","span":"start","eventType":"session.status","dir":"/private/var/folders/9v/733tfwtj2jvgwygmtrbwj9gm0000gn/T/kilo-e2e-8ANOTU/workspace"}
[Kilo New][P0-Perf] {"corr":"bb5b4eac-1b57-444d-898b-935dcdf9b4f6","stage":"sse.event","t":1786779429373,"d":20216,"surface":"extension","span":"end","dur":2,"eventType":"session.status","dir":"/private/var/folders/9v/733tfwtj2jvgwygmtrbwj9gm0000gn/T/kilo-e2e-8ANOTU/workspace"}
[Kilo New][P0-Perf] {"corr":"bb5b4eac-1b57-444d-898b-935dcdf9b4f6","stage":"sse.event","t":1786779429373,"d":20216,"surface":"extension","span":"start","eventType":"message.updated","dir":"/private/var/folders/9v/733tfwtj2jvgwygmtrbwj9gm0000gn/T/kilo-e2e-8ANOTU/workspace"}
[Kilo New][P0-Perf] {"corr":"bb5b4eac-1b57-444d-898b-935dcdf9b4f6","stage":"sse.event","t":1786779429374,"d":20217,"surface":"extension","span":"end","dur":1,"eventType":"message.updated","dir":"/private/var/folders/9v/733tfwtj2jvgwygmtrbwj9gm0000gn/T/kilo-e2e-8ANOTU/workspace"}
[Kilo New][P0-Perf] {"corr":"bb5b4eac-1b57-444d-898b-935dcdf9b4f6","stage":"sse.event","t":1786779429374,"d":20217,"surface":"extension","span":"start","eventType":"message.updated.1","dir":"/private/var/folders/9v/733tfwtj2jvgwygmtrbwj9gm0000gn/T/kilo-e2e-8ANOTU/workspace"}
[Kilo New][P0-Perf] {"corr":"bb5b4eac-1b57-444d-898b-935dcdf9b4f6","stage":"model.firstEvent","t":1786779429374,"d":20217,"surface":"extension","sessionID":"ses_ffba5a668ffeP77RqCa6WauoqE","messageID":"msg_0045a67eb001mH0PWc3x07tfO4","parentID":"msg_0045a5947001ATE7cWvF2GvcmJ","dir":"/private/var/folders/9v/733tfwtj2jvgwygmtrbwj9gm0000gn/T/kilo-e2e-8ANOTU/workspace"}
[Kilo New][P0-Perf] {"corr":"bb5b4eac-1b57-444d-898b-935dcdf9b4f6","stage":"sse.event","t":1786779429374,"d":20217,"surface":"extension","span":"end","dur":0,"eventType":"message.updated.1","dir":"/private/var/folders/9v/733tfwtj2jvgwygmtrbwj9gm0000gn/T/kilo-e2e-8ANOTU/workspace"}
[Kilo New] ServerManager: ⚠️ CLI Server stderr: INFO  2026-08-15T07:37:09 +352ms service=default llm.runtime=ai-sdk llm.provider=e2e-local llm.model=e2e-model llm runtime selected
[Kilo New][P0-Perf] {"corr":"bb5b4eac-1b57-444d-898b-935dcdf9b4f6","stage":"sse.event","t":1786779430176,"d":21019,"surface":"extension","span":"start","eventType":"session.updated","dir":"/private/var/folders/9v/733tfwtj2jvgwygmtrbwj9gm0000gn/T/kilo-e2e-8ANOTU/workspace"}
[Kilo New][P0-Perf] {"corr":"bb5b4eac-1b57-444d-898b-935dcdf9b4f6","stage":"sse.event","t":1786779430176,"d":21019,"surface":"extension","span":"end","dur":0,"eventType":"session.updated","dir":"/private/var/folders/9v/733tfwtj2jvgwygmtrbwj9gm0000gn/T/kilo-e2e-8ANOTU/workspace"}
[Kilo New][P0-Perf] {"corr":"bb5b4eac-1b57-444d-898b-935dcdf9b4f6","stage":"sse.event","t":1786779430176,"d":21019,"surface":"extension","span":"start","eventType":"session.updated.1","dir":"/private/var/folders/9v/733tfwtj2jvgwygmtrbwj9gm0000gn/T/kilo-e2e-8ANOTU/workspace"}
[Kilo New][P0-Perf] {"corr":"bb5b4eac-1b57-444d-898b-935dcdf9b4f6","stage":"sse.event","t":1786779430177,"d":21020,"surface":"extension","span":"end","dur":1,"eventType":"session.updated.1","dir":"/private/var/folders/9v/733tfwtj2jvgwygmtrbwj9gm0000gn/T/kilo-e2e-8ANOTU/workspace"}
[Kilo New][P0-Perf] {"corr":"bb5b4eac-1b57-444d-898b-935dcdf9b4f6","stage":"sse.event","t":1786779430220,"d":21063,"surface":"extension","span":"start","eventType":"message.part.updated","dir":"/private/var/folders/9v/733tfwtj2jvgwygmtrbwj9gm0000gn/T/kilo-e2e-8ANOTU/workspace"}
[Kilo New][P0-Perf] {"corr":"bb5b4eac-1b57-444d-898b-935dcdf9b4f6","stage":"sse.event","t":1786779430220,"d":21063,"surface":"extension","span":"end","dur":0,"eventType":"message.part.updated","dir":"/private/var/folders/9v/733tfwtj2jvgwygmtrbwj9gm0000gn/T/kilo-e2e-8ANOTU/workspace"}
[Kilo New][P0-Perf] {"corr":"bb5b4eac-1b57-444d-898b-935dcdf9b4f6","stage":"sse.event","t":1786779430220,"d":21063,"surface":"extension","span":"start","eventType":"message.part.updated.1","dir":"/private/var/folders/9v/733tfwtj2jvgwygmtrbwj9gm0000gn/T/kilo-e2e-8ANOTU/workspace"}
[Kilo New][P0-Perf] {"corr":"bb5b4eac-1b57-444d-898b-935dcdf9b4f6","stage":"sse.event","t":1786779430220,"d":21063,"surface":"extension","span":"end","dur":0,"eventType":"message.part.updated.1","dir":"/private/var/folders/9v/733tfwtj2jvgwygmtrbwj9gm0000gn/T/kilo-e2e-8ANOTU/workspace"}
[Kilo New][P0-Perf] {"corr":"bb5b4eac-1b57-444d-898b-935dcdf9b4f6","stage":"sse.event","t":1786779430349,"d":21192,"surface":"extension","span":"start","eventType":"message.part.updated","dir":"/private/var/folders/9v/733tfwtj2jvgwygmtrbwj9gm0000gn/T/kilo-e2e-8ANOTU/workspace"}
[Kilo New][P0-Perf] {"corr":"bb5b4eac-1b57-444d-898b-935dcdf9b4f6","stage":"sse.event","t":1786779430349,"d":21192,"surface":"extension","span":"end","dur":0,"eventType":"message.part.updated","dir":"/private/var/folders/9v/733tfwtj2jvgwygmtrbwj9gm0000gn/T/kilo-e2e-8ANOTU/workspace"}
[Kilo New][P0-Perf] {"corr":"bb5b4eac-1b57-444d-898b-935dcdf9b4f6","stage":"sse.event","t":1786779430349,"d":21192,"surface":"extension","span":"start","eventType":"message.part.updated.1","dir":"/private/var/folders/9v/733tfwtj2jvgwygmtrbwj9gm0000gn/T/kilo-e2e-8ANOTU/workspace"}
[Kilo New][P0-Perf] {"corr":"bb5b4eac-1b57-444d-898b-935dcdf9b4f6","stage":"sse.event","t":1786779430349,"d":21192,"surface":"extension","span":"end","dur":0,"eventType":"message.part.updated.1","dir":"/private/var/folders/9v/733tfwtj2jvgwygmtrbwj9gm0000gn/T/kilo-e2e-8ANOTU/workspace"}
[Kilo New] ServerManager: ⚠️ CLI Server stderr: INFO  2026-08-15T07:37:10 +648ms service=vcs branch=main default_branch=main initialized
[Kilo New][P0-Perf] {"corr":"bb5b4eac-1b57-444d-898b-935dcdf9b4f6","stage":"sse.event","t":1786779430540,"d":21383,"surface":"extension","span":"start","eventType":"message.part.updated","dir":"/private/var/folders/9v/733tfwtj2jvgwygmtrbwj9gm0000gn/T/kilo-e2e-8ANOTU/workspace"}
[Kilo New][P0-Perf] {"corr":"bb5b4eac-1b57-444d-898b-935dcdf9b4f6","stage":"sse.event","t":1786779430541,"d":21384,"surface":"extension","span":"end","dur":1,"eventType":"message.part.updated","dir":"/private/var/folders/9v/733tfwtj2jvgwygmtrbwj9gm0000gn/T/kilo-e2e-8ANOTU/workspace"}
[Kilo New][P0-Perf] {"corr":"bb5b4eac-1b57-444d-898b-935dcdf9b4f6","stage":"sse.event","t":1786779430541,"d":21384,"surface":"extension","span":"start","eventType":"message.part.updated.1","dir":"/private/var/folders/9v/733tfwtj2jvgwygmtrbwj9gm0000gn/T/kilo-e2e-8ANOTU/workspace"}
[Kilo New][P0-Perf] {"corr":"bb5b4eac-1b57-444d-898b-935dcdf9b4f6","stage":"sse.event","t":1786779430541,"d":21384,"surface":"extension","span":"end","dur":0,"eventType":"message.part.updated.1","dir":"/private/var/folders/9v/733tfwtj2jvgwygmtrbwj9gm0000gn/T/kilo-e2e-8ANOTU/workspace"}
[Kilo New][P0-Perf] {"corr":"bb5b4eac-1b57-444d-898b-935dcdf9b4f6","stage":"sse.event","t":1786779430698,"d":21541,"surface":"extension","span":"start","eventType":"message.part.updated","dir":"/private/var/folders/9v/733tfwtj2jvgwygmtrbwj9gm0000gn/T/kilo-e2e-8ANOTU/workspace"}
[Kilo New][P0-Perf] {"corr":"bb5b4eac-1b57-444d-898b-935dcdf9b4f6","stage":"sse.event","t":1786779430698,"d":21541,"surface":"extension","span":"end","dur":0,"eventType":"message.part.updated","dir":"/private/var/folders/9v/733tfwtj2jvgwygmtrbwj9gm0000gn/T/kilo-e2e-8ANOTU/workspace"}
[Kilo New][P0-Perf] {"corr":"bb5b4eac-1b57-444d-898b-935dcdf9b4f6","stage":"sse.event","t":1786779430698,"d":21541,"surface":"extension","span":"start","eventType":"message.part.updated.1","dir":"/private/var/folders/9v/733tfwtj2jvgwygmtrbwj9gm0000gn/T/kilo-e2e-8ANOTU/workspace"}
[Kilo New][P0-Perf] {"corr":"bb5b4eac-1b57-444d-898b-935dcdf9b4f6","stage":"sse.event","t":1786779430699,"d":21542,"surface":"extension","span":"end","dur":1,"eventType":"message.part.updated.1","dir":"/private/var/folders/9v/733tfwtj2jvgwygmtrbwj9gm0000gn/T/kilo-e2e-8ANOTU/workspace"}
[Kilo New] ServerManager: ⚠️ CLI Server stderr: INFO  2026-08-15T07:37:12 +1823ms service=model-cache providerID=apertis refreshing models
[Kilo New][P0-Perf] {"corr":"bb5b4eac-1b57-444d-898b-935dcdf9b4f6","stage":"sse.event","t":1786779432323,"d":23166,"surface":"extension","span":"start","eventType":"message.part.updated","dir":"/private/var/folders/9v/733tfwtj2jvgwygmtrbwj9gm0000gn/T/kilo-e2e-8ANOTU/workspace"}
[Kilo New][P0-Perf] {"corr":"bb5b4eac-1b57-444d-898b-935dcdf9b4f6","stage":"sse.event","t":1786779432323,"d":23166,"surface":"extension","span":"end","dur":0,"eventType":"message.part.updated","dir":"/private/var/folders/9v/733tfwtj2jvgwygmtrbwj9gm0000gn/T/kilo-e2e-8ANOTU/workspace"}
[Kilo New][P0-Perf] {"corr":"bb5b4eac-1b57-444d-898b-935dcdf9b4f6","stage":"sse.event","t":1786779432323,"d":23166,"surface":"extension","span":"start","eventType":"message.part.updated.1","dir":"/private/var/folders/9v/733tfwtj2jvgwygmtrbwj9gm0000gn/T/kilo-e2e-8ANOTU/workspace"}
[Kilo New][P0-Perf] {"corr":"bb5b4eac-1b57-444d-898b-935dcdf9b4f6","stage":"sse.event","t":1786779432323,"d":23166,"surface":"extension","span":"end","dur":0,"eventType":"message.part.updated.1","dir":"/private/var/folders/9v/733tfwtj2jvgwygmtrbwj9gm0000gn/T/kilo-e2e-8ANOTU/workspace"}
[Kilo New] ServerManager: ⚠️ CLI Server stderr: INFO  2026-08-15T07:37:12 +134ms service=model-cache providerID=apertis count=0 models fetched and cached
[Kilo New][P0-Perf] {"corr":"bb5b4eac-1b57-444d-898b-935dcdf9b4f6","stage":"sse.event","t":1786779432605,"d":23448,"surface":"extension","span":"start","eventType":"message.part.updated","dir":"/private/var/folders/9v/733tfwtj2jvgwygmtrbwj9gm0000gn/T/kilo-e2e-8ANOTU/workspace"}
[Kilo New][P0-Perf] {"corr":"bb5b4eac-1b57-444d-898b-935dcdf9b4f6","stage":"sse.event","t":1786779432606,"d":23449,"surface":"extension","span":"end","dur":1,"eventType":"message.part.updated","dir":"/private/var/folders/9v/733tfwtj2jvgwygmtrbwj9gm0000gn/T/kilo-e2e-8ANOTU/workspace"}
[Kilo New][P0-Perf] {"corr":"bb5b4eac-1b57-444d-898b-935dcdf9b4f6","stage":"sse.event","t":1786779432606,"d":23449,"surface":"extension","span":"start","eventType":"message.part.updated.1","dir":"/private/var/folders/9v/733tfwtj2jvgwygmtrbwj9gm0000gn/T/kilo-e2e-8ANOTU/workspace"}
[Kilo New][P0-Perf] {"corr":"bb5b4eac-1b57-444d-898b-935dcdf9b4f6","stage":"sse.event","t":1786779432606,"d":23449,"surface":"extension","span":"end","dur":0,"eventType":"message.part.updated.1","dir":"/private/var/folders/9v/733tfwtj2jvgwygmtrbwj9gm0000gn/T/kilo-e2e-8ANOTU/workspace"}
[Kilo New][P0-Perf] {"corr":"bb5b4eac-1b57-444d-898b-935dcdf9b4f6","stage":"sse.event","t":1786779432769,"d":23612,"surface":"extension","span":"start","eventType":"message.part.updated","dir":"/private/var/folders/9v/733tfwtj2jvgwygmtrbwj9gm0000gn/T/kilo-e2e-8ANOTU/workspace"}
[Kilo New][P0-Perf] {"corr":"bb5b4eac-1b57-444d-898b-935dcdf9b4f6","stage":"sse.event","t":1786779432769,"d":23612,"surface":"extension","span":"end","dur":0,"eventType":"message.part.updated","dir":"/private/var/folders/9v/733tfwtj2jvgwygmtrbwj9gm0000gn/T/kilo-e2e-8ANOTU/workspace"}
[Kilo New][P0-Perf] {"corr":"bb5b4eac-1b57-444d-898b-935dcdf9b4f6","stage":"sse.event","t":1786779432769,"d":23612,"surface":"extension","span":"start","eventType":"message.part.updated.1","dir":"/private/var/folders/9v/733tfwtj2jvgwygmtrbwj9gm0000gn/T/kilo-e2e-8ANOTU/workspace"}
[Kilo New][P0-Perf] {"corr":"bb5b4eac-1b57-444d-898b-935dcdf9b4f6","stage":"sse.event","t":1786779432769,"d":23612,"surface":"extension","span":"end","dur":0,"eventType":"message.part.updated.1","dir":"/private/var/folders/9v/733tfwtj2jvgwygmtrbwj9gm0000gn/T/kilo-e2e-8ANOTU/workspace"}
[Kilo New][P0-Perf] {"corr":"bb5b4eac-1b57-444d-898b-935dcdf9b4f6","stage":"sse.event","t":1786779432916,"d":23759,"surface":"extension","span":"start","eventType":"message.part.updated","dir":"/private/var/folders/9v/733tfwtj2jvgwygmtrbwj9gm0000gn/T/kilo-e2e-8ANOTU/workspace"}
[Kilo New][P0-Perf] {"corr":"bb5b4eac-1b57-444d-898b-935dcdf9b4f6","stage":"sse.event","t":1786779432916,"d":23759,"surface":"extension","span":"end","dur":0,"eventType":"message.part.updated","dir":"/private/var/folders/9v/733tfwtj2jvgwygmtrbwj9gm0000gn/T/kilo-e2e-8ANOTU/workspace"}
[Kilo New][P0-Perf] {"corr":"bb5b4eac-1b57-444d-898b-935dcdf9b4f6","stage":"sse.event","t":1786779432916,"d":23759,"surface":"extension","span":"start","eventType":"message.part.updated.1","dir":"/private/var/folders/9v/733tfwtj2jvgwygmtrbwj9gm0000gn/T/kilo-e2e-8ANOTU/workspace"}
[Kilo New][P0-Perf] {"corr":"bb5b4eac-1b57-444d-898b-935dcdf9b4f6","stage":"sse.event","t":1786779432916,"d":23759,"surface":"extension","span":"end","dur":0,"eventType":"message.part.updated.1","dir":"/private/var/folders/9v/733tfwtj2jvgwygmtrbwj9gm0000gn/T/kilo-e2e-8ANOTU/workspace"}
[Kilo New][P0-Perf] {"corr":"bb5b4eac-1b57-444d-898b-935dcdf9b4f6","stage":"sse.event","t":1786779433091,"d":23934,"surface":"extension","span":"start","eventType":"message.part.updated","dir":"/private/var/folders/9v/733tfwtj2jvgwygmtrbwj9gm0000gn/T/kilo-e2e-8ANOTU/workspace"}
[Kilo New][P0-Perf] {"corr":"bb5b4eac-1b57-444d-898b-935dcdf9b4f6","stage":"sse.event","t":1786779433091,"d":23934,"surface":"extension","span":"end","dur":0,"eventType":"message.part.updated","dir":"/private/var/folders/9v/733tfwtj2jvgwygmtrbwj9gm0000gn/T/kilo-e2e-8ANOTU/workspace"}
[Kilo New][P0-Perf] {"corr":"bb5b4eac-1b57-444d-898b-935dcdf9b4f6","stage":"sse.event","t":1786779433091,"d":23934,"surface":"extension","span":"start","eventType":"message.part.updated.1","dir":"/private/var/folders/9v/733tfwtj2jvgwygmtrbwj9gm0000gn/T/kilo-e2e-8ANOTU/workspace"}
[Kilo New][P0-Perf] {"corr":"bb5b4eac-1b57-444d-898b-935dcdf9b4f6","stage":"sse.event","t":1786779433091,"d":23934,"surface":"extension","span":"end","dur":0,"eventType":"message.part.updated.1","dir":"/private/var/folders/9v/733tfwtj2jvgwygmtrbwj9gm0000gn/T/kilo-e2e-8ANOTU/workspace"}
[Kilo New][P0-Perf] {"corr":"bb5b4eac-1b57-444d-898b-935dcdf9b4f6","stage":"sse.event","t":1786779433245,"d":24088,"surface":"extension","span":"start","eventType":"message.part.updated","dir":"/private/var/folders/9v/733tfwtj2jvgwygmtrbwj9gm0000gn/T/kilo-e2e-8ANOTU/workspace"}
[Kilo New][P0-Perf] {"corr":"bb5b4eac-1b57-444d-898b-935dcdf9b4f6","stage":"sse.event","t":1786779433245,"d":24088,"surface":"extension","span":"end","dur":0,"eventType":"message.part.updated","dir":"/private/var/folders/9v/733tfwtj2jvgwygmtrbwj9gm0000gn/T/kilo-e2e-8ANOTU/workspace"}
[Kilo New][P0-Perf] {"corr":"bb5b4eac-1b57-444d-898b-935dcdf9b4f6","stage":"sse.event","t":1786779433246,"d":24089,"surface":"extension","span":"start","eventType":"message.part.updated.1","dir":"/private/var/folders/9v/733tfwtj2jvgwygmtrbwj9gm0000gn/T/kilo-e2e-8ANOTU/workspace"}
[Kilo New][P0-Perf] {"corr":"bb5b4eac-1b57-444d-898b-935dcdf9b4f6","stage":"sse.event","t":1786779433246,"d":24089,"surface":"extension","span":"end","dur":0,"eventType":"message.part.updated.1","dir":"/private/var/folders/9v/733tfwtj2jvgwygmtrbwj9gm0000gn/T/kilo-e2e-8ANOTU/workspace"}
[Kilo New][P0-Perf] {"corr":"bb5b4eac-1b57-444d-898b-935dcdf9b4f6","stage":"sse.event","t":1786779433404,"d":24247,"surface":"extension","span":"start","eventType":"message.part.updated","dir":"/private/var/folders/9v/733tfwtj2jvgwygmtrbwj9gm0000gn/T/kilo-e2e-8ANOTU/workspace"}
[Kilo New][P0-Perf] {"corr":"bb5b4eac-1b57-444d-898b-935dcdf9b4f6","stage":"sse.event","t":1786779433404,"d":24247,"surface":"extension","span":"end","dur":0,"eventType":"message.part.updated","dir":"/private/var/folders/9v/733tfwtj2jvgwygmtrbwj9gm0000gn/T/kilo-e2e-8ANOTU/workspace"}
[Kilo New][P0-Perf] {"corr":"bb5b4eac-1b57-444d-898b-935dcdf9b4f6","stage":"sse.event","t":1786779433405,"d":24248,"surface":"extension","span":"start","eventType":"message.part.updated.1","dir":"/private/var/folders/9v/733tfwtj2jvgwygmtrbwj9gm0000gn/T/kilo-e2e-8ANOTU/workspace"}
[Kilo New][P0-Perf] {"corr":"bb5b4eac-1b57-444d-898b-935dcdf9b4f6","stage":"sse.event","t":1786779433405,"d":24248,"surface":"extension","span":"end","dur":0,"eventType":"message.part.updated.1","dir":"/private/var/folders/9v/733tfwtj2jvgwygmtrbwj9gm0000gn/T/kilo-e2e-8ANOTU/workspace"}
[Kilo New] ServerManager: ⚠️ CLI Server stderr: INFO  2026-08-15T07:37:13 +1156ms service=snapshot.seed paths=7 dropped=1 ignored=1 large=0 duration=2911 snapshot seed complete
[Kilo New] ServerManager: ⚠️ CLI Server stderr: INFO  2026-08-15T07:37:13 +1ms service=snapshot initialized
[Kilo New][P0-Perf] {"corr":"bb5b4eac-1b57-444d-898b-935dcdf9b4f6","stage":"sse.event","t":1786779433521,"d":24364,"surface":"extension","span":"start","eventType":"message.part.updated","dir":"/private/var/folders/9v/733tfwtj2jvgwygmtrbwj9gm0000gn/T/kilo-e2e-8ANOTU/workspace"}
[Kilo New][P0-Perf] {"corr":"bb5b4eac-1b57-444d-898b-935dcdf9b4f6","stage":"sse.event","t":1786779433521,"d":24364,"surface":"extension","span":"end","dur":0,"eventType":"message.part.updated","dir":"/private/var/folders/9v/733tfwtj2jvgwygmtrbwj9gm0000gn/T/kilo-e2e-8ANOTU/workspace"}
[Kilo New][P0-Perf] {"corr":"bb5b4eac-1b57-444d-898b-935dcdf9b4f6","stage":"sse.event","t":1786779433521,"d":24364,"surface":"extension","span":"start","eventType":"message.part.updated.1","dir":"/private/var/folders/9v/733tfwtj2jvgwygmtrbwj9gm0000gn/T/kilo-e2e-8ANOTU/workspace"}
[Kilo New][P0-Perf] {"corr":"bb5b4eac-1b57-444d-898b-935dcdf9b4f6","stage":"sse.event","t":1786779433522,"d":24365,"surface":"extension","span":"end","dur":1,"eventType":"message.part.updated.1","dir":"/private/var/folders/9v/733tfwtj2jvgwygmtrbwj9gm0000gn/T/kilo-e2e-8ANOTU/workspace"}
[Kilo New] ServerManager: ⚠️ CLI Server stderr: INFO  2026-08-15T07:37:16 +2968ms service=model-cache providerID=apertis refreshing models
[Kilo New][P0-Perf] {"corr":"bb5b4eac-1b57-444d-898b-935dcdf9b4f6","stage":"sse.event","t":1786779436432,"d":27275,"surface":"extension","span":"start","eventType":"message.part.updated","dir":"/private/var/folders/9v/733tfwtj2jvgwygmtrbwj9gm0000gn/T/kilo-e2e-8ANOTU/workspace"}
[Kilo New][P0-Perf] {"corr":"bb5b4eac-1b57-444d-898b-935dcdf9b4f6","stage":"sse.event","t":1786779436432,"d":27275,"surface":"extension","span":"end","dur":0,"eventType":"message.part.updated","dir":"/private/var/folders/9v/733tfwtj2jvgwygmtrbwj9gm0000gn/T/kilo-e2e-8ANOTU/workspace"}
[Kilo New][P0-Perf] {"corr":"bb5b4eac-1b57-444d-898b-935dcdf9b4f6","stage":"sse.event","t":1786779436433,"d":27276,"surface":"extension","span":"start","eventType":"message.part.updated.1","dir":"/private/var/folders/9v/733tfwtj2jvgwygmtrbwj9gm0000gn/T/kilo-e2e-8ANOTU/workspace"}
[Kilo New][P0-Perf] {"corr":"bb5b4eac-1b57-444d-898b-935dcdf9b4f6","stage":"sse.event","t":1786779436433,"d":27276,"surface":"extension","span":"end","dur":0,"eventType":"message.part.updated.1","dir":"/private/var/folders/9v/733tfwtj2jvgwygmtrbwj9gm0000gn/T/kilo-e2e-8ANOTU/workspace"}
[Kilo New][P0-Perf] {"corr":"bb5b4eac-1b57-444d-898b-935dcdf9b4f6","stage":"sse.event","t":1786779436693,"d":27536,"surface":"extension","span":"start","eventType":"server.heartbeat"}
[Kilo New][P0-Perf] {"corr":"bb5b4eac-1b57-444d-898b-935dcdf9b4f6","stage":"sse.event","t":1786779436694,"d":27537,"surface":"extension","span":"end","dur":1,"eventType":"server.heartbeat"}
[Kilo New] ServerManager: ⚠️ CLI Server stderr: INFO  2026-08-15T07:37:16 +399ms service=model-cache providerID=apertis count=0 models fetched and cached
[Kilo New][P0-Perf] {"corr":"bb5b4eac-1b57-444d-898b-935dcdf9b4f6","stage":"sse.event","t":1786779436878,"d":27721,"surface":"extension","span":"start","eventType":"message.part.updated","dir":"/private/var/folders/9v/733tfwtj2jvgwygmtrbwj9gm0000gn/T/kilo-e2e-8ANOTU/workspace"}
[Kilo New][P0-Perf] {"corr":"bb5b4eac-1b57-444d-898b-935dcdf9b4f6","stage":"sse.event","t":1786779436879,"d":27722,"surface":"extension","span":"end","dur":1,"eventType":"message.part.updated","dir":"/private/var/folders/9v/733tfwtj2jvgwygmtrbwj9gm0000gn/T/kilo-e2e-8ANOTU/workspace"}
[Kilo New][P0-Perf] {"corr":"bb5b4eac-1b57-444d-898b-935dcdf9b4f6","stage":"sse.event","t":1786779436879,"d":27722,"surface":"extension","span":"start","eventType":"message.part.updated.1","dir":"/private/var/folders/9v/733tfwtj2jvgwygmtrbwj9gm0000gn/T/kilo-e2e-8ANOTU/workspace"}
[Kilo New][P0-Perf] {"corr":"bb5b4eac-1b57-444d-898b-935dcdf9b4f6","stage":"sse.event","t":1786779436879,"d":27722,"surface":"extension","span":"end","dur":0,"eventType":"message.part.updated.1","dir":"/private/var/folders/9v/733tfwtj2jvgwygmtrbwj9gm0000gn/T/kilo-e2e-8ANOTU/workspace"}
[Kilo New][P0-Perf] {"corr":"bb5b4eac-1b57-444d-898b-935dcdf9b4f6","stage":"sse.event","t":1786779436977,"d":27820,"surface":"extension","span":"start","eventType":"message.part.updated","dir":"/private/var/folders/9v/733tfwtj2jvgwygmtrbwj9gm0000gn/T/kilo-e2e-8ANOTU/workspace"}
[Kilo New][P0-Perf] {"corr":"bb5b4eac-1b57-444d-898b-935dcdf9b4f6","stage":"sse.event","t":1786779436977,"d":27820,"surface":"extension","span":"end","dur":0,"eventType":"message.part.updated","dir":"/private/var/folders/9v/733tfwtj2jvgwygmtrbwj9gm0000gn/T/kilo-e2e-8ANOTU/workspace"}
[Kilo New][P0-Perf] {"corr":"bb5b4eac-1b57-444d-898b-935dcdf9b4f6","stage":"sse.event","t":1786779436977,"d":27820,"surface":"extension","span":"start","eventType":"message.part.updated.1","dir":"/private/var/folders/9v/733tfwtj2jvgwygmtrbwj9gm0000gn/T/kilo-e2e-8ANOTU/workspace"}
[Kilo New][P0-Perf] {"corr":"bb5b4eac-1b57-444d-898b-935dcdf9b4f6","stage":"sse.event","t":1786779436978,"d":27821,"surface":"extension","span":"end","dur":1,"eventType":"message.part.updated.1","dir":"/private/var/folders/9v/733tfwtj2jvgwygmtrbwj9gm0000gn/T/kilo-e2e-8ANOTU/workspace"}
[Kilo New][P0-Perf] {"corr":"bb5b4eac-1b57-444d-898b-935dcdf9b4f6","stage":"sse.event","t":1786779437094,"d":27937,"surface":"extension","span":"start","eventType":"message.part.updated","dir":"/private/var/folders/9v/733tfwtj2jvgwygmtrbwj9gm0000gn/T/kilo-e2e-8ANOTU/workspace"}
[Kilo New][P0-Perf] {"corr":"bb5b4eac-1b57-444d-898b-935dcdf9b4f6","stage":"sse.event","t":1786779437094,"d":27937,"surface":"extension","span":"end","dur":0,"eventType":"message.part.updated","dir":"/private/var/folders/9v/733tfwtj2jvgwygmtrbwj9gm0000gn/T/kilo-e2e-8ANOTU/workspace"}
[Kilo New][P0-Perf] {"corr":"bb5b4eac-1b57-444d-898b-935dcdf9b4f6","stage":"sse.event","t":1786779437094,"d":27937,"surface":"extension","span":"start","eventType":"message.part.updated.1","dir":"/private/var/folders/9v/733tfwtj2jvgwygmtrbwj9gm0000gn/T/kilo-e2e-8ANOTU/workspace"}
[Kilo New][P0-Perf] {"corr":"bb5b4eac-1b57-444d-898b-935dcdf9b4f6","stage":"sse.event","t":1786779437095,"d":27938,"surface":"extension","span":"end","dur":1,"eventType":"message.part.updated.1","dir":"/private/var/folders/9v/733tfwtj2jvgwygmtrbwj9gm0000gn/T/kilo-e2e-8ANOTU/workspace"}
[Kilo New][P0-Perf] {"corr":"bb5b4eac-1b57-444d-898b-935dcdf9b4f6","stage":"sse.event","t":1786779437203,"d":28046,"surface":"extension","span":"start","eventType":"message.part.updated","dir":"/private/var/folders/9v/733tfwtj2jvgwygmtrbwj9gm0000gn/T/kilo-e2e-8ANOTU/workspace"}
[Kilo New][P0-Perf] {"corr":"bb5b4eac-1b57-444d-898b-935dcdf9b4f6","stage":"sse.event","t":1786779437204,"d":28047,"surface":"extension","span":"end","dur":1,"eventType":"message.part.updated","dir":"/private/var/folders/9v/733tfwtj2jvgwygmtrbwj9gm0000gn/T/kilo-e2e-8ANOTU/workspace"}
[Kilo New][P0-Perf] {"corr":"bb5b4eac-1b57-444d-898b-935dcdf9b4f6","stage":"sse.event","t":1786779437204,"d":28047,"surface":"extension","span":"start","eventType":"message.part.updated.1","dir":"/private/var/folders/9v/733tfwtj2jvgwygmtrbwj9gm0000gn/T/kilo-e2e-8ANOTU/workspace"}
[Kilo New][P0-Perf] {"corr":"bb5b4eac-1b57-444d-898b-935dcdf9b4f6","stage":"sse.event","t":1786779437204,"d":28047,"surface":"extension","span":"end","dur":0,"eventType":"message.part.updated.1","dir":"/private/var/folders/9v/733tfwtj2jvgwygmtrbwj9gm0000gn/T/kilo-e2e-8ANOTU/workspace"}
[Kilo New][P0-Perf] {"corr":"bb5b4eac-1b57-444d-898b-935dcdf9b4f6","stage":"sse.event","t":1786779437359,"d":28202,"surface":"extension","span":"start","eventType":"message.part.updated","dir":"/private/var/folders/9v/733tfwtj2jvgwygmtrbwj9gm0000gn/T/kilo-e2e-8ANOTU/workspace"}
[Kilo New][P0-Perf] {"corr":"bb5b4eac-1b57-444d-898b-935dcdf9b4f6","stage":"sse.event","t":1786779437359,"d":28202,"surface":"extension","span":"end","dur":0,"eventType":"message.part.updated","dir":"/private/var/folders/9v/733tfwtj2jvgwygmtrbwj9gm0000gn/T/kilo-e2e-8ANOTU/workspace"}
[Kilo New][P0-Perf] {"corr":"bb5b4eac-1b57-444d-898b-935dcdf9b4f6","stage":"sse.event","t":1786779437359,"d":28202,"surface":"extension","span":"start","eventType":"message.part.updated.1","dir":"/private/var/folders/9v/733tfwtj2jvgwygmtrbwj9gm0000gn/T/kilo-e2e-8ANOTU/workspace"}
[Kilo New][P0-Perf] {"corr":"bb5b4eac-1b57-444d-898b-935dcdf9b4f6","stage":"sse.event","t":1786779437360,"d":28203,"surface":"extension","span":"end","dur":1,"eventType":"message.part.updated.1","dir":"/private/var/folders/9v/733tfwtj2jvgwygmtrbwj9gm0000gn/T/kilo-e2e-8ANOTU/workspace"}
[Kilo New][P0-Perf] {"corr":"bb5b4eac-1b57-444d-898b-935dcdf9b4f6","stage":"sse.event","t":1786779437501,"d":28344,"surface":"extension","span":"start","eventType":"message.part.updated","dir":"/private/var/folders/9v/733tfwtj2jvgwygmtrbwj9gm0000gn/T/kilo-e2e-8ANOTU/workspace"}
[Kilo New][P0-Perf] {"corr":"bb5b4eac-1b57-444d-898b-935dcdf9b4f6","stage":"sse.event","t":1786779437501,"d":28344,"surface":"extension","span":"end","dur":0,"eventType":"message.part.updated","dir":"/private/var/folders/9v/733tfwtj2jvgwygmtrbwj9gm0000gn/T/kilo-e2e-8ANOTU/workspace"}
[Kilo New][P0-Perf] {"corr":"bb5b4eac-1b57-444d-898b-935dcdf9b4f6","stage":"sse.event","t":1786779437502,"d":28345,"surface":"extension","span":"start","eventType":"message.part.updated.1","dir":"/private/var/folders/9v/733tfwtj2jvgwygmtrbwj9gm0000gn/T/kilo-e2e-8ANOTU/workspace"}
[Kilo New][P0-Perf] {"corr":"bb5b4eac-1b57-444d-898b-935dcdf9b4f6","stage":"sse.event","t":1786779437502,"d":28345,"surface":"extension","span":"end","dur":0,"eventType":"message.part.updated.1","dir":"/private/var/folders/9v/733tfwtj2jvgwygmtrbwj9gm0000gn/T/kilo-e2e-8ANOTU/workspace"}
[Kilo New][P0-Perf] {"corr":"bb5b4eac-1b57-444d-898b-935dcdf9b4f6","stage":"sse.event","t":1786779437660,"d":28503,"surface":"extension","span":"start","eventType":"message.part.updated","dir":"/private/var/folders/9v/733tfwtj2jvgwygmtrbwj9gm0000gn/T/kilo-e2e-8ANOTU/workspace"}
[Kilo New][P0-Perf] {"corr":"bb5b4eac-1b57-444d-898b-935dcdf9b4f6","stage":"sse.event","t":1786779437661,"d":28504,"surface":"extension","span":"end","dur":1,"eventType":"message.part.updated","dir":"/private/var/folders/9v/733tfwtj2jvgwygmtrbwj9gm0000gn/T/kilo-e2e-8ANOTU/workspace"}
[Kilo New][P0-Perf] {"corr":"bb5b4eac-1b57-444d-898b-935dcdf9b4f6","stage":"sse.event","t":1786779437661,"d":28504,"surface":"extension","span":"start","eventType":"message.part.updated.1","dir":"/private/var/folders/9v/733tfwtj2jvgwygmtrbwj9gm0000gn/T/kilo-e2e-8ANOTU/workspace"}
[Kilo New][P0-Perf] {"corr":"bb5b4eac-1b57-444d-898b-935dcdf9b4f6","stage":"sse.event","t":1786779437661,"d":28504,"surface":"extension","span":"end","dur":0,"eventType":"message.part.updated.1","dir":"/private/var/folders/9v/733tfwtj2jvgwygmtrbwj9gm0000gn/T/kilo-e2e-8ANOTU/workspace"}
[Kilo New][P0-Perf] {"corr":"bb5b4eac-1b57-444d-898b-935dcdf9b4f6","stage":"sse.event","t":1786779437817,"d":28660,"surface":"extension","span":"start","eventType":"message.part.updated","dir":"/private/var/folders/9v/733tfwtj2jvgwygmtrbwj9gm0000gn/T/kilo-e2e-8ANOTU/workspace"}
[Kilo New][P0-Perf] {"corr":"bb5b4eac-1b57-444d-898b-935dcdf9b4f6","stage":"sse.event","t":1786779437817,"d":28660,"surface":"extension","span":"end","dur":0,"eventType":"message.part.updated","dir":"/private/var/folders/9v/733tfwtj2jvgwygmtrbwj9gm0000gn/T/kilo-e2e-8ANOTU/workspace"}
[Kilo New][P0-Perf] {"corr":"bb5b4eac-1b57-444d-898b-935dcdf9b4f6","stage":"sse.event","t":1786779437818,"d":28661,"surface":"extension","span":"start","eventType":"message.part.updated.1","dir":"/private/var/folders/9v/733tfwtj2jvgwygmtrbwj9gm0000gn/T/kilo-e2e-8ANOTU/workspace"}
[Kilo New][P0-Perf] {"corr":"bb5b4eac-1b57-444d-898b-935dcdf9b4f6","stage":"sse.event","t":1786779437818,"d":28661,"surface":"extension","span":"end","dur":0,"eventType":"message.part.updated.1","dir":"/private/var/folders/9v/733tfwtj2jvgwygmtrbwj9gm0000gn/T/kilo-e2e-8ANOTU/workspace"}
[Kilo New][P0-Perf] {"corr":"bb5b4eac-1b57-444d-898b-935dcdf9b4f6","stage":"sse.event","t":1786779437914,"d":28757,"surface":"extension","span":"start","eventType":"message.part.updated","dir":"/private/var/folders/9v/733tfwtj2jvgwygmtrbwj9gm0000gn/T/kilo-e2e-8ANOTU/workspace"}
[Kilo New][P0-Perf] {"corr":"bb5b4eac-1b57-444d-898b-935dcdf9b4f6","stage":"sse.event","t":1786779437915,"d":28758,"surface":"extension","span":"end","dur":1,"eventType":"message.part.updated","dir":"/private/var/folders/9v/733tfwtj2jvgwygmtrbwj9gm0000gn/T/kilo-e2e-8ANOTU/workspace"}
[Kilo New][P0-Perf] {"corr":"bb5b4eac-1b57-444d-898b-935dcdf9b4f6","stage":"sse.event","t":1786779437915,"d":28758,"surface":"extension","span":"start","eventType":"message.part.updated.1","dir":"/private/var/folders/9v/733tfwtj2jvgwygmtrbwj9gm0000gn/T/kilo-e2e-8ANOTU/workspace"}
[Kilo New][P0-Perf] {"corr":"bb5b4eac-1b57-444d-898b-935dcdf9b4f6","stage":"sse.event","t":1786779437915,"d":28758,"surface":"extension","span":"end","dur":0,"eventType":"message.part.updated.1","dir":"/private/var/folders/9v/733tfwtj2jvgwygmtrbwj9gm0000gn/T/kilo-e2e-8ANOTU/workspace"}
[Kilo New] ServerManager: ⚠️ CLI Server stderr: INFO  2026-08-15T07:37:18 +1197ms service=snapshot hash=a490c0b0543f36ae735ececf7a11b2d7bdabf79e cwd=/private/var/folders/9v/733tfwtj2jvgwygmtrbwj9gm0000gn/T/kilo-e2e-8ANOTU/workspace git=/var/folders/9v/733tfwtj2jvgwygmtrbwj9gm0000gn/T/kilo-e2e-8ANOTU/xdg-data/kilo/snapshot/4d5c11ef39f7bccd8f64aa9c9ec14e4525f1d947/5d37ceabbbc88c4e2710ab78dda38cac193e4bd0 tracking
[Kilo New] ServerManager: ⚠️ CLI Server stderr: INFO  2026-08-15T07:37:19 +1292ms service=session.tools status=started resolveTools
[Kilo New] ServerManager: ⚠️ CLI Server stderr: INFO  2026-08-15T07:37:19 +312ms service=shell-tool shell=/bin/zsh shell tool using shell
[Kilo New] ServerManager: ⚠️ CLI Server stderr: INFO  2026-08-15T07:37:19 +6ms service=model-cache providerID=apertis refreshing models
[Kilo New][P0-Perf] {"corr":"bb5b4eac-1b57-444d-898b-935dcdf9b4f6","stage":"sse.event","t":1786779439636,"d":30479,"surface":"extension","span":"start","eventType":"message.part.updated","dir":"/private/var/folders/9v/733tfwtj2jvgwygmtrbwj9gm0000gn/T/kilo-e2e-8ANOTU/workspace"}
[Kilo New][P0-Perf] {"corr":"bb5b4eac-1b57-444d-898b-935dcdf9b4f6","stage":"sse.event","t":1786779439636,"d":30479,"surface":"extension","span":"end","dur":0,"eventType":"message.part.updated","dir":"/private/var/folders/9v/733tfwtj2jvgwygmtrbwj9gm0000gn/T/kilo-e2e-8ANOTU/workspace"}
[Kilo New][P0-Perf] {"corr":"bb5b4eac-1b57-444d-898b-935dcdf9b4f6","stage":"sse.event","t":1786779439636,"d":30479,"surface":"extension","span":"start","eventType":"message.part.updated.1","dir":"/private/var/folders/9v/733tfwtj2jvgwygmtrbwj9gm0000gn/T/kilo-e2e-8ANOTU/workspace"}
[Kilo New][P0-Perf] {"corr":"bb5b4eac-1b57-444d-898b-935dcdf9b4f6","stage":"sse.event","t":1786779439636,"d":30479,"surface":"extension","span":"end","dur":0,"eventType":"message.part.updated.1","dir":"/private/var/folders/9v/733tfwtj2jvgwygmtrbwj9gm0000gn/T/kilo-e2e-8ANOTU/workspace"}
[Kilo New][P0-Perf] {"corr":"bb5b4eac-1b57-444d-898b-935dcdf9b4f6","stage":"sse.event","t":1786779439636,"d":30479,"surface":"extension","span":"start","eventType":"message.part.removed","dir":"/private/var/folders/9v/733tfwtj2jvgwygmtrbwj9gm0000gn/T/kilo-e2e-8ANOTU/workspace"}
[Kilo New][P0-Perf] {"corr":"bb5b4eac-1b57-444d-898b-935dcdf9b4f6","stage":"sse.event","t":1786779439637,"d":30480,"surface":"extension","span":"end","dur":1,"eventType":"message.part.removed","dir":"/private/var/folders/9v/733tfwtj2jvgwygmtrbwj9gm0000gn/T/kilo-e2e-8ANOTU/workspace"}
[Kilo New][P0-Perf] {"corr":"bb5b4eac-1b57-444d-898b-935dcdf9b4f6","stage":"sse.event","t":1786779439637,"d":30480,"surface":"extension","span":"start","eventType":"message.part.removed.1","dir":"/private/var/folders/9v/733tfwtj2jvgwygmtrbwj9gm0000gn/T/kilo-e2e-8ANOTU/workspace"}
[Kilo New][P0-Perf] {"corr":"bb5b4eac-1b57-444d-898b-935dcdf9b4f6","stage":"sse.event","t":1786779439637,"d":30480,"surface":"extension","span":"end","dur":0,"eventType":"message.part.removed.1","dir":"/private/var/folders/9v/733tfwtj2jvgwygmtrbwj9gm0000gn/T/kilo-e2e-8ANOTU/workspace"}
[Kilo New] ServerManager: ⚠️ CLI Server stderr: INFO  2026-08-15T07:37:19 +100ms service=model-cache providerID=apertis count=0 models fetched and cached
[Kilo New] ServerManager: ⚠️ CLI Server stderr: INFO  2026-08-15T07:37:19 +55ms service=tool.registry status=started invalid
[Kilo New] ServerManager: ⚠️ CLI Server stderr: INFO  2026-08-15T07:37:19 +0ms service=tool.registry status=completed duration=0 invalid
[Kilo New] ServerManager: ⚠️ CLI Server stderr: INFO  2026-08-15T07:37:19 +0ms service=tool.registry status=started question
[Kilo New] ServerManager: ⚠️ CLI Server stderr: INFO  2026-08-15T07:37:19 +0ms service=tool.registry status=completed duration=0 question
[Kilo New] ServerManager: ⚠️ CLI Server stderr: INFO  2026-08-15T07:37:19 +0ms service=tool.registry status=started bash
[Kilo New] ServerManager: ⚠️ CLI Server stderr: INFO  2026-08-15T07:37:19 +0ms service=tool.registry status=completed duration=0 bash
[Kilo New] ServerManager: ⚠️ CLI Server stderr: INFO  2026-08-15T07:37:19 +0ms service=tool.registry status=started read
[Kilo New] ServerManager: ⚠️ CLI Server stderr: INFO  2026-08-15T07:37:19 +0ms service=tool.registry status=completed duration=0 read
[Kilo New] ServerManager: ⚠️ CLI Server stderr: INFO  2026-08-15T07:37:19 +1ms service=tool.registry status=started glob
[Kilo New] ServerManager: ⚠️ CLI Server stderr: INFO  2026-08-15T07:37:19 +0ms service=tool.registry status=completed duration=0 glob
[Kilo New] ServerManager: ⚠️ CLI Server stderr: INFO  2026-08-15T07:37:19 +0ms service=tool.registry status=started grep
[Kilo New] ServerManager: ⚠️ CLI Server stderr: INFO  2026-08-15T07:37:19 +4ms service=tool.registry status=completed duration=4 grep
[Kilo New] ServerManager: ⚠️ CLI Server stderr: INFO  2026-08-15T07:37:19 +0ms service=tool.registry status=started edit
[Kilo New] ServerManager: ⚠️ CLI Server stderr: INFO  2026-08-15T07:37:19 +1ms service=tool.registry status=completed duration=1 edit
[Kilo New] ServerManager: ⚠️ CLI Server stderr: INFO  2026-08-15T07:37:19 +0ms service=tool.registry status=started write
[Kilo New] ServerManager: ⚠️ CLI Server stderr: INFO  2026-08-15T07:37:19 +0ms service=tool.registry status=completed duration=0 write
[Kilo New] ServerManager: ⚠️ CLI Server stderr: INFO  2026-08-15T07:37:19 +0ms service=tool.registry status=started task
[Kilo New] ServerManager: ⚠️ CLI Server stderr: INFO  2026-08-15T07:37:19 +6ms service=tool.registry status=completed duration=6 task
[Kilo New] ServerManager: ⚠️ CLI Server stderr: INFO  2026-08-15T07:37:19 +0ms service=tool.registry status=started webfetch
[Kilo New] ServerManager: ⚠️ CLI Server stderr: INFO  2026-08-15T07:37:19 +42ms service=tool.registry status=completed duration=41 webfetch
[Kilo New] ServerManager: ⚠️ CLI Server stderr: INFO  2026-08-15T07:37:19 +0ms service=tool.registry status=started todowrite
[Kilo New] ServerManager: ⚠️ CLI Server stderr: INFO  2026-08-15T07:37:19 +0ms service=tool.registry status=completed duration=0 todowrite
[Kilo New] ServerManager: ⚠️ CLI Server stderr: INFO  2026-08-15T07:37:19 +0ms service=tool.registry status=started skill
[Kilo New] ServerManager: ⚠️ CLI Server stderr: INFO  2026-08-15T07:37:19 +27ms service=tool.registry status=completed duration=27 skill
[Kilo New] ServerManager: ⚠️ CLI Server stderr: INFO  2026-08-15T07:37:19 +0ms service=tool.registry status=started plan_exit
[Kilo New] ServerManager: ⚠️ CLI Server stderr: INFO  2026-08-15T07:37:19 +0ms service=tool.registry status=completed duration=0 plan_exit
[Kilo New] ServerManager: ⚠️ CLI Server stderr: INFO  2026-08-15T07:37:19 +0ms service=tool.registry status=started kilo_local_recall
[Kilo New] ServerManager: ⚠️ CLI Server stderr: INFO  2026-08-15T07:37:19 +0ms service=tool.registry status=completed duration=0 kilo_local_recall
[Kilo New] ServerManager: ⚠️ CLI Server stderr: INFO  2026-08-15T07:37:19 +1ms service=tool.registry status=started background_process
[Kilo New] ServerManager: ⚠️ CLI Server stderr: INFO  2026-08-15T07:37:19 +0ms service=tool.registry status=completed duration=1 background_process
[Kilo New] ServerManager: ⚠️ CLI Server stderr: INFO  2026-08-15T07:37:19 +0ms service=tool.registry status=started agent_manager_models
[Kilo New] ServerManager: ⚠️ CLI Server stderr: INFO  2026-08-15T07:37:19 +0ms service=tool.registry status=completed duration=0 agent_manager_models
[Kilo New] ServerManager: ⚠️ CLI Server stderr: INFO  2026-08-15T07:37:19 +0ms service=tool.registry status=started agent_manager
[Kilo New] ServerManager: ⚠️ CLI Server stderr: INFO  2026-08-15T07:37:19 +0ms service=tool.registry status=completed duration=0 agent_manager
[Kilo New] ServerManager: ⚠️ CLI Server stderr: INFO  2026-08-15T07:37:19 +0ms service=tool.registry status=started e2e_marker
[Kilo New] ServerManager: ⚠️ CLI Server stderr: INFO  2026-08-15T07:37:19 +0ms service=tool.registry status=completed duration=0 e2e_marker
[Kilo New] ServerManager: ⚠️ CLI Server stderr: INFO  2026-08-15T07:37:19 +43ms service=session.tools status=completed duration=598 resolveTools
[Kilo New] ServerManager: ⚠️ CLI Server stderr: INFO  2026-08-15T07:37:20 +192ms service=storage index=0 running migration
[Kilo New] ServerManager: ⚠️ CLI Server stderr: INFO  2026-08-15T07:37:20 +8ms service=session.processor session.id=ses_ffba5a668ffeP77RqCa6WauoqE messageID=msg_0045a67eb001mH0PWc3x07tfO4 process
[Kilo New] ServerManager: ⚠️ CLI Server stderr: INFO  2026-08-15T07:37:20 +9ms service=llm providerID=e2e-local modelID=e2e-model session.id=ses_ffba5a668ffeP77RqCa6WauoqE small=false agent=e2e-agent mode=primary stream
[Kilo New] ServerManager: ⚠️ CLI Server stderr: INFO  2026-08-15T07:37:20 +11ms service=default llm.runtime=ai-sdk llm.provider=e2e-local llm.model=e2e-model llm runtime selected
[Kilo New][P0-Perf] {"corr":"bb5b4eac-1b57-444d-898b-935dcdf9b4f6","stage":"sse.event","t":1786779440141,"d":30984,"surface":"extension","span":"start","eventType":"session.status","dir":"/private/var/folders/9v/733tfwtj2jvgwygmtrbwj9gm0000gn/T/kilo-e2e-8ANOTU/workspace"}
[Kilo New][P0-Perf] {"corr":"bb5b4eac-1b57-444d-898b-935dcdf9b4f6","stage":"sse.event","t":1786779440142,"d":30985,"surface":"extension","span":"end","dur":1,"eventType":"session.status","dir":"/private/var/folders/9v/733tfwtj2jvgwygmtrbwj9gm0000gn/T/kilo-e2e-8ANOTU/workspace"}
[Kilo New] ServerManager: ⚠️ CLI Server stderr: INFO  2026-08-15T07:37:20 +43ms service=storage index=1 running migration
[Kilo New] ServerManager: ⚠️ CLI Server stderr: INFO  2026-08-15T07:37:20 +47ms service=p0-perf event=p0.start stage=tool_execute ts=1786779440222 id=ses_ffba5a668ffeP77RqCa6WauoqE meta={"tool":"task","callID":"call_e2e_task_1","messageID":"msg_0045a67eb001mH0PWc3x07tfO4"} tool_execute
[Kilo New] ServerManager: ⚠️ CLI Server stderr: INFO  2026-08-15T07:37:20 +15ms service=permission permission=task pattern=general action={"permission":"*","action":"allow","pattern":"*"} evaluated
[Kilo New] ServerManager: ⚠️ CLI Server stderr: INFO  2026-08-15T07:37:20 +4ms service=session id=ses_ffba56b8effeAJiTBv4ngT59CM slug=swift-nebula version=0.0.0-jorkey-refactor-vscode-agent-orchestrator-202608141823 projectID=4d5c11ef39f7bccd8f64aa9c9ec14e4525f1d947 directory=/private/var/folders/9v/733tfwtj2jvgwygmtrbwj9gm0000gn/T/kilo-e2e-8ANOTU/workspace path= parentID=ses_ffba5a668ffeP77RqCa6WauoqE title=E2E read-only reply sub-task (@general subagent) agent=general permission=[{"permission":"task","pattern":"*","action":"deny"},{"permission":"question","pattern":"*","action":"deny"},{"permission":"interactive_terminal","pattern":"*","action":"deny"}] cost=0 tokens={"input":0,"output":0,"reasoning":0,"cache":{"read":0,"write":0}} time={"created":1786779440242,"updated":1786779440242} created
[Kilo New][P0-Perf] {"corr":"bb5b4eac-1b57-444d-898b-935dcdf9b4f6","stage":"sse.event","t":1786779440258,"d":31101,"surface":"extension","span":"start","eventType":"message.part.updated","dir":"/private/var/folders/9v/733tfwtj2jvgwygmtrbwj9gm0000gn/T/kilo-e2e-8ANOTU/workspace"}
[Kilo New][P0-Perf] {"corr":"bb5b4eac-1b57-444d-898b-935dcdf9b4f6","stage":"sse.event","t":1786779440258,"d":31101,"surface":"extension","span":"end","dur":0,"eventType":"message.part.updated","dir":"/private/var/folders/9v/733tfwtj2jvgwygmtrbwj9gm0000gn/T/kilo-e2e-8ANOTU/workspace"}
[Kilo New][P0-Perf] {"corr":"bb5b4eac-1b57-444d-898b-935dcdf9b4f6","stage":"sse.event","t":1786779440258,"d":31101,"surface":"extension","span":"start","eventType":"message.part.updated.1","dir":"/private/var/folders/9v/733tfwtj2jvgwygmtrbwj9gm0000gn/T/kilo-e2e-8ANOTU/workspace"}
[Kilo New][P0-Perf] {"corr":"bb5b4eac-1b57-444d-898b-935dcdf9b4f6","stage":"sse.event","t":1786779440259,"d":31102,"surface":"extension","span":"end","dur":1,"eventType":"message.part.updated.1","dir":"/private/var/folders/9v/733tfwtj2jvgwygmtrbwj9gm0000gn/T/kilo-e2e-8ANOTU/workspace"}
[Kilo New][P0-Perf] {"corr":"bb5b4eac-1b57-444d-898b-935dcdf9b4f6","stage":"sse.event","t":1786779440259,"d":31102,"surface":"extension","span":"start","eventType":"message.part.updated","dir":"/private/var/folders/9v/733tfwtj2jvgwygmtrbwj9gm0000gn/T/kilo-e2e-8ANOTU/workspace"}
[Kilo New][P0-Perf] {"corr":"bb5b4eac-1b57-444d-898b-935dcdf9b4f6","stage":"sse.event","t":1786779440259,"d":31102,"surface":"extension","span":"end","dur":0,"eventType":"message.part.updated","dir":"/private/var/folders/9v/733tfwtj2jvgwygmtrbwj9gm0000gn/T/kilo-e2e-8ANOTU/workspace"}
[Kilo New][P0-Perf] {"corr":"bb5b4eac-1b57-444d-898b-935dcdf9b4f6","stage":"sse.event","t":1786779440259,"d":31102,"surface":"extension","span":"start","eventType":"message.part.updated.1","dir":"/private/var/folders/9v/733tfwtj2jvgwygmtrbwj9gm0000gn/T/kilo-e2e-8ANOTU/workspace"}
[Kilo New][P0-Perf] {"corr":"bb5b4eac-1b57-444d-898b-935dcdf9b4f6","stage":"sse.event","t":1786779440259,"d":31102,"surface":"extension","span":"end","dur":0,"eventType":"message.part.updated.1","dir":"/private/var/folders/9v/733tfwtj2jvgwygmtrbwj9gm0000gn/T/kilo-e2e-8ANOTU/workspace"}
[Kilo New][P0-Perf] {"corr":"bb5b4eac-1b57-444d-898b-935dcdf9b4f6","stage":"sse.event","t":1786779440259,"d":31102,"surface":"extension","span":"start","eventType":"message.part.updated","dir":"/private/var/folders/9v/733tfwtj2jvgwygmtrbwj9gm0000gn/T/kilo-e2e-8ANOTU/workspace"}
[Kilo New][P0-Perf] {"corr":"bb5b4eac-1b57-444d-898b-935dcdf9b4f6","stage":"sse.event","t":1786779440259,"d":31102,"surface":"extension","span":"end","dur":0,"eventType":"message.part.updated","dir":"/private/var/folders/9v/733tfwtj2jvgwygmtrbwj9gm0000gn/T/kilo-e2e-8ANOTU/workspace"}
[Kilo New][P0-Perf] {"corr":"bb5b4eac-1b57-444d-898b-935dcdf9b4f6","stage":"sse.event","t":1786779440259,"d":31102,"surface":"extension","span":"start","eventType":"message.part.updated.1","dir":"/private/var/folders/9v/733tfwtj2jvgwygmtrbwj9gm0000gn/T/kilo-e2e-8ANOTU/workspace"}
[Kilo New][P0-Perf] {"corr":"bb5b4eac-1b57-444d-898b-935dcdf9b4f6","stage":"sse.event","t":1786779440260,"d":31103,"surface":"extension","span":"end","dur":1,"eventType":"message.part.updated.1","dir":"/private/var/folders/9v/733tfwtj2jvgwygmtrbwj9gm0000gn/T/kilo-e2e-8ANOTU/workspace"}
[Kilo New] ServerManager: ⚠️ CLI Server stderr: INFO  2026-08-15T07:37:20 +187ms service=bus type=session.turn.open publishing
[Kilo New] ServerManager: ⚠️ CLI Server stderr: INFO  2026-08-15T07:37:20 +0ms service=kilo-sessions sessionId=ses_ffba56b8effeAJiTBv4ngT59CM session bootstrap skipped: no client
[Kilo New] ServerManager: ⚠️ CLI Server stderr: INFO  2026-08-15T07:37:20 +2ms service=provider status=started state
[Kilo New] ServerManager: ⚠️ CLI Server stderr: INFO  2026-08-15T07:37:20 +0ms service=p0-perf event=p0.start stage=provider_state_init ts=1786779440431 dir=/private/var/folders/9v/733tfwtj2jvgwygmtrbwj9gm0000gn/T/kilo-e2e-8ANOTU/workspace provider_state_init
[Kilo New] ServerManager: ⚠️ CLI Server stderr: INFO  2026-08-15T07:37:20 +4ms service=session.prompt session.id=ses_ffba56b8effeAJiTBv4ngT59CM step=0 loop
[Kilo New] ServerManager: ⚠️ CLI Server stderr: INFO  2026-08-15T07:37:20 +13ms service=p0-perf event=p0.mark stage=processor_entry ts=1786779440448 id=ses_ffba56b8effeAJiTBv4ngT59CM meta={"messageID":"msg_0045a9535001ZE0bi4UCFQ2Llr","parentID":"msg_0045a9505001kddp8EHPFhF5Vb","model":"e2e-model","provider":"e2e-local"} processor_entry
[Kilo New][P0-Perf] {"corr":"bb5b4eac-1b57-444d-898b-935dcdf9b4f6","stage":"sse.event","t":1786779440452,"d":31295,"surface":"extension","span":"start","eventType":"session.updated","dir":"/private/var/folders/9v/733tfwtj2jvgwygmtrbwj9gm0000gn/T/kilo-e2e-8ANOTU/workspace"}
[Kilo New][P0-Perf] {"corr":"bb5b4eac-1b57-444d-898b-935dcdf9b4f6","stage":"sse.event","t":1786779440452,"d":31295,"surface":"extension","span":"end","dur":0,"eventType":"session.updated","dir":"/private/var/folders/9v/733tfwtj2jvgwygmtrbwj9gm0000gn/T/kilo-e2e-8ANOTU/workspace"}
[Kilo New][P0-Perf] {"corr":"bb5b4eac-1b57-444d-898b-935dcdf9b4f6","stage":"sse.event","t":1786779440452,"d":31295,"surface":"extension","span":"start","eventType":"session.updated.1","dir":"/private/var/folders/9v/733tfwtj2jvgwygmtrbwj9gm0000gn/T/kilo-e2e-8ANOTU/workspace"}
[Kilo New][P0-Perf] {"corr":"bb5b4eac-1b57-444d-898b-935dcdf9b4f6","stage":"sse.event","t":1786779440453,"d":31296,"surface":"extension","span":"end","dur":1,"eventType":"session.updated.1","dir":"/private/var/folders/9v/733tfwtj2jvgwygmtrbwj9gm0000gn/T/kilo-e2e-8ANOTU/workspace"}
[Kilo New][P0-Perf] {"corr":"bb5b4eac-1b57-444d-898b-935dcdf9b4f6","stage":"sse.event","t":1786779440453,"d":31296,"surface":"extension","span":"start","eventType":"session.created","dir":"/private/var/folders/9v/733tfwtj2jvgwygmtrbwj9gm0000gn/T/kilo-e2e-8ANOTU/workspace"}
[Kilo New][P0-Perf] {"corr":"bb5b4eac-1b57-444d-898b-935dcdf9b4f6","stage":"sse.event","t":1786779440453,"d":31296,"surface":"extension","span":"end","dur":0,"eventType":"session.created","dir":"/private/var/folders/9v/733tfwtj2jvgwygmtrbwj9gm0000gn/T/kilo-e2e-8ANOTU/workspace"}
[Kilo New][P0-Perf] {"corr":"bb5b4eac-1b57-444d-898b-935dcdf9b4f6","stage":"sse.event","t":1786779440453,"d":31296,"surface":"extension","span":"start","eventType":"session.created.1","dir":"/private/var/folders/9v/733tfwtj2jvgwygmtrbwj9gm0000gn/T/kilo-e2e-8ANOTU/workspace"}
[Kilo New][P0-Perf] {"corr":"bb5b4eac-1b57-444d-898b-935dcdf9b4f6","stage":"sse.event","t":1786779440453,"d":31296,"surface":"extension","span":"end","dur":0,"eventType":"session.created.1","dir":"/private/var/folders/9v/733tfwtj2jvgwygmtrbwj9gm0000gn/T/kilo-e2e-8ANOTU/workspace"}
[Kilo New][P0-Perf] {"corr":"bb5b4eac-1b57-444d-898b-935dcdf9b4f6","stage":"sse.event","t":1786779440454,"d":31297,"surface":"extension","span":"start","eventType":"message.part.updated","dir":"/private/var/folders/9v/733tfwtj2jvgwygmtrbwj9gm0000gn/T/kilo-e2e-8ANOTU/workspace"}
[Kilo New] KiloProvider: 🔗 Auto-adopting child session from task tool { childId: 'ses_ffba56b8effeAJiTBv4ngT59CM' }
[Kilo New][P0-Perf] {"corr":"bb5b4eac-1b57-444d-898b-935dcdf9b4f6","stage":"sse.event","t":1786779440454,"d":31297,"surface":"extension","span":"end","dur":0,"eventType":"message.part.updated","dir":"/private/var/folders/9v/733tfwtj2jvgwygmtrbwj9gm0000gn/T/kilo-e2e-8ANOTU/workspace"}
[Kilo New][P0-Perf] {"corr":"bb5b4eac-1b57-444d-898b-935dcdf9b4f6","stage":"sse.event","t":1786779440457,"d":31300,"surface":"extension","span":"start","eventType":"message.part.updated.1","dir":"/private/var/folders/9v/733tfwtj2jvgwygmtrbwj9gm0000gn/T/kilo-e2e-8ANOTU/workspace"}
[Kilo New][P0-Perf] {"corr":"bb5b4eac-1b57-444d-898b-935dcdf9b4f6","stage":"sse.event","t":1786779440457,"d":31300,"surface":"extension","span":"end","dur":0,"eventType":"message.part.updated.1","dir":"/private/var/folders/9v/733tfwtj2jvgwygmtrbwj9gm0000gn/T/kilo-e2e-8ANOTU/workspace"}
[Kilo New][P0-Perf] {"corr":"bb5b4eac-1b57-444d-898b-935dcdf9b4f6","stage":"sse.event","t":1786779440457,"d":31300,"surface":"extension","span":"start","eventType":"session.next.model.switched","dir":"/private/var/folders/9v/733tfwtj2jvgwygmtrbwj9gm0000gn/T/kilo-e2e-8ANOTU/workspace"}
[Kilo New][P0-Perf] {"corr":"bb5b4eac-1b57-444d-898b-935dcdf9b4f6","stage":"sse.event","t":1786779440457,"d":31300,"surface":"extension","span":"end","dur":0,"eventType":"session.next.model.switched","dir":"/private/var/folders/9v/733tfwtj2jvgwygmtrbwj9gm0000gn/T/kilo-e2e-8ANOTU/workspace"}
[Kilo New][P0-Perf] {"corr":"bb5b4eac-1b57-444d-898b-935dcdf9b4f6","stage":"sse.event","t":1786779440458,"d":31301,"surface":"extension","span":"start","eventType":"session.next.model.switched.1","dir":"/private/var/folders/9v/733tfwtj2jvgwygmtrbwj9gm0000gn/T/kilo-e2e-8ANOTU/workspace"}
[Kilo New][P0-Perf] {"corr":"bb5b4eac-1b57-444d-898b-935dcdf9b4f6","stage":"sse.event","t":1786779440458,"d":31301,"surface":"extension","span":"end","dur":0,"eventType":"session.next.model.switched.1","dir":"/private/var/folders/9v/733tfwtj2jvgwygmtrbwj9gm0000gn/T/kilo-e2e-8ANOTU/workspace"}
[Kilo New][P0-Perf] {"corr":"bb5b4eac-1b57-444d-898b-935dcdf9b4f6","stage":"sse.event","t":1786779440458,"d":31301,"surface":"extension","span":"start","eventType":"message.updated","dir":"/private/var/folders/9v/733tfwtj2jvgwygmtrbwj9gm0000gn/T/kilo-e2e-8ANOTU/workspace"}
[Kilo New][P0-Perf] {"corr":"bb5b4eac-1b57-444d-898b-935dcdf9b4f6","stage":"sse.event","t":1786779440458,"d":31301,"surface":"extension","span":"end","dur":0,"eventType":"message.updated","dir":"/private/var/folders/9v/733tfwtj2jvgwygmtrbwj9gm0000gn/T/kilo-e2e-8ANOTU/workspace"}
[Kilo New][P0-Perf] {"corr":"bb5b4eac-1b57-444d-898b-935dcdf9b4f6","stage":"sse.event","t":1786779440459,"d":31302,"surface":"extension","span":"start","eventType":"message.updated.1","dir":"/private/var/folders/9v/733tfwtj2jvgwygmtrbwj9gm0000gn/T/kilo-e2e-8ANOTU/workspace"}
[Kilo New][P0-Perf] {"corr":"bb5b4eac-1b57-444d-898b-935dcdf9b4f6","stage":"sse.event","t":1786779440459,"d":31302,"surface":"extension","span":"end","dur":0,"eventType":"message.updated.1","dir":"/private/var/folders/9v/733tfwtj2jvgwygmtrbwj9gm0000gn/T/kilo-e2e-8ANOTU/workspace"}
[Kilo New][P0-Perf] {"corr":"bb5b4eac-1b57-444d-898b-935dcdf9b4f6","stage":"sse.event","t":1786779440459,"d":31302,"surface":"extension","span":"start","eventType":"message.part.updated","dir":"/private/var/folders/9v/733tfwtj2jvgwygmtrbwj9gm0000gn/T/kilo-e2e-8ANOTU/workspace"}
[Kilo New][P0-Perf] {"corr":"bb5b4eac-1b57-444d-898b-935dcdf9b4f6","stage":"sse.event","t":1786779440459,"d":31302,"surface":"extension","span":"end","dur":0,"eventType":"message.part.updated","dir":"/private/var/folders/9v/733tfwtj2jvgwygmtrbwj9gm0000gn/T/kilo-e2e-8ANOTU/workspace"}
[Kilo New][P0-Perf] {"corr":"bb5b4eac-1b57-444d-898b-935dcdf9b4f6","stage":"sse.event","t":1786779440459,"d":31302,"surface":"extension","span":"start","eventType":"message.part.updated.1","dir":"/private/var/folders/9v/733tfwtj2jvgwygmtrbwj9gm0000gn/T/kilo-e2e-8ANOTU/workspace"}
[Kilo New][P0-Perf] {"corr":"bb5b4eac-1b57-444d-898b-935dcdf9b4f6","stage":"sse.event","t":1786779440460,"d":31303,"surface":"extension","span":"end","dur":1,"eventType":"message.part.updated.1","dir":"/private/var/folders/9v/733tfwtj2jvgwygmtrbwj9gm0000gn/T/kilo-e2e-8ANOTU/workspace"}
[Kilo New][P0-Perf] {"corr":"bb5b4eac-1b57-444d-898b-935dcdf9b4f6","stage":"sse.event","t":1786779440460,"d":31303,"surface":"extension","span":"start","eventType":"session.updated","dir":"/private/var/folders/9v/733tfwtj2jvgwygmtrbwj9gm0000gn/T/kilo-e2e-8ANOTU/workspace"}
[Kilo New][P0-Perf] {"corr":"bb5b4eac-1b57-444d-898b-935dcdf9b4f6","stage":"sse.event","t":1786779440460,"d":31303,"surface":"extension","span":"end","dur":0,"eventType":"session.updated","dir":"/private/var/folders/9v/733tfwtj2jvgwygmtrbwj9gm0000gn/T/kilo-e2e-8ANOTU/workspace"}
[Kilo New][P0-Perf] {"corr":"bb5b4eac-1b57-444d-898b-935dcdf9b4f6","stage":"sse.event","t":1786779440460,"d":31303,"surface":"extension","span":"start","eventType":"session.updated.1","dir":"/private/var/folders/9v/733tfwtj2jvgwygmtrbwj9gm0000gn/T/kilo-e2e-8ANOTU/workspace"}
[Kilo New][P0-Perf] {"corr":"bb5b4eac-1b57-444d-898b-935dcdf9b4f6","stage":"sse.event","t":1786779440460,"d":31303,"surface":"extension","span":"end","dur":0,"eventType":"session.updated.1","dir":"/private/var/folders/9v/733tfwtj2jvgwygmtrbwj9gm0000gn/T/kilo-e2e-8ANOTU/workspace"}
[Kilo New][P0-Perf] {"corr":"bb5b4eac-1b57-444d-898b-935dcdf9b4f6","stage":"sse.event","t":1786779440461,"d":31304,"surface":"extension","span":"start","eventType":"session.updated","dir":"/private/var/folders/9v/733tfwtj2jvgwygmtrbwj9gm0000gn/T/kilo-e2e-8ANOTU/workspace"}
[Kilo New][P0-Perf] {"corr":"bb5b4eac-1b57-444d-898b-935dcdf9b4f6","stage":"sse.event","t":1786779440461,"d":31304,"surface":"extension","span":"end","dur":0,"eventType":"session.updated","dir":"/private/var/folders/9v/733tfwtj2jvgwygmtrbwj9gm0000gn/T/kilo-e2e-8ANOTU/workspace"}
[Kilo New][P0-Perf] {"corr":"bb5b4eac-1b57-444d-898b-935dcdf9b4f6","stage":"sse.event","t":1786779440461,"d":31304,"surface":"extension","span":"start","eventType":"session.updated.1","dir":"/private/var/folders/9v/733tfwtj2jvgwygmtrbwj9gm0000gn/T/kilo-e2e-8ANOTU/workspace"}
[Kilo New][P0-Perf] {"corr":"bb5b4eac-1b57-444d-898b-935dcdf9b4f6","stage":"sse.event","t":1786779440461,"d":31304,"surface":"extension","span":"end","dur":0,"eventType":"session.updated.1","dir":"/private/var/folders/9v/733tfwtj2jvgwygmtrbwj9gm0000gn/T/kilo-e2e-8ANOTU/workspace"}
[Kilo New][P0-Perf] {"corr":"bb5b4eac-1b57-444d-898b-935dcdf9b4f6","stage":"sse.event","t":1786779440461,"d":31304,"surface":"extension","span":"start","eventType":"session.turn.open","dir":"/private/var/folders/9v/733tfwtj2jvgwygmtrbwj9gm0000gn/T/kilo-e2e-8ANOTU/workspace"}
[Kilo New][P0-Perf] {"corr":"bb5b4eac-1b57-444d-898b-935dcdf9b4f6","stage":"sse.event","t":1786779440461,"d":31304,"surface":"extension","span":"end","dur":0,"eventType":"session.turn.open","dir":"/private/var/folders/9v/733tfwtj2jvgwygmtrbwj9gm0000gn/T/kilo-e2e-8ANOTU/workspace"}
[Kilo New][P0-Perf] {"corr":"bb5b4eac-1b57-444d-898b-935dcdf9b4f6","stage":"sse.event","t":1786779440531,"d":31374,"surface":"extension","span":"start","eventType":"session.status","dir":"/private/var/folders/9v/733tfwtj2jvgwygmtrbwj9gm0000gn/T/kilo-e2e-8ANOTU/workspace"}
[Kilo New][P0-Perf] {"corr":"bb5b4eac-1b57-444d-898b-935dcdf9b4f6","stage":"sse.event","t":1786779440531,"d":31374,"surface":"extension","span":"end","dur":0,"eventType":"session.status","dir":"/private/var/folders/9v/733tfwtj2jvgwygmtrbwj9gm0000gn/T/kilo-e2e-8ANOTU/workspace"}
[Kilo New][P0-Perf] {"corr":"bb5b4eac-1b57-444d-898b-935dcdf9b4f6","stage":"sse.event","t":1786779440532,"d":31375,"surface":"extension","span":"start","eventType":"message.updated","dir":"/private/var/folders/9v/733tfwtj2jvgwygmtrbwj9gm0000gn/T/kilo-e2e-8ANOTU/workspace"}
[Kilo New][P0-Perf] {"corr":"bb5b4eac-1b57-444d-898b-935dcdf9b4f6","stage":"sse.event","t":1786779440532,"d":31375,"surface":"extension","span":"end","dur":0,"eventType":"message.updated","dir":"/private/var/folders/9v/733tfwtj2jvgwygmtrbwj9gm0000gn/T/kilo-e2e-8ANOTU/workspace"}
[Kilo New][P0-Perf] {"corr":"bb5b4eac-1b57-444d-898b-935dcdf9b4f6","stage":"sse.event","t":1786779440532,"d":31375,"surface":"extension","span":"start","eventType":"message.updated.1","dir":"/private/var/folders/9v/733tfwtj2jvgwygmtrbwj9gm0000gn/T/kilo-e2e-8ANOTU/workspace"}
[Kilo New][P0-Perf] {"corr":"bb5b4eac-1b57-444d-898b-935dcdf9b4f6","stage":"model.firstEvent","t":1786779440532,"d":31375,"surface":"extension","sessionID":"ses_ffba56b8effeAJiTBv4ngT59CM","messageID":"msg_0045a9535001ZE0bi4UCFQ2Llr","parentID":"msg_0045a9505001kddp8EHPFhF5Vb","dir":"/private/var/folders/9v/733tfwtj2jvgwygmtrbwj9gm0000gn/T/kilo-e2e-8ANOTU/workspace"}
[Kilo New][P0-Perf] {"corr":"bb5b4eac-1b57-444d-898b-935dcdf9b4f6","stage":"sse.event","t":1786779440533,"d":31376,"surface":"extension","span":"end","dur":1,"eventType":"message.updated.1","dir":"/private/var/folders/9v/733tfwtj2jvgwygmtrbwj9gm0000gn/T/kilo-e2e-8ANOTU/workspace"}
[Kilo New][P0-Perf] {"corr":"bb5b4eac-1b57-444d-898b-935dcdf9b4f6","stage":"sse.event","t":1786779440533,"d":31376,"surface":"extension","span":"start","eventType":"session.diff","dir":"/private/var/folders/9v/733tfwtj2jvgwygmtrbwj9gm0000gn/T/kilo-e2e-8ANOTU/workspace"}
[Kilo New][P0-Perf] {"corr":"bb5b4eac-1b57-444d-898b-935dcdf9b4f6","stage":"sse.event","t":1786779440533,"d":31376,"surface":"extension","span":"end","dur":0,"eventType":"session.diff","dir":"/private/var/folders/9v/733tfwtj2jvgwygmtrbwj9gm0000gn/T/kilo-e2e-8ANOTU/workspace"}
[Kilo New][P0-Perf] {"corr":"bb5b4eac-1b57-444d-898b-935dcdf9b4f6","stage":"sse.event","t":1786779440533,"d":31376,"surface":"extension","span":"start","eventType":"message.updated","dir":"/private/var/folders/9v/733tfwtj2jvgwygmtrbwj9gm0000gn/T/kilo-e2e-8ANOTU/workspace"}
[Kilo New][P0-Perf] {"corr":"bb5b4eac-1b57-444d-898b-935dcdf9b4f6","stage":"sse.event","t":1786779440533,"d":31376,"surface":"extension","span":"end","dur":0,"eventType":"message.updated","dir":"/private/var/folders/9v/733tfwtj2jvgwygmtrbwj9gm0000gn/T/kilo-e2e-8ANOTU/workspace"}
[Kilo New][P0-Perf] {"corr":"bb5b4eac-1b57-444d-898b-935dcdf9b4f6","stage":"sse.event","t":1786779440533,"d":31376,"surface":"extension","span":"start","eventType":"message.updated.1","dir":"/private/var/folders/9v/733tfwtj2jvgwygmtrbwj9gm0000gn/T/kilo-e2e-8ANOTU/workspace"}
[Kilo New][P0-Perf] {"corr":"bb5b4eac-1b57-444d-898b-935dcdf9b4f6","stage":"sse.event","t":1786779440533,"d":31376,"surface":"extension","span":"end","dur":0,"eventType":"message.updated.1","dir":"/private/var/folders/9v/733tfwtj2jvgwygmtrbwj9gm0000gn/T/kilo-e2e-8ANOTU/workspace"}
[Kilo New] ServerManager: ⚠️ CLI Server stderr: INFO  2026-08-15T07:37:20 +244ms service=model-cache providerID=kilo fetching models
[Kilo New] ServerManager: ⚠️ CLI Server stderr: INFO  2026-08-15T07:37:20 +146ms service=snapshot.materialize roots=1 duration=1105 snapshot objects materialized
[Kilo New] ServerManager: ⚠️ CLI Server stderr: INFO  2026-08-15T07:37:22 +1440ms service=model-cache providerID=kilo count=291 models fetched and cached
[Kilo New] ServerManager: ⚠️ CLI Server stderr: INFO  2026-08-15T07:37:22 +1ms service=model-cache providerID=apertis fetching models
[Kilo New] ServerManager: ⚠️ CLI Server stderr: INFO  2026-08-15T07:37:22 +1ms service=model-cache providerID=apertis refreshing models
[Kilo New] ServerManager: ⚠️ CLI Server stderr: INFO  2026-08-15T07:37:22 +79ms service=model-cache providerID=apertis count=0 models fetched and cached
[Kilo New] ServerManager: ⚠️ CLI Server stderr: INFO  2026-08-15T07:37:22 +1ms service=model-cache providerID=apertis count=0 models fetched and cached
[Kilo New] ServerManager: ⚠️ CLI Server stderr: INFO  2026-08-15T07:37:22 +459ms service=provider init
[Kilo New] ServerManager: ⚠️ CLI Server stderr: INFO  2026-08-15T07:37:22 +16ms service=plugin name=SH6 loading internal plugin
[Kilo New] ServerManager: ⚠️ CLI Server stderr: INFO  2026-08-15T07:37:22 +0ms service=plugin name=Fo6 loading internal plugin
[Kilo New] ServerManager: ⚠️ CLI Server stderr: INFO  2026-08-15T07:37:22 +0ms service=plugin name=fW_ loading internal plugin
[Kilo New] ServerManager: ⚠️ CLI Server stderr: INFO  2026-08-15T07:37:22 +0ms service=plugin name= loading internal plugin
[Kilo New] ServerManager: ⚠️ CLI Server stderr: INFO  2026-08-15T07:37:22 +0ms service=plugin name=SF_ loading internal plugin
[Kilo New] ServerManager: ⚠️ CLI Server stderr: INFO  2026-08-15T07:37:22 +0ms service=plugin name=nX_ loading internal plugin
[Kilo New] ServerManager: ⚠️ CLI Server stderr: INFO  2026-08-15T07:37:22 +0ms service=plugin name=yW1 loading internal plugin
[Kilo New] ServerManager: ⚠️ CLI Server stderr: INFO  2026-08-15T07:37:22 +0ms service=plugin name=_K_ loading internal plugin
[Kilo New] ServerManager: ⚠️ CLI Server stderr: INFO  2026-08-15T07:37:22 +0ms service=plugin name=qK_ loading internal plugin
[Kilo New] ServerManager: ⚠️ CLI Server stderr: INFO  2026-08-15T07:37:22 +0ms service=plugin name=TK_ loading internal plugin
[Kilo New] ServerManager: ⚠️ CLI Server stderr: INFO  2026-08-15T07:37:22 +0ms service=plugin name=RK_ loading internal plugin
[Kilo New] ServerManager: ⚠️ CLI Server stderr: INFO  2026-08-15T07:37:22 +0ms service=plugin name=WK_ loading internal plugin
[Kilo New] ServerManager: ⚠️ CLI Server stderr: INFO  2026-08-15T07:37:22 +9ms service=model-cache providerID=apertis refreshing models
[Kilo New][P0-Perf] {"corr":"bb5b4eac-1b57-444d-898b-935dcdf9b4f6","stage":"sse.event","t":1786779442849,"d":33692,"surface":"extension","span":"start","eventType":"message.part.updated","dir":"/private/var/folders/9v/733tfwtj2jvgwygmtrbwj9gm0000gn/T/kilo-e2e-8ANOTU/workspace"}
[Kilo New][P0-Perf] {"corr":"bb5b4eac-1b57-444d-898b-935dcdf9b4f6","stage":"sse.event","t":1786779442849,"d":33692,"surface":"extension","span":"end","dur":0,"eventType":"message.part.updated","dir":"/private/var/folders/9v/733tfwtj2jvgwygmtrbwj9gm0000gn/T/kilo-e2e-8ANOTU/workspace"}
[Kilo New][P0-Perf] {"corr":"bb5b4eac-1b57-444d-898b-935dcdf9b4f6","stage":"sse.event","t":1786779442850,"d":33693,"surface":"extension","span":"start","eventType":"message.part.updated.1","dir":"/private/var/folders/9v/733tfwtj2jvgwygmtrbwj9gm0000gn/T/kilo-e2e-8ANOTU/workspace"}
[Kilo New][P0-Perf] {"corr":"bb5b4eac-1b57-444d-898b-935dcdf9b4f6","stage":"sse.event","t":1786779442850,"d":33693,"surface":"extension","span":"end","dur":0,"eventType":"message.part.updated.1","dir":"/private/var/folders/9v/733tfwtj2jvgwygmtrbwj9gm0000gn/T/kilo-e2e-8ANOTU/workspace"}
[Kilo New] ServerManager: ⚠️ CLI Server stderr: INFO  2026-08-15T07:37:22 +79ms service=model-cache providerID=apertis count=0 models fetched and cached
[Kilo New][P0-Perf] {"corr":"bb5b4eac-1b57-444d-898b-935dcdf9b4f6","stage":"sse.event","t":1786779442928,"d":33771,"surface":"extension","span":"start","eventType":"message.part.updated","dir":"/private/var/folders/9v/733tfwtj2jvgwygmtrbwj9gm0000gn/T/kilo-e2e-8ANOTU/workspace"}
[Kilo New][P0-Perf] {"corr":"bb5b4eac-1b57-444d-898b-935dcdf9b4f6","stage":"sse.event","t":1786779442928,"d":33771,"surface":"extension","span":"end","dur":0,"eventType":"message.part.updated","dir":"/private/var/folders/9v/733tfwtj2jvgwygmtrbwj9gm0000gn/T/kilo-e2e-8ANOTU/workspace"}
[Kilo New][P0-Perf] {"corr":"bb5b4eac-1b57-444d-898b-935dcdf9b4f6","stage":"sse.event","t":1786779442928,"d":33771,"surface":"extension","span":"start","eventType":"message.part.updated.1","dir":"/private/var/folders/9v/733tfwtj2jvgwygmtrbwj9gm0000gn/T/kilo-e2e-8ANOTU/workspace"}
[Kilo New][P0-Perf] {"corr":"bb5b4eac-1b57-444d-898b-935dcdf9b4f6","stage":"sse.event","t":1786779442929,"d":33772,"surface":"extension","span":"end","dur":1,"eventType":"message.part.updated.1","dir":"/private/var/folders/9v/733tfwtj2jvgwygmtrbwj9gm0000gn/T/kilo-e2e-8ANOTU/workspace"}
[Kilo New][P0-Perf] {"corr":"bb5b4eac-1b57-444d-898b-935dcdf9b4f6","stage":"sse.event","t":1786779443063,"d":33906,"surface":"extension","span":"start","eventType":"message.part.updated","dir":"/private/var/folders/9v/733tfwtj2jvgwygmtrbwj9gm0000gn/T/kilo-e2e-8ANOTU/workspace"}
[Kilo New][P0-Perf] {"corr":"bb5b4eac-1b57-444d-898b-935dcdf9b4f6","stage":"sse.event","t":1786779443063,"d":33906,"surface":"extension","span":"end","dur":0,"eventType":"message.part.updated","dir":"/private/var/folders/9v/733tfwtj2jvgwygmtrbwj9gm0000gn/T/kilo-e2e-8ANOTU/workspace"}
[Kilo New][P0-Perf] {"corr":"bb5b4eac-1b57-444d-898b-935dcdf9b4f6","stage":"sse.event","t":1786779443063,"d":33906,"surface":"extension","span":"start","eventType":"message.part.updated.1","dir":"/private/var/folders/9v/733tfwtj2jvgwygmtrbwj9gm0000gn/T/kilo-e2e-8ANOTU/workspace"}
[Kilo New][P0-Perf] {"corr":"bb5b4eac-1b57-444d-898b-935dcdf9b4f6","stage":"sse.event","t":1786779443064,"d":33907,"surface":"extension","span":"end","dur":1,"eventType":"message.part.updated.1","dir":"/private/var/folders/9v/733tfwtj2jvgwygmtrbwj9gm0000gn/T/kilo-e2e-8ANOTU/workspace"}
[Kilo New] ServerManager: ⚠️ CLI Server stderr: INFO  2026-08-15T07:37:23 +240ms service=snapshot hash=a490c0b0543f36ae735ececf7a11b2d7bdabf79e cwd=/private/var/folders/9v/733tfwtj2jvgwygmtrbwj9gm0000gn/T/kilo-e2e-8ANOTU/workspace git=/var/folders/9v/733tfwtj2jvgwygmtrbwj9gm0000gn/T/kilo-e2e-8ANOTU/xdg-data/kilo/snapshot/4d5c11ef39f7bccd8f64aa9c9ec14e4525f1d947/5d37ceabbbc88c4e2710ab78dda38cac193e4bd0 tracking
[Kilo New][P0-Perf] {"corr":"bb5b4eac-1b57-444d-898b-935dcdf9b4f6","stage":"sse.event","t":1786779443168,"d":34011,"surface":"extension","span":"start","eventType":"message.part.updated","dir":"/private/var/folders/9v/733tfwtj2jvgwygmtrbwj9gm0000gn/T/kilo-e2e-8ANOTU/workspace"}
[Kilo New][P0-Perf] {"corr":"bb5b4eac-1b57-444d-898b-935dcdf9b4f6","stage":"sse.event","t":1786779443168,"d":34011,"surface":"extension","span":"end","dur":0,"eventType":"message.part.updated","dir":"/private/var/folders/9v/733tfwtj2jvgwygmtrbwj9gm0000gn/T/kilo-e2e-8ANOTU/workspace"}
[Kilo New][P0-Perf] {"corr":"bb5b4eac-1b57-444d-898b-935dcdf9b4f6","stage":"sse.event","t":1786779443168,"d":34011,"surface":"extension","span":"start","eventType":"message.part.updated.1","dir":"/private/var/folders/9v/733tfwtj2jvgwygmtrbwj9gm0000gn/T/kilo-e2e-8ANOTU/workspace"}
[Kilo New][P0-Perf] {"corr":"bb5b4eac-1b57-444d-898b-935dcdf9b4f6","stage":"sse.event","t":1786779443169,"d":34012,"surface":"extension","span":"end","dur":1,"eventType":"message.part.updated.1","dir":"/private/var/folders/9v/733tfwtj2jvgwygmtrbwj9gm0000gn/T/kilo-e2e-8ANOTU/workspace"}
[Kilo New] ServerManager: ⚠️ CLI Server stderr: INFO  2026-08-15T07:37:23 +35ms service=session.tools status=started resolveTools
[Kilo New] ServerManager: ⚠️ CLI Server stderr: INFO  2026-08-15T07:37:23 +2ms service=tool.registry status=started invalid
[Kilo New] ServerManager: ⚠️ CLI Server stderr: INFO  2026-08-15T07:37:23 +0ms service=tool.registry status=completed duration=0 invalid
[Kilo New] ServerManager: ⚠️ CLI Server stderr: INFO  2026-08-15T07:37:23 +0ms service=tool.registry status=started question
[Kilo New] ServerManager: ⚠️ CLI Server stderr: INFO  2026-08-15T07:37:23 +0ms service=tool.registry status=completed duration=0 question
[Kilo New] ServerManager: ⚠️ CLI Server stderr: INFO  2026-08-15T07:37:23 +0ms service=tool.registry status=started bash
[Kilo New] ServerManager: ⚠️ CLI Server stderr: INFO  2026-08-15T07:37:23 +0ms service=tool.registry status=completed duration=0 bash
[Kilo New] ServerManager: ⚠️ CLI Server stderr: INFO  2026-08-15T07:37:23 +0ms service=tool.registry status=started read
[Kilo New] ServerManager: ⚠️ CLI Server stderr: INFO  2026-08-15T07:37:23 +0ms service=tool.registry status=completed duration=0 read
[Kilo New] ServerManager: ⚠️ CLI Server stderr: INFO  2026-08-15T07:37:23 +0ms service=tool.registry status=started glob
[Kilo New] ServerManager: ⚠️ CLI Server stderr: INFO  2026-08-15T07:37:23 +1ms service=tool.registry status=completed duration=1 glob
[Kilo New] ServerManager: ⚠️ CLI Server stderr: INFO  2026-08-15T07:37:23 +0ms service=tool.registry status=started grep
[Kilo New] ServerManager: ⚠️ CLI Server stderr: INFO  2026-08-15T07:37:23 +0ms service=tool.registry status=completed duration=0 grep
[Kilo New] ServerManager: ⚠️ CLI Server stderr: INFO  2026-08-15T07:37:23 +0ms service=tool.registry status=started edit
[Kilo New] ServerManager: ⚠️ CLI Server stderr: INFO  2026-08-15T07:37:23 +0ms service=tool.registry status=completed duration=0 edit
[Kilo New] ServerManager: ⚠️ CLI Server stderr: INFO  2026-08-15T07:37:23 +0ms service=tool.registry status=started write
[Kilo New] ServerManager: ⚠️ CLI Server stderr: INFO  2026-08-15T07:37:23 +1ms service=tool.registry status=completed duration=1 write
[Kilo New] ServerManager: ⚠️ CLI Server stderr: INFO  2026-08-15T07:37:23 +0ms service=tool.registry status=started task
[Kilo New] ServerManager: ⚠️ CLI Server stderr: INFO  2026-08-15T07:37:23 +1ms service=tool.registry status=completed duration=1 task
[Kilo New] ServerManager: ⚠️ CLI Server stderr: INFO  2026-08-15T07:37:23 +0ms service=tool.registry status=started webfetch
[Kilo New] ServerManager: ⚠️ CLI Server stderr: INFO  2026-08-15T07:37:23 +0ms service=tool.registry status=completed duration=0 webfetch
[Kilo New] ServerManager: ⚠️ CLI Server stderr: INFO  2026-08-15T07:37:23 +0ms service=tool.registry status=started todowrite
[Kilo New] ServerManager: ⚠️ CLI Server stderr: INFO  2026-08-15T07:37:23 +0ms service=tool.registry status=completed duration=0 todowrite
[Kilo New] ServerManager: ⚠️ CLI Server stderr: INFO  2026-08-15T07:37:23 +0ms service=tool.registry status=started skill
[Kilo New] ServerManager: ⚠️ CLI Server stderr: INFO  2026-08-15T07:37:23 +1ms service=tool.registry status=completed duration=1 skill
[Kilo New] ServerManager: ⚠️ CLI Server stderr: INFO  2026-08-15T07:37:23 +0ms service=tool.registry status=started plan_exit
[Kilo New] ServerManager: ⚠️ CLI Server stderr: INFO  2026-08-15T07:37:23 +0ms service=tool.registry status=completed duration=0 plan_exit
[Kilo New] ServerManager: ⚠️ CLI Server stderr: INFO  2026-08-15T07:37:23 +0ms service=tool.registry status=started kilo_local_recall
[Kilo New] ServerManager: ⚠️ CLI Server stderr: INFO  2026-08-15T07:37:23 +0ms service=tool.registry status=completed duration=0 kilo_local_recall
[Kilo New] ServerManager: ⚠️ CLI Server stderr: INFO  2026-08-15T07:37:23 +0ms service=tool.registry status=started background_process
[Kilo New] ServerManager: ⚠️ CLI Server stderr: INFO  2026-08-15T07:37:23 +0ms service=tool.registry status=completed duration=0 background_process
[Kilo New] ServerManager: ⚠️ CLI Server stderr: INFO  2026-08-15T07:37:23 +0ms service=tool.registry status=started agent_manager_models
[Kilo New] ServerManager: ⚠️ CLI Server stderr: INFO  2026-08-15T07:37:23 +0ms service=tool.registry status=completed duration=0 agent_manager_models
[Kilo New] ServerManager: ⚠️ CLI Server stderr: INFO  2026-08-15T07:37:23 +0ms service=tool.registry status=started agent_manager
[Kilo New] ServerManager: ⚠️ CLI Server stderr: INFO  2026-08-15T07:37:23 +0ms service=tool.registry status=completed duration=0 agent_manager
[Kilo New] ServerManager: ⚠️ CLI Server stderr: INFO  2026-08-15T07:37:23 +0ms service=tool.registry status=started e2e_marker
[Kilo New] ServerManager: ⚠️ CLI Server stderr: INFO  2026-08-15T07:37:23 +0ms service=tool.registry status=completed duration=0 e2e_marker
[Kilo New] ServerManager: ⚠️ CLI Server stderr: INFO  2026-08-15T07:37:23 +6ms service=session.tools status=completed duration=12 resolveTools
[Kilo New][P0-Perf] {"corr":"bb5b4eac-1b57-444d-898b-935dcdf9b4f6","stage":"sse.event","t":1786779443259,"d":34102,"surface":"extension","span":"start","eventType":"message.part.removed","dir":"/private/var/folders/9v/733tfwtj2jvgwygmtrbwj9gm0000gn/T/kilo-e2e-8ANOTU/workspace"}
[Kilo New][P0-Perf] {"corr":"bb5b4eac-1b57-444d-898b-935dcdf9b4f6","stage":"sse.event","t":1786779443260,"d":34103,"surface":"extension","span":"end","dur":1,"eventType":"message.part.removed","dir":"/private/var/folders/9v/733tfwtj2jvgwygmtrbwj9gm0000gn/T/kilo-e2e-8ANOTU/workspace"}
[Kilo New][P0-Perf] {"corr":"bb5b4eac-1b57-444d-898b-935dcdf9b4f6","stage":"sse.event","t":1786779443260,"d":34103,"surface":"extension","span":"start","eventType":"message.part.removed.1","dir":"/private/var/folders/9v/733tfwtj2jvgwygmtrbwj9gm0000gn/T/kilo-e2e-8ANOTU/workspace"}
[Kilo New][P0-Perf] {"corr":"bb5b4eac-1b57-444d-898b-935dcdf9b4f6","stage":"sse.event","t":1786779443260,"d":34103,"surface":"extension","span":"end","dur":0,"eventType":"message.part.removed.1","dir":"/private/var/folders/9v/733tfwtj2jvgwygmtrbwj9gm0000gn/T/kilo-e2e-8ANOTU/workspace"}
[Kilo New] ServerManager: ⚠️ CLI Server stderr: INFO  2026-08-15T07:37:23 +92ms service=session.processor session.id=ses_ffba56b8effeAJiTBv4ngT59CM messageID=msg_0045a9535001ZE0bi4UCFQ2Llr process
[Kilo New] ServerManager: ⚠️ CLI Server stderr: INFO  2026-08-15T07:37:23 +4ms service=llm providerID=e2e-local modelID=e2e-model session.id=ses_ffba56b8effeAJiTBv4ngT59CM small=false agent=general mode=subagent stream
[Kilo New] ServerManager: ⚠️ CLI Server stderr: INFO  2026-08-15T07:37:23 +14ms service=default llm.runtime=ai-sdk llm.provider=e2e-local llm.model=e2e-model llm runtime selected
[Kilo New] ServerManager: ⚠️ CLI Server stderr: ERROR 2026-08-15T07:37:23 +6ms service=provider Provider does not exist in model list github-copilot-enterprise
[Kilo New] ServerManager: ⚠️ CLI Server stderr: INFO  2026-08-15T07:37:23 +1ms service=provider providerID=kilo found
[Kilo New] ServerManager: ⚠️ CLI Server stderr: INFO  2026-08-15T07:37:23 +0ms service=provider providerID=e2e-local found
[Kilo New] ServerManager: ⚠️ CLI Server stderr: INFO  2026-08-15T07:37:23 +0ms service=p0-perf event=p0.end stage=provider_state_init ts=1786779443327 duration=2896 dir=/private/var/folders/9v/733tfwtj2jvgwygmtrbwj9gm0000gn/T/kilo-e2e-8ANOTU/workspace provider_state_init
[Kilo New] ServerManager: ⚠️ CLI Server stderr: INFO  2026-08-15T07:37:23 +0ms service=provider status=completed duration=2896 state
[Kilo New][P0-Perf] {"corr":"bb5b4eac-1b57-444d-898b-935dcdf9b4f6","stage":"sse.event","t":1786779443329,"d":34172,"surface":"extension","span":"start","eventType":"session.updated","dir":"/private/var/folders/9v/733tfwtj2jvgwygmtrbwj9gm0000gn/T/kilo-e2e-8ANOTU/workspace"}
[Kilo New][P0-Perf] {"corr":"bb5b4eac-1b57-444d-898b-935dcdf9b4f6","stage":"sse.event","t":1786779443329,"d":34172,"surface":"extension","span":"end","dur":0,"eventType":"session.updated","dir":"/private/var/folders/9v/733tfwtj2jvgwygmtrbwj9gm0000gn/T/kilo-e2e-8ANOTU/workspace"}
[Kilo New][P0-Perf] {"corr":"bb5b4eac-1b57-444d-898b-935dcdf9b4f6","stage":"sse.event","t":1786779443329,"d":34172,"surface":"extension","span":"start","eventType":"session.updated.1","dir":"/private/var/folders/9v/733tfwtj2jvgwygmtrbwj9gm0000gn/T/kilo-e2e-8ANOTU/workspace"}
[Kilo New][P0-Perf] {"corr":"bb5b4eac-1b57-444d-898b-935dcdf9b4f6","stage":"sse.event","t":1786779443330,"d":34173,"surface":"extension","span":"end","dur":1,"eventType":"session.updated.1","dir":"/private/var/folders/9v/733tfwtj2jvgwygmtrbwj9gm0000gn/T/kilo-e2e-8ANOTU/workspace"}
[Kilo New][P0-Perf] {"corr":"bb5b4eac-1b57-444d-898b-935dcdf9b4f6","stage":"sse.event","t":1786779443330,"d":34173,"surface":"extension","span":"start","eventType":"session.status","dir":"/private/var/folders/9v/733tfwtj2jvgwygmtrbwj9gm0000gn/T/kilo-e2e-8ANOTU/workspace"}
[Kilo New][P0-Perf] {"corr":"bb5b4eac-1b57-444d-898b-935dcdf9b4f6","stage":"sse.event","t":1786779443330,"d":34173,"surface":"extension","span":"end","dur":0,"eventType":"session.status","dir":"/private/var/folders/9v/733tfwtj2jvgwygmtrbwj9gm0000gn/T/kilo-e2e-8ANOTU/workspace"}
[Kilo New][P0-Perf] {"corr":"bb5b4eac-1b57-444d-898b-935dcdf9b4f6","stage":"sse.event","t":1786779443330,"d":34173,"surface":"extension","span":"start","eventType":"session.diff","dir":"/private/var/folders/9v/733tfwtj2jvgwygmtrbwj9gm0000gn/T/kilo-e2e-8ANOTU/workspace"}
[Kilo New][P0-Perf] {"corr":"bb5b4eac-1b57-444d-898b-935dcdf9b4f6","stage":"sse.event","t":1786779443330,"d":34173,"surface":"extension","span":"end","dur":0,"eventType":"session.diff","dir":"/private/var/folders/9v/733tfwtj2jvgwygmtrbwj9gm0000gn/T/kilo-e2e-8ANOTU/workspace"}
[Kilo New][P0-Perf] {"corr":"bb5b4eac-1b57-444d-898b-935dcdf9b4f6","stage":"sse.event","t":1786779443330,"d":34173,"surface":"extension","span":"start","eventType":"message.updated","dir":"/private/var/folders/9v/733tfwtj2jvgwygmtrbwj9gm0000gn/T/kilo-e2e-8ANOTU/workspace"}
[Kilo New][P0-Perf] {"corr":"bb5b4eac-1b57-444d-898b-935dcdf9b4f6","stage":"sse.event","t":1786779443331,"d":34174,"surface":"extension","span":"end","dur":1,"eventType":"message.updated","dir":"/private/var/folders/9v/733tfwtj2jvgwygmtrbwj9gm0000gn/T/kilo-e2e-8ANOTU/workspace"}
[Kilo New][P0-Perf] {"corr":"bb5b4eac-1b57-444d-898b-935dcdf9b4f6","stage":"sse.event","t":1786779443331,"d":34174,"surface":"extension","span":"start","eventType":"message.updated.1","dir":"/private/var/folders/9v/733tfwtj2jvgwygmtrbwj9gm0000gn/T/kilo-e2e-8ANOTU/workspace"}
[Kilo New][P0-Perf] {"corr":"bb5b4eac-1b57-444d-898b-935dcdf9b4f6","stage":"sse.event","t":1786779443331,"d":34174,"surface":"extension","span":"end","dur":0,"eventType":"message.updated.1","dir":"/private/var/folders/9v/733tfwtj2jvgwygmtrbwj9gm0000gn/T/kilo-e2e-8ANOTU/workspace"}
[Kilo New][P0-Perf] {"corr":"bb5b4eac-1b57-444d-898b-935dcdf9b4f6","stage":"sse.event","t":1786779443396,"d":34239,"surface":"extension","span":"start","eventType":"message.part.updated","dir":"/private/var/folders/9v/733tfwtj2jvgwygmtrbwj9gm0000gn/T/kilo-e2e-8ANOTU/workspace"}
[Kilo New][P0-Perf] {"corr":"bb5b4eac-1b57-444d-898b-935dcdf9b4f6","stage":"sse.event","t":1786779443396,"d":34239,"surface":"extension","span":"end","dur":0,"eventType":"message.part.updated","dir":"/private/var/folders/9v/733tfwtj2jvgwygmtrbwj9gm0000gn/T/kilo-e2e-8ANOTU/workspace"}
[Kilo New][P0-Perf] {"corr":"bb5b4eac-1b57-444d-898b-935dcdf9b4f6","stage":"sse.event","t":1786779443396,"d":34239,"surface":"extension","span":"start","eventType":"message.part.updated.1","dir":"/private/var/folders/9v/733tfwtj2jvgwygmtrbwj9gm0000gn/T/kilo-e2e-8ANOTU/workspace"}
[Kilo New][P0-Perf] {"corr":"bb5b4eac-1b57-444d-898b-935dcdf9b4f6","stage":"sse.event","t":1786779443397,"d":34240,"surface":"extension","span":"end","dur":1,"eventType":"message.part.updated.1","dir":"/private/var/folders/9v/733tfwtj2jvgwygmtrbwj9gm0000gn/T/kilo-e2e-8ANOTU/workspace"}
[Kilo New][P0-Perf] {"corr":"bb5b4eac-1b57-444d-898b-935dcdf9b4f6","stage":"sse.event","t":1786779443397,"d":34240,"surface":"extension","span":"start","eventType":"message.part.updated","dir":"/private/var/folders/9v/733tfwtj2jvgwygmtrbwj9gm0000gn/T/kilo-e2e-8ANOTU/workspace"}
[Kilo New][P0-Perf] {"corr":"bb5b4eac-1b57-444d-898b-935dcdf9b4f6","stage":"sse.event","t":1786779443397,"d":34240,"surface":"extension","span":"end","dur":0,"eventType":"message.part.updated","dir":"/private/var/folders/9v/733tfwtj2jvgwygmtrbwj9gm0000gn/T/kilo-e2e-8ANOTU/workspace"}
[Kilo New][P0-Perf] {"corr":"bb5b4eac-1b57-444d-898b-935dcdf9b4f6","stage":"sse.event","t":1786779443397,"d":34240,"surface":"extension","span":"start","eventType":"message.part.updated.1","dir":"/private/var/folders/9v/733tfwtj2jvgwygmtrbwj9gm0000gn/T/kilo-e2e-8ANOTU/workspace"}
[Kilo New][P0-Perf] {"corr":"bb5b4eac-1b57-444d-898b-935dcdf9b4f6","stage":"sse.event","t":1786779443397,"d":34240,"surface":"extension","span":"end","dur":0,"eventType":"message.part.updated.1","dir":"/private/var/folders/9v/733tfwtj2jvgwygmtrbwj9gm0000gn/T/kilo-e2e-8ANOTU/workspace"}
[Kilo New][P0-Perf] {"corr":"bb5b4eac-1b57-444d-898b-935dcdf9b4f6","stage":"sse.event","t":1786779443397,"d":34240,"surface":"extension","span":"start","eventType":"message.part.delta","dir":"/private/var/folders/9v/733tfwtj2jvgwygmtrbwj9gm0000gn/T/kilo-e2e-8ANOTU/workspace"}
[Kilo New][P0-Perf] {"corr":"bb5b4eac-1b57-444d-898b-935dcdf9b4f6","stage":"sse.event","t":1786779443398,"d":34241,"surface":"extension","span":"end","dur":1,"eventType":"message.part.delta","dir":"/private/var/folders/9v/733tfwtj2jvgwygmtrbwj9gm0000gn/T/kilo-e2e-8ANOTU/workspace"}
[Kilo New][P0-Perf] {"corr":"bb5b4eac-1b57-444d-898b-935dcdf9b4f6","stage":"sse.event","t":1786779443398,"d":34241,"surface":"extension","span":"start","eventType":"message.part.updated","dir":"/private/var/folders/9v/733tfwtj2jvgwygmtrbwj9gm0000gn/T/kilo-e2e-8ANOTU/workspace"}
[Kilo New][P0-Perf] {"corr":"bb5b4eac-1b57-444d-898b-935dcdf9b4f6","stage":"sse.event","t":1786779443398,"d":34241,"surface":"extension","span":"end","dur":0,"eventType":"message.part.updated","dir":"/private/var/folders/9v/733tfwtj2jvgwygmtrbwj9gm0000gn/T/kilo-e2e-8ANOTU/workspace"}
[Kilo New][P0-Perf] {"corr":"bb5b4eac-1b57-444d-898b-935dcdf9b4f6","stage":"sse.event","t":1786779443398,"d":34241,"surface":"extension","span":"start","eventType":"message.part.updated.1","dir":"/private/var/folders/9v/733tfwtj2jvgwygmtrbwj9gm0000gn/T/kilo-e2e-8ANOTU/workspace"}
[Kilo New][P0-Perf] {"corr":"bb5b4eac-1b57-444d-898b-935dcdf9b4f6","stage":"sse.event","t":1786779443398,"d":34241,"surface":"extension","span":"end","dur":0,"eventType":"message.part.updated.1","dir":"/private/var/folders/9v/733tfwtj2jvgwygmtrbwj9gm0000gn/T/kilo-e2e-8ANOTU/workspace"}
[Kilo New] ServerManager: ⚠️ CLI Server stderr: INFO  2026-08-15T07:37:23 +322ms service=snapshot hash=a490c0b0543f36ae735ececf7a11b2d7bdabf79e cwd=/private/var/folders/9v/733tfwtj2jvgwygmtrbwj9gm0000gn/T/kilo-e2e-8ANOTU/workspace git=/var/folders/9v/733tfwtj2jvgwygmtrbwj9gm0000gn/T/kilo-e2e-8ANOTU/xdg-data/kilo/snapshot/4d5c11ef39f7bccd8f64aa9c9ec14e4525f1d947/5d37ceabbbc88c4e2710ab78dda38cac193e4bd0 tracking
[Kilo New][P0-Perf] {"corr":"bb5b4eac-1b57-444d-898b-935dcdf9b4f6","stage":"sse.event","t":1786779443665,"d":34508,"surface":"extension","span":"start","eventType":"message.part.updated","dir":"/private/var/folders/9v/733tfwtj2jvgwygmtrbwj9gm0000gn/T/kilo-e2e-8ANOTU/workspace"}
[Kilo New][P0-Perf] {"corr":"bb5b4eac-1b57-444d-898b-935dcdf9b4f6","stage":"sse.event","t":1786779443666,"d":34509,"surface":"extension","span":"end","dur":1,"eventType":"message.part.updated","dir":"/private/var/folders/9v/733tfwtj2jvgwygmtrbwj9gm0000gn/T/kilo-e2e-8ANOTU/workspace"}
[Kilo New][P0-Perf] {"corr":"bb5b4eac-1b57-444d-898b-935dcdf9b4f6","stage":"sse.event","t":1786779443666,"d":34509,"surface":"extension","span":"start","eventType":"message.part.updated.1","dir":"/private/var/folders/9v/733tfwtj2jvgwygmtrbwj9gm0000gn/T/kilo-e2e-8ANOTU/workspace"}
[Kilo New][P0-Perf] {"corr":"bb5b4eac-1b57-444d-898b-935dcdf9b4f6","stage":"sse.event","t":1786779443666,"d":34509,"surface":"extension","span":"end","dur":0,"eventType":"message.part.updated.1","dir":"/private/var/folders/9v/733tfwtj2jvgwygmtrbwj9gm0000gn/T/kilo-e2e-8ANOTU/workspace"}
[Kilo New][P0-Perf] {"corr":"bb5b4eac-1b57-444d-898b-935dcdf9b4f6","stage":"sse.event","t":1786779443666,"d":34509,"surface":"extension","span":"start","eventType":"message.updated","dir":"/private/var/folders/9v/733tfwtj2jvgwygmtrbwj9gm0000gn/T/kilo-e2e-8ANOTU/workspace"}
[Kilo New][P0-Perf] {"corr":"bb5b4eac-1b57-444d-898b-935dcdf9b4f6","stage":"sse.event","t":1786779443667,"d":34510,"surface":"extension","span":"end","dur":1,"eventType":"message.updated","dir":"/private/var/folders/9v/733tfwtj2jvgwygmtrbwj9gm0000gn/T/kilo-e2e-8ANOTU/workspace"}
[Kilo New][P0-Perf] {"corr":"bb5b4eac-1b57-444d-898b-935dcdf9b4f6","stage":"sse.event","t":1786779443667,"d":34510,"surface":"extension","span":"start","eventType":"message.updated.1","dir":"/private/var/folders/9v/733tfwtj2jvgwygmtrbwj9gm0000gn/T/kilo-e2e-8ANOTU/workspace"}
[Kilo New][P0-Perf] {"corr":"bb5b4eac-1b57-444d-898b-935dcdf9b4f6","stage":"sse.event","t":1786779443667,"d":34510,"surface":"extension","span":"end","dur":0,"eventType":"message.updated.1","dir":"/private/var/folders/9v/733tfwtj2jvgwygmtrbwj9gm0000gn/T/kilo-e2e-8ANOTU/workspace"}
[Kilo New] ServerManager: ⚠️ CLI Server stderr: INFO  2026-08-15T07:37:23 +245ms service=session.prompt session.id=ses_ffba56b8effeAJiTBv4ngT59CM step=1 loop
[Kilo New] ServerManager: ⚠️ CLI Server stderr: INFO  2026-08-15T07:37:23 +2ms service=session.prompt session.id=ses_ffba56b8effeAJiTBv4ngT59CM exiting loop
[Kilo New] ServerManager: ⚠️ CLI Server stderr: INFO  2026-08-15T07:37:23 +5ms service=bus type=session.turn.close publishing
[Kilo New][P0-Perf] {"corr":"bb5b4eac-1b57-444d-898b-935dcdf9b4f6","stage":"sse.event","t":1786779443912,"d":34755,"surface":"extension","span":"start","eventType":"message.updated","dir":"/private/var/folders/9v/733tfwtj2jvgwygmtrbwj9gm0000gn/T/kilo-e2e-8ANOTU/workspace"}
[Kilo New][P0-Perf] {"corr":"bb5b4eac-1b57-444d-898b-935dcdf9b4f6","stage":"sse.event","t":1786779443913,"d":34756,"surface":"extension","span":"end","dur":1,"eventType":"message.updated","dir":"/private/var/folders/9v/733tfwtj2jvgwygmtrbwj9gm0000gn/T/kilo-e2e-8ANOTU/workspace"}
[Kilo New][P0-Perf] {"corr":"bb5b4eac-1b57-444d-898b-935dcdf9b4f6","stage":"sse.event","t":1786779443913,"d":34756,"surface":"extension","span":"start","eventType":"message.updated.1","dir":"/private/var/folders/9v/733tfwtj2jvgwygmtrbwj9gm0000gn/T/kilo-e2e-8ANOTU/workspace"}
[Kilo New][P0-Perf] {"corr":"bb5b4eac-1b57-444d-898b-935dcdf9b4f6","stage":"sse.event","t":1786779443913,"d":34756,"surface":"extension","span":"end","dur":0,"eventType":"message.updated.1","dir":"/private/var/folders/9v/733tfwtj2jvgwygmtrbwj9gm0000gn/T/kilo-e2e-8ANOTU/workspace"}
[Kilo New][P0-Perf] {"corr":"bb5b4eac-1b57-444d-898b-935dcdf9b4f6","stage":"sse.event","t":1786779443913,"d":34756,"surface":"extension","span":"start","eventType":"session.status","dir":"/private/var/folders/9v/733tfwtj2jvgwygmtrbwj9gm0000gn/T/kilo-e2e-8ANOTU/workspace"}
[Kilo New][P0-Perf] {"corr":"bb5b4eac-1b57-444d-898b-935dcdf9b4f6","stage":"sse.event","t":1786779443914,"d":34757,"surface":"extension","span":"end","dur":1,"eventType":"session.status","dir":"/private/var/folders/9v/733tfwtj2jvgwygmtrbwj9gm0000gn/T/kilo-e2e-8ANOTU/workspace"}
[Kilo New][P0-Perf] {"corr":"bb5b4eac-1b57-444d-898b-935dcdf9b4f6","stage":"sse.event","t":1786779443914,"d":34757,"surface":"extension","span":"start","eventType":"session.status","dir":"/private/var/folders/9v/733tfwtj2jvgwygmtrbwj9gm0000gn/T/kilo-e2e-8ANOTU/workspace"}
[Kilo New][P0-Perf] {"corr":"bb5b4eac-1b57-444d-898b-935dcdf9b4f6","stage":"sse.event","t":1786779443914,"d":34757,"surface":"extension","span":"end","dur":0,"eventType":"session.status","dir":"/private/var/folders/9v/733tfwtj2jvgwygmtrbwj9gm0000gn/T/kilo-e2e-8ANOTU/workspace"}
[Kilo New][P0-Perf] {"corr":"bb5b4eac-1b57-444d-898b-935dcdf9b4f6","stage":"sse.event","t":1786779443915,"d":34758,"surface":"extension","span":"start","eventType":"session.idle","dir":"/private/var/folders/9v/733tfwtj2jvgwygmtrbwj9gm0000gn/T/kilo-e2e-8ANOTU/workspace"}
[Kilo New][P0-Perf] {"corr":"bb5b4eac-1b57-444d-898b-935dcdf9b4f6","stage":"sse.event","t":1786779443915,"d":34758,"surface":"extension","span":"end","dur":0,"eventType":"session.idle","dir":"/private/var/folders/9v/733tfwtj2jvgwygmtrbwj9gm0000gn/T/kilo-e2e-8ANOTU/workspace"}
[Kilo New][P0-Perf] {"corr":"bb5b4eac-1b57-444d-898b-935dcdf9b4f6","stage":"sse.event","t":1786779443915,"d":34758,"surface":"extension","span":"start","eventType":"session.turn.close","dir":"/private/var/folders/9v/733tfwtj2jvgwygmtrbwj9gm0000gn/T/kilo-e2e-8ANOTU/workspace"}
[Kilo New][P0-Perf] {"corr":"bb5b4eac-1b57-444d-898b-935dcdf9b4f6","stage":"sse.event","t":1786779443915,"d":34758,"surface":"extension","span":"end","dur":0,"eventType":"session.turn.close","dir":"/private/var/folders/9v/733tfwtj2jvgwygmtrbwj9gm0000gn/T/kilo-e2e-8ANOTU/workspace"}
[Kilo New] ServerManager: ⚠️ CLI Server stderr: INFO  2026-08-15T07:37:23 +79ms service=p0-perf event=p0.end stage=tool_execute ts=1786779443980 duration=3758 id=ses_ffba5a668ffeP77RqCa6WauoqE meta={"tool":"task","callID":"call_e2e_task_1","messageID":"msg_0045a67eb001mH0PWc3x07tfO4"} tool_execute
[Kilo New][P0-Perf] {"corr":"bb5b4eac-1b57-444d-898b-935dcdf9b4f6","stage":"sse.event","t":1786779444344,"d":35187,"surface":"extension","span":"start","eventType":"session.updated","dir":"/private/var/folders/9v/733tfwtj2jvgwygmtrbwj9gm0000gn/T/kilo-e2e-8ANOTU/workspace"}
[Kilo New][P0-Perf] {"corr":"bb5b4eac-1b57-444d-898b-935dcdf9b4f6","stage":"sse.event","t":1786779444344,"d":35187,"surface":"extension","span":"end","dur":0,"eventType":"session.updated","dir":"/private/var/folders/9v/733tfwtj2jvgwygmtrbwj9gm0000gn/T/kilo-e2e-8ANOTU/workspace"}
[Kilo New][P0-Perf] {"corr":"bb5b4eac-1b57-444d-898b-935dcdf9b4f6","stage":"sse.event","t":1786779444345,"d":35188,"surface":"extension","span":"start","eventType":"session.updated.1","dir":"/private/var/folders/9v/733tfwtj2jvgwygmtrbwj9gm0000gn/T/kilo-e2e-8ANOTU/workspace"}
[Kilo New][P0-Perf] {"corr":"bb5b4eac-1b57-444d-898b-935dcdf9b4f6","stage":"sse.event","t":1786779444345,"d":35188,"surface":"extension","span":"end","dur":0,"eventType":"session.updated.1","dir":"/private/var/folders/9v/733tfwtj2jvgwygmtrbwj9gm0000gn/T/kilo-e2e-8ANOTU/workspace"}
[Kilo New][P0-Perf] {"corr":"bb5b4eac-1b57-444d-898b-935dcdf9b4f6","stage":"sse.event","t":1786779444345,"d":35188,"surface":"extension","span":"start","eventType":"message.part.updated","dir":"/private/var/folders/9v/733tfwtj2jvgwygmtrbwj9gm0000gn/T/kilo-e2e-8ANOTU/workspace"}
[Kilo New][P0-Perf] {"corr":"bb5b4eac-1b57-444d-898b-935dcdf9b4f6","stage":"sse.event","t":1786779444345,"d":35188,"surface":"extension","span":"end","dur":0,"eventType":"message.part.updated","dir":"/private/var/folders/9v/733tfwtj2jvgwygmtrbwj9gm0000gn/T/kilo-e2e-8ANOTU/workspace"}
[Kilo New][P0-Perf] {"corr":"bb5b4eac-1b57-444d-898b-935dcdf9b4f6","stage":"sse.event","t":1786779444345,"d":35188,"surface":"extension","span":"start","eventType":"message.part.updated.1","dir":"/private/var/folders/9v/733tfwtj2jvgwygmtrbwj9gm0000gn/T/kilo-e2e-8ANOTU/workspace"}
[Kilo New][P0-Perf] {"corr":"bb5b4eac-1b57-444d-898b-935dcdf9b4f6","stage":"sse.event","t":1786779444345,"d":35188,"surface":"extension","span":"end","dur":0,"eventType":"message.part.updated.1","dir":"/private/var/folders/9v/733tfwtj2jvgwygmtrbwj9gm0000gn/T/kilo-e2e-8ANOTU/workspace"}
[Kilo New][P0-Perf] {"corr":"bb5b4eac-1b57-444d-898b-935dcdf9b4f6","stage":"sse.event","t":1786779444345,"d":35188,"surface":"extension","span":"start","eventType":"session.diff","dir":"/private/var/folders/9v/733tfwtj2jvgwygmtrbwj9gm0000gn/T/kilo-e2e-8ANOTU/workspace"}
[Kilo New][P0-Perf] {"corr":"bb5b4eac-1b57-444d-898b-935dcdf9b4f6","stage":"sse.event","t":1786779444346,"d":35189,"surface":"extension","span":"end","dur":1,"eventType":"session.diff","dir":"/private/var/folders/9v/733tfwtj2jvgwygmtrbwj9gm0000gn/T/kilo-e2e-8ANOTU/workspace"}
[Kilo New][P0-Perf] {"corr":"bb5b4eac-1b57-444d-898b-935dcdf9b4f6","stage":"sse.event","t":1786779444346,"d":35189,"surface":"extension","span":"start","eventType":"message.updated","dir":"/private/var/folders/9v/733tfwtj2jvgwygmtrbwj9gm0000gn/T/kilo-e2e-8ANOTU/workspace"}
[Kilo New][P0-Perf] {"corr":"bb5b4eac-1b57-444d-898b-935dcdf9b4f6","stage":"sse.event","t":1786779444346,"d":35189,"surface":"extension","span":"end","dur":0,"eventType":"message.updated","dir":"/private/var/folders/9v/733tfwtj2jvgwygmtrbwj9gm0000gn/T/kilo-e2e-8ANOTU/workspace"}
[Kilo New][P0-Perf] {"corr":"bb5b4eac-1b57-444d-898b-935dcdf9b4f6","stage":"sse.event","t":1786779444346,"d":35189,"surface":"extension","span":"start","eventType":"message.updated.1","dir":"/private/var/folders/9v/733tfwtj2jvgwygmtrbwj9gm0000gn/T/kilo-e2e-8ANOTU/workspace"}
[Kilo New][P0-Perf] {"corr":"bb5b4eac-1b57-444d-898b-935dcdf9b4f6","stage":"sse.event","t":1786779444346,"d":35189,"surface":"extension","span":"end","dur":0,"eventType":"message.updated.1","dir":"/private/var/folders/9v/733tfwtj2jvgwygmtrbwj9gm0000gn/T/kilo-e2e-8ANOTU/workspace"}
[AgentHost] No token resolved for resource: https://api.github.com
[AgentHost] No token resolved for resource: https://api.github.com/repos
[AgentHost] No token resolved for resource: https://api.github.com
[AgentHost] No token resolved for resource: https://api.github.com/repos
[Kilo New][P0-Perf] {"corr":"bb5b4eac-1b57-444d-898b-935dcdf9b4f6","stage":"sse.event","t":1786779445201,"d":36044,"surface":"extension","span":"start","eventType":"message.part.updated","dir":"/private/var/folders/9v/733tfwtj2jvgwygmtrbwj9gm0000gn/T/kilo-e2e-8ANOTU/workspace"}
[Kilo New][P0-Perf] {"corr":"bb5b4eac-1b57-444d-898b-935dcdf9b4f6","stage":"sse.event","t":1786779445201,"d":36044,"surface":"extension","span":"end","dur":0,"eventType":"message.part.updated","dir":"/private/var/folders/9v/733tfwtj2jvgwygmtrbwj9gm0000gn/T/kilo-e2e-8ANOTU/workspace"}
[Kilo New][P0-Perf] {"corr":"bb5b4eac-1b57-444d-898b-935dcdf9b4f6","stage":"sse.event","t":1786779445201,"d":36044,"surface":"extension","span":"start","eventType":"message.part.updated.1","dir":"/private/var/folders/9v/733tfwtj2jvgwygmtrbwj9gm0000gn/T/kilo-e2e-8ANOTU/workspace"}
[Kilo New][P0-Perf] {"corr":"bb5b4eac-1b57-444d-898b-935dcdf9b4f6","stage":"sse.event","t":1786779445201,"d":36044,"surface":"extension","span":"end","dur":0,"eventType":"message.part.updated.1","dir":"/private/var/folders/9v/733tfwtj2jvgwygmtrbwj9gm0000gn/T/kilo-e2e-8ANOTU/workspace"}
[Kilo New] ServerManager: ⚠️ CLI Server stderr: INFO  2026-08-15T07:37:26 +2504ms service=model-cache providerID=apertis refreshing models
[Kilo New][P0-Perf] {"corr":"bb5b4eac-1b57-444d-898b-935dcdf9b4f6","stage":"sse.event","t":1786779446487,"d":37330,"surface":"extension","span":"start","eventType":"message.part.updated","dir":"/private/var/folders/9v/733tfwtj2jvgwygmtrbwj9gm0000gn/T/kilo-e2e-8ANOTU/workspace"}
[Kilo New][P0-Perf] {"corr":"bb5b4eac-1b57-444d-898b-935dcdf9b4f6","stage":"sse.event","t":1786779446487,"d":37330,"surface":"extension","span":"end","dur":0,"eventType":"message.part.updated","dir":"/private/var/folders/9v/733tfwtj2jvgwygmtrbwj9gm0000gn/T/kilo-e2e-8ANOTU/workspace"}
[Kilo New][P0-Perf] {"corr":"bb5b4eac-1b57-444d-898b-935dcdf9b4f6","stage":"sse.event","t":1786779446487,"d":37330,"surface":"extension","span":"start","eventType":"message.part.updated.1","dir":"/private/var/folders/9v/733tfwtj2jvgwygmtrbwj9gm0000gn/T/kilo-e2e-8ANOTU/workspace"}
[Kilo New][P0-Perf] {"corr":"bb5b4eac-1b57-444d-898b-935dcdf9b4f6","stage":"sse.event","t":1786779446487,"d":37330,"surface":"extension","span":"end","dur":0,"eventType":"message.part.updated.1","dir":"/private/var/folders/9v/733tfwtj2jvgwygmtrbwj9gm0000gn/T/kilo-e2e-8ANOTU/workspace"}
[Kilo New][P0-Perf] {"corr":"bb5b4eac-1b57-444d-898b-935dcdf9b4f6","stage":"sse.event","t":1786779446509,"d":37352,"surface":"extension","span":"start","eventType":"message.part.updated","dir":"/private/var/folders/9v/733tfwtj2jvgwygmtrbwj9gm0000gn/T/kilo-e2e-8ANOTU/workspace"}
[Kilo New][P0-Perf] {"corr":"bb5b4eac-1b57-444d-898b-935dcdf9b4f6","stage":"sse.event","t":1786779446509,"d":37352,"surface":"extension","span":"end","dur":0,"eventType":"message.part.updated","dir":"/private/var/folders/9v/733tfwtj2jvgwygmtrbwj9gm0000gn/T/kilo-e2e-8ANOTU/workspace"}
[Kilo New][P0-Perf] {"corr":"bb5b4eac-1b57-444d-898b-935dcdf9b4f6","stage":"sse.event","t":1786779446509,"d":37352,"surface":"extension","span":"start","eventType":"message.part.updated.1","dir":"/private/var/folders/9v/733tfwtj2jvgwygmtrbwj9gm0000gn/T/kilo-e2e-8ANOTU/workspace"}
[Kilo New][P0-Perf] {"corr":"bb5b4eac-1b57-444d-898b-935dcdf9b4f6","stage":"sse.event","t":1786779446509,"d":37352,"surface":"extension","span":"end","dur":0,"eventType":"message.part.updated.1","dir":"/private/var/folders/9v/733tfwtj2jvgwygmtrbwj9gm0000gn/T/kilo-e2e-8ANOTU/workspace"}
[Kilo New] ServerManager: ⚠️ CLI Server stderr: INFO  2026-08-15T07:37:26 +44ms service=model-cache providerID=apertis count=0 models fetched and cached
[Kilo New][P0-Perf] {"corr":"bb5b4eac-1b57-444d-898b-935dcdf9b4f6","stage":"sse.event","t":1786779446668,"d":37511,"surface":"extension","span":"start","eventType":"message.part.updated","dir":"/private/var/folders/9v/733tfwtj2jvgwygmtrbwj9gm0000gn/T/kilo-e2e-8ANOTU/workspace"}
[Kilo New][P0-Perf] {"corr":"bb5b4eac-1b57-444d-898b-935dcdf9b4f6","stage":"sse.event","t":1786779446668,"d":37511,"surface":"extension","span":"end","dur":0,"eventType":"message.part.updated","dir":"/private/var/folders/9v/733tfwtj2jvgwygmtrbwj9gm0000gn/T/kilo-e2e-8ANOTU/workspace"}
[Kilo New][P0-Perf] {"corr":"bb5b4eac-1b57-444d-898b-935dcdf9b4f6","stage":"sse.event","t":1786779446669,"d":37512,"surface":"extension","span":"start","eventType":"message.part.updated.1","dir":"/private/var/folders/9v/733tfwtj2jvgwygmtrbwj9gm0000gn/T/kilo-e2e-8ANOTU/workspace"}
[Kilo New][P0-Perf] {"corr":"bb5b4eac-1b57-444d-898b-935dcdf9b4f6","stage":"sse.event","t":1786779446669,"d":37512,"surface":"extension","span":"end","dur":0,"eventType":"message.part.updated.1","dir":"/private/var/folders/9v/733tfwtj2jvgwygmtrbwj9gm0000gn/T/kilo-e2e-8ANOTU/workspace"}
[Kilo New] ServerManager: ⚠️ CLI Server stderr: INFO  2026-08-15T07:37:26 +178ms service=snapshot hash=a490c0b0543f36ae735ececf7a11b2d7bdabf79e cwd=/private/var/folders/9v/733tfwtj2jvgwygmtrbwj9gm0000gn/T/kilo-e2e-8ANOTU/workspace git=/var/folders/9v/733tfwtj2jvgwygmtrbwj9gm0000gn/T/kilo-e2e-8ANOTU/xdg-data/kilo/snapshot/4d5c11ef39f7bccd8f64aa9c9ec14e4525f1d947/5d37ceabbbc88c4e2710ab78dda38cac193e4bd0 tracking
[Kilo New][P0-Perf] {"corr":"bb5b4eac-1b57-444d-898b-935dcdf9b4f6","stage":"sse.event","t":1786779446859,"d":37702,"surface":"extension","span":"start","eventType":"message.part.updated","dir":"/private/var/folders/9v/733tfwtj2jvgwygmtrbwj9gm0000gn/T/kilo-e2e-8ANOTU/workspace"}
[Kilo New][P0-Perf] {"corr":"bb5b4eac-1b57-444d-898b-935dcdf9b4f6","stage":"sse.event","t":1786779446859,"d":37702,"surface":"extension","span":"end","dur":0,"eventType":"message.part.updated","dir":"/private/var/folders/9v/733tfwtj2jvgwygmtrbwj9gm0000gn/T/kilo-e2e-8ANOTU/workspace"}
[Kilo New][P0-Perf] {"corr":"bb5b4eac-1b57-444d-898b-935dcdf9b4f6","stage":"sse.event","t":1786779446859,"d":37702,"surface":"extension","span":"start","eventType":"message.part.updated.1","dir":"/private/var/folders/9v/733tfwtj2jvgwygmtrbwj9gm0000gn/T/kilo-e2e-8ANOTU/workspace"}
[Kilo New][P0-Perf] {"corr":"bb5b4eac-1b57-444d-898b-935dcdf9b4f6","stage":"sse.event","t":1786779446859,"d":37702,"surface":"extension","span":"end","dur":0,"eventType":"message.part.updated.1","dir":"/private/var/folders/9v/733tfwtj2jvgwygmtrbwj9gm0000gn/T/kilo-e2e-8ANOTU/workspace"}
[Kilo New][P0-Perf] {"corr":"bb5b4eac-1b57-444d-898b-935dcdf9b4f6","stage":"sse.event","t":1786779446859,"d":37702,"surface":"extension","span":"start","eventType":"message.updated","dir":"/private/var/folders/9v/733tfwtj2jvgwygmtrbwj9gm0000gn/T/kilo-e2e-8ANOTU/workspace"}
[Kilo New][P0-Perf] {"corr":"bb5b4eac-1b57-444d-898b-935dcdf9b4f6","stage":"sse.event","t":1786779446860,"d":37703,"surface":"extension","span":"end","dur":1,"eventType":"message.updated","dir":"/private/var/folders/9v/733tfwtj2jvgwygmtrbwj9gm0000gn/T/kilo-e2e-8ANOTU/workspace"}
[Kilo New][P0-Perf] {"corr":"bb5b4eac-1b57-444d-898b-935dcdf9b4f6","stage":"sse.event","t":1786779446860,"d":37703,"surface":"extension","span":"start","eventType":"message.updated.1","dir":"/private/var/folders/9v/733tfwtj2jvgwygmtrbwj9gm0000gn/T/kilo-e2e-8ANOTU/workspace"}
[Kilo New][P0-Perf] {"corr":"bb5b4eac-1b57-444d-898b-935dcdf9b4f6","stage":"sse.event","t":1786779446860,"d":37703,"surface":"extension","span":"end","dur":0,"eventType":"message.updated.1","dir":"/private/var/folders/9v/733tfwtj2jvgwygmtrbwj9gm0000gn/T/kilo-e2e-8ANOTU/workspace"}
[Kilo New][P0-Perf] {"corr":"bb5b4eac-1b57-444d-898b-935dcdf9b4f6","stage":"sse.event","t":1786779446861,"d":37704,"surface":"extension","span":"start","eventType":"message.part.removed","dir":"/private/var/folders/9v/733tfwtj2jvgwygmtrbwj9gm0000gn/T/kilo-e2e-8ANOTU/workspace"}
[Kilo New][P0-Perf] {"corr":"bb5b4eac-1b57-444d-898b-935dcdf9b4f6","stage":"sse.event","t":1786779446861,"d":37704,"surface":"extension","span":"end","dur":0,"eventType":"message.part.removed","dir":"/private/var/folders/9v/733tfwtj2jvgwygmtrbwj9gm0000gn/T/kilo-e2e-8ANOTU/workspace"}
[Kilo New][P0-Perf] {"corr":"bb5b4eac-1b57-444d-898b-935dcdf9b4f6","stage":"sse.event","t":1786779446861,"d":37704,"surface":"extension","span":"start","eventType":"message.part.removed.1","dir":"/private/var/folders/9v/733tfwtj2jvgwygmtrbwj9gm0000gn/T/kilo-e2e-8ANOTU/workspace"}
[Kilo New][P0-Perf] {"corr":"bb5b4eac-1b57-444d-898b-935dcdf9b4f6","stage":"sse.event","t":1786779446861,"d":37704,"surface":"extension","span":"end","dur":0,"eventType":"message.part.removed.1","dir":"/private/var/folders/9v/733tfwtj2jvgwygmtrbwj9gm0000gn/T/kilo-e2e-8ANOTU/workspace"}
[Kilo New][P0-Perf] {"corr":"bb5b4eac-1b57-444d-898b-935dcdf9b4f6","stage":"sse.event","t":1786779446935,"d":37778,"surface":"extension","span":"start","eventType":"server.heartbeat"}
[Kilo New][P0-Perf] {"corr":"bb5b4eac-1b57-444d-898b-935dcdf9b4f6","stage":"sse.event","t":1786779446935,"d":37778,"surface":"extension","span":"end","dur":0,"eventType":"server.heartbeat"}
[Kilo New] ServerManager: ⚠️ CLI Server stderr: INFO  2026-08-15T07:37:27 +519ms service=session.prompt session.id=ses_ffba5a668ffeP77RqCa6WauoqE step=1 loop
[Kilo New] ServerManager: ⚠️ CLI Server stderr: INFO  2026-08-15T07:37:27 +16ms service=p0-perf event=p0.mark stage=processor_entry ts=1786779447241 id=ses_ffba5a668ffeP77RqCa6WauoqE meta={"messageID":"msg_0045aafc200197WEcX3VSzzUMN","parentID":"msg_0045a5947001ATE7cWvF2GvcmJ","model":"e2e-model","provider":"e2e-local"} processor_entry
[Kilo New][P0-Perf] {"corr":"bb5b4eac-1b57-444d-898b-935dcdf9b4f6","stage":"sse.event","t":1786779447247,"d":38090,"surface":"extension","span":"start","eventType":"message.updated","dir":"/private/var/folders/9v/733tfwtj2jvgwygmtrbwj9gm0000gn/T/kilo-e2e-8ANOTU/workspace"}
[Kilo New][P0-Perf] {"corr":"bb5b4eac-1b57-444d-898b-935dcdf9b4f6","stage":"sse.event","t":1786779447248,"d":38091,"surface":"extension","span":"end","dur":1,"eventType":"message.updated","dir":"/private/var/folders/9v/733tfwtj2jvgwygmtrbwj9gm0000gn/T/kilo-e2e-8ANOTU/workspace"}
[Kilo New][P0-Perf] {"corr":"bb5b4eac-1b57-444d-898b-935dcdf9b4f6","stage":"sse.event","t":1786779447248,"d":38091,"surface":"extension","span":"start","eventType":"message.updated.1","dir":"/private/var/folders/9v/733tfwtj2jvgwygmtrbwj9gm0000gn/T/kilo-e2e-8ANOTU/workspace"}
[Kilo New][P0-Perf] {"corr":"bb5b4eac-1b57-444d-898b-935dcdf9b4f6","stage":"sse.event","t":1786779447248,"d":38091,"surface":"extension","span":"end","dur":0,"eventType":"message.updated.1","dir":"/private/var/folders/9v/733tfwtj2jvgwygmtrbwj9gm0000gn/T/kilo-e2e-8ANOTU/workspace"}
[Kilo New][P0-Perf] {"corr":"bb5b4eac-1b57-444d-898b-935dcdf9b4f6","stage":"sse.event","t":1786779447248,"d":38091,"surface":"extension","span":"start","eventType":"session.status","dir":"/private/var/folders/9v/733tfwtj2jvgwygmtrbwj9gm0000gn/T/kilo-e2e-8ANOTU/workspace"}
[Kilo New][P0-Perf] {"corr":"bb5b4eac-1b57-444d-898b-935dcdf9b4f6","stage":"sse.event","t":1786779447249,"d":38092,"surface":"extension","span":"end","dur":1,"eventType":"session.status","dir":"/private/var/folders/9v/733tfwtj2jvgwygmtrbwj9gm0000gn/T/kilo-e2e-8ANOTU/workspace"}
[Kilo New][P0-Perf] {"corr":"bb5b4eac-1b57-444d-898b-935dcdf9b4f6","stage":"sse.event","t":1786779447249,"d":38092,"surface":"extension","span":"start","eventType":"message.updated","dir":"/private/var/folders/9v/733tfwtj2jvgwygmtrbwj9gm0000gn/T/kilo-e2e-8ANOTU/workspace"}
[Kilo New][P0-Perf] {"corr":"bb5b4eac-1b57-444d-898b-935dcdf9b4f6","stage":"sse.event","t":1786779447249,"d":38092,"surface":"extension","span":"end","dur":0,"eventType":"message.updated","dir":"/private/var/folders/9v/733tfwtj2jvgwygmtrbwj9gm0000gn/T/kilo-e2e-8ANOTU/workspace"}
[Kilo New][P0-Perf] {"corr":"bb5b4eac-1b57-444d-898b-935dcdf9b4f6","stage":"sse.event","t":1786779447249,"d":38092,"surface":"extension","span":"start","eventType":"message.updated.1","dir":"/private/var/folders/9v/733tfwtj2jvgwygmtrbwj9gm0000gn/T/kilo-e2e-8ANOTU/workspace"}
[Kilo New][P0-Perf] {"corr":"bb5b4eac-1b57-444d-898b-935dcdf9b4f6","stage":"model.firstEvent","t":1786779447249,"d":38092,"surface":"extension","sessionID":"ses_ffba5a668ffeP77RqCa6WauoqE","messageID":"msg_0045aafc200197WEcX3VSzzUMN","parentID":"msg_0045a5947001ATE7cWvF2GvcmJ","dir":"/private/var/folders/9v/733tfwtj2jvgwygmtrbwj9gm0000gn/T/kilo-e2e-8ANOTU/workspace"}
[Kilo New][P0-Perf] {"corr":"bb5b4eac-1b57-444d-898b-935dcdf9b4f6","stage":"sse.event","t":1786779447250,"d":38093,"surface":"extension","span":"end","dur":1,"eventType":"message.updated.1","dir":"/private/var/folders/9v/733tfwtj2jvgwygmtrbwj9gm0000gn/T/kilo-e2e-8ANOTU/workspace"}
[Kilo New][P0-Perf] {"corr":"bb5b4eac-1b57-444d-898b-935dcdf9b4f6","stage":"sse.event","t":1786779447354,"d":38197,"surface":"extension","span":"start","eventType":"session.updated","dir":"/private/var/folders/9v/733tfwtj2jvgwygmtrbwj9gm0000gn/T/kilo-e2e-8ANOTU/workspace"}
[Kilo New][P0-Perf] {"corr":"bb5b4eac-1b57-444d-898b-935dcdf9b4f6","stage":"sse.event","t":1786779447354,"d":38197,"surface":"extension","span":"end","dur":0,"eventType":"session.updated","dir":"/private/var/folders/9v/733tfwtj2jvgwygmtrbwj9gm0000gn/T/kilo-e2e-8ANOTU/workspace"}
[Kilo New][P0-Perf] {"corr":"bb5b4eac-1b57-444d-898b-935dcdf9b4f6","stage":"sse.event","t":1786779447355,"d":38198,"surface":"extension","span":"start","eventType":"session.updated.1","dir":"/private/var/folders/9v/733tfwtj2jvgwygmtrbwj9gm0000gn/T/kilo-e2e-8ANOTU/workspace"}
[Kilo New][P0-Perf] {"corr":"bb5b4eac-1b57-444d-898b-935dcdf9b4f6","stage":"sse.event","t":1786779447355,"d":38198,"surface":"extension","span":"end","dur":0,"eventType":"session.updated.1","dir":"/private/var/folders/9v/733tfwtj2jvgwygmtrbwj9gm0000gn/T/kilo-e2e-8ANOTU/workspace"}
[Kilo New][P0-Perf] {"corr":"bb5b4eac-1b57-444d-898b-935dcdf9b4f6","stage":"sse.event","t":1786779447355,"d":38198,"surface":"extension","span":"start","eventType":"session.diff","dir":"/private/var/folders/9v/733tfwtj2jvgwygmtrbwj9gm0000gn/T/kilo-e2e-8ANOTU/workspace"}
[Kilo New][P0-Perf] {"corr":"bb5b4eac-1b57-444d-898b-935dcdf9b4f6","stage":"sse.event","t":1786779447355,"d":38198,"surface":"extension","span":"end","dur":0,"eventType":"session.diff","dir":"/private/var/folders/9v/733tfwtj2jvgwygmtrbwj9gm0000gn/T/kilo-e2e-8ANOTU/workspace"}
[Kilo New][P0-Perf] {"corr":"bb5b4eac-1b57-444d-898b-935dcdf9b4f6","stage":"sse.event","t":1786779447355,"d":38198,"surface":"extension","span":"start","eventType":"message.updated","dir":"/private/var/folders/9v/733tfwtj2jvgwygmtrbwj9gm0000gn/T/kilo-e2e-8ANOTU/workspace"}
[Kilo New][P0-Perf] {"corr":"bb5b4eac-1b57-444d-898b-935dcdf9b4f6","stage":"sse.event","t":1786779447356,"d":38199,"surface":"extension","span":"end","dur":1,"eventType":"message.updated","dir":"/private/var/folders/9v/733tfwtj2jvgwygmtrbwj9gm0000gn/T/kilo-e2e-8ANOTU/workspace"}
[Kilo New][P0-Perf] {"corr":"bb5b4eac-1b57-444d-898b-935dcdf9b4f6","stage":"sse.event","t":1786779447356,"d":38199,"surface":"extension","span":"start","eventType":"message.updated.1","dir":"/private/var/folders/9v/733tfwtj2jvgwygmtrbwj9gm0000gn/T/kilo-e2e-8ANOTU/workspace"}
[Kilo New][P0-Perf] {"corr":"bb5b4eac-1b57-444d-898b-935dcdf9b4f6","stage":"sse.event","t":1786779447356,"d":38199,"surface":"extension","span":"end","dur":0,"eventType":"message.updated.1","dir":"/private/var/folders/9v/733tfwtj2jvgwygmtrbwj9gm0000gn/T/kilo-e2e-8ANOTU/workspace"}
[Kilo New] ServerManager: ⚠️ CLI Server stderr: INFO  2026-08-15T07:37:27 +332ms service=snapshot hash=a490c0b0543f36ae735ececf7a11b2d7bdabf79e cwd=/private/var/folders/9v/733tfwtj2jvgwygmtrbwj9gm0000gn/T/kilo-e2e-8ANOTU/workspace git=/var/folders/9v/733tfwtj2jvgwygmtrbwj9gm0000gn/T/kilo-e2e-8ANOTU/xdg-data/kilo/snapshot/4d5c11ef39f7bccd8f64aa9c9ec14e4525f1d947/5d37ceabbbc88c4e2710ab78dda38cac193e4bd0 tracking
[Kilo New] ServerManager: ⚠️ CLI Server stderr: INFO  2026-08-15T07:37:27 +4ms service=session.tools status=started resolveTools
[Kilo New] ServerManager: ⚠️ CLI Server stderr: INFO  2026-08-15T07:37:27 +4ms service=tool.registry status=started invalid
[Kilo New] ServerManager: ⚠️ CLI Server stderr: INFO  2026-08-15T07:37:27 +0ms service=tool.registry status=completed duration=0 invalid
[Kilo New] ServerManager: ⚠️ CLI Server stderr: INFO  2026-08-15T07:37:27 +0ms service=tool.registry status=started question
[Kilo New] ServerManager: ⚠️ CLI Server stderr: INFO  2026-08-15T07:37:27 +1ms service=tool.registry status=completed duration=1 question
[Kilo New] ServerManager: ⚠️ CLI Server stderr: INFO  2026-08-15T07:37:27 +0ms service=tool.registry status=started bash
[Kilo New] ServerManager: ⚠️ CLI Server stderr: INFO  2026-08-15T07:37:27 +0ms service=tool.registry status=completed duration=0 bash
[Kilo New] ServerManager: ⚠️ CLI Server stderr: INFO  2026-08-15T07:37:27 +0ms service=tool.registry status=started read
[Kilo New] ServerManager: ⚠️ CLI Server stderr: INFO  2026-08-15T07:37:27 +0ms service=tool.registry status=completed duration=0 read
[Kilo New] ServerManager: ⚠️ CLI Server stderr: INFO  2026-08-15T07:37:27 +0ms service=tool.registry status=started glob
[Kilo New] ServerManager: ⚠️ CLI Server stderr: INFO  2026-08-15T07:37:27 +0ms service=tool.registry status=completed duration=0 glob
[Kilo New] ServerManager: ⚠️ CLI Server stderr: INFO  2026-08-15T07:37:27 +0ms service=tool.registry status=started grep
[Kilo New] ServerManager: ⚠️ CLI Server stderr: INFO  2026-08-15T07:37:27 +0ms service=tool.registry status=completed duration=0 grep
[Kilo New] ServerManager: ⚠️ CLI Server stderr: INFO  2026-08-15T07:37:27 +0ms service=tool.registry status=started edit
[Kilo New] ServerManager: ⚠️ CLI Server stderr: INFO  2026-08-15T07:37:27 +1ms service=tool.registry status=completed duration=0 edit
[Kilo New] ServerManager: ⚠️ CLI Server stderr: INFO  2026-08-15T07:37:27 +0ms service=tool.registry status=started write
[Kilo New] ServerManager: ⚠️ CLI Server stderr: INFO  2026-08-15T07:37:27 +0ms service=tool.registry status=completed duration=0 write
[Kilo New] ServerManager: ⚠️ CLI Server stderr: INFO  2026-08-15T07:37:27 +0ms service=tool.registry status=started task
[Kilo New] ServerManager: ⚠️ CLI Server stderr: INFO  2026-08-15T07:37:27 +1ms service=tool.registry status=completed duration=1 task
[Kilo New] ServerManager: ⚠️ CLI Server stderr: INFO  2026-08-15T07:37:27 +0ms service=tool.registry status=started webfetch
[Kilo New] ServerManager: ⚠️ CLI Server stderr: INFO  2026-08-15T07:37:27 +0ms service=tool.registry status=completed duration=0 webfetch
[Kilo New] ServerManager: ⚠️ CLI Server stderr: INFO  2026-08-15T07:37:27 +0ms service=tool.registry status=started todowrite
[Kilo New] ServerManager: ⚠️ CLI Server stderr: INFO  2026-08-15T07:37:27 +0ms service=tool.registry status=completed duration=0 todowrite
[Kilo New] ServerManager: ⚠️ CLI Server stderr: INFO  2026-08-15T07:37:27 +0ms service=tool.registry status=started skill
[Kilo New] ServerManager: ⚠️ CLI Server stderr: INFO  2026-08-15T07:37:27 +2ms service=tool.registry status=completed duration=2 skill
[Kilo New] ServerManager: ⚠️ CLI Server stderr: INFO  2026-08-15T07:37:27 +1ms service=tool.registry status=started plan_exit
[Kilo New] ServerManager: ⚠️ CLI Server stderr: INFO  2026-08-15T07:37:27 +3ms service=tool.registry status=completed duration=3 plan_exit
[Kilo New] ServerManager: ⚠️ CLI Server stderr: INFO  2026-08-15T07:37:27 +0ms service=tool.registry status=started kilo_local_recall
[Kilo New] ServerManager: ⚠️ CLI Server stderr: INFO  2026-08-15T07:37:27 +0ms service=tool.registry status=completed duration=0 kilo_local_recall
[Kilo New] ServerManager: ⚠️ CLI Server stderr: INFO  2026-08-15T07:37:27 +0ms service=tool.registry status=started background_process
[Kilo New] ServerManager: ⚠️ CLI Server stderr: INFO  2026-08-15T07:37:27 +0ms service=tool.registry status=completed duration=0 background_process
[Kilo New] ServerManager: ⚠️ CLI Server stderr: INFO  2026-08-15T07:37:27 +0ms service=tool.registry status=started agent_manager_models
[Kilo New] ServerManager: ⚠️ CLI Server stderr: INFO  2026-08-15T07:37:27 +0ms service=tool.registry status=completed duration=0 agent_manager_models
[Kilo New] ServerManager: ⚠️ CLI Server stderr: INFO  2026-08-15T07:37:27 +0ms service=tool.registry status=started agent_manager
[Kilo New] ServerManager: ⚠️ CLI Server stderr: INFO  2026-08-15T07:37:27 +1ms service=tool.registry status=completed duration=0 agent_manager
[Kilo New] ServerManager: ⚠️ CLI Server stderr: INFO  2026-08-15T07:37:27 +0ms service=tool.registry status=started e2e_marker
[Kilo New] ServerManager: ⚠️ CLI Server stderr: INFO  2026-08-15T07:37:27 +0ms service=tool.registry status=completed duration=0 e2e_marker
[Kilo New] ServerManager: ⚠️ CLI Server stderr: INFO  2026-08-15T07:37:27 +5ms service=session.tools status=completed duration=19 resolveTools
[Kilo New] ServerManager: ⚠️ CLI Server stderr: INFO  2026-08-15T07:37:27 +50ms service=session.processor session.id=ses_ffba5a668ffeP77RqCa6WauoqE messageID=msg_0045aafc200197WEcX3VSzzUMN process
[Kilo New] ServerManager: ⚠️ CLI Server stderr: INFO  2026-08-15T07:37:27 +4ms service=llm providerID=e2e-local modelID=e2e-model session.id=ses_ffba5a668ffeP77RqCa6WauoqE small=false agent=e2e-agent mode=primary stream
[Kilo New] ServerManager: ⚠️ CLI Server stderr: INFO  2026-08-15T07:37:27 +7ms service=default llm.runtime=ai-sdk llm.provider=e2e-local llm.model=e2e-model llm runtime selected
[Kilo New][P0-Perf] {"corr":"bb5b4eac-1b57-444d-898b-935dcdf9b4f6","stage":"sse.event","t":1786779447677,"d":38520,"surface":"extension","span":"start","eventType":"session.status","dir":"/private/var/folders/9v/733tfwtj2jvgwygmtrbwj9gm0000gn/T/kilo-e2e-8ANOTU/workspace"}
[Kilo New][P0-Perf] {"corr":"bb5b4eac-1b57-444d-898b-935dcdf9b4f6","stage":"sse.event","t":1786779447677,"d":38520,"surface":"extension","span":"end","dur":0,"eventType":"session.status","dir":"/private/var/folders/9v/733tfwtj2jvgwygmtrbwj9gm0000gn/T/kilo-e2e-8ANOTU/workspace"}
[Kilo New][P0-Perf] {"corr":"bb5b4eac-1b57-444d-898b-935dcdf9b4f6","stage":"sse.event","t":1786779447731,"d":38574,"surface":"extension","span":"start","eventType":"message.part.updated","dir":"/private/var/folders/9v/733tfwtj2jvgwygmtrbwj9gm0000gn/T/kilo-e2e-8ANOTU/workspace"}
[Kilo New][P0-Perf] {"corr":"bb5b4eac-1b57-444d-898b-935dcdf9b4f6","stage":"sse.event","t":1786779447731,"d":38574,"surface":"extension","span":"end","dur":0,"eventType":"message.part.updated","dir":"/private/var/folders/9v/733tfwtj2jvgwygmtrbwj9gm0000gn/T/kilo-e2e-8ANOTU/workspace"}
[Kilo New][P0-Perf] {"corr":"bb5b4eac-1b57-444d-898b-935dcdf9b4f6","stage":"sse.event","t":1786779447731,"d":38574,"surface":"extension","span":"start","eventType":"message.part.updated.1","dir":"/private/var/folders/9v/733tfwtj2jvgwygmtrbwj9gm0000gn/T/kilo-e2e-8ANOTU/workspace"}
[Kilo New][P0-Perf] {"corr":"bb5b4eac-1b57-444d-898b-935dcdf9b4f6","stage":"sse.event","t":1786779447731,"d":38574,"surface":"extension","span":"end","dur":0,"eventType":"message.part.updated.1","dir":"/private/var/folders/9v/733tfwtj2jvgwygmtrbwj9gm0000gn/T/kilo-e2e-8ANOTU/workspace"}
[Kilo New][P0-Perf] {"corr":"bb5b4eac-1b57-444d-898b-935dcdf9b4f6","stage":"sse.event","t":1786779447731,"d":38574,"surface":"extension","span":"start","eventType":"message.part.updated","dir":"/private/var/folders/9v/733tfwtj2jvgwygmtrbwj9gm0000gn/T/kilo-e2e-8ANOTU/workspace"}
[Kilo New][P0-Perf] {"corr":"bb5b4eac-1b57-444d-898b-935dcdf9b4f6","stage":"sse.event","t":1786779447732,"d":38575,"surface":"extension","span":"end","dur":1,"eventType":"message.part.updated","dir":"/private/var/folders/9v/733tfwtj2jvgwygmtrbwj9gm0000gn/T/kilo-e2e-8ANOTU/workspace"}
[Kilo New][P0-Perf] {"corr":"bb5b4eac-1b57-444d-898b-935dcdf9b4f6","stage":"sse.event","t":1786779447732,"d":38575,"surface":"extension","span":"start","eventType":"message.part.updated.1","dir":"/private/var/folders/9v/733tfwtj2jvgwygmtrbwj9gm0000gn/T/kilo-e2e-8ANOTU/workspace"}
[Kilo New][P0-Perf] {"corr":"bb5b4eac-1b57-444d-898b-935dcdf9b4f6","stage":"sse.event","t":1786779447732,"d":38575,"surface":"extension","span":"end","dur":0,"eventType":"message.part.updated.1","dir":"/private/var/folders/9v/733tfwtj2jvgwygmtrbwj9gm0000gn/T/kilo-e2e-8ANOTU/workspace"}
[Kilo New][P0-Perf] {"corr":"bb5b4eac-1b57-444d-898b-935dcdf9b4f6","stage":"sse.event","t":1786779447732,"d":38575,"surface":"extension","span":"start","eventType":"message.part.delta","dir":"/private/var/folders/9v/733tfwtj2jvgwygmtrbwj9gm0000gn/T/kilo-e2e-8ANOTU/workspace"}
[Kilo New][P0-Perf] {"corr":"bb5b4eac-1b57-444d-898b-935dcdf9b4f6","stage":"sse.event","t":1786779447732,"d":38575,"surface":"extension","span":"end","dur":0,"eventType":"message.part.delta","dir":"/private/var/folders/9v/733tfwtj2jvgwygmtrbwj9gm0000gn/T/kilo-e2e-8ANOTU/workspace"}
[Kilo New][P0-Perf] {"corr":"bb5b4eac-1b57-444d-898b-935dcdf9b4f6","stage":"sse.event","t":1786779447732,"d":38575,"surface":"extension","span":"start","eventType":"message.part.updated","dir":"/private/var/folders/9v/733tfwtj2jvgwygmtrbwj9gm0000gn/T/kilo-e2e-8ANOTU/workspace"}
[Kilo New][P0-Perf] {"corr":"bb5b4eac-1b57-444d-898b-935dcdf9b4f6","stage":"sse.event","t":1786779447732,"d":38575,"surface":"extension","span":"end","dur":0,"eventType":"message.part.updated","dir":"/private/var/folders/9v/733tfwtj2jvgwygmtrbwj9gm0000gn/T/kilo-e2e-8ANOTU/workspace"}
[Kilo New][P0-Perf] {"corr":"bb5b4eac-1b57-444d-898b-935dcdf9b4f6","stage":"sse.event","t":1786779447732,"d":38575,"surface":"extension","span":"start","eventType":"message.part.updated.1","dir":"/private/var/folders/9v/733tfwtj2jvgwygmtrbwj9gm0000gn/T/kilo-e2e-8ANOTU/workspace"}
[Kilo New][P0-Perf] {"corr":"bb5b4eac-1b57-444d-898b-935dcdf9b4f6","stage":"sse.event","t":1786779447733,"d":38576,"surface":"extension","span":"end","dur":1,"eventType":"message.part.updated.1","dir":"/private/var/folders/9v/733tfwtj2jvgwygmtrbwj9gm0000gn/T/kilo-e2e-8ANOTU/workspace"}
[Kilo New] ServerManager: ⚠️ CLI Server stderr: INFO  2026-08-15T07:37:28 +1279ms service=snapshot hash=a490c0b0543f36ae735ececf7a11b2d7bdabf79e cwd=/private/var/folders/9v/733tfwtj2jvgwygmtrbwj9gm0000gn/T/kilo-e2e-8ANOTU/workspace git=/var/folders/9v/733tfwtj2jvgwygmtrbwj9gm0000gn/T/kilo-e2e-8ANOTU/xdg-data/kilo/snapshot/4d5c11ef39f7bccd8f64aa9c9ec14e4525f1d947/5d37ceabbbc88c4e2710ab78dda38cac193e4bd0 tracking
[Kilo New] ServerManager: ⚠️ CLI Server stderr: INFO  2026-08-15T07:37:28 +2ms service=model-cache providerID=apertis refreshing models
[Kilo New][P0-Perf] {"corr":"bb5b4eac-1b57-444d-898b-935dcdf9b4f6","stage":"sse.event","t":1786779448996,"d":39839,"surface":"extension","span":"start","eventType":"message.part.updated","dir":"/private/var/folders/9v/733tfwtj2jvgwygmtrbwj9gm0000gn/T/kilo-e2e-8ANOTU/workspace"}
[Kilo New][P0-Perf] {"corr":"bb5b4eac-1b57-444d-898b-935dcdf9b4f6","stage":"sse.event","t":1786779448997,"d":39840,"surface":"extension","span":"end","dur":1,"eventType":"message.part.updated","dir":"/private/var/folders/9v/733tfwtj2jvgwygmtrbwj9gm0000gn/T/kilo-e2e-8ANOTU/workspace"}
[Kilo New][P0-Perf] {"corr":"bb5b4eac-1b57-444d-898b-935dcdf9b4f6","stage":"sse.event","t":1786779448997,"d":39840,"surface":"extension","span":"start","eventType":"message.part.updated.1","dir":"/private/var/folders/9v/733tfwtj2jvgwygmtrbwj9gm0000gn/T/kilo-e2e-8ANOTU/workspace"}
[Kilo New][P0-Perf] {"corr":"bb5b4eac-1b57-444d-898b-935dcdf9b4f6","stage":"sse.event","t":1786779448997,"d":39840,"surface":"extension","span":"end","dur":0,"eventType":"message.part.updated.1","dir":"/private/var/folders/9v/733tfwtj2jvgwygmtrbwj9gm0000gn/T/kilo-e2e-8ANOTU/workspace"}
[Kilo New] ServerManager: ⚠️ CLI Server stderr: INFO  2026-08-15T07:37:28 +58ms service=model-cache providerID=apertis count=0 models fetched and cached
[Kilo New][P0-Perf] {"corr":"bb5b4eac-1b57-444d-898b-935dcdf9b4f6","stage":"sse.event","t":1786779449086,"d":39929,"surface":"extension","span":"start","eventType":"message.part.updated","dir":"/private/var/folders/9v/733tfwtj2jvgwygmtrbwj9gm0000gn/T/kilo-e2e-8ANOTU/workspace"}
[Kilo New][P0-Perf] {"corr":"bb5b4eac-1b57-444d-898b-935dcdf9b4f6","stage":"sse.event","t":1786779449086,"d":39929,"surface":"extension","span":"end","dur":0,"eventType":"message.part.updated","dir":"/private/var/folders/9v/733tfwtj2jvgwygmtrbwj9gm0000gn/T/kilo-e2e-8ANOTU/workspace"}
[Kilo New][P0-Perf] {"corr":"bb5b4eac-1b57-444d-898b-935dcdf9b4f6","stage":"sse.event","t":1786779449086,"d":39929,"surface":"extension","span":"start","eventType":"message.part.updated.1","dir":"/private/var/folders/9v/733tfwtj2jvgwygmtrbwj9gm0000gn/T/kilo-e2e-8ANOTU/workspace"}
[Kilo New][P0-Perf] {"corr":"bb5b4eac-1b57-444d-898b-935dcdf9b4f6","stage":"sse.event","t":1786779449086,"d":39929,"surface":"extension","span":"end","dur":0,"eventType":"message.part.updated.1","dir":"/private/var/folders/9v/733tfwtj2jvgwygmtrbwj9gm0000gn/T/kilo-e2e-8ANOTU/workspace"}
[Kilo New][P0-Perf] {"corr":"bb5b4eac-1b57-444d-898b-935dcdf9b4f6","stage":"sse.event","t":1786779449086,"d":39929,"surface":"extension","span":"start","eventType":"message.updated","dir":"/private/var/folders/9v/733tfwtj2jvgwygmtrbwj9gm0000gn/T/kilo-e2e-8ANOTU/workspace"}
[Kilo New][P0-Perf] {"corr":"bb5b4eac-1b57-444d-898b-935dcdf9b4f6","stage":"sse.event","t":1786779449087,"d":39930,"surface":"extension","span":"end","dur":1,"eventType":"message.updated","dir":"/private/var/folders/9v/733tfwtj2jvgwygmtrbwj9gm0000gn/T/kilo-e2e-8ANOTU/workspace"}
[Kilo New][P0-Perf] {"corr":"bb5b4eac-1b57-444d-898b-935dcdf9b4f6","stage":"sse.event","t":1786779449087,"d":39930,"surface":"extension","span":"start","eventType":"message.updated.1","dir":"/private/var/folders/9v/733tfwtj2jvgwygmtrbwj9gm0000gn/T/kilo-e2e-8ANOTU/workspace"}
[Kilo New][P0-Perf] {"corr":"bb5b4eac-1b57-444d-898b-935dcdf9b4f6","stage":"sse.event","t":1786779449087,"d":39930,"surface":"extension","span":"end","dur":0,"eventType":"message.updated.1","dir":"/private/var/folders/9v/733tfwtj2jvgwygmtrbwj9gm0000gn/T/kilo-e2e-8ANOTU/workspace"}
[Kilo New][P0-Perf] {"corr":"bb5b4eac-1b57-444d-898b-935dcdf9b4f6","stage":"sse.event","t":1786779449087,"d":39930,"surface":"extension","span":"start","eventType":"message.part.removed","dir":"/private/var/folders/9v/733tfwtj2jvgwygmtrbwj9gm0000gn/T/kilo-e2e-8ANOTU/workspace"}
[Kilo New][P0-Perf] {"corr":"bb5b4eac-1b57-444d-898b-935dcdf9b4f6","stage":"sse.event","t":1786779449087,"d":39930,"surface":"extension","span":"end","dur":0,"eventType":"message.part.removed","dir":"/private/var/folders/9v/733tfwtj2jvgwygmtrbwj9gm0000gn/T/kilo-e2e-8ANOTU/workspace"}
[Kilo New][P0-Perf] {"corr":"bb5b4eac-1b57-444d-898b-935dcdf9b4f6","stage":"sse.event","t":1786779449088,"d":39931,"surface":"extension","span":"start","eventType":"message.part.removed.1","dir":"/private/var/folders/9v/733tfwtj2jvgwygmtrbwj9gm0000gn/T/kilo-e2e-8ANOTU/workspace"}
[Kilo New][P0-Perf] {"corr":"bb5b4eac-1b57-444d-898b-935dcdf9b4f6","stage":"sse.event","t":1786779449088,"d":39931,"surface":"extension","span":"end","dur":0,"eventType":"message.part.removed.1","dir":"/private/var/folders/9v/733tfwtj2jvgwygmtrbwj9gm0000gn/T/kilo-e2e-8ANOTU/workspace"}
[Kilo New] ServerManager: ⚠️ CLI Server stderr: INFO  2026-08-15T07:37:29 +222ms service=session.prompt session.id=ses_ffba5a668ffeP77RqCa6WauoqE step=2 loop
[Kilo New] ServerManager: ⚠️ CLI Server stderr: INFO  2026-08-15T07:37:29 +2ms service=session.prompt session.id=ses_ffba5a668ffeP77RqCa6WauoqE exiting loop
[Kilo New] ServerManager: ⚠️ CLI Server stderr: INFO  2026-08-15T07:37:29 +3ms service=bus type=session.turn.close publishing
[Kilo New][P0-Perf] {"corr":"bb5b4eac-1b57-444d-898b-935dcdf9b4f6","stage":"sse.event","t":1786779449226,"d":40069,"surface":"extension","span":"start","eventType":"message.updated","dir":"/private/var/folders/9v/733tfwtj2jvgwygmtrbwj9gm0000gn/T/kilo-e2e-8ANOTU/workspace"}
[Kilo New][P0-Perf] {"corr":"bb5b4eac-1b57-444d-898b-935dcdf9b4f6","stage":"sse.event","t":1786779449227,"d":40070,"surface":"extension","span":"end","dur":1,"eventType":"message.updated","dir":"/private/var/folders/9v/733tfwtj2jvgwygmtrbwj9gm0000gn/T/kilo-e2e-8ANOTU/workspace"}
[Kilo New][P0-Perf] {"corr":"bb5b4eac-1b57-444d-898b-935dcdf9b4f6","stage":"sse.event","t":1786779449227,"d":40070,"surface":"extension","span":"start","eventType":"message.updated.1","dir":"/private/var/folders/9v/733tfwtj2jvgwygmtrbwj9gm0000gn/T/kilo-e2e-8ANOTU/workspace"}
[Kilo New][P0-Perf] {"corr":"bb5b4eac-1b57-444d-898b-935dcdf9b4f6","stage":"sse.event","t":1786779449227,"d":40070,"surface":"extension","span":"end","dur":0,"eventType":"message.updated.1","dir":"/private/var/folders/9v/733tfwtj2jvgwygmtrbwj9gm0000gn/T/kilo-e2e-8ANOTU/workspace"}
[Kilo New][P0-Perf] {"corr":"bb5b4eac-1b57-444d-898b-935dcdf9b4f6","stage":"sse.event","t":1786779449227,"d":40070,"surface":"extension","span":"start","eventType":"session.status","dir":"/private/var/folders/9v/733tfwtj2jvgwygmtrbwj9gm0000gn/T/kilo-e2e-8ANOTU/workspace"}
[Kilo New][P0-Perf] {"corr":"bb5b4eac-1b57-444d-898b-935dcdf9b4f6","stage":"sse.event","t":1786779449228,"d":40071,"surface":"extension","span":"end","dur":1,"eventType":"session.status","dir":"/private/var/folders/9v/733tfwtj2jvgwygmtrbwj9gm0000gn/T/kilo-e2e-8ANOTU/workspace"}
[Kilo New][P0-Perf] {"corr":"bb5b4eac-1b57-444d-898b-935dcdf9b4f6","stage":"sse.event","t":1786779449228,"d":40071,"surface":"extension","span":"start","eventType":"session.status","dir":"/private/var/folders/9v/733tfwtj2jvgwygmtrbwj9gm0000gn/T/kilo-e2e-8ANOTU/workspace"}
[Kilo New][P0-Perf] {"corr":"bb5b4eac-1b57-444d-898b-935dcdf9b4f6","stage":"sse.event","t":1786779449228,"d":40071,"surface":"extension","span":"end","dur":0,"eventType":"session.status","dir":"/private/var/folders/9v/733tfwtj2jvgwygmtrbwj9gm0000gn/T/kilo-e2e-8ANOTU/workspace"}
[Kilo New][P0-Perf] {"corr":"bb5b4eac-1b57-444d-898b-935dcdf9b4f6","stage":"sse.event","t":1786779449228,"d":40071,"surface":"extension","span":"start","eventType":"session.idle","dir":"/private/var/folders/9v/733tfwtj2jvgwygmtrbwj9gm0000gn/T/kilo-e2e-8ANOTU/workspace"}
[Kilo New][P0-Perf] {"corr":"bb5b4eac-1b57-444d-898b-935dcdf9b4f6","stage":"sse.event","t":1786779449228,"d":40071,"surface":"extension","span":"end","dur":0,"eventType":"session.idle","dir":"/private/var/folders/9v/733tfwtj2jvgwygmtrbwj9gm0000gn/T/kilo-e2e-8ANOTU/workspace"}
[Kilo New][P0-Perf] {"corr":"bb5b4eac-1b57-444d-898b-935dcdf9b4f6","stage":"sse.event","t":1786779449229,"d":40072,"surface":"extension","span":"start","eventType":"session.turn.close","dir":"/private/var/folders/9v/733tfwtj2jvgwygmtrbwj9gm0000gn/T/kilo-e2e-8ANOTU/workspace"}
[Kilo New][P0-Perf] {"corr":"bb5b4eac-1b57-444d-898b-935dcdf9b4f6","stage":"sse.event","t":1786779449229,"d":40072,"surface":"extension","span":"end","dur":0,"eventType":"session.turn.close","dir":"/private/var/folders/9v/733tfwtj2jvgwygmtrbwj9gm0000gn/T/kilo-e2e-8ANOTU/workspace"}
[Kilo New][P0-Perf] {"corr":"bb5b4eac-1b57-444d-898b-935dcdf9b4f6","stage":"sse.event","t":1786779449256,"d":40099,"surface":"extension","span":"start","eventType":"session.updated","dir":"/private/var/folders/9v/733tfwtj2jvgwygmtrbwj9gm0000gn/T/kilo-e2e-8ANOTU/workspace"}
[Kilo New][P0-Perf] {"corr":"bb5b4eac-1b57-444d-898b-935dcdf9b4f6","stage":"sse.event","t":1786779449256,"d":40099,"surface":"extension","span":"end","dur":0,"eventType":"session.updated","dir":"/private/var/folders/9v/733tfwtj2jvgwygmtrbwj9gm0000gn/T/kilo-e2e-8ANOTU/workspace"}
[Kilo New][P0-Perf] {"corr":"bb5b4eac-1b57-444d-898b-935dcdf9b4f6","stage":"sse.event","t":1786779449256,"d":40099,"surface":"extension","span":"start","eventType":"session.updated.1","dir":"/private/var/folders/9v/733tfwtj2jvgwygmtrbwj9gm0000gn/T/kilo-e2e-8ANOTU/workspace"}
[Kilo New][P0-Perf] {"corr":"bb5b4eac-1b57-444d-898b-935dcdf9b4f6","stage":"sse.event","t":1786779449256,"d":40099,"surface":"extension","span":"end","dur":0,"eventType":"session.updated.1","dir":"/private/var/folders/9v/733tfwtj2jvgwygmtrbwj9gm0000gn/T/kilo-e2e-8ANOTU/workspace"}
[Kilo New][P0-Perf] {"corr":"bb5b4eac-1b57-444d-898b-935dcdf9b4f6","stage":"sse.event","t":1786779449277,"d":40120,"surface":"extension","span":"start","eventType":"session.diff","dir":"/private/var/folders/9v/733tfwtj2jvgwygmtrbwj9gm0000gn/T/kilo-e2e-8ANOTU/workspace"}
[Kilo New][P0-Perf] {"corr":"bb5b4eac-1b57-444d-898b-935dcdf9b4f6","stage":"sse.event","t":1786779449277,"d":40120,"surface":"extension","span":"end","dur":0,"eventType":"session.diff","dir":"/private/var/folders/9v/733tfwtj2jvgwygmtrbwj9gm0000gn/T/kilo-e2e-8ANOTU/workspace"}
[Kilo New][P0-Perf] {"corr":"bb5b4eac-1b57-444d-898b-935dcdf9b4f6","stage":"sse.event","t":1786779449277,"d":40120,"surface":"extension","span":"start","eventType":"message.updated","dir":"/private/var/folders/9v/733tfwtj2jvgwygmtrbwj9gm0000gn/T/kilo-e2e-8ANOTU/workspace"}
[Kilo New][P0-Perf] {"corr":"bb5b4eac-1b57-444d-898b-935dcdf9b4f6","stage":"sse.event","t":1786779449278,"d":40121,"surface":"extension","span":"end","dur":1,"eventType":"message.updated","dir":"/private/var/folders/9v/733tfwtj2jvgwygmtrbwj9gm0000gn/T/kilo-e2e-8ANOTU/workspace"}
[Kilo New][P0-Perf] {"corr":"bb5b4eac-1b57-444d-898b-935dcdf9b4f6","stage":"sse.event","t":1786779449278,"d":40121,"surface":"extension","span":"start","eventType":"message.updated.1","dir":"/private/var/folders/9v/733tfwtj2jvgwygmtrbwj9gm0000gn/T/kilo-e2e-8ANOTU/workspace"}
[Kilo New][P0-Perf] {"corr":"bb5b4eac-1b57-444d-898b-935dcdf9b4f6","stage":"sse.event","t":1786779449278,"d":40121,"surface":"extension","span":"end","dur":0,"eventType":"message.updated.1","dir":"/private/var/folders/9v/733tfwtj2jvgwygmtrbwj9gm0000gn/T/kilo-e2e-8ANOTU/workspace"}
[Kilo New] ServerManager: ⚠️ CLI Server stderr: INFO  2026-08-15T07:37:31 +2694ms service=model-cache providerID=apertis refreshing models
[Kilo New] ServerManager: ⚠️ CLI Server stderr: INFO  2026-08-15T07:37:31 +36ms service=model-cache providerID=apertis count=0 models fetched and cached
[probe] PASS H-2 delegation: backend child + completed task result in the parent (attempt 1)
[probe] H-2 root=ses_ffba5a668ffeP77RqCa6WauoqE child=ses_ffba56b8effeAJiTBv4ngT59CM
[probe] PASS H-2 panel shows the completed-turn text: transcript text present
[probe] PASS H-2 panel renders the child-open button (task linkage)
[Kilo New][P0-Perf] {"corr":"bb5b4eac-1b57-444d-898b-935dcdf9b4f6","stage":"prompt.submit","t":1786779453237,"d":44080,"surface":"extension","sessionID":"ses_ffba5a668ffeP77RqCa6WauoqE","messageID":"msg_0045ac719001dbQXeak8fixpla","dir":"/var/folders/9v/733tfwtj2jvgwygmtrbwj9gm0000gn/T/kilo-e2e-8ANOTU/workspace"}
[probe] sent prompt via real prompt input: E2E_USER_TOOL: call the user-defined tool
[Kilo New][P0-Perf] {"corr":"bb5b4eac-1b57-444d-898b-935dcdf9b4f6","stage":"sse.event","t":1786779453285,"d":44128,"surface":"extension","span":"start","eventType":"message.updated","dir":"/private/var/folders/9v/733tfwtj2jvgwygmtrbwj9gm0000gn/T/kilo-e2e-8ANOTU/workspace"}
[Kilo New][P0-Perf] {"corr":"bb5b4eac-1b57-444d-898b-935dcdf9b4f6","stage":"sse.event","t":1786779453285,"d":44128,"surface":"extension","span":"end","dur":0,"eventType":"message.updated","dir":"/private/var/folders/9v/733tfwtj2jvgwygmtrbwj9gm0000gn/T/kilo-e2e-8ANOTU/workspace"}
[Kilo New][P0-Perf] {"corr":"bb5b4eac-1b57-444d-898b-935dcdf9b4f6","stage":"sse.event","t":1786779453285,"d":44128,"surface":"extension","span":"start","eventType":"message.updated.1","dir":"/private/var/folders/9v/733tfwtj2jvgwygmtrbwj9gm0000gn/T/kilo-e2e-8ANOTU/workspace"}
[Kilo New][P0-Perf] {"corr":"bb5b4eac-1b57-444d-898b-935dcdf9b4f6","stage":"sse.event","t":1786779453286,"d":44129,"surface":"extension","span":"end","dur":1,"eventType":"message.updated.1","dir":"/private/var/folders/9v/733tfwtj2jvgwygmtrbwj9gm0000gn/T/kilo-e2e-8ANOTU/workspace"}
[Kilo New][P0-Perf] {"corr":"bb5b4eac-1b57-444d-898b-935dcdf9b4f6","stage":"sse.event","t":1786779453286,"d":44129,"surface":"extension","span":"start","eventType":"message.part.updated","dir":"/private/var/folders/9v/733tfwtj2jvgwygmtrbwj9gm0000gn/T/kilo-e2e-8ANOTU/workspace"}
[Kilo New][P0-Perf] {"corr":"bb5b4eac-1b57-444d-898b-935dcdf9b4f6","stage":"sse.event","t":1786779453286,"d":44129,"surface":"extension","span":"end","dur":0,"eventType":"message.part.updated","dir":"/private/var/folders/9v/733tfwtj2jvgwygmtrbwj9gm0000gn/T/kilo-e2e-8ANOTU/workspace"}
[Kilo New][P0-Perf] {"corr":"bb5b4eac-1b57-444d-898b-935dcdf9b4f6","stage":"sse.event","t":1786779453286,"d":44129,"surface":"extension","span":"start","eventType":"message.part.updated.1","dir":"/private/var/folders/9v/733tfwtj2jvgwygmtrbwj9gm0000gn/T/kilo-e2e-8ANOTU/workspace"}
[Kilo New][P0-Perf] {"corr":"bb5b4eac-1b57-444d-898b-935dcdf9b4f6","stage":"sse.event","t":1786779453286,"d":44129,"surface":"extension","span":"end","dur":0,"eventType":"message.part.updated.1","dir":"/private/var/folders/9v/733tfwtj2jvgwygmtrbwj9gm0000gn/T/kilo-e2e-8ANOTU/workspace"}
[Kilo New][P0-Perf] {"corr":"bb5b4eac-1b57-444d-898b-935dcdf9b4f6","stage":"sse.event","t":1786779453286,"d":44129,"surface":"extension","span":"start","eventType":"session.updated","dir":"/private/var/folders/9v/733tfwtj2jvgwygmtrbwj9gm0000gn/T/kilo-e2e-8ANOTU/workspace"}
[Kilo New][P0-Perf] {"corr":"bb5b4eac-1b57-444d-898b-935dcdf9b4f6","stage":"sse.event","t":1786779453286,"d":44129,"surface":"extension","span":"end","dur":0,"eventType":"session.updated","dir":"/private/var/folders/9v/733tfwtj2jvgwygmtrbwj9gm0000gn/T/kilo-e2e-8ANOTU/workspace"}
[Kilo New][P0-Perf] {"corr":"bb5b4eac-1b57-444d-898b-935dcdf9b4f6","stage":"sse.event","t":1786779453286,"d":44129,"surface":"extension","span":"start","eventType":"session.updated.1","dir":"/private/var/folders/9v/733tfwtj2jvgwygmtrbwj9gm0000gn/T/kilo-e2e-8ANOTU/workspace"}
[Kilo New][P0-Perf] {"corr":"bb5b4eac-1b57-444d-898b-935dcdf9b4f6","stage":"sse.event","t":1786779453287,"d":44130,"surface":"extension","span":"end","dur":1,"eventType":"session.updated.1","dir":"/private/var/folders/9v/733tfwtj2jvgwygmtrbwj9gm0000gn/T/kilo-e2e-8ANOTU/workspace"}
[Kilo New] ServerManager: ⚠️ CLI Server stderr: INFO  2026-08-15T07:37:33 +1376ms service=bus type=session.turn.open publishing
[Kilo New] ServerManager: ⚠️ CLI Server stderr: INFO  2026-08-15T07:37:33 +7ms service=session.prompt session.id=ses_ffba5a668ffeP77RqCa6WauoqE step=0 loop
[Kilo New] ServerManager: ⚠️ CLI Server stderr: INFO  2026-08-15T07:37:33 +7ms service=p0-perf event=p0.mark stage=processor_entry ts=1786779453343 id=ses_ffba5a668ffeP77RqCa6WauoqE meta={"messageID":"msg_0045ac79a001Es1e9tKny87WNg","parentID":"msg_0045ac719001dbQXeak8fixpla","model":"e2e-model","provider":"e2e-local"} processor_entry
[Kilo New][P0-Perf] {"corr":"bb5b4eac-1b57-444d-898b-935dcdf9b4f6","stage":"sse.event","t":1786779453349,"d":44192,"surface":"extension","span":"start","eventType":"session.turn.open","dir":"/private/var/folders/9v/733tfwtj2jvgwygmtrbwj9gm0000gn/T/kilo-e2e-8ANOTU/workspace"}
[Kilo New][P0-Perf] {"corr":"bb5b4eac-1b57-444d-898b-935dcdf9b4f6","stage":"sse.event","t":1786779453349,"d":44192,"surface":"extension","span":"end","dur":0,"eventType":"session.turn.open","dir":"/private/var/folders/9v/733tfwtj2jvgwygmtrbwj9gm0000gn/T/kilo-e2e-8ANOTU/workspace"}
[Kilo New][P0-Perf] {"corr":"bb5b4eac-1b57-444d-898b-935dcdf9b4f6","stage":"sse.event","t":1786779453383,"d":44226,"surface":"extension","span":"start","eventType":"session.status","dir":"/private/var/folders/9v/733tfwtj2jvgwygmtrbwj9gm0000gn/T/kilo-e2e-8ANOTU/workspace"}
[Kilo New][P0-Perf] {"corr":"bb5b4eac-1b57-444d-898b-935dcdf9b4f6","stage":"sse.event","t":1786779453384,"d":44227,"surface":"extension","span":"end","dur":1,"eventType":"session.status","dir":"/private/var/folders/9v/733tfwtj2jvgwygmtrbwj9gm0000gn/T/kilo-e2e-8ANOTU/workspace"}
[Kilo New][P0-Perf] {"corr":"bb5b4eac-1b57-444d-898b-935dcdf9b4f6","stage":"sse.event","t":1786779453384,"d":44227,"surface":"extension","span":"start","eventType":"message.updated","dir":"/private/var/folders/9v/733tfwtj2jvgwygmtrbwj9gm0000gn/T/kilo-e2e-8ANOTU/workspace"}
[Kilo New][P0-Perf] {"corr":"bb5b4eac-1b57-444d-898b-935dcdf9b4f6","stage":"sse.event","t":1786779453384,"d":44227,"surface":"extension","span":"end","dur":0,"eventType":"message.updated","dir":"/private/var/folders/9v/733tfwtj2jvgwygmtrbwj9gm0000gn/T/kilo-e2e-8ANOTU/workspace"}
[Kilo New][P0-Perf] {"corr":"bb5b4eac-1b57-444d-898b-935dcdf9b4f6","stage":"sse.event","t":1786779453384,"d":44227,"surface":"extension","span":"start","eventType":"message.updated.1","dir":"/private/var/folders/9v/733tfwtj2jvgwygmtrbwj9gm0000gn/T/kilo-e2e-8ANOTU/workspace"}
[Kilo New][P0-Perf] {"corr":"bb5b4eac-1b57-444d-898b-935dcdf9b4f6","stage":"model.firstEvent","t":1786779453384,"d":44227,"surface":"extension","sessionID":"ses_ffba5a668ffeP77RqCa6WauoqE","messageID":"msg_0045ac79a001Es1e9tKny87WNg","parentID":"msg_0045ac719001dbQXeak8fixpla","dir":"/private/var/folders/9v/733tfwtj2jvgwygmtrbwj9gm0000gn/T/kilo-e2e-8ANOTU/workspace"}
[Kilo New][P0-Perf] {"corr":"bb5b4eac-1b57-444d-898b-935dcdf9b4f6","stage":"sse.event","t":1786779453384,"d":44227,"surface":"extension","span":"end","dur":0,"eventType":"message.updated.1","dir":"/private/var/folders/9v/733tfwtj2jvgwygmtrbwj9gm0000gn/T/kilo-e2e-8ANOTU/workspace"}
[Kilo New] ServerManager: ⚠️ CLI Server stderr: INFO  2026-08-15T07:37:34 +973ms service=model-cache providerID=apertis refreshing models
[Kilo New] ServerManager: ⚠️ CLI Server stderr: INFO  2026-08-15T07:37:34 +10ms service=model-cache providerID=apertis count=0 models fetched and cached
[Kilo New][P0-Perf] {"corr":"bb5b4eac-1b57-444d-898b-935dcdf9b4f6","stage":"sse.event","t":1786779454327,"d":45170,"surface":"extension","span":"start","eventType":"message.part.updated","dir":"/private/var/folders/9v/733tfwtj2jvgwygmtrbwj9gm0000gn/T/kilo-e2e-8ANOTU/workspace"}
[Kilo New][P0-Perf] {"corr":"bb5b4eac-1b57-444d-898b-935dcdf9b4f6","stage":"sse.event","t":1786779454327,"d":45170,"surface":"extension","span":"end","dur":0,"eventType":"message.part.updated","dir":"/private/var/folders/9v/733tfwtj2jvgwygmtrbwj9gm0000gn/T/kilo-e2e-8ANOTU/workspace"}
[Kilo New][P0-Perf] {"corr":"bb5b4eac-1b57-444d-898b-935dcdf9b4f6","stage":"sse.event","t":1786779454327,"d":45170,"surface":"extension","span":"start","eventType":"message.part.updated.1","dir":"/private/var/folders/9v/733tfwtj2jvgwygmtrbwj9gm0000gn/T/kilo-e2e-8ANOTU/workspace"}
[Kilo New][P0-Perf] {"corr":"bb5b4eac-1b57-444d-898b-935dcdf9b4f6","stage":"sse.event","t":1786779454327,"d":45170,"surface":"extension","span":"end","dur":0,"eventType":"message.part.updated.1","dir":"/private/var/folders/9v/733tfwtj2jvgwygmtrbwj9gm0000gn/T/kilo-e2e-8ANOTU/workspace"}
[Kilo New][P0-Perf] {"corr":"bb5b4eac-1b57-444d-898b-935dcdf9b4f6","stage":"sse.event","t":1786779454449,"d":45292,"surface":"extension","span":"start","eventType":"message.part.updated","dir":"/private/var/folders/9v/733tfwtj2jvgwygmtrbwj9gm0000gn/T/kilo-e2e-8ANOTU/workspace"}
[Kilo New][P0-Perf] {"corr":"bb5b4eac-1b57-444d-898b-935dcdf9b4f6","stage":"sse.event","t":1786779454450,"d":45293,"surface":"extension","span":"end","dur":1,"eventType":"message.part.updated","dir":"/private/var/folders/9v/733tfwtj2jvgwygmtrbwj9gm0000gn/T/kilo-e2e-8ANOTU/workspace"}
[Kilo New][P0-Perf] {"corr":"bb5b4eac-1b57-444d-898b-935dcdf9b4f6","stage":"sse.event","t":1786779454450,"d":45293,"surface":"extension","span":"start","eventType":"message.part.updated.1","dir":"/private/var/folders/9v/733tfwtj2jvgwygmtrbwj9gm0000gn/T/kilo-e2e-8ANOTU/workspace"}
[Kilo New][P0-Perf] {"corr":"bb5b4eac-1b57-444d-898b-935dcdf9b4f6","stage":"sse.event","t":1786779454450,"d":45293,"surface":"extension","span":"end","dur":0,"eventType":"message.part.updated.1","dir":"/private/var/folders/9v/733tfwtj2jvgwygmtrbwj9gm0000gn/T/kilo-e2e-8ANOTU/workspace"}
[Kilo New] ServerManager: ⚠️ CLI Server stderr: INFO  2026-08-15T07:37:34 +170ms service=snapshot hash=a490c0b0543f36ae735ececf7a11b2d7bdabf79e cwd=/private/var/folders/9v/733tfwtj2jvgwygmtrbwj9gm0000gn/T/kilo-e2e-8ANOTU/workspace git=/var/folders/9v/733tfwtj2jvgwygmtrbwj9gm0000gn/T/kilo-e2e-8ANOTU/xdg-data/kilo/snapshot/4d5c11ef39f7bccd8f64aa9c9ec14e4525f1d947/5d37ceabbbc88c4e2710ab78dda38cac193e4bd0 tracking
[Kilo New] ServerManager: ⚠️ CLI Server stderr: INFO  2026-08-15T07:37:34 +3ms service=session.tools status=started resolveTools
[Kilo New][P0-Perf] {"corr":"bb5b4eac-1b57-444d-898b-935dcdf9b4f6","stage":"sse.event","t":1786779454504,"d":45347,"surface":"extension","span":"start","eventType":"message.part.removed","dir":"/private/var/folders/9v/733tfwtj2jvgwygmtrbwj9gm0000gn/T/kilo-e2e-8ANOTU/workspace"}
[Kilo New][P0-Perf] {"corr":"bb5b4eac-1b57-444d-898b-935dcdf9b4f6","stage":"sse.event","t":1786779454505,"d":45348,"surface":"extension","span":"end","dur":1,"eventType":"message.part.removed","dir":"/private/var/folders/9v/733tfwtj2jvgwygmtrbwj9gm0000gn/T/kilo-e2e-8ANOTU/workspace"}
[Kilo New][P0-Perf] {"corr":"bb5b4eac-1b57-444d-898b-935dcdf9b4f6","stage":"sse.event","t":1786779454505,"d":45348,"surface":"extension","span":"start","eventType":"message.part.removed.1","dir":"/private/var/folders/9v/733tfwtj2jvgwygmtrbwj9gm0000gn/T/kilo-e2e-8ANOTU/workspace"}
[Kilo New][P0-Perf] {"corr":"bb5b4eac-1b57-444d-898b-935dcdf9b4f6","stage":"sse.event","t":1786779454505,"d":45348,"surface":"extension","span":"end","dur":0,"eventType":"message.part.removed.1","dir":"/private/var/folders/9v/733tfwtj2jvgwygmtrbwj9gm0000gn/T/kilo-e2e-8ANOTU/workspace"}
[Kilo New] ServerManager: ⚠️ CLI Server stderr: INFO  2026-08-15T07:37:34 +66ms service=tool.registry status=started invalid
[Kilo New] ServerManager: ⚠️ CLI Server stderr: INFO  2026-08-15T07:37:34 +0ms service=tool.registry status=completed duration=0 invalid
[Kilo New] ServerManager: ⚠️ CLI Server stderr: INFO  2026-08-15T07:37:34 +0ms service=tool.registry status=started question
[Kilo New] ServerManager: ⚠️ CLI Server stderr: INFO  2026-08-15T07:37:34 +0ms service=tool.registry status=completed duration=0 question
[Kilo New] ServerManager: ⚠️ CLI Server stderr: INFO  2026-08-15T07:37:34 +0ms service=tool.registry status=started bash
[Kilo New] ServerManager: ⚠️ CLI Server stderr: INFO  2026-08-15T07:37:34 +0ms service=tool.registry status=completed duration=0 bash
[Kilo New] ServerManager: ⚠️ CLI Server stderr: INFO  2026-08-15T07:37:34 +0ms service=tool.registry status=started read
[Kilo New] ServerManager: ⚠️ CLI Server stderr: INFO  2026-08-15T07:37:34 +1ms service=tool.registry status=completed duration=1 read
[Kilo New] ServerManager: ⚠️ CLI Server stderr: INFO  2026-08-15T07:37:34 +0ms service=tool.registry status=started glob
[Kilo New] ServerManager: ⚠️ CLI Server stderr: INFO  2026-08-15T07:37:34 +0ms service=tool.registry status=completed duration=0 glob
[Kilo New] ServerManager: ⚠️ CLI Server stderr: INFO  2026-08-15T07:37:34 +0ms service=tool.registry status=started grep
[Kilo New] ServerManager: ⚠️ CLI Server stderr: INFO  2026-08-15T07:37:34 +0ms service=tool.registry status=completed duration=0 grep
[Kilo New] ServerManager: ⚠️ CLI Server stderr: INFO  2026-08-15T07:37:34 +0ms service=tool.registry status=started edit
[Kilo New] ServerManager: ⚠️ CLI Server stderr: INFO  2026-08-15T07:37:34 +0ms service=tool.registry status=completed duration=0 edit
[Kilo New] ServerManager: ⚠️ CLI Server stderr: INFO  2026-08-15T07:37:34 +0ms service=tool.registry status=started write
[Kilo New] ServerManager: ⚠️ CLI Server stderr: INFO  2026-08-15T07:37:34 +0ms service=tool.registry status=completed duration=0 write
[Kilo New] ServerManager: ⚠️ CLI Server stderr: INFO  2026-08-15T07:37:34 +0ms service=tool.registry status=started task
[Kilo New] ServerManager: ⚠️ CLI Server stderr: INFO  2026-08-15T07:37:34 +0ms service=tool.registry status=completed duration=0 task
[Kilo New] ServerManager: ⚠️ CLI Server stderr: INFO  2026-08-15T07:37:34 +0ms service=tool.registry status=started webfetch
[Kilo New] ServerManager: ⚠️ CLI Server stderr: INFO  2026-08-15T07:37:34 +0ms service=tool.registry status=completed duration=0 webfetch
[Kilo New] ServerManager: ⚠️ CLI Server stderr: INFO  2026-08-15T07:37:34 +1ms service=tool.registry status=started todowrite
[Kilo New] ServerManager: ⚠️ CLI Server stderr: INFO  2026-08-15T07:37:34 +0ms service=tool.registry status=completed duration=0 todowrite
[Kilo New] ServerManager: ⚠️ CLI Server stderr: INFO  2026-08-15T07:37:34 +0ms service=tool.registry status=started skill
[Kilo New] ServerManager: ⚠️ CLI Server stderr: INFO  2026-08-15T07:37:34 +0ms service=tool.registry status=completed duration=0 skill
[Kilo New] ServerManager: ⚠️ CLI Server stderr: INFO  2026-08-15T07:37:34 +0ms service=tool.registry status=started plan_exit
[Kilo New] ServerManager: ⚠️ CLI Server stderr: INFO  2026-08-15T07:37:34 +0ms service=tool.registry status=completed duration=0 plan_exit
[Kilo New] ServerManager: ⚠️ CLI Server stderr: INFO  2026-08-15T07:37:34 +0ms service=tool.registry status=started kilo_local_recall
[Kilo New] ServerManager: ⚠️ CLI Server stderr: INFO  2026-08-15T07:37:34 +1ms service=tool.registry status=completed duration=1 kilo_local_recall
[Kilo New] ServerManager: ⚠️ CLI Server stderr: INFO  2026-08-15T07:37:34 +0ms service=tool.registry status=started background_process
[Kilo New] ServerManager: ⚠️ CLI Server stderr: INFO  2026-08-15T07:37:34 +0ms service=tool.registry status=completed duration=0 background_process
[Kilo New] ServerManager: ⚠️ CLI Server stderr: INFO  2026-08-15T07:37:34 +0ms service=tool.registry status=started agent_manager_models
[Kilo New] ServerManager: ⚠️ CLI Server stderr: INFO  2026-08-15T07:37:34 +0ms service=tool.registry status=completed duration=0 agent_manager_models
[Kilo New] ServerManager: ⚠️ CLI Server stderr: INFO  2026-08-15T07:37:34 +0ms service=tool.registry status=started agent_manager
[Kilo New] ServerManager: ⚠️ CLI Server stderr: INFO  2026-08-15T07:37:34 +0ms service=tool.registry status=completed duration=0 agent_manager
[Kilo New] ServerManager: ⚠️ CLI Server stderr: INFO  2026-08-15T07:37:34 +0ms service=tool.registry status=started e2e_marker
[Kilo New] ServerManager: ⚠️ CLI Server stderr: INFO  2026-08-15T07:37:34 +0ms service=tool.registry status=completed duration=0 e2e_marker
[Kilo New] ServerManager: ⚠️ CLI Server stderr: INFO  2026-08-15T07:37:34 +1ms service=session.tools status=completed duration=70 resolveTools
[Kilo New][P0-Perf] {"corr":"bb5b4eac-1b57-444d-898b-935dcdf9b4f6","stage":"sse.event","t":1786779454664,"d":45507,"surface":"extension","span":"start","eventType":"session.updated","dir":"/private/var/folders/9v/733tfwtj2jvgwygmtrbwj9gm0000gn/T/kilo-e2e-8ANOTU/workspace"}
[Kilo New][P0-Perf] {"corr":"bb5b4eac-1b57-444d-898b-935dcdf9b4f6","stage":"sse.event","t":1786779454664,"d":45507,"surface":"extension","span":"end","dur":0,"eventType":"session.updated","dir":"/private/var/folders/9v/733tfwtj2jvgwygmtrbwj9gm0000gn/T/kilo-e2e-8ANOTU/workspace"}
[Kilo New][P0-Perf] {"corr":"bb5b4eac-1b57-444d-898b-935dcdf9b4f6","stage":"sse.event","t":1786779454664,"d":45507,"surface":"extension","span":"start","eventType":"session.updated.1","dir":"/private/var/folders/9v/733tfwtj2jvgwygmtrbwj9gm0000gn/T/kilo-e2e-8ANOTU/workspace"}
[Kilo New][P0-Perf] {"corr":"bb5b4eac-1b57-444d-898b-935dcdf9b4f6","stage":"sse.event","t":1786779454664,"d":45507,"surface":"extension","span":"end","dur":0,"eventType":"session.updated.1","dir":"/private/var/folders/9v/733tfwtj2jvgwygmtrbwj9gm0000gn/T/kilo-e2e-8ANOTU/workspace"}
[Kilo New] ServerManager: ⚠️ CLI Server stderr: INFO  2026-08-15T07:37:34 +122ms service=session.processor session.id=ses_ffba5a668ffeP77RqCa6WauoqE messageID=msg_0045ac79a001Es1e9tKny87WNg process
[Kilo New] ServerManager: ⚠️ CLI Server stderr: INFO  2026-08-15T07:37:34 +4ms service=llm providerID=e2e-local modelID=e2e-model session.id=ses_ffba5a668ffeP77RqCa6WauoqE small=false agent=e2e-agent mode=primary stream
[Kilo New] ServerManager: ⚠️ CLI Server stderr: INFO  2026-08-15T07:37:34 +15ms service=default llm.runtime=ai-sdk llm.provider=e2e-local llm.model=e2e-model llm runtime selected
[Kilo New][P0-Perf] {"corr":"bb5b4eac-1b57-444d-898b-935dcdf9b4f6","stage":"sse.event","t":1786779454720,"d":45563,"surface":"extension","span":"start","eventType":"session.status","dir":"/private/var/folders/9v/733tfwtj2jvgwygmtrbwj9gm0000gn/T/kilo-e2e-8ANOTU/workspace"}
[Kilo New][P0-Perf] {"corr":"bb5b4eac-1b57-444d-898b-935dcdf9b4f6","stage":"sse.event","t":1786779454720,"d":45563,"surface":"extension","span":"end","dur":0,"eventType":"session.status","dir":"/private/var/folders/9v/733tfwtj2jvgwygmtrbwj9gm0000gn/T/kilo-e2e-8ANOTU/workspace"}
[Kilo New][P0-Perf] {"corr":"bb5b4eac-1b57-444d-898b-935dcdf9b4f6","stage":"sse.event","t":1786779454720,"d":45563,"surface":"extension","span":"start","eventType":"session.diff","dir":"/private/var/folders/9v/733tfwtj2jvgwygmtrbwj9gm0000gn/T/kilo-e2e-8ANOTU/workspace"}
[Kilo New][P0-Perf] {"corr":"bb5b4eac-1b57-444d-898b-935dcdf9b4f6","stage":"sse.event","t":1786779454720,"d":45563,"surface":"extension","span":"end","dur":0,"eventType":"session.diff","dir":"/private/var/folders/9v/733tfwtj2jvgwygmtrbwj9gm0000gn/T/kilo-e2e-8ANOTU/workspace"}
[Kilo New][P0-Perf] {"corr":"bb5b4eac-1b57-444d-898b-935dcdf9b4f6","stage":"sse.event","t":1786779454721,"d":45564,"surface":"extension","span":"start","eventType":"message.updated","dir":"/private/var/folders/9v/733tfwtj2jvgwygmtrbwj9gm0000gn/T/kilo-e2e-8ANOTU/workspace"}
[Kilo New][P0-Perf] {"corr":"bb5b4eac-1b57-444d-898b-935dcdf9b4f6","stage":"sse.event","t":1786779454721,"d":45564,"surface":"extension","span":"end","dur":0,"eventType":"message.updated","dir":"/private/var/folders/9v/733tfwtj2jvgwygmtrbwj9gm0000gn/T/kilo-e2e-8ANOTU/workspace"}
[Kilo New][P0-Perf] {"corr":"bb5b4eac-1b57-444d-898b-935dcdf9b4f6","stage":"sse.event","t":1786779454721,"d":45564,"surface":"extension","span":"start","eventType":"message.updated.1","dir":"/private/var/folders/9v/733tfwtj2jvgwygmtrbwj9gm0000gn/T/kilo-e2e-8ANOTU/workspace"}
[Kilo New][P0-Perf] {"corr":"bb5b4eac-1b57-444d-898b-935dcdf9b4f6","stage":"sse.event","t":1786779454721,"d":45564,"surface":"extension","span":"end","dur":0,"eventType":"message.updated.1","dir":"/private/var/folders/9v/733tfwtj2jvgwygmtrbwj9gm0000gn/T/kilo-e2e-8ANOTU/workspace"}
[Kilo New] ServerManager: ⚠️ CLI Server stderr: INFO  2026-08-15T07:37:34 +61ms service=p0-perf event=p0.start stage=tool_execute ts=1786779454771 id=ses_ffba5a668ffeP77RqCa6WauoqE meta={"tool":"e2e_marker","callID":"call_e2e_marker_1","messageID":"msg_0045ac79a001Es1e9tKny87WNg"} tool_execute
[Kilo New] ServerManager: ⚠️ CLI Server stderr: INFO  2026-08-15T07:37:34 +2ms service=p0-perf event=p0.start stage=tool_execute_plugin ts=1786779454773 id=ses_ffba5a668ffeP77RqCa6WauoqE meta={"tool":"e2e_marker","callID":"call_e2e_marker_1","messageID":"msg_0045ac79a001Es1e9tKny87WNg"} tool_execute_plugin
[Kilo New] ServerManager: ⚠️ CLI Server stderr: INFO  2026-08-15T07:37:34 +2ms service=p0-perf event=p0.end stage=tool_execute_plugin ts=1786779454775 duration=2 id=ses_ffba5a668ffeP77RqCa6WauoqE meta={"tool":"e2e_marker","callID":"call_e2e_marker_1","messageID":"msg_0045ac79a001Es1e9tKny87WNg"} tool_execute_plugin
[Kilo New] ServerManager: ⚠️ CLI Server stderr: INFO  2026-08-15T07:37:34 +0ms service=p0-perf event=p0.end stage=tool_execute ts=1786779454775 duration=5 id=ses_ffba5a668ffeP77RqCa6WauoqE meta={"tool":"e2e_marker","callID":"call_e2e_marker_1","messageID":"msg_0045ac79a001Es1e9tKny87WNg"} tool_execute
[Kilo New][P0-Perf] {"corr":"bb5b4eac-1b57-444d-898b-935dcdf9b4f6","stage":"sse.event","t":1786779454787,"d":45630,"surface":"extension","span":"start","eventType":"message.part.updated","dir":"/private/var/folders/9v/733tfwtj2jvgwygmtrbwj9gm0000gn/T/kilo-e2e-8ANOTU/workspace"}
[Kilo New][P0-Perf] {"corr":"bb5b4eac-1b57-444d-898b-935dcdf9b4f6","stage":"sse.event","t":1786779454788,"d":45631,"surface":"extension","span":"end","dur":1,"eventType":"message.part.updated","dir":"/private/var/folders/9v/733tfwtj2jvgwygmtrbwj9gm0000gn/T/kilo-e2e-8ANOTU/workspace"}
[Kilo New][P0-Perf] {"corr":"bb5b4eac-1b57-444d-898b-935dcdf9b4f6","stage":"sse.event","t":1786779454788,"d":45631,"surface":"extension","span":"start","eventType":"message.part.updated.1","dir":"/private/var/folders/9v/733tfwtj2jvgwygmtrbwj9gm0000gn/T/kilo-e2e-8ANOTU/workspace"}
[Kilo New][P0-Perf] {"corr":"bb5b4eac-1b57-444d-898b-935dcdf9b4f6","stage":"sse.event","t":1786779454788,"d":45631,"surface":"extension","span":"end","dur":0,"eventType":"message.part.updated.1","dir":"/private/var/folders/9v/733tfwtj2jvgwygmtrbwj9gm0000gn/T/kilo-e2e-8ANOTU/workspace"}
[Kilo New][P0-Perf] {"corr":"bb5b4eac-1b57-444d-898b-935dcdf9b4f6","stage":"sse.event","t":1786779454788,"d":45631,"surface":"extension","span":"start","eventType":"message.part.updated","dir":"/private/var/folders/9v/733tfwtj2jvgwygmtrbwj9gm0000gn/T/kilo-e2e-8ANOTU/workspace"}
[Kilo New][P0-Perf] {"corr":"bb5b4eac-1b57-444d-898b-935dcdf9b4f6","stage":"sse.event","t":1786779454788,"d":45631,"surface":"extension","span":"end","dur":0,"eventType":"message.part.updated","dir":"/private/var/folders/9v/733tfwtj2jvgwygmtrbwj9gm0000gn/T/kilo-e2e-8ANOTU/workspace"}
[Kilo New][P0-Perf] {"corr":"bb5b4eac-1b57-444d-898b-935dcdf9b4f6","stage":"sse.event","t":1786779454788,"d":45631,"surface":"extension","span":"start","eventType":"message.part.updated.1","dir":"/private/var/folders/9v/733tfwtj2jvgwygmtrbwj9gm0000gn/T/kilo-e2e-8ANOTU/workspace"}
[Kilo New][P0-Perf] {"corr":"bb5b4eac-1b57-444d-898b-935dcdf9b4f6","stage":"sse.event","t":1786779454788,"d":45631,"surface":"extension","span":"end","dur":0,"eventType":"message.part.updated.1","dir":"/private/var/folders/9v/733tfwtj2jvgwygmtrbwj9gm0000gn/T/kilo-e2e-8ANOTU/workspace"}
[Kilo New][P0-Perf] {"corr":"bb5b4eac-1b57-444d-898b-935dcdf9b4f6","stage":"sse.event","t":1786779454788,"d":45631,"surface":"extension","span":"start","eventType":"message.part.updated","dir":"/private/var/folders/9v/733tfwtj2jvgwygmtrbwj9gm0000gn/T/kilo-e2e-8ANOTU/workspace"}
[Kilo New][P0-Perf] {"corr":"bb5b4eac-1b57-444d-898b-935dcdf9b4f6","stage":"sse.event","t":1786779454788,"d":45631,"surface":"extension","span":"end","dur":0,"eventType":"message.part.updated","dir":"/private/var/folders/9v/733tfwtj2jvgwygmtrbwj9gm0000gn/T/kilo-e2e-8ANOTU/workspace"}
[Kilo New][P0-Perf] {"corr":"bb5b4eac-1b57-444d-898b-935dcdf9b4f6","stage":"sse.event","t":1786779454789,"d":45632,"surface":"extension","span":"start","eventType":"message.part.updated.1","dir":"/private/var/folders/9v/733tfwtj2jvgwygmtrbwj9gm0000gn/T/kilo-e2e-8ANOTU/workspace"}
[Kilo New][P0-Perf] {"corr":"bb5b4eac-1b57-444d-898b-935dcdf9b4f6","stage":"sse.event","t":1786779454789,"d":45632,"surface":"extension","span":"end","dur":0,"eventType":"message.part.updated.1","dir":"/private/var/folders/9v/733tfwtj2jvgwygmtrbwj9gm0000gn/T/kilo-e2e-8ANOTU/workspace"}
[Kilo New][P0-Perf] {"corr":"bb5b4eac-1b57-444d-898b-935dcdf9b4f6","stage":"sse.event","t":1786779454789,"d":45632,"surface":"extension","span":"start","eventType":"message.part.updated","dir":"/private/var/folders/9v/733tfwtj2jvgwygmtrbwj9gm0000gn/T/kilo-e2e-8ANOTU/workspace"}
[Kilo New][P0-Perf] {"corr":"bb5b4eac-1b57-444d-898b-935dcdf9b4f6","stage":"sse.event","t":1786779454789,"d":45632,"surface":"extension","span":"end","dur":0,"eventType":"message.part.updated","dir":"/private/var/folders/9v/733tfwtj2jvgwygmtrbwj9gm0000gn/T/kilo-e2e-8ANOTU/workspace"}
[Kilo New][P0-Perf] {"corr":"bb5b4eac-1b57-444d-898b-935dcdf9b4f6","stage":"sse.event","t":1786779454789,"d":45632,"surface":"extension","span":"start","eventType":"message.part.updated.1","dir":"/private/var/folders/9v/733tfwtj2jvgwygmtrbwj9gm0000gn/T/kilo-e2e-8ANOTU/workspace"}
[Kilo New][P0-Perf] {"corr":"bb5b4eac-1b57-444d-898b-935dcdf9b4f6","stage":"sse.event","t":1786779454789,"d":45632,"surface":"extension","span":"end","dur":0,"eventType":"message.part.updated.1","dir":"/private/var/folders/9v/733tfwtj2jvgwygmtrbwj9gm0000gn/T/kilo-e2e-8ANOTU/workspace"}
[Kilo New] ServerManager: ⚠️ CLI Server stderr: INFO  2026-08-15T07:37:35 +324ms service=snapshot hash=2d193690ff6296f557c57379d549dc32b43e1ec6 cwd=/private/var/folders/9v/733tfwtj2jvgwygmtrbwj9gm0000gn/T/kilo-e2e-8ANOTU/workspace git=/var/folders/9v/733tfwtj2jvgwygmtrbwj9gm0000gn/T/kilo-e2e-8ANOTU/xdg-data/kilo/snapshot/4d5c11ef39f7bccd8f64aa9c9ec14e4525f1d947/5d37ceabbbc88c4e2710ab78dda38cac193e4bd0 tracking
[Kilo New][P0-Perf] {"corr":"bb5b4eac-1b57-444d-898b-935dcdf9b4f6","stage":"sse.event","t":1786779455158,"d":46001,"surface":"extension","span":"start","eventType":"message.part.updated","dir":"/private/var/folders/9v/733tfwtj2jvgwygmtrbwj9gm0000gn/T/kilo-e2e-8ANOTU/workspace"}
[Kilo New][P0-Perf] {"corr":"bb5b4eac-1b57-444d-898b-935dcdf9b4f6","stage":"sse.event","t":1786779455158,"d":46001,"surface":"extension","span":"end","dur":0,"eventType":"message.part.updated","dir":"/private/var/folders/9v/733tfwtj2jvgwygmtrbwj9gm0000gn/T/kilo-e2e-8ANOTU/workspace"}
[Kilo New][P0-Perf] {"corr":"bb5b4eac-1b57-444d-898b-935dcdf9b4f6","stage":"sse.event","t":1786779455158,"d":46001,"surface":"extension","span":"start","eventType":"message.part.updated.1","dir":"/private/var/folders/9v/733tfwtj2jvgwygmtrbwj9gm0000gn/T/kilo-e2e-8ANOTU/workspace"}
[Kilo New][P0-Perf] {"corr":"bb5b4eac-1b57-444d-898b-935dcdf9b4f6","stage":"sse.event","t":1786779455158,"d":46001,"surface":"extension","span":"end","dur":0,"eventType":"message.part.updated.1","dir":"/private/var/folders/9v/733tfwtj2jvgwygmtrbwj9gm0000gn/T/kilo-e2e-8ANOTU/workspace"}
[Kilo New][P0-Perf] {"corr":"bb5b4eac-1b57-444d-898b-935dcdf9b4f6","stage":"sse.event","t":1786779455158,"d":46001,"surface":"extension","span":"start","eventType":"message.updated","dir":"/private/var/folders/9v/733tfwtj2jvgwygmtrbwj9gm0000gn/T/kilo-e2e-8ANOTU/workspace"}
[Kilo New][P0-Perf] {"corr":"bb5b4eac-1b57-444d-898b-935dcdf9b4f6","stage":"sse.event","t":1786779455159,"d":46002,"surface":"extension","span":"end","dur":1,"eventType":"message.updated","dir":"/private/var/folders/9v/733tfwtj2jvgwygmtrbwj9gm0000gn/T/kilo-e2e-8ANOTU/workspace"}
[Kilo New][P0-Perf] {"corr":"bb5b4eac-1b57-444d-898b-935dcdf9b4f6","stage":"sse.event","t":1786779455159,"d":46002,"surface":"extension","span":"start","eventType":"message.updated.1","dir":"/private/var/folders/9v/733tfwtj2jvgwygmtrbwj9gm0000gn/T/kilo-e2e-8ANOTU/workspace"}
[Kilo New][P0-Perf] {"corr":"bb5b4eac-1b57-444d-898b-935dcdf9b4f6","stage":"sse.event","t":1786779455159,"d":46002,"surface":"extension","span":"end","dur":0,"eventType":"message.updated.1","dir":"/private/var/folders/9v/733tfwtj2jvgwygmtrbwj9gm0000gn/T/kilo-e2e-8ANOTU/workspace"}
[Kilo New] ServerManager: ⚠️ CLI Server stderr: INFO  2026-08-15T07:37:36 +1216ms service=session.prompt session.id=ses_ffba5a668ffeP77RqCa6WauoqE step=1 loop
[Kilo New] ServerManager: ⚠️ CLI Server stderr: INFO  2026-08-15T07:37:36 +9ms service=p0-perf event=p0.mark stage=processor_entry ts=1786779456324 id=ses_ffba5a668ffeP77RqCa6WauoqE meta={"messageID":"msg_0045ad340001TT65X0YQDMMoZF","parentID":"msg_0045ac719001dbQXeak8fixpla","model":"e2e-model","provider":"e2e-local"} processor_entry
[Kilo New] ServerManager: ⚠️ CLI Server stderr: INFO  2026-08-15T07:37:36 +1ms service=model-cache providerID=apertis refreshing models
[Kilo New][P0-Perf] {"corr":"bb5b4eac-1b57-444d-898b-935dcdf9b4f6","stage":"sse.event","t":1786779456330,"d":47173,"surface":"extension","span":"start","eventType":"message.part.updated","dir":"/private/var/folders/9v/733tfwtj2jvgwygmtrbwj9gm0000gn/T/kilo-e2e-8ANOTU/workspace"}
[Kilo New][P0-Perf] {"corr":"bb5b4eac-1b57-444d-898b-935dcdf9b4f6","stage":"sse.event","t":1786779456330,"d":47173,"surface":"extension","span":"end","dur":0,"eventType":"message.part.updated","dir":"/private/var/folders/9v/733tfwtj2jvgwygmtrbwj9gm0000gn/T/kilo-e2e-8ANOTU/workspace"}
[Kilo New][P0-Perf] {"corr":"bb5b4eac-1b57-444d-898b-935dcdf9b4f6","stage":"sse.event","t":1786779456331,"d":47174,"surface":"extension","span":"start","eventType":"message.part.updated.1","dir":"/private/var/folders/9v/733tfwtj2jvgwygmtrbwj9gm0000gn/T/kilo-e2e-8ANOTU/workspace"}
[Kilo New][P0-Perf] {"corr":"bb5b4eac-1b57-444d-898b-935dcdf9b4f6","stage":"sse.event","t":1786779456331,"d":47174,"surface":"extension","span":"end","dur":0,"eventType":"message.part.updated.1","dir":"/private/var/folders/9v/733tfwtj2jvgwygmtrbwj9gm0000gn/T/kilo-e2e-8ANOTU/workspace"}
[Kilo New][P0-Perf] {"corr":"bb5b4eac-1b57-444d-898b-935dcdf9b4f6","stage":"sse.event","t":1786779456331,"d":47174,"surface":"extension","span":"start","eventType":"message.updated","dir":"/private/var/folders/9v/733tfwtj2jvgwygmtrbwj9gm0000gn/T/kilo-e2e-8ANOTU/workspace"}
[Kilo New][P0-Perf] {"corr":"bb5b4eac-1b57-444d-898b-935dcdf9b4f6","stage":"sse.event","t":1786779456331,"d":47174,"surface":"extension","span":"end","dur":0,"eventType":"message.updated","dir":"/private/var/folders/9v/733tfwtj2jvgwygmtrbwj9gm0000gn/T/kilo-e2e-8ANOTU/workspace"}
[Kilo New][P0-Perf] {"corr":"bb5b4eac-1b57-444d-898b-935dcdf9b4f6","stage":"sse.event","t":1786779456331,"d":47174,"surface":"extension","span":"start","eventType":"message.updated.1","dir":"/private/var/folders/9v/733tfwtj2jvgwygmtrbwj9gm0000gn/T/kilo-e2e-8ANOTU/workspace"}
[Kilo New][P0-Perf] {"corr":"bb5b4eac-1b57-444d-898b-935dcdf9b4f6","stage":"sse.event","t":1786779456332,"d":47175,"surface":"extension","span":"end","dur":1,"eventType":"message.updated.1","dir":"/private/var/folders/9v/733tfwtj2jvgwygmtrbwj9gm0000gn/T/kilo-e2e-8ANOTU/workspace"}
[Kilo New][P0-Perf] {"corr":"bb5b4eac-1b57-444d-898b-935dcdf9b4f6","stage":"sse.event","t":1786779456332,"d":47175,"surface":"extension","span":"start","eventType":"session.status","dir":"/private/var/folders/9v/733tfwtj2jvgwygmtrbwj9gm0000gn/T/kilo-e2e-8ANOTU/workspace"}
[Kilo New][P0-Perf] {"corr":"bb5b4eac-1b57-444d-898b-935dcdf9b4f6","stage":"sse.event","t":1786779456332,"d":47175,"surface":"extension","span":"end","dur":0,"eventType":"session.status","dir":"/private/var/folders/9v/733tfwtj2jvgwygmtrbwj9gm0000gn/T/kilo-e2e-8ANOTU/workspace"}
[Kilo New][P0-Perf] {"corr":"bb5b4eac-1b57-444d-898b-935dcdf9b4f6","stage":"sse.event","t":1786779456332,"d":47175,"surface":"extension","span":"start","eventType":"message.updated","dir":"/private/var/folders/9v/733tfwtj2jvgwygmtrbwj9gm0000gn/T/kilo-e2e-8ANOTU/workspace"}
[Kilo New][P0-Perf] {"corr":"bb5b4eac-1b57-444d-898b-935dcdf9b4f6","stage":"sse.event","t":1786779456332,"d":47175,"surface":"extension","span":"end","dur":0,"eventType":"message.updated","dir":"/private/var/folders/9v/733tfwtj2jvgwygmtrbwj9gm0000gn/T/kilo-e2e-8ANOTU/workspace"}
[Kilo New][P0-Perf] {"corr":"bb5b4eac-1b57-444d-898b-935dcdf9b4f6","stage":"sse.event","t":1786779456332,"d":47175,"surface":"extension","span":"start","eventType":"message.updated.1","dir":"/private/var/folders/9v/733tfwtj2jvgwygmtrbwj9gm0000gn/T/kilo-e2e-8ANOTU/workspace"}
[Kilo New][P0-Perf] {"corr":"bb5b4eac-1b57-444d-898b-935dcdf9b4f6","stage":"model.firstEvent","t":1786779456332,"d":47175,"surface":"extension","sessionID":"ses_ffba5a668ffeP77RqCa6WauoqE","messageID":"msg_0045ad340001TT65X0YQDMMoZF","parentID":"msg_0045ac719001dbQXeak8fixpla","dir":"/private/var/folders/9v/733tfwtj2jvgwygmtrbwj9gm0000gn/T/kilo-e2e-8ANOTU/workspace"}
[Kilo New][P0-Perf] {"corr":"bb5b4eac-1b57-444d-898b-935dcdf9b4f6","stage":"sse.event","t":1786779456333,"d":47176,"surface":"extension","span":"end","dur":1,"eventType":"message.updated.1","dir":"/private/var/folders/9v/733tfwtj2jvgwygmtrbwj9gm0000gn/T/kilo-e2e-8ANOTU/workspace"}
[Kilo New] ServerManager: ⚠️ CLI Server stderr: INFO  2026-08-15T07:37:36 +59ms service=model-cache providerID=apertis count=0 models fetched and cached
[Kilo New] ServerManager: ⚠️ CLI Server stderr: INFO  2026-08-15T07:37:36 +351ms service=snapshot hash=2d193690ff6296f557c57379d549dc32b43e1ec6 cwd=/private/var/folders/9v/733tfwtj2jvgwygmtrbwj9gm0000gn/T/kilo-e2e-8ANOTU/workspace git=/var/folders/9v/733tfwtj2jvgwygmtrbwj9gm0000gn/T/kilo-e2e-8ANOTU/xdg-data/kilo/snapshot/4d5c11ef39f7bccd8f64aa9c9ec14e4525f1d947/5d37ceabbbc88c4e2710ab78dda38cac193e4bd0 tracking
[Kilo New] ServerManager: ⚠️ CLI Server stderr: INFO  2026-08-15T07:37:36 +4ms service=session.tools status=started resolveTools
[Kilo New] ServerManager: ⚠️ CLI Server stderr: INFO  2026-08-15T07:37:36 +1ms service=tool.registry status=started invalid
[Kilo New] ServerManager: ⚠️ CLI Server stderr: INFO  2026-08-15T07:37:36 +0ms service=tool.registry status=completed duration=0 invalid
[Kilo New] ServerManager: ⚠️ CLI Server stderr: INFO  2026-08-15T07:37:36 +0ms service=tool.registry status=started question
[Kilo New] ServerManager: ⚠️ CLI Server stderr: INFO  2026-08-15T07:37:36 +0ms service=tool.registry status=completed duration=0 question
[Kilo New] ServerManager: ⚠️ CLI Server stderr: INFO  2026-08-15T07:37:36 +0ms service=tool.registry status=started bash
[Kilo New] ServerManager: ⚠️ CLI Server stderr: INFO  2026-08-15T07:37:36 +0ms service=tool.registry status=completed duration=0 bash
[Kilo New] ServerManager: ⚠️ CLI Server stderr: INFO  2026-08-15T07:37:36 +0ms service=tool.registry status=started read
[Kilo New] ServerManager: ⚠️ CLI Server stderr: INFO  2026-08-15T07:37:36 +1ms service=tool.registry status=completed duration=0 read
[Kilo New] ServerManager: ⚠️ CLI Server stderr: INFO  2026-08-15T07:37:36 +0ms service=tool.registry status=started glob
[Kilo New] ServerManager: ⚠️ CLI Server stderr: INFO  2026-08-15T07:37:36 +0ms service=tool.registry status=completed duration=0 glob
[Kilo New] ServerManager: ⚠️ CLI Server stderr: INFO  2026-08-15T07:37:36 +0ms service=tool.registry status=started grep
[Kilo New] ServerManager: ⚠️ CLI Server stderr: INFO  2026-08-15T07:37:36 +0ms service=tool.registry status=completed duration=0 grep
[Kilo New] ServerManager: ⚠️ CLI Server stderr: INFO  2026-08-15T07:37:36 +0ms service=tool.registry status=started edit
[Kilo New] ServerManager: ⚠️ CLI Server stderr: INFO  2026-08-15T07:37:36 +0ms service=tool.registry status=completed duration=0 edit
[Kilo New] ServerManager: ⚠️ CLI Server stderr: INFO  2026-08-15T07:37:36 +0ms service=tool.registry status=started write
[Kilo New] ServerManager: ⚠️ CLI Server stderr: INFO  2026-08-15T07:37:36 +1ms service=tool.registry status=completed duration=1 write
[Kilo New] ServerManager: ⚠️ CLI Server stderr: INFO  2026-08-15T07:37:36 +0ms service=tool.registry status=started task
[Kilo New] ServerManager: ⚠️ CLI Server stderr: INFO  2026-08-15T07:37:36 +1ms service=tool.registry status=completed duration=1 task
[Kilo New] ServerManager: ⚠️ CLI Server stderr: INFO  2026-08-15T07:37:36 +0ms service=tool.registry status=started webfetch
[Kilo New] ServerManager: ⚠️ CLI Server stderr: INFO  2026-08-15T07:37:36 +0ms service=tool.registry status=completed duration=0 webfetch
[Kilo New] ServerManager: ⚠️ CLI Server stderr: INFO  2026-08-15T07:37:36 +0ms service=tool.registry status=started todowrite
[Kilo New] ServerManager: ⚠️ CLI Server stderr: INFO  2026-08-15T07:37:36 +0ms service=tool.registry status=completed duration=0 todowrite
[Kilo New] ServerManager: ⚠️ CLI Server stderr: INFO  2026-08-15T07:37:36 +0ms service=tool.registry status=started skill
[Kilo New] ServerManager: ⚠️ CLI Server stderr: INFO  2026-08-15T07:37:36 +1ms service=tool.registry status=completed duration=1 skill
[Kilo New] ServerManager: ⚠️ CLI Server stderr: INFO  2026-08-15T07:37:36 +0ms service=tool.registry status=started plan_exit
[Kilo New] ServerManager: ⚠️ CLI Server stderr: INFO  2026-08-15T07:37:36 +1ms service=tool.registry status=completed duration=1 plan_exit
[Kilo New] ServerManager: ⚠️ CLI Server stderr: INFO  2026-08-15T07:37:36 +0ms service=tool.registry status=started kilo_local_recall
[Kilo New] ServerManager: ⚠️ CLI Server stderr: INFO  2026-08-15T07:37:36 +0ms service=tool.registry status=completed duration=0 kilo_local_recall
[Kilo New] ServerManager: ⚠️ CLI Server stderr: INFO  2026-08-15T07:37:36 +0ms service=tool.registry status=started background_process
[Kilo New] ServerManager: ⚠️ CLI Server stderr: INFO  2026-08-15T07:37:36 +0ms service=tool.registry status=completed duration=0 background_process
[Kilo New] ServerManager: ⚠️ CLI Server stderr: INFO  2026-08-15T07:37:36 +0ms service=tool.registry status=started agent_manager_models
[Kilo New] ServerManager: ⚠️ CLI Server stderr: INFO  2026-08-15T07:37:36 +0ms service=tool.registry status=completed duration=0 agent_manager_models
[Kilo New] ServerManager: ⚠️ CLI Server stderr: INFO  2026-08-15T07:37:36 +0ms service=tool.registry status=started agent_manager
[Kilo New] ServerManager: ⚠️ CLI Server stderr: INFO  2026-08-15T07:37:36 +1ms service=tool.registry status=completed duration=1 agent_manager
[Kilo New] ServerManager: ⚠️ CLI Server stderr: INFO  2026-08-15T07:37:36 +0ms service=tool.registry status=started e2e_marker
[Kilo New] ServerManager: ⚠️ CLI Server stderr: INFO  2026-08-15T07:37:36 +0ms service=tool.registry status=completed duration=0 e2e_marker
[Kilo New] ServerManager: ⚠️ CLI Server stderr: INFO  2026-08-15T07:37:36 +0ms service=session.tools status=completed duration=7 resolveTools
[Kilo New] ServerManager: ⚠️ CLI Server stderr: INFO  2026-08-15T07:37:36 +46ms service=session.processor session.id=ses_ffba5a668ffeP77RqCa6WauoqE messageID=msg_0045ad340001TT65X0YQDMMoZF process
[Kilo New] ServerManager: ⚠️ CLI Server stderr: INFO  2026-08-15T07:37:36 +4ms service=llm providerID=e2e-local modelID=e2e-model session.id=ses_ffba5a668ffeP77RqCa6WauoqE small=false agent=e2e-agent mode=primary stream
[Kilo New] ServerManager: ⚠️ CLI Server stderr: INFO  2026-08-15T07:37:36 +4ms service=default llm.runtime=ai-sdk llm.provider=e2e-local llm.model=e2e-model llm runtime selected
[Kilo New][P0-Perf] {"corr":"bb5b4eac-1b57-444d-898b-935dcdf9b4f6","stage":"sse.event","t":1786779456811,"d":47654,"surface":"extension","span":"start","eventType":"session.status","dir":"/private/var/folders/9v/733tfwtj2jvgwygmtrbwj9gm0000gn/T/kilo-e2e-8ANOTU/workspace"}
[Kilo New][P0-Perf] {"corr":"bb5b4eac-1b57-444d-898b-935dcdf9b4f6","stage":"sse.event","t":1786779456811,"d":47654,"surface":"extension","span":"end","dur":0,"eventType":"session.status","dir":"/private/var/folders/9v/733tfwtj2jvgwygmtrbwj9gm0000gn/T/kilo-e2e-8ANOTU/workspace"}
[Kilo New][P0-Perf] {"corr":"bb5b4eac-1b57-444d-898b-935dcdf9b4f6","stage":"sse.event","t":1786779456867,"d":47710,"surface":"extension","span":"start","eventType":"message.part.updated","dir":"/private/var/folders/9v/733tfwtj2jvgwygmtrbwj9gm0000gn/T/kilo-e2e-8ANOTU/workspace"}
[Kilo New][P0-Perf] {"corr":"bb5b4eac-1b57-444d-898b-935dcdf9b4f6","stage":"sse.event","t":1786779456868,"d":47711,"surface":"extension","span":"end","dur":1,"eventType":"message.part.updated","dir":"/private/var/folders/9v/733tfwtj2jvgwygmtrbwj9gm0000gn/T/kilo-e2e-8ANOTU/workspace"}
[Kilo New][P0-Perf] {"corr":"bb5b4eac-1b57-444d-898b-935dcdf9b4f6","stage":"sse.event","t":1786779456868,"d":47711,"surface":"extension","span":"start","eventType":"message.part.updated.1","dir":"/private/var/folders/9v/733tfwtj2jvgwygmtrbwj9gm0000gn/T/kilo-e2e-8ANOTU/workspace"}
[Kilo New][P0-Perf] {"corr":"bb5b4eac-1b57-444d-898b-935dcdf9b4f6","stage":"sse.event","t":1786779456868,"d":47711,"surface":"extension","span":"end","dur":0,"eventType":"message.part.updated.1","dir":"/private/var/folders/9v/733tfwtj2jvgwygmtrbwj9gm0000gn/T/kilo-e2e-8ANOTU/workspace"}
[Kilo New][P0-Perf] {"corr":"bb5b4eac-1b57-444d-898b-935dcdf9b4f6","stage":"sse.event","t":1786779456868,"d":47711,"surface":"extension","span":"start","eventType":"message.part.updated","dir":"/private/var/folders/9v/733tfwtj2jvgwygmtrbwj9gm0000gn/T/kilo-e2e-8ANOTU/workspace"}
[Kilo New][P0-Perf] {"corr":"bb5b4eac-1b57-444d-898b-935dcdf9b4f6","stage":"sse.event","t":1786779456868,"d":47711,"surface":"extension","span":"end","dur":0,"eventType":"message.part.updated","dir":"/private/var/folders/9v/733tfwtj2jvgwygmtrbwj9gm0000gn/T/kilo-e2e-8ANOTU/workspace"}
[Kilo New][P0-Perf] {"corr":"bb5b4eac-1b57-444d-898b-935dcdf9b4f6","stage":"sse.event","t":1786779456868,"d":47711,"surface":"extension","span":"start","eventType":"message.part.updated.1","dir":"/private/var/folders/9v/733tfwtj2jvgwygmtrbwj9gm0000gn/T/kilo-e2e-8ANOTU/workspace"}
[Kilo New][P0-Perf] {"corr":"bb5b4eac-1b57-444d-898b-935dcdf9b4f6","stage":"sse.event","t":1786779456868,"d":47711,"surface":"extension","span":"end","dur":0,"eventType":"message.part.updated.1","dir":"/private/var/folders/9v/733tfwtj2jvgwygmtrbwj9gm0000gn/T/kilo-e2e-8ANOTU/workspace"}
[Kilo New][P0-Perf] {"corr":"bb5b4eac-1b57-444d-898b-935dcdf9b4f6","stage":"sse.event","t":1786779456868,"d":47711,"surface":"extension","span":"start","eventType":"message.part.delta","dir":"/private/var/folders/9v/733tfwtj2jvgwygmtrbwj9gm0000gn/T/kilo-e2e-8ANOTU/workspace"}
[Kilo New][P0-Perf] {"corr":"bb5b4eac-1b57-444d-898b-935dcdf9b4f6","stage":"sse.event","t":1786779456869,"d":47712,"surface":"extension","span":"end","dur":1,"eventType":"message.part.delta","dir":"/private/var/folders/9v/733tfwtj2jvgwygmtrbwj9gm0000gn/T/kilo-e2e-8ANOTU/workspace"}
[Kilo New][P0-Perf] {"corr":"bb5b4eac-1b57-444d-898b-935dcdf9b4f6","stage":"sse.event","t":1786779456869,"d":47712,"surface":"extension","span":"start","eventType":"message.part.updated","dir":"/private/var/folders/9v/733tfwtj2jvgwygmtrbwj9gm0000gn/T/kilo-e2e-8ANOTU/workspace"}
[Kilo New][P0-Perf] {"corr":"bb5b4eac-1b57-444d-898b-935dcdf9b4f6","stage":"sse.event","t":1786779456869,"d":47712,"surface":"extension","span":"end","dur":0,"eventType":"message.part.updated","dir":"/private/var/folders/9v/733tfwtj2jvgwygmtrbwj9gm0000gn/T/kilo-e2e-8ANOTU/workspace"}
[Kilo New][P0-Perf] {"corr":"bb5b4eac-1b57-444d-898b-935dcdf9b4f6","stage":"sse.event","t":1786779456869,"d":47712,"surface":"extension","span":"start","eventType":"message.part.updated.1","dir":"/private/var/folders/9v/733tfwtj2jvgwygmtrbwj9gm0000gn/T/kilo-e2e-8ANOTU/workspace"}
[Kilo New][P0-Perf] {"corr":"bb5b4eac-1b57-444d-898b-935dcdf9b4f6","stage":"sse.event","t":1786779456869,"d":47712,"surface":"extension","span":"end","dur":0,"eventType":"message.part.updated.1","dir":"/private/var/folders/9v/733tfwtj2jvgwygmtrbwj9gm0000gn/T/kilo-e2e-8ANOTU/workspace"}
[Kilo New][P0-Perf] {"corr":"bb5b4eac-1b57-444d-898b-935dcdf9b4f6","stage":"sse.event","t":1786779457111,"d":47954,"surface":"extension","span":"start","eventType":"server.heartbeat"}
[Kilo New][P0-Perf] {"corr":"bb5b4eac-1b57-444d-898b-935dcdf9b4f6","stage":"sse.event","t":1786779457111,"d":47954,"surface":"extension","span":"end","dur":0,"eventType":"server.heartbeat"}
[Kilo New][P0-Perf] {"corr":"bb5b4eac-1b57-444d-898b-935dcdf9b4f6","stage":"sse.event","t":1786779457162,"d":48005,"surface":"extension","span":"start","eventType":"session.updated","dir":"/private/var/folders/9v/733tfwtj2jvgwygmtrbwj9gm0000gn/T/kilo-e2e-8ANOTU/workspace"}
[Kilo New][P0-Perf] {"corr":"bb5b4eac-1b57-444d-898b-935dcdf9b4f6","stage":"sse.event","t":1786779457163,"d":48006,"surface":"extension","span":"end","dur":1,"eventType":"session.updated","dir":"/private/var/folders/9v/733tfwtj2jvgwygmtrbwj9gm0000gn/T/kilo-e2e-8ANOTU/workspace"}
[Kilo New][P0-Perf] {"corr":"bb5b4eac-1b57-444d-898b-935dcdf9b4f6","stage":"sse.event","t":1786779457163,"d":48006,"surface":"extension","span":"start","eventType":"session.updated.1","dir":"/private/var/folders/9v/733tfwtj2jvgwygmtrbwj9gm0000gn/T/kilo-e2e-8ANOTU/workspace"}
[Kilo New][P0-Perf] {"corr":"bb5b4eac-1b57-444d-898b-935dcdf9b4f6","stage":"sse.event","t":1786779457163,"d":48006,"surface":"extension","span":"end","dur":0,"eventType":"session.updated.1","dir":"/private/var/folders/9v/733tfwtj2jvgwygmtrbwj9gm0000gn/T/kilo-e2e-8ANOTU/workspace"}
[Kilo New][P0-Perf] {"corr":"bb5b4eac-1b57-444d-898b-935dcdf9b4f6","stage":"sse.event","t":1786779457208,"d":48051,"surface":"extension","span":"start","eventType":"session.diff","dir":"/private/var/folders/9v/733tfwtj2jvgwygmtrbwj9gm0000gn/T/kilo-e2e-8ANOTU/workspace"}
[Kilo New][P0-Perf] {"corr":"bb5b4eac-1b57-444d-898b-935dcdf9b4f6","stage":"sse.event","t":1786779457208,"d":48051,"surface":"extension","span":"end","dur":0,"eventType":"session.diff","dir":"/private/var/folders/9v/733tfwtj2jvgwygmtrbwj9gm0000gn/T/kilo-e2e-8ANOTU/workspace"}
[Kilo New][P0-Perf] {"corr":"bb5b4eac-1b57-444d-898b-935dcdf9b4f6","stage":"sse.event","t":1786779457208,"d":48051,"surface":"extension","span":"start","eventType":"message.updated","dir":"/private/var/folders/9v/733tfwtj2jvgwygmtrbwj9gm0000gn/T/kilo-e2e-8ANOTU/workspace"}
[Kilo New][P0-Perf] {"corr":"bb5b4eac-1b57-444d-898b-935dcdf9b4f6","stage":"sse.event","t":1786779457209,"d":48052,"surface":"extension","span":"end","dur":1,"eventType":"message.updated","dir":"/private/var/folders/9v/733tfwtj2jvgwygmtrbwj9gm0000gn/T/kilo-e2e-8ANOTU/workspace"}
[Kilo New][P0-Perf] {"corr":"bb5b4eac-1b57-444d-898b-935dcdf9b4f6","stage":"sse.event","t":1786779457209,"d":48052,"surface":"extension","span":"start","eventType":"message.updated.1","dir":"/private/var/folders/9v/733tfwtj2jvgwygmtrbwj9gm0000gn/T/kilo-e2e-8ANOTU/workspace"}
[Kilo New][P0-Perf] {"corr":"bb5b4eac-1b57-444d-898b-935dcdf9b4f6","stage":"sse.event","t":1786779457209,"d":48052,"surface":"extension","span":"end","dur":0,"eventType":"message.updated.1","dir":"/private/var/folders/9v/733tfwtj2jvgwygmtrbwj9gm0000gn/T/kilo-e2e-8ANOTU/workspace"}
[Kilo New][P0-Perf] {"corr":"bb5b4eac-1b57-444d-898b-935dcdf9b4f6","stage":"sse.event","t":1786779457370,"d":48213,"surface":"extension","span":"start","eventType":"message.part.updated","dir":"/private/var/folders/9v/733tfwtj2jvgwygmtrbwj9gm0000gn/T/kilo-e2e-8ANOTU/workspace"}
[Kilo New][P0-Perf] {"corr":"bb5b4eac-1b57-444d-898b-935dcdf9b4f6","stage":"sse.event","t":1786779457371,"d":48214,"surface":"extension","span":"end","dur":1,"eventType":"message.part.updated","dir":"/private/var/folders/9v/733tfwtj2jvgwygmtrbwj9gm0000gn/T/kilo-e2e-8ANOTU/workspace"}
[Kilo New][P0-Perf] {"corr":"bb5b4eac-1b57-444d-898b-935dcdf9b4f6","stage":"sse.event","t":1786779457371,"d":48214,"surface":"extension","span":"start","eventType":"message.part.updated.1","dir":"/private/var/folders/9v/733tfwtj2jvgwygmtrbwj9gm0000gn/T/kilo-e2e-8ANOTU/workspace"}
[Kilo New][P0-Perf] {"corr":"bb5b4eac-1b57-444d-898b-935dcdf9b4f6","stage":"sse.event","t":1786779457371,"d":48214,"surface":"extension","span":"end","dur":0,"eventType":"message.part.updated.1","dir":"/private/var/folders/9v/733tfwtj2jvgwygmtrbwj9gm0000gn/T/kilo-e2e-8ANOTU/workspace"}
[Kilo New][P0-Perf] {"corr":"bb5b4eac-1b57-444d-898b-935dcdf9b4f6","stage":"sse.event","t":1786779457524,"d":48367,"surface":"extension","span":"start","eventType":"message.part.updated","dir":"/private/var/folders/9v/733tfwtj2jvgwygmtrbwj9gm0000gn/T/kilo-e2e-8ANOTU/workspace"}
[Kilo New][P0-Perf] {"corr":"bb5b4eac-1b57-444d-898b-935dcdf9b4f6","stage":"sse.event","t":1786779457525,"d":48368,"surface":"extension","span":"end","dur":1,"eventType":"message.part.updated","dir":"/private/var/folders/9v/733tfwtj2jvgwygmtrbwj9gm0000gn/T/kilo-e2e-8ANOTU/workspace"}
[Kilo New][P0-Perf] {"corr":"bb5b4eac-1b57-444d-898b-935dcdf9b4f6","stage":"sse.event","t":1786779457525,"d":48368,"surface":"extension","span":"start","eventType":"message.part.updated.1","dir":"/private/var/folders/9v/733tfwtj2jvgwygmtrbwj9gm0000gn/T/kilo-e2e-8ANOTU/workspace"}
[Kilo New][P0-Perf] {"corr":"bb5b4eac-1b57-444d-898b-935dcdf9b4f6","stage":"sse.event","t":1786779457525,"d":48368,"surface":"extension","span":"end","dur":0,"eventType":"message.part.updated.1","dir":"/private/var/folders/9v/733tfwtj2jvgwygmtrbwj9gm0000gn/T/kilo-e2e-8ANOTU/workspace"}
[Kilo New] ServerManager: ⚠️ CLI Server stderr: INFO  2026-08-15T07:37:37 +751ms service=snapshot hash=2d193690ff6296f557c57379d549dc32b43e1ec6 cwd=/private/var/folders/9v/733tfwtj2jvgwygmtrbwj9gm0000gn/T/kilo-e2e-8ANOTU/workspace git=/var/folders/9v/733tfwtj2jvgwygmtrbwj9gm0000gn/T/kilo-e2e-8ANOTU/xdg-data/kilo/snapshot/4d5c11ef39f7bccd8f64aa9c9ec14e4525f1d947/5d37ceabbbc88c4e2710ab78dda38cac193e4bd0 tracking
[Kilo New][P0-Perf] {"corr":"bb5b4eac-1b57-444d-898b-935dcdf9b4f6","stage":"sse.event","t":1786779457606,"d":48449,"surface":"extension","span":"start","eventType":"message.part.updated","dir":"/private/var/folders/9v/733tfwtj2jvgwygmtrbwj9gm0000gn/T/kilo-e2e-8ANOTU/workspace"}
[Kilo New][P0-Perf] {"corr":"bb5b4eac-1b57-444d-898b-935dcdf9b4f6","stage":"sse.event","t":1786779457606,"d":48449,"surface":"extension","span":"end","dur":0,"eventType":"message.part.updated","dir":"/private/var/folders/9v/733tfwtj2jvgwygmtrbwj9gm0000gn/T/kilo-e2e-8ANOTU/workspace"}
[Kilo New][P0-Perf] {"corr":"bb5b4eac-1b57-444d-898b-935dcdf9b4f6","stage":"sse.event","t":1786779457607,"d":48450,"surface":"extension","span":"start","eventType":"message.part.updated.1","dir":"/private/var/folders/9v/733tfwtj2jvgwygmtrbwj9gm0000gn/T/kilo-e2e-8ANOTU/workspace"}
[Kilo New][P0-Perf] {"corr":"bb5b4eac-1b57-444d-898b-935dcdf9b4f6","stage":"sse.event","t":1786779457607,"d":48450,"surface":"extension","span":"end","dur":0,"eventType":"message.part.updated.1","dir":"/private/var/folders/9v/733tfwtj2jvgwygmtrbwj9gm0000gn/T/kilo-e2e-8ANOTU/workspace"}
[Kilo New][P0-Perf] {"corr":"bb5b4eac-1b57-444d-898b-935dcdf9b4f6","stage":"sse.event","t":1786779457607,"d":48450,"surface":"extension","span":"start","eventType":"message.updated","dir":"/private/var/folders/9v/733tfwtj2jvgwygmtrbwj9gm0000gn/T/kilo-e2e-8ANOTU/workspace"}
[Kilo New][P0-Perf] {"corr":"bb5b4eac-1b57-444d-898b-935dcdf9b4f6","stage":"sse.event","t":1786779457607,"d":48450,"surface":"extension","span":"end","dur":0,"eventType":"message.updated","dir":"/private/var/folders/9v/733tfwtj2jvgwygmtrbwj9gm0000gn/T/kilo-e2e-8ANOTU/workspace"}
[Kilo New][P0-Perf] {"corr":"bb5b4eac-1b57-444d-898b-935dcdf9b4f6","stage":"sse.event","t":1786779457607,"d":48450,"surface":"extension","span":"start","eventType":"message.updated.1","dir":"/private/var/folders/9v/733tfwtj2jvgwygmtrbwj9gm0000gn/T/kilo-e2e-8ANOTU/workspace"}
[Kilo New][P0-Perf] {"corr":"bb5b4eac-1b57-444d-898b-935dcdf9b4f6","stage":"sse.event","t":1786779457607,"d":48450,"surface":"extension","span":"end","dur":0,"eventType":"message.updated.1","dir":"/private/var/folders/9v/733tfwtj2jvgwygmtrbwj9gm0000gn/T/kilo-e2e-8ANOTU/workspace"}
[Kilo New][P0-Perf] {"corr":"bb5b4eac-1b57-444d-898b-935dcdf9b4f6","stage":"sse.event","t":1786779457607,"d":48450,"surface":"extension","span":"start","eventType":"message.part.removed","dir":"/private/var/folders/9v/733tfwtj2jvgwygmtrbwj9gm0000gn/T/kilo-e2e-8ANOTU/workspace"}
[Kilo New][P0-Perf] {"corr":"bb5b4eac-1b57-444d-898b-935dcdf9b4f6","stage":"sse.event","t":1786779457608,"d":48451,"surface":"extension","span":"end","dur":1,"eventType":"message.part.removed","dir":"/private/var/folders/9v/733tfwtj2jvgwygmtrbwj9gm0000gn/T/kilo-e2e-8ANOTU/workspace"}
[Kilo New][P0-Perf] {"corr":"bb5b4eac-1b57-444d-898b-935dcdf9b4f6","stage":"sse.event","t":1786779457608,"d":48451,"surface":"extension","span":"start","eventType":"message.part.removed.1","dir":"/private/var/folders/9v/733tfwtj2jvgwygmtrbwj9gm0000gn/T/kilo-e2e-8ANOTU/workspace"}
[Kilo New][P0-Perf] {"corr":"bb5b4eac-1b57-444d-898b-935dcdf9b4f6","stage":"sse.event","t":1786779457608,"d":48451,"surface":"extension","span":"end","dur":0,"eventType":"message.part.removed.1","dir":"/private/var/folders/9v/733tfwtj2jvgwygmtrbwj9gm0000gn/T/kilo-e2e-8ANOTU/workspace"}
[Kilo New] ServerManager: ⚠️ CLI Server stderr: INFO  2026-08-15T07:37:38 +777ms service=model-cache providerID=apertis refreshing models
[Kilo New] ServerManager: ⚠️ CLI Server stderr: INFO  2026-08-15T07:37:38 +25ms service=model-cache providerID=apertis count=0 models fetched and cached
[Kilo New] ServerManager: ⚠️ CLI Server stderr: INFO  2026-08-15T07:37:38 +221ms service=session.prompt session.id=ses_ffba5a668ffeP77RqCa6WauoqE step=2 loop
[Kilo New] ServerManager: ⚠️ CLI Server stderr: INFO  2026-08-15T07:37:38 +2ms service=session.prompt session.id=ses_ffba5a668ffeP77RqCa6WauoqE exiting loop
[Kilo New] ServerManager: ⚠️ CLI Server stderr: INFO  2026-08-15T07:37:38 +3ms service=bus type=session.turn.close publishing
[Kilo New][P0-Perf] {"corr":"bb5b4eac-1b57-444d-898b-935dcdf9b4f6","stage":"sse.event","t":1786779458583,"d":49426,"surface":"extension","span":"start","eventType":"message.updated","dir":"/private/var/folders/9v/733tfwtj2jvgwygmtrbwj9gm0000gn/T/kilo-e2e-8ANOTU/workspace"}
[Kilo New][P0-Perf] {"corr":"bb5b4eac-1b57-444d-898b-935dcdf9b4f6","stage":"sse.event","t":1786779458584,"d":49427,"surface":"extension","span":"end","dur":1,"eventType":"message.updated","dir":"/private/var/folders/9v/733tfwtj2jvgwygmtrbwj9gm0000gn/T/kilo-e2e-8ANOTU/workspace"}
[Kilo New][P0-Perf] {"corr":"bb5b4eac-1b57-444d-898b-935dcdf9b4f6","stage":"sse.event","t":1786779458584,"d":49427,"surface":"extension","span":"start","eventType":"message.updated.1","dir":"/private/var/folders/9v/733tfwtj2jvgwygmtrbwj9gm0000gn/T/kilo-e2e-8ANOTU/workspace"}
[Kilo New][P0-Perf] {"corr":"bb5b4eac-1b57-444d-898b-935dcdf9b4f6","stage":"sse.event","t":1786779458584,"d":49427,"surface":"extension","span":"end","dur":0,"eventType":"message.updated.1","dir":"/private/var/folders/9v/733tfwtj2jvgwygmtrbwj9gm0000gn/T/kilo-e2e-8ANOTU/workspace"}
[Kilo New][P0-Perf] {"corr":"bb5b4eac-1b57-444d-898b-935dcdf9b4f6","stage":"sse.event","t":1786779458584,"d":49427,"surface":"extension","span":"start","eventType":"session.status","dir":"/private/var/folders/9v/733tfwtj2jvgwygmtrbwj9gm0000gn/T/kilo-e2e-8ANOTU/workspace"}
[Kilo New][P0-Perf] {"corr":"bb5b4eac-1b57-444d-898b-935dcdf9b4f6","stage":"sse.event","t":1786779458585,"d":49428,"surface":"extension","span":"end","dur":1,"eventType":"session.status","dir":"/private/var/folders/9v/733tfwtj2jvgwygmtrbwj9gm0000gn/T/kilo-e2e-8ANOTU/workspace"}
[Kilo New][P0-Perf] {"corr":"bb5b4eac-1b57-444d-898b-935dcdf9b4f6","stage":"sse.event","t":1786779458585,"d":49428,"surface":"extension","span":"start","eventType":"session.status","dir":"/private/var/folders/9v/733tfwtj2jvgwygmtrbwj9gm0000gn/T/kilo-e2e-8ANOTU/workspace"}
[Kilo New][P0-Perf] {"corr":"bb5b4eac-1b57-444d-898b-935dcdf9b4f6","stage":"sse.event","t":1786779458585,"d":49428,"surface":"extension","span":"end","dur":0,"eventType":"session.status","dir":"/private/var/folders/9v/733tfwtj2jvgwygmtrbwj9gm0000gn/T/kilo-e2e-8ANOTU/workspace"}
[Kilo New][P0-Perf] {"corr":"bb5b4eac-1b57-444d-898b-935dcdf9b4f6","stage":"sse.event","t":1786779458585,"d":49428,"surface":"extension","span":"start","eventType":"session.idle","dir":"/private/var/folders/9v/733tfwtj2jvgwygmtrbwj9gm0000gn/T/kilo-e2e-8ANOTU/workspace"}
[Kilo New][P0-Perf] {"corr":"bb5b4eac-1b57-444d-898b-935dcdf9b4f6","stage":"sse.event","t":1786779458586,"d":49429,"surface":"extension","span":"end","dur":1,"eventType":"session.idle","dir":"/private/var/folders/9v/733tfwtj2jvgwygmtrbwj9gm0000gn/T/kilo-e2e-8ANOTU/workspace"}
[Kilo New][P0-Perf] {"corr":"bb5b4eac-1b57-444d-898b-935dcdf9b4f6","stage":"sse.event","t":1786779458586,"d":49429,"surface":"extension","span":"start","eventType":"session.turn.close","dir":"/private/var/folders/9v/733tfwtj2jvgwygmtrbwj9gm0000gn/T/kilo-e2e-8ANOTU/workspace"}
[Kilo New][P0-Perf] {"corr":"bb5b4eac-1b57-444d-898b-935dcdf9b4f6","stage":"sse.event","t":1786779458586,"d":49429,"surface":"extension","span":"end","dur":0,"eventType":"session.turn.close","dir":"/private/var/folders/9v/733tfwtj2jvgwygmtrbwj9gm0000gn/T/kilo-e2e-8ANOTU/workspace"}
[Kilo New][P0-Perf] {"corr":"bb5b4eac-1b57-444d-898b-935dcdf9b4f6","stage":"sse.event","t":1786779458670,"d":49513,"surface":"extension","span":"start","eventType":"session.updated","dir":"/private/var/folders/9v/733tfwtj2jvgwygmtrbwj9gm0000gn/T/kilo-e2e-8ANOTU/workspace"}
[Kilo New][P0-Perf] {"corr":"bb5b4eac-1b57-444d-898b-935dcdf9b4f6","stage":"sse.event","t":1786779458670,"d":49513,"surface":"extension","span":"end","dur":0,"eventType":"session.updated","dir":"/private/var/folders/9v/733tfwtj2jvgwygmtrbwj9gm0000gn/T/kilo-e2e-8ANOTU/workspace"}
[Kilo New][P0-Perf] {"corr":"bb5b4eac-1b57-444d-898b-935dcdf9b4f6","stage":"sse.event","t":1786779458670,"d":49513,"surface":"extension","span":"start","eventType":"session.updated.1","dir":"/private/var/folders/9v/733tfwtj2jvgwygmtrbwj9gm0000gn/T/kilo-e2e-8ANOTU/workspace"}
[Kilo New][P0-Perf] {"corr":"bb5b4eac-1b57-444d-898b-935dcdf9b4f6","stage":"sse.event","t":1786779458671,"d":49514,"surface":"extension","span":"end","dur":1,"eventType":"session.updated.1","dir":"/private/var/folders/9v/733tfwtj2jvgwygmtrbwj9gm0000gn/T/kilo-e2e-8ANOTU/workspace"}
[Kilo New][P0-Perf] {"corr":"bb5b4eac-1b57-444d-898b-935dcdf9b4f6","stage":"sse.event","t":1786779458703,"d":49546,"surface":"extension","span":"start","eventType":"session.diff","dir":"/private/var/folders/9v/733tfwtj2jvgwygmtrbwj9gm0000gn/T/kilo-e2e-8ANOTU/workspace"}
[Kilo New][P0-Perf] {"corr":"bb5b4eac-1b57-444d-898b-935dcdf9b4f6","stage":"sse.event","t":1786779458703,"d":49546,"surface":"extension","span":"end","dur":0,"eventType":"session.diff","dir":"/private/var/folders/9v/733tfwtj2jvgwygmtrbwj9gm0000gn/T/kilo-e2e-8ANOTU/workspace"}
[Kilo New][P0-Perf] {"corr":"bb5b4eac-1b57-444d-898b-935dcdf9b4f6","stage":"sse.event","t":1786779458703,"d":49546,"surface":"extension","span":"start","eventType":"message.updated","dir":"/private/var/folders/9v/733tfwtj2jvgwygmtrbwj9gm0000gn/T/kilo-e2e-8ANOTU/workspace"}
[Kilo New][P0-Perf] {"corr":"bb5b4eac-1b57-444d-898b-935dcdf9b4f6","stage":"sse.event","t":1786779458703,"d":49546,"surface":"extension","span":"end","dur":0,"eventType":"message.updated","dir":"/private/var/folders/9v/733tfwtj2jvgwygmtrbwj9gm0000gn/T/kilo-e2e-8ANOTU/workspace"}
[Kilo New][P0-Perf] {"corr":"bb5b4eac-1b57-444d-898b-935dcdf9b4f6","stage":"sse.event","t":1786779458703,"d":49546,"surface":"extension","span":"start","eventType":"message.updated.1","dir":"/private/var/folders/9v/733tfwtj2jvgwygmtrbwj9gm0000gn/T/kilo-e2e-8ANOTU/workspace"}
[Kilo New][P0-Perf] {"corr":"bb5b4eac-1b57-444d-898b-935dcdf9b4f6","stage":"sse.event","t":1786779458704,"d":49547,"surface":"extension","span":"end","dur":1,"eventType":"message.updated.1","dir":"/private/var/folders/9v/733tfwtj2jvgwygmtrbwj9gm0000gn/T/kilo-e2e-8ANOTU/workspace"}
[Kilo New] ServerManager: ⚠️ CLI Server stderr: INFO  2026-08-15T07:37:40 +1905ms service=model-cache providerID=apertis refreshing models
[Kilo New] ServerManager: ⚠️ CLI Server stderr: INFO  2026-08-15T07:37:40 +4ms service=model-cache providerID=apertis count=0 models fetched and cached
[probe] PASS H-3 user tool: completed tool part in the backend (attempt 1)
[probe] PASS H-3 run-owned artifact: /var/folders/9v/733tfwtj2jvgwygmtrbwj9gm0000gn/T/kilo-e2e-8ANOTU/workspace/e2e-custom-called.txt = "echo:hello"
[probe] PASS H-3 panel shows the tool completion text: transcript text present
[Kilo New][P0-Perf] {"corr":"bb5b4eac-1b57-444d-898b-935dcdf9b4f6","stage":"prompt.submit","t":1786779461497,"d":52340,"surface":"extension","sessionID":"ses_ffba5a668ffeP77RqCa6WauoqE","messageID":"msg_0045ae762001oMokStBzdGNJw6","dir":"/var/folders/9v/733tfwtj2jvgwygmtrbwj9gm0000gn/T/kilo-e2e-8ANOTU/workspace"}
[Kilo New][P0-Perf] {"corr":"bb5b4eac-1b57-444d-898b-935dcdf9b4f6","stage":"sse.event","t":1786779461537,"d":52380,"surface":"extension","span":"start","eventType":"message.updated","dir":"/private/var/folders/9v/733tfwtj2jvgwygmtrbwj9gm0000gn/T/kilo-e2e-8ANOTU/workspace"}
[Kilo New][P0-Perf] {"corr":"bb5b4eac-1b57-444d-898b-935dcdf9b4f6","stage":"sse.event","t":1786779461538,"d":52381,"surface":"extension","span":"end","dur":1,"eventType":"message.updated","dir":"/private/var/folders/9v/733tfwtj2jvgwygmtrbwj9gm0000gn/T/kilo-e2e-8ANOTU/workspace"}
[Kilo New][P0-Perf] {"corr":"bb5b4eac-1b57-444d-898b-935dcdf9b4f6","stage":"sse.event","t":1786779461538,"d":52381,"surface":"extension","span":"start","eventType":"message.updated.1","dir":"/private/var/folders/9v/733tfwtj2jvgwygmtrbwj9gm0000gn/T/kilo-e2e-8ANOTU/workspace"}
[Kilo New][P0-Perf] {"corr":"bb5b4eac-1b57-444d-898b-935dcdf9b4f6","stage":"sse.event","t":1786779461538,"d":52381,"surface":"extension","span":"end","dur":0,"eventType":"message.updated.1","dir":"/private/var/folders/9v/733tfwtj2jvgwygmtrbwj9gm0000gn/T/kilo-e2e-8ANOTU/workspace"}
[Kilo New][P0-Perf] {"corr":"bb5b4eac-1b57-444d-898b-935dcdf9b4f6","stage":"sse.event","t":1786779461538,"d":52381,"surface":"extension","span":"start","eventType":"message.part.updated","dir":"/private/var/folders/9v/733tfwtj2jvgwygmtrbwj9gm0000gn/T/kilo-e2e-8ANOTU/workspace"}
[Kilo New][P0-Perf] {"corr":"bb5b4eac-1b57-444d-898b-935dcdf9b4f6","stage":"sse.event","t":1786779461539,"d":52382,"surface":"extension","span":"end","dur":1,"eventType":"message.part.updated","dir":"/private/var/folders/9v/733tfwtj2jvgwygmtrbwj9gm0000gn/T/kilo-e2e-8ANOTU/workspace"}
[Kilo New][P0-Perf] {"corr":"bb5b4eac-1b57-444d-898b-935dcdf9b4f6","stage":"sse.event","t":1786779461539,"d":52382,"surface":"extension","span":"start","eventType":"message.part.updated.1","dir":"/private/var/folders/9v/733tfwtj2jvgwygmtrbwj9gm0000gn/T/kilo-e2e-8ANOTU/workspace"}
[Kilo New][P0-Perf] {"corr":"bb5b4eac-1b57-444d-898b-935dcdf9b4f6","stage":"sse.event","t":1786779461539,"d":52382,"surface":"extension","span":"end","dur":0,"eventType":"message.part.updated.1","dir":"/private/var/folders/9v/733tfwtj2jvgwygmtrbwj9gm0000gn/T/kilo-e2e-8ANOTU/workspace"}
[Kilo New][P0-Perf] {"corr":"bb5b4eac-1b57-444d-898b-935dcdf9b4f6","stage":"sse.event","t":1786779461539,"d":52382,"surface":"extension","span":"start","eventType":"session.updated","dir":"/private/var/folders/9v/733tfwtj2jvgwygmtrbwj9gm0000gn/T/kilo-e2e-8ANOTU/workspace"}
[Kilo New][P0-Perf] {"corr":"bb5b4eac-1b57-444d-898b-935dcdf9b4f6","stage":"sse.event","t":1786779461539,"d":52382,"surface":"extension","span":"end","dur":0,"eventType":"session.updated","dir":"/private/var/folders/9v/733tfwtj2jvgwygmtrbwj9gm0000gn/T/kilo-e2e-8ANOTU/workspace"}
[Kilo New][P0-Perf] {"corr":"bb5b4eac-1b57-444d-898b-935dcdf9b4f6","stage":"sse.event","t":1786779461539,"d":52382,"surface":"extension","span":"start","eventType":"session.updated.1","dir":"/private/var/folders/9v/733tfwtj2jvgwygmtrbwj9gm0000gn/T/kilo-e2e-8ANOTU/workspace"}
[Kilo New][P0-Perf] {"corr":"bb5b4eac-1b57-444d-898b-935dcdf9b4f6","stage":"sse.event","t":1786779461539,"d":52382,"surface":"extension","span":"end","dur":0,"eventType":"session.updated.1","dir":"/private/var/folders/9v/733tfwtj2jvgwygmtrbwj9gm0000gn/T/kilo-e2e-8ANOTU/workspace"}
[probe] sent prompt via real prompt input: E2E_SKILL: load the e2e skill
[Kilo New] ServerManager: ⚠️ CLI Server stderr: INFO  2026-08-15T07:37:41 +1086ms service=bus type=session.turn.open publishing
[Kilo New] ServerManager: ⚠️ CLI Server stderr: INFO  2026-08-15T07:37:41 +5ms service=session.prompt session.id=ses_ffba5a668ffeP77RqCa6WauoqE step=0 loop
[Kilo New] ServerManager: ⚠️ CLI Server stderr: INFO  2026-08-15T07:37:41 +8ms service=p0-perf event=p0.mark stage=processor_entry ts=1786779461587 id=ses_ffba5a668ffeP77RqCa6WauoqE meta={"messageID":"msg_0045ae7d0001vFXGfEwV26m72w","parentID":"msg_0045ae762001oMokStBzdGNJw6","model":"e2e-model","provider":"e2e-local"} processor_entry
[Kilo New][P0-Perf] {"corr":"bb5b4eac-1b57-444d-898b-935dcdf9b4f6","stage":"sse.event","t":1786779461590,"d":52433,"surface":"extension","span":"start","eventType":"session.turn.open","dir":"/private/var/folders/9v/733tfwtj2jvgwygmtrbwj9gm0000gn/T/kilo-e2e-8ANOTU/workspace"}
[Kilo New][P0-Perf] {"corr":"bb5b4eac-1b57-444d-898b-935dcdf9b4f6","stage":"sse.event","t":1786779461590,"d":52433,"surface":"extension","span":"end","dur":0,"eventType":"session.turn.open","dir":"/private/var/folders/9v/733tfwtj2jvgwygmtrbwj9gm0000gn/T/kilo-e2e-8ANOTU/workspace"}
[Kilo New][P0-Perf] {"corr":"bb5b4eac-1b57-444d-898b-935dcdf9b4f6","stage":"sse.event","t":1786779461634,"d":52477,"surface":"extension","span":"start","eventType":"session.status","dir":"/private/var/folders/9v/733tfwtj2jvgwygmtrbwj9gm0000gn/T/kilo-e2e-8ANOTU/workspace"}
[Kilo New][P0-Perf] {"corr":"bb5b4eac-1b57-444d-898b-935dcdf9b4f6","stage":"sse.event","t":1786779461634,"d":52477,"surface":"extension","span":"end","dur":0,"eventType":"session.status","dir":"/private/var/folders/9v/733tfwtj2jvgwygmtrbwj9gm0000gn/T/kilo-e2e-8ANOTU/workspace"}
[Kilo New][P0-Perf] {"corr":"bb5b4eac-1b57-444d-898b-935dcdf9b4f6","stage":"sse.event","t":1786779461635,"d":52478,"surface":"extension","span":"start","eventType":"message.updated","dir":"/private/var/folders/9v/733tfwtj2jvgwygmtrbwj9gm0000gn/T/kilo-e2e-8ANOTU/workspace"}
[Kilo New][P0-Perf] {"corr":"bb5b4eac-1b57-444d-898b-935dcdf9b4f6","stage":"sse.event","t":1786779461635,"d":52478,"surface":"extension","span":"end","dur":0,"eventType":"message.updated","dir":"/private/var/folders/9v/733tfwtj2jvgwygmtrbwj9gm0000gn/T/kilo-e2e-8ANOTU/workspace"}
[Kilo New][P0-Perf] {"corr":"bb5b4eac-1b57-444d-898b-935dcdf9b4f6","stage":"sse.event","t":1786779461635,"d":52478,"surface":"extension","span":"start","eventType":"message.updated.1","dir":"/private/var/folders/9v/733tfwtj2jvgwygmtrbwj9gm0000gn/T/kilo-e2e-8ANOTU/workspace"}
[Kilo New][P0-Perf] {"corr":"bb5b4eac-1b57-444d-898b-935dcdf9b4f6","stage":"model.firstEvent","t":1786779461635,"d":52478,"surface":"extension","sessionID":"ses_ffba5a668ffeP77RqCa6WauoqE","messageID":"msg_0045ae7d0001vFXGfEwV26m72w","parentID":"msg_0045ae762001oMokStBzdGNJw6","dir":"/private/var/folders/9v/733tfwtj2jvgwygmtrbwj9gm0000gn/T/kilo-e2e-8ANOTU/workspace"}
[Kilo New][P0-Perf] {"corr":"bb5b4eac-1b57-444d-898b-935dcdf9b4f6","stage":"sse.event","t":1786779461635,"d":52478,"surface":"extension","span":"end","dur":0,"eventType":"message.updated.1","dir":"/private/var/folders/9v/733tfwtj2jvgwygmtrbwj9gm0000gn/T/kilo-e2e-8ANOTU/workspace"}
[Kilo New] ServerManager: ⚠️ CLI Server stderr: INFO  2026-08-15T07:37:42 +702ms service=model-cache providerID=apertis refreshing models
[Kilo New] ServerManager: ⚠️ CLI Server stderr: INFO  2026-08-15T07:37:42 +8ms service=model-cache providerID=apertis count=0 models fetched and cached
[Kilo New][P0-Perf] {"corr":"bb5b4eac-1b57-444d-898b-935dcdf9b4f6","stage":"sse.event","t":1786779462298,"d":53141,"surface":"extension","span":"start","eventType":"message.part.updated","dir":"/private/var/folders/9v/733tfwtj2jvgwygmtrbwj9gm0000gn/T/kilo-e2e-8ANOTU/workspace"}
[Kilo New][P0-Perf] {"corr":"bb5b4eac-1b57-444d-898b-935dcdf9b4f6","stage":"sse.event","t":1786779462298,"d":53141,"surface":"extension","span":"end","dur":0,"eventType":"message.part.updated","dir":"/private/var/folders/9v/733tfwtj2jvgwygmtrbwj9gm0000gn/T/kilo-e2e-8ANOTU/workspace"}
[Kilo New][P0-Perf] {"corr":"bb5b4eac-1b57-444d-898b-935dcdf9b4f6","stage":"sse.event","t":1786779462299,"d":53142,"surface":"extension","span":"start","eventType":"message.part.updated.1","dir":"/private/var/folders/9v/733tfwtj2jvgwygmtrbwj9gm0000gn/T/kilo-e2e-8ANOTU/workspace"}
[Kilo New][P0-Perf] {"corr":"bb5b4eac-1b57-444d-898b-935dcdf9b4f6","stage":"sse.event","t":1786779462299,"d":53142,"surface":"extension","span":"end","dur":0,"eventType":"message.part.updated.1","dir":"/private/var/folders/9v/733tfwtj2jvgwygmtrbwj9gm0000gn/T/kilo-e2e-8ANOTU/workspace"}
[Kilo New] ServerManager: ⚠️ CLI Server stderr: INFO  2026-08-15T07:37:42 +117ms service=snapshot hash=2d193690ff6296f557c57379d549dc32b43e1ec6 cwd=/private/var/folders/9v/733tfwtj2jvgwygmtrbwj9gm0000gn/T/kilo-e2e-8ANOTU/workspace git=/var/folders/9v/733tfwtj2jvgwygmtrbwj9gm0000gn/T/kilo-e2e-8ANOTU/xdg-data/kilo/snapshot/4d5c11ef39f7bccd8f64aa9c9ec14e4525f1d947/5d37ceabbbc88c4e2710ab78dda38cac193e4bd0 tracking
[Kilo New][P0-Perf] {"corr":"bb5b4eac-1b57-444d-898b-935dcdf9b4f6","stage":"sse.event","t":1786779462419,"d":53262,"surface":"extension","span":"start","eventType":"message.part.updated","dir":"/private/var/folders/9v/733tfwtj2jvgwygmtrbwj9gm0000gn/T/kilo-e2e-8ANOTU/workspace"}
[Kilo New][P0-Perf] {"corr":"bb5b4eac-1b57-444d-898b-935dcdf9b4f6","stage":"sse.event","t":1786779462419,"d":53262,"surface":"extension","span":"end","dur":0,"eventType":"message.part.updated","dir":"/private/var/folders/9v/733tfwtj2jvgwygmtrbwj9gm0000gn/T/kilo-e2e-8ANOTU/workspace"}
[Kilo New][P0-Perf] {"corr":"bb5b4eac-1b57-444d-898b-935dcdf9b4f6","stage":"sse.event","t":1786779462419,"d":53262,"surface":"extension","span":"start","eventType":"message.part.updated.1","dir":"/private/var/folders/9v/733tfwtj2jvgwygmtrbwj9gm0000gn/T/kilo-e2e-8ANOTU/workspace"}
[Kilo New][P0-Perf] {"corr":"bb5b4eac-1b57-444d-898b-935dcdf9b4f6","stage":"sse.event","t":1786779462419,"d":53262,"surface":"extension","span":"end","dur":0,"eventType":"message.part.updated.1","dir":"/private/var/folders/9v/733tfwtj2jvgwygmtrbwj9gm0000gn/T/kilo-e2e-8ANOTU/workspace"}
[Kilo New] ServerManager: ⚠️ CLI Server stderr: INFO  2026-08-15T07:37:42 +7ms service=session.tools status=started resolveTools
[Kilo New][P0-Perf] {"corr":"bb5b4eac-1b57-444d-898b-935dcdf9b4f6","stage":"sse.event","t":1786779462429,"d":53272,"surface":"extension","span":"start","eventType":"message.part.removed","dir":"/private/var/folders/9v/733tfwtj2jvgwygmtrbwj9gm0000gn/T/kilo-e2e-8ANOTU/workspace"}
[Kilo New][P0-Perf] {"corr":"bb5b4eac-1b57-444d-898b-935dcdf9b4f6","stage":"sse.event","t":1786779462429,"d":53272,"surface":"extension","span":"end","dur":0,"eventType":"message.part.removed","dir":"/private/var/folders/9v/733tfwtj2jvgwygmtrbwj9gm0000gn/T/kilo-e2e-8ANOTU/workspace"}
[Kilo New][P0-Perf] {"corr":"bb5b4eac-1b57-444d-898b-935dcdf9b4f6","stage":"sse.event","t":1786779462429,"d":53272,"surface":"extension","span":"start","eventType":"message.part.removed.1","dir":"/private/var/folders/9v/733tfwtj2jvgwygmtrbwj9gm0000gn/T/kilo-e2e-8ANOTU/workspace"}
[Kilo New][P0-Perf] {"corr":"bb5b4eac-1b57-444d-898b-935dcdf9b4f6","stage":"sse.event","t":1786779462429,"d":53272,"surface":"extension","span":"end","dur":0,"eventType":"message.part.removed.1","dir":"/private/var/folders/9v/733tfwtj2jvgwygmtrbwj9gm0000gn/T/kilo-e2e-8ANOTU/workspace"}
[Kilo New] ServerManager: ⚠️ CLI Server stderr: INFO  2026-08-15T07:37:42 +50ms service=tool.registry status=started invalid
[Kilo New] ServerManager: ⚠️ CLI Server stderr: INFO  2026-08-15T07:37:42 +9ms service=tool.registry status=completed duration=9 invalid
[Kilo New] ServerManager: ⚠️ CLI Server stderr: INFO  2026-08-15T07:37:42 +0ms service=tool.registry status=started question
[Kilo New] ServerManager: ⚠️ CLI Server stderr: INFO  2026-08-15T07:37:42 +32ms service=tool.registry status=completed duration=32 question
[Kilo New] ServerManager: ⚠️ CLI Server stderr: INFO  2026-08-15T07:37:42 +0ms service=tool.registry status=started bash
[Kilo New] ServerManager: ⚠️ CLI Server stderr: INFO  2026-08-15T07:37:42 +0ms service=tool.registry status=completed duration=0 bash
[Kilo New] ServerManager: ⚠️ CLI Server stderr: INFO  2026-08-15T07:37:42 +1ms service=tool.registry status=started read
[Kilo New] ServerManager: ⚠️ CLI Server stderr: INFO  2026-08-15T07:37:42 +0ms service=tool.registry status=completed duration=0 read
[Kilo New] ServerManager: ⚠️ CLI Server stderr: INFO  2026-08-15T07:37:42 +0ms service=tool.registry status=started glob
[Kilo New] ServerManager: ⚠️ CLI Server stderr: INFO  2026-08-15T07:37:42 +0ms service=tool.registry status=completed duration=0 glob
[Kilo New] ServerManager: ⚠️ CLI Server stderr: INFO  2026-08-15T07:37:42 +0ms service=tool.registry status=started grep
[Kilo New] ServerManager: ⚠️ CLI Server stderr: INFO  2026-08-15T07:37:42 +0ms service=tool.registry status=completed duration=0 grep
[Kilo New] ServerManager: ⚠️ CLI Server stderr: INFO  2026-08-15T07:37:42 +0ms service=tool.registry status=started edit
[Kilo New] ServerManager: ⚠️ CLI Server stderr: INFO  2026-08-15T07:37:42 +0ms service=tool.registry status=completed duration=0 edit
[Kilo New] ServerManager: ⚠️ CLI Server stderr: INFO  2026-08-15T07:37:42 +0ms service=tool.registry status=started write
[Kilo New] ServerManager: ⚠️ CLI Server stderr: INFO  2026-08-15T07:37:42 +0ms service=tool.registry status=completed duration=0 write
[Kilo New] ServerManager: ⚠️ CLI Server stderr: INFO  2026-08-15T07:37:42 +1ms service=tool.registry status=started task
[Kilo New] ServerManager: ⚠️ CLI Server stderr: INFO  2026-08-15T07:37:42 +2ms service=tool.registry status=completed duration=2 task
[Kilo New] ServerManager: ⚠️ CLI Server stderr: INFO  2026-08-15T07:37:42 +0ms service=tool.registry status=started webfetch
[Kilo New] ServerManager: ⚠️ CLI Server stderr: INFO  2026-08-15T07:37:42 +0ms service=tool.registry status=completed duration=0 webfetch
[Kilo New] ServerManager: ⚠️ CLI Server stderr: INFO  2026-08-15T07:37:42 +0ms service=tool.registry status=started todowrite
[Kilo New] ServerManager: ⚠️ CLI Server stderr: INFO  2026-08-15T07:37:42 +0ms service=tool.registry status=completed duration=0 todowrite
[Kilo New] ServerManager: ⚠️ CLI Server stderr: INFO  2026-08-15T07:37:42 +0ms service=tool.registry status=started skill
[Kilo New] ServerManager: ⚠️ CLI Server stderr: INFO  2026-08-15T07:37:42 +2ms service=tool.registry status=completed duration=2 skill
[Kilo New] ServerManager: ⚠️ CLI Server stderr: INFO  2026-08-15T07:37:42 +0ms service=tool.registry status=started plan_exit
[Kilo New] ServerManager: ⚠️ CLI Server stderr: INFO  2026-08-15T07:37:42 +0ms service=tool.registry status=completed duration=0 plan_exit
[Kilo New] ServerManager: ⚠️ CLI Server stderr: INFO  2026-08-15T07:37:42 +0ms service=tool.registry status=started kilo_local_recall
[Kilo New] ServerManager: ⚠️ CLI Server stderr: INFO  2026-08-15T07:37:42 +0ms service=tool.registry status=completed duration=0 kilo_local_recall
[Kilo New] ServerManager: ⚠️ CLI Server stderr: INFO  2026-08-15T07:37:42 +0ms service=tool.registry status=started background_process
[Kilo New] ServerManager: ⚠️ CLI Server stderr: INFO  2026-08-15T07:37:42 +0ms service=tool.registry status=completed duration=0 background_process
[Kilo New] ServerManager: ⚠️ CLI Server stderr: INFO  2026-08-15T07:37:42 +0ms service=tool.registry status=started agent_manager_models
[Kilo New] ServerManager: ⚠️ CLI Server stderr: INFO  2026-08-15T07:37:42 +0ms service=tool.registry status=completed duration=0 agent_manager_models
[Kilo New] ServerManager: ⚠️ CLI Server stderr: INFO  2026-08-15T07:37:42 +0ms service=tool.registry status=started agent_manager
[Kilo New] ServerManager: ⚠️ CLI Server stderr: INFO  2026-08-15T07:37:42 +1ms service=tool.registry status=completed duration=1 agent_manager
[Kilo New] ServerManager: ⚠️ CLI Server stderr: INFO  2026-08-15T07:37:42 +0ms service=tool.registry status=started e2e_marker
[Kilo New] ServerManager: ⚠️ CLI Server stderr: INFO  2026-08-15T07:37:42 +0ms service=tool.registry status=completed duration=0 e2e_marker
[Kilo New] ServerManager: ⚠️ CLI Server stderr: INFO  2026-08-15T07:37:42 +1ms service=session.tools status=completed duration=99 resolveTools
[Kilo New] ServerManager: ⚠️ CLI Server stderr: INFO  2026-08-15T07:37:42 +81ms service=session.processor session.id=ses_ffba5a668ffeP77RqCa6WauoqE messageID=msg_0045ae7d0001vFXGfEwV26m72w process
[Kilo New] ServerManager: ⚠️ CLI Server stderr: INFO  2026-08-15T07:37:42 +5ms service=llm providerID=e2e-local modelID=e2e-model session.id=ses_ffba5a668ffeP77RqCa6WauoqE small=false agent=e2e-agent mode=primary stream
[Kilo New] ServerManager: ⚠️ CLI Server stderr: INFO  2026-08-15T07:37:42 +8ms service=default llm.runtime=ai-sdk llm.provider=e2e-local llm.model=e2e-model llm runtime selected
[Kilo New][P0-Perf] {"corr":"bb5b4eac-1b57-444d-898b-935dcdf9b4f6","stage":"sse.event","t":1786779462625,"d":53468,"surface":"extension","span":"start","eventType":"session.updated","dir":"/private/var/folders/9v/733tfwtj2jvgwygmtrbwj9gm0000gn/T/kilo-e2e-8ANOTU/workspace"}
[Kilo New][P0-Perf] {"corr":"bb5b4eac-1b57-444d-898b-935dcdf9b4f6","stage":"sse.event","t":1786779462625,"d":53468,"surface":"extension","span":"end","dur":0,"eventType":"session.updated","dir":"/private/var/folders/9v/733tfwtj2jvgwygmtrbwj9gm0000gn/T/kilo-e2e-8ANOTU/workspace"}
[Kilo New][P0-Perf] {"corr":"bb5b4eac-1b57-444d-898b-935dcdf9b4f6","stage":"sse.event","t":1786779462625,"d":53468,"surface":"extension","span":"start","eventType":"session.updated.1","dir":"/private/var/folders/9v/733tfwtj2jvgwygmtrbwj9gm0000gn/T/kilo-e2e-8ANOTU/workspace"}
[Kilo New][P0-Perf] {"corr":"bb5b4eac-1b57-444d-898b-935dcdf9b4f6","stage":"sse.event","t":1786779462625,"d":53468,"surface":"extension","span":"end","dur":0,"eventType":"session.updated.1","dir":"/private/var/folders/9v/733tfwtj2jvgwygmtrbwj9gm0000gn/T/kilo-e2e-8ANOTU/workspace"}
[Kilo New][P0-Perf] {"corr":"bb5b4eac-1b57-444d-898b-935dcdf9b4f6","stage":"sse.event","t":1786779462625,"d":53468,"surface":"extension","span":"start","eventType":"session.diff","dir":"/private/var/folders/9v/733tfwtj2jvgwygmtrbwj9gm0000gn/T/kilo-e2e-8ANOTU/workspace"}
[Kilo New][P0-Perf] {"corr":"bb5b4eac-1b57-444d-898b-935dcdf9b4f6","stage":"sse.event","t":1786779462625,"d":53468,"surface":"extension","span":"end","dur":0,"eventType":"session.diff","dir":"/private/var/folders/9v/733tfwtj2jvgwygmtrbwj9gm0000gn/T/kilo-e2e-8ANOTU/workspace"}
[Kilo New][P0-Perf] {"corr":"bb5b4eac-1b57-444d-898b-935dcdf9b4f6","stage":"sse.event","t":1786779462626,"d":53469,"surface":"extension","span":"start","eventType":"message.updated","dir":"/private/var/folders/9v/733tfwtj2jvgwygmtrbwj9gm0000gn/T/kilo-e2e-8ANOTU/workspace"}
[Kilo New][P0-Perf] {"corr":"bb5b4eac-1b57-444d-898b-935dcdf9b4f6","stage":"sse.event","t":1786779462626,"d":53469,"surface":"extension","span":"end","dur":0,"eventType":"message.updated","dir":"/private/var/folders/9v/733tfwtj2jvgwygmtrbwj9gm0000gn/T/kilo-e2e-8ANOTU/workspace"}
[Kilo New][P0-Perf] {"corr":"bb5b4eac-1b57-444d-898b-935dcdf9b4f6","stage":"sse.event","t":1786779462626,"d":53469,"surface":"extension","span":"start","eventType":"message.updated.1","dir":"/private/var/folders/9v/733tfwtj2jvgwygmtrbwj9gm0000gn/T/kilo-e2e-8ANOTU/workspace"}
[Kilo New][P0-Perf] {"corr":"bb5b4eac-1b57-444d-898b-935dcdf9b4f6","stage":"sse.event","t":1786779462626,"d":53469,"surface":"extension","span":"end","dur":0,"eventType":"message.updated.1","dir":"/private/var/folders/9v/733tfwtj2jvgwygmtrbwj9gm0000gn/T/kilo-e2e-8ANOTU/workspace"}
[Kilo New][P0-Perf] {"corr":"bb5b4eac-1b57-444d-898b-935dcdf9b4f6","stage":"sse.event","t":1786779462626,"d":53469,"surface":"extension","span":"start","eventType":"session.status","dir":"/private/var/folders/9v/733tfwtj2jvgwygmtrbwj9gm0000gn/T/kilo-e2e-8ANOTU/workspace"}
[Kilo New][P0-Perf] {"corr":"bb5b4eac-1b57-444d-898b-935dcdf9b4f6","stage":"sse.event","t":1786779462626,"d":53469,"surface":"extension","span":"end","dur":0,"eventType":"session.status","dir":"/private/var/folders/9v/733tfwtj2jvgwygmtrbwj9gm0000gn/T/kilo-e2e-8ANOTU/workspace"}
[Kilo New] ServerManager: ⚠️ CLI Server stderr: INFO  2026-08-15T07:37:42 +61ms service=p0-perf event=p0.start stage=tool_execute ts=1786779462675 id=ses_ffba5a668ffeP77RqCa6WauoqE meta={"tool":"skill","callID":"call_e2e_skill_1","messageID":"msg_0045ae7d0001vFXGfEwV26m72w"} tool_execute
[Kilo New] ServerManager: ⚠️ CLI Server stderr: INFO  2026-08-15T07:37:42 +4ms service=permission permission=skill pattern=e2e-skill action={"permission":"*","action":"allow","pattern":"*"} evaluated
[Kilo New][P0-Perf] {"corr":"bb5b4eac-1b57-444d-898b-935dcdf9b4f6","stage":"sse.event","t":1786779462692,"d":53535,"surface":"extension","span":"start","eventType":"message.part.updated","dir":"/private/var/folders/9v/733tfwtj2jvgwygmtrbwj9gm0000gn/T/kilo-e2e-8ANOTU/workspace"}
[Kilo New][P0-Perf] {"corr":"bb5b4eac-1b57-444d-898b-935dcdf9b4f6","stage":"sse.event","t":1786779462693,"d":53536,"surface":"extension","span":"end","dur":1,"eventType":"message.part.updated","dir":"/private/var/folders/9v/733tfwtj2jvgwygmtrbwj9gm0000gn/T/kilo-e2e-8ANOTU/workspace"}
[Kilo New][P0-Perf] {"corr":"bb5b4eac-1b57-444d-898b-935dcdf9b4f6","stage":"sse.event","t":1786779462693,"d":53536,"surface":"extension","span":"start","eventType":"message.part.updated.1","dir":"/private/var/folders/9v/733tfwtj2jvgwygmtrbwj9gm0000gn/T/kilo-e2e-8ANOTU/workspace"}
[Kilo New][P0-Perf] {"corr":"bb5b4eac-1b57-444d-898b-935dcdf9b4f6","stage":"sse.event","t":1786779462693,"d":53536,"surface":"extension","span":"end","dur":0,"eventType":"message.part.updated.1","dir":"/private/var/folders/9v/733tfwtj2jvgwygmtrbwj9gm0000gn/T/kilo-e2e-8ANOTU/workspace"}
[Kilo New][P0-Perf] {"corr":"bb5b4eac-1b57-444d-898b-935dcdf9b4f6","stage":"sse.event","t":1786779462693,"d":53536,"surface":"extension","span":"start","eventType":"message.part.updated","dir":"/private/var/folders/9v/733tfwtj2jvgwygmtrbwj9gm0000gn/T/kilo-e2e-8ANOTU/workspace"}
[Kilo New][P0-Perf] {"corr":"bb5b4eac-1b57-444d-898b-935dcdf9b4f6","stage":"sse.event","t":1786779462693,"d":53536,"surface":"extension","span":"end","dur":0,"eventType":"message.part.updated","dir":"/private/var/folders/9v/733tfwtj2jvgwygmtrbwj9gm0000gn/T/kilo-e2e-8ANOTU/workspace"}
[Kilo New][P0-Perf] {"corr":"bb5b4eac-1b57-444d-898b-935dcdf9b4f6","stage":"sse.event","t":1786779462693,"d":53536,"surface":"extension","span":"start","eventType":"message.part.updated.1","dir":"/private/var/folders/9v/733tfwtj2jvgwygmtrbwj9gm0000gn/T/kilo-e2e-8ANOTU/workspace"}
[Kilo New][P0-Perf] {"corr":"bb5b4eac-1b57-444d-898b-935dcdf9b4f6","stage":"sse.event","t":1786779462693,"d":53536,"surface":"extension","span":"end","dur":0,"eventType":"message.part.updated.1","dir":"/private/var/folders/9v/733tfwtj2jvgwygmtrbwj9gm0000gn/T/kilo-e2e-8ANOTU/workspace"}
[Kilo New][P0-Perf] {"corr":"bb5b4eac-1b57-444d-898b-935dcdf9b4f6","stage":"sse.event","t":1786779462693,"d":53536,"surface":"extension","span":"start","eventType":"message.part.updated","dir":"/private/var/folders/9v/733tfwtj2jvgwygmtrbwj9gm0000gn/T/kilo-e2e-8ANOTU/workspace"}
[Kilo New][P0-Perf] {"corr":"bb5b4eac-1b57-444d-898b-935dcdf9b4f6","stage":"sse.event","t":1786779462693,"d":53536,"surface":"extension","span":"end","dur":0,"eventType":"message.part.updated","dir":"/private/var/folders/9v/733tfwtj2jvgwygmtrbwj9gm0000gn/T/kilo-e2e-8ANOTU/workspace"}
[Kilo New][P0-Perf] {"corr":"bb5b4eac-1b57-444d-898b-935dcdf9b4f6","stage":"sse.event","t":1786779462693,"d":53536,"surface":"extension","span":"start","eventType":"message.part.updated.1","dir":"/private/var/folders/9v/733tfwtj2jvgwygmtrbwj9gm0000gn/T/kilo-e2e-8ANOTU/workspace"}
[Kilo New][P0-Perf] {"corr":"bb5b4eac-1b57-444d-898b-935dcdf9b4f6","stage":"sse.event","t":1786779462693,"d":53536,"surface":"extension","span":"end","dur":0,"eventType":"message.part.updated.1","dir":"/private/var/folders/9v/733tfwtj2jvgwygmtrbwj9gm0000gn/T/kilo-e2e-8ANOTU/workspace"}
[Kilo New] ServerManager: ⚠️ CLI Server stderr: INFO  2026-08-15T07:37:42 +108ms service=p0-perf event=p0.end stage=tool_execute ts=1786779462787 duration=112 id=ses_ffba5a668ffeP77RqCa6WauoqE meta={"tool":"skill","callID":"call_e2e_skill_1","messageID":"msg_0045ae7d0001vFXGfEwV26m72w"} tool_execute
[Kilo New][P0-Perf] {"corr":"bb5b4eac-1b57-444d-898b-935dcdf9b4f6","stage":"sse.event","t":1786779462843,"d":53686,"surface":"extension","span":"start","eventType":"message.part.updated","dir":"/private/var/folders/9v/733tfwtj2jvgwygmtrbwj9gm0000gn/T/kilo-e2e-8ANOTU/workspace"}
[Kilo New][P0-Perf] {"corr":"bb5b4eac-1b57-444d-898b-935dcdf9b4f6","stage":"sse.event","t":1786779462844,"d":53687,"surface":"extension","span":"end","dur":1,"eventType":"message.part.updated","dir":"/private/var/folders/9v/733tfwtj2jvgwygmtrbwj9gm0000gn/T/kilo-e2e-8ANOTU/workspace"}
[Kilo New][P0-Perf] {"corr":"bb5b4eac-1b57-444d-898b-935dcdf9b4f6","stage":"sse.event","t":1786779462844,"d":53687,"surface":"extension","span":"start","eventType":"message.part.updated.1","dir":"/private/var/folders/9v/733tfwtj2jvgwygmtrbwj9gm0000gn/T/kilo-e2e-8ANOTU/workspace"}
[Kilo New][P0-Perf] {"corr":"bb5b4eac-1b57-444d-898b-935dcdf9b4f6","stage":"sse.event","t":1786779462844,"d":53687,"surface":"extension","span":"end","dur":0,"eventType":"message.part.updated.1","dir":"/private/var/folders/9v/733tfwtj2jvgwygmtrbwj9gm0000gn/T/kilo-e2e-8ANOTU/workspace"}
[Kilo New] ServerManager: ⚠️ CLI Server stderr: INFO  2026-08-15T07:37:43 +260ms service=snapshot hash=2d193690ff6296f557c57379d549dc32b43e1ec6 cwd=/private/var/folders/9v/733tfwtj2jvgwygmtrbwj9gm0000gn/T/kilo-e2e-8ANOTU/workspace git=/var/folders/9v/733tfwtj2jvgwygmtrbwj9gm0000gn/T/kilo-e2e-8ANOTU/xdg-data/kilo/snapshot/4d5c11ef39f7bccd8f64aa9c9ec14e4525f1d947/5d37ceabbbc88c4e2710ab78dda38cac193e4bd0 tracking
[Kilo New][P0-Perf] {"corr":"bb5b4eac-1b57-444d-898b-935dcdf9b4f6","stage":"sse.event","t":1786779463061,"d":53904,"surface":"extension","span":"start","eventType":"message.part.updated","dir":"/private/var/folders/9v/733tfwtj2jvgwygmtrbwj9gm0000gn/T/kilo-e2e-8ANOTU/workspace"}
[Kilo New][P0-Perf] {"corr":"bb5b4eac-1b57-444d-898b-935dcdf9b4f6","stage":"sse.event","t":1786779463061,"d":53904,"surface":"extension","span":"end","dur":0,"eventType":"message.part.updated","dir":"/private/var/folders/9v/733tfwtj2jvgwygmtrbwj9gm0000gn/T/kilo-e2e-8ANOTU/workspace"}
[Kilo New][P0-Perf] {"corr":"bb5b4eac-1b57-444d-898b-935dcdf9b4f6","stage":"sse.event","t":1786779463061,"d":53904,"surface":"extension","span":"start","eventType":"message.part.updated.1","dir":"/private/var/folders/9v/733tfwtj2jvgwygmtrbwj9gm0000gn/T/kilo-e2e-8ANOTU/workspace"}
[Kilo New][P0-Perf] {"corr":"bb5b4eac-1b57-444d-898b-935dcdf9b4f6","stage":"sse.event","t":1786779463061,"d":53904,"surface":"extension","span":"end","dur":0,"eventType":"message.part.updated.1","dir":"/private/var/folders/9v/733tfwtj2jvgwygmtrbwj9gm0000gn/T/kilo-e2e-8ANOTU/workspace"}
[Kilo New][P0-Perf] {"corr":"bb5b4eac-1b57-444d-898b-935dcdf9b4f6","stage":"sse.event","t":1786779463061,"d":53904,"surface":"extension","span":"start","eventType":"message.updated","dir":"/private/var/folders/9v/733tfwtj2jvgwygmtrbwj9gm0000gn/T/kilo-e2e-8ANOTU/workspace"}
[Kilo New][P0-Perf] {"corr":"bb5b4eac-1b57-444d-898b-935dcdf9b4f6","stage":"sse.event","t":1786779463062,"d":53905,"surface":"extension","span":"end","dur":1,"eventType":"message.updated","dir":"/private/var/folders/9v/733tfwtj2jvgwygmtrbwj9gm0000gn/T/kilo-e2e-8ANOTU/workspace"}
[Kilo New][P0-Perf] {"corr":"bb5b4eac-1b57-444d-898b-935dcdf9b4f6","stage":"sse.event","t":1786779463062,"d":53905,"surface":"extension","span":"start","eventType":"message.updated.1","dir":"/private/var/folders/9v/733tfwtj2jvgwygmtrbwj9gm0000gn/T/kilo-e2e-8ANOTU/workspace"}
[Kilo New][P0-Perf] {"corr":"bb5b4eac-1b57-444d-898b-935dcdf9b4f6","stage":"sse.event","t":1786779463062,"d":53905,"surface":"extension","span":"end","dur":0,"eventType":"message.updated.1","dir":"/private/var/folders/9v/733tfwtj2jvgwygmtrbwj9gm0000gn/T/kilo-e2e-8ANOTU/workspace"}
[Kilo New] ServerManager: ⚠️ CLI Server stderr: INFO  2026-08-15T07:37:43 +248ms service=session.prompt session.id=ses_ffba5a668ffeP77RqCa6WauoqE step=1 loop
[Kilo New] ServerManager: ⚠️ CLI Server stderr: INFO  2026-08-15T07:37:43 +7ms service=p0-perf event=p0.mark stage=processor_entry ts=1786779463302 id=ses_ffba5a668ffeP77RqCa6WauoqE meta={"messageID":"msg_0045aee83001Bx6LEKwWO6uNut","parentID":"msg_0045ae762001oMokStBzdGNJw6","model":"e2e-model","provider":"e2e-local"} processor_entry
[Kilo New][P0-Perf] {"corr":"bb5b4eac-1b57-444d-898b-935dcdf9b4f6","stage":"sse.event","t":1786779463310,"d":54153,"surface":"extension","span":"start","eventType":"message.updated","dir":"/private/var/folders/9v/733tfwtj2jvgwygmtrbwj9gm0000gn/T/kilo-e2e-8ANOTU/workspace"}
[Kilo New][P0-Perf] {"corr":"bb5b4eac-1b57-444d-898b-935dcdf9b4f6","stage":"sse.event","t":1786779463310,"d":54153,"surface":"extension","span":"end","dur":0,"eventType":"message.updated","dir":"/private/var/folders/9v/733tfwtj2jvgwygmtrbwj9gm0000gn/T/kilo-e2e-8ANOTU/workspace"}
[Kilo New][P0-Perf] {"corr":"bb5b4eac-1b57-444d-898b-935dcdf9b4f6","stage":"sse.event","t":1786779463310,"d":54153,"surface":"extension","span":"start","eventType":"message.updated.1","dir":"/private/var/folders/9v/733tfwtj2jvgwygmtrbwj9gm0000gn/T/kilo-e2e-8ANOTU/workspace"}
[Kilo New][P0-Perf] {"corr":"bb5b4eac-1b57-444d-898b-935dcdf9b4f6","stage":"sse.event","t":1786779463310,"d":54153,"surface":"extension","span":"end","dur":0,"eventType":"message.updated.1","dir":"/private/var/folders/9v/733tfwtj2jvgwygmtrbwj9gm0000gn/T/kilo-e2e-8ANOTU/workspace"}
[Kilo New][P0-Perf] {"corr":"bb5b4eac-1b57-444d-898b-935dcdf9b4f6","stage":"sse.event","t":1786779463310,"d":54153,"surface":"extension","span":"start","eventType":"session.status","dir":"/private/var/folders/9v/733tfwtj2jvgwygmtrbwj9gm0000gn/T/kilo-e2e-8ANOTU/workspace"}
[Kilo New][P0-Perf] {"corr":"bb5b4eac-1b57-444d-898b-935dcdf9b4f6","stage":"sse.event","t":1786779463311,"d":54154,"surface":"extension","span":"end","dur":1,"eventType":"session.status","dir":"/private/var/folders/9v/733tfwtj2jvgwygmtrbwj9gm0000gn/T/kilo-e2e-8ANOTU/workspace"}
[Kilo New][P0-Perf] {"corr":"bb5b4eac-1b57-444d-898b-935dcdf9b4f6","stage":"sse.event","t":1786779463311,"d":54154,"surface":"extension","span":"start","eventType":"message.updated","dir":"/private/var/folders/9v/733tfwtj2jvgwygmtrbwj9gm0000gn/T/kilo-e2e-8ANOTU/workspace"}
[Kilo New][P0-Perf] {"corr":"bb5b4eac-1b57-444d-898b-935dcdf9b4f6","stage":"sse.event","t":1786779463311,"d":54154,"surface":"extension","span":"end","dur":0,"eventType":"message.updated","dir":"/private/var/folders/9v/733tfwtj2jvgwygmtrbwj9gm0000gn/T/kilo-e2e-8ANOTU/workspace"}
[Kilo New][P0-Perf] {"corr":"bb5b4eac-1b57-444d-898b-935dcdf9b4f6","stage":"sse.event","t":1786779463312,"d":54155,"surface":"extension","span":"start","eventType":"message.updated.1","dir":"/private/var/folders/9v/733tfwtj2jvgwygmtrbwj9gm0000gn/T/kilo-e2e-8ANOTU/workspace"}
[Kilo New][P0-Perf] {"corr":"bb5b4eac-1b57-444d-898b-935dcdf9b4f6","stage":"model.firstEvent","t":1786779463312,"d":54155,"surface":"extension","sessionID":"ses_ffba5a668ffeP77RqCa6WauoqE","messageID":"msg_0045aee83001Bx6LEKwWO6uNut","parentID":"msg_0045ae762001oMokStBzdGNJw6","dir":"/private/var/folders/9v/733tfwtj2jvgwygmtrbwj9gm0000gn/T/kilo-e2e-8ANOTU/workspace"}
[Kilo New][P0-Perf] {"corr":"bb5b4eac-1b57-444d-898b-935dcdf9b4f6","stage":"sse.event","t":1786779463312,"d":54155,"surface":"extension","span":"end","dur":0,"eventType":"message.updated.1","dir":"/private/var/folders/9v/733tfwtj2jvgwygmtrbwj9gm0000gn/T/kilo-e2e-8ANOTU/workspace"}
[Kilo New][P0-Perf] {"corr":"bb5b4eac-1b57-444d-898b-935dcdf9b4f6","stage":"sse.event","t":1786779463403,"d":54246,"surface":"extension","span":"start","eventType":"session.updated","dir":"/private/var/folders/9v/733tfwtj2jvgwygmtrbwj9gm0000gn/T/kilo-e2e-8ANOTU/workspace"}
[Kilo New][P0-Perf] {"corr":"bb5b4eac-1b57-444d-898b-935dcdf9b4f6","stage":"sse.event","t":1786779463403,"d":54246,"surface":"extension","span":"end","dur":0,"eventType":"session.updated","dir":"/private/var/folders/9v/733tfwtj2jvgwygmtrbwj9gm0000gn/T/kilo-e2e-8ANOTU/workspace"}
[Kilo New][P0-Perf] {"corr":"bb5b4eac-1b57-444d-898b-935dcdf9b4f6","stage":"sse.event","t":1786779463403,"d":54246,"surface":"extension","span":"start","eventType":"session.updated.1","dir":"/private/var/folders/9v/733tfwtj2jvgwygmtrbwj9gm0000gn/T/kilo-e2e-8ANOTU/workspace"}
[Kilo New][P0-Perf] {"corr":"bb5b4eac-1b57-444d-898b-935dcdf9b4f6","stage":"sse.event","t":1786779463403,"d":54246,"surface":"extension","span":"end","dur":0,"eventType":"session.updated.1","dir":"/private/var/folders/9v/733tfwtj2jvgwygmtrbwj9gm0000gn/T/kilo-e2e-8ANOTU/workspace"}
[Kilo New][P0-Perf] {"corr":"bb5b4eac-1b57-444d-898b-935dcdf9b4f6","stage":"sse.event","t":1786779463404,"d":54247,"surface":"extension","span":"start","eventType":"session.diff","dir":"/private/var/folders/9v/733tfwtj2jvgwygmtrbwj9gm0000gn/T/kilo-e2e-8ANOTU/workspace"}
[Kilo New][P0-Perf] {"corr":"bb5b4eac-1b57-444d-898b-935dcdf9b4f6","stage":"sse.event","t":1786779463404,"d":54247,"surface":"extension","span":"end","dur":0,"eventType":"session.diff","dir":"/private/var/folders/9v/733tfwtj2jvgwygmtrbwj9gm0000gn/T/kilo-e2e-8ANOTU/workspace"}
[Kilo New][P0-Perf] {"corr":"bb5b4eac-1b57-444d-898b-935dcdf9b4f6","stage":"sse.event","t":1786779463404,"d":54247,"surface":"extension","span":"start","eventType":"message.updated","dir":"/private/var/folders/9v/733tfwtj2jvgwygmtrbwj9gm0000gn/T/kilo-e2e-8ANOTU/workspace"}
[Kilo New][P0-Perf] {"corr":"bb5b4eac-1b57-444d-898b-935dcdf9b4f6","stage":"sse.event","t":1786779463404,"d":54247,"surface":"extension","span":"end","dur":0,"eventType":"message.updated","dir":"/private/var/folders/9v/733tfwtj2jvgwygmtrbwj9gm0000gn/T/kilo-e2e-8ANOTU/workspace"}
[Kilo New][P0-Perf] {"corr":"bb5b4eac-1b57-444d-898b-935dcdf9b4f6","stage":"sse.event","t":1786779463404,"d":54247,"surface":"extension","span":"start","eventType":"message.updated.1","dir":"/private/var/folders/9v/733tfwtj2jvgwygmtrbwj9gm0000gn/T/kilo-e2e-8ANOTU/workspace"}
[Kilo New][P0-Perf] {"corr":"bb5b4eac-1b57-444d-898b-935dcdf9b4f6","stage":"sse.event","t":1786779463404,"d":54247,"surface":"extension","span":"end","dur":0,"eventType":"message.updated.1","dir":"/private/var/folders/9v/733tfwtj2jvgwygmtrbwj9gm0000gn/T/kilo-e2e-8ANOTU/workspace"}
[Kilo New] ServerManager: ⚠️ CLI Server stderr: INFO  2026-08-15T07:37:44 +1091ms service=model-cache providerID=apertis refreshing models
[Kilo New][P0-Perf] {"corr":"bb5b4eac-1b57-444d-898b-935dcdf9b4f6","stage":"sse.event","t":1786779464404,"d":55247,"surface":"extension","span":"start","eventType":"message.part.updated","dir":"/private/var/folders/9v/733tfwtj2jvgwygmtrbwj9gm0000gn/T/kilo-e2e-8ANOTU/workspace"}
[Kilo New][P0-Perf] {"corr":"bb5b4eac-1b57-444d-898b-935dcdf9b4f6","stage":"sse.event","t":1786779464404,"d":55247,"surface":"extension","span":"end","dur":0,"eventType":"message.part.updated","dir":"/private/var/folders/9v/733tfwtj2jvgwygmtrbwj9gm0000gn/T/kilo-e2e-8ANOTU/workspace"}
[Kilo New][P0-Perf] {"corr":"bb5b4eac-1b57-444d-898b-935dcdf9b4f6","stage":"sse.event","t":1786779464404,"d":55247,"surface":"extension","span":"start","eventType":"message.part.updated.1","dir":"/private/var/folders/9v/733tfwtj2jvgwygmtrbwj9gm0000gn/T/kilo-e2e-8ANOTU/workspace"}
[Kilo New][P0-Perf] {"corr":"bb5b4eac-1b57-444d-898b-935dcdf9b4f6","stage":"sse.event","t":1786779464404,"d":55247,"surface":"extension","span":"end","dur":0,"eventType":"message.part.updated.1","dir":"/private/var/folders/9v/733tfwtj2jvgwygmtrbwj9gm0000gn/T/kilo-e2e-8ANOTU/workspace"}
[Kilo New] ServerManager: ⚠️ CLI Server stderr: INFO  2026-08-15T07:37:44 +12ms service=model-cache providerID=apertis count=0 models fetched and cached
[Kilo New][P0-Perf] {"corr":"bb5b4eac-1b57-444d-898b-935dcdf9b4f6","stage":"sse.event","t":1786779464539,"d":55382,"surface":"extension","span":"start","eventType":"message.part.updated","dir":"/private/var/folders/9v/733tfwtj2jvgwygmtrbwj9gm0000gn/T/kilo-e2e-8ANOTU/workspace"}
[Kilo New][P0-Perf] {"corr":"bb5b4eac-1b57-444d-898b-935dcdf9b4f6","stage":"sse.event","t":1786779464539,"d":55382,"surface":"extension","span":"end","dur":0,"eventType":"message.part.updated","dir":"/private/var/folders/9v/733tfwtj2jvgwygmtrbwj9gm0000gn/T/kilo-e2e-8ANOTU/workspace"}
[Kilo New][P0-Perf] {"corr":"bb5b4eac-1b57-444d-898b-935dcdf9b4f6","stage":"sse.event","t":1786779464539,"d":55382,"surface":"extension","span":"start","eventType":"message.part.updated.1","dir":"/private/var/folders/9v/733tfwtj2jvgwygmtrbwj9gm0000gn/T/kilo-e2e-8ANOTU/workspace"}
[Kilo New][P0-Perf] {"corr":"bb5b4eac-1b57-444d-898b-935dcdf9b4f6","stage":"sse.event","t":1786779464539,"d":55382,"surface":"extension","span":"end","dur":0,"eventType":"message.part.updated.1","dir":"/private/var/folders/9v/733tfwtj2jvgwygmtrbwj9gm0000gn/T/kilo-e2e-8ANOTU/workspace"}
[Kilo New] ServerManager: ⚠️ CLI Server stderr: INFO  2026-08-15T07:37:44 +253ms service=snapshot hash=2d193690ff6296f557c57379d549dc32b43e1ec6 cwd=/private/var/folders/9v/733tfwtj2jvgwygmtrbwj9gm0000gn/T/kilo-e2e-8ANOTU/workspace git=/var/folders/9v/733tfwtj2jvgwygmtrbwj9gm0000gn/T/kilo-e2e-8ANOTU/xdg-data/kilo/snapshot/4d5c11ef39f7bccd8f64aa9c9ec14e4525f1d947/5d37ceabbbc88c4e2710ab78dda38cac193e4bd0 tracking
[Kilo New] ServerManager: ⚠️ CLI Server stderr: INFO  2026-08-15T07:37:44 +73ms service=session.tools status=started resolveTools
[Kilo New] ServerManager: ⚠️ CLI Server stderr: INFO  2026-08-15T07:37:44 +2ms service=tool.registry status=started invalid
[Kilo New] ServerManager: ⚠️ CLI Server stderr: INFO  2026-08-15T07:37:44 +0ms service=tool.registry status=completed duration=0 invalid
[Kilo New] ServerManager: ⚠️ CLI Server stderr: INFO  2026-08-15T07:37:44 +0ms service=tool.registry status=started question
[Kilo New] ServerManager: ⚠️ CLI Server stderr: INFO  2026-08-15T07:37:44 +1ms service=tool.registry status=completed duration=1 question
[Kilo New] ServerManager: ⚠️ CLI Server stderr: INFO  2026-08-15T07:37:44 +0ms service=tool.registry status=started bash
[Kilo New] ServerManager: ⚠️ CLI Server stderr: INFO  2026-08-15T07:37:44 +0ms service=tool.registry status=completed duration=0 bash
[Kilo New] ServerManager: ⚠️ CLI Server stderr: INFO  2026-08-15T07:37:44 +0ms service=tool.registry status=started read
[Kilo New] ServerManager: ⚠️ CLI Server stderr: INFO  2026-08-15T07:37:44 +0ms service=tool.registry status=completed duration=0 read
[Kilo New] ServerManager: ⚠️ CLI Server stderr: INFO  2026-08-15T07:37:44 +0ms service=tool.registry status=started glob
[Kilo New] ServerManager: ⚠️ CLI Server stderr: INFO  2026-08-15T07:37:44 +0ms service=tool.registry status=completed duration=0 glob
[Kilo New] ServerManager: ⚠️ CLI Server stderr: INFO  2026-08-15T07:37:44 +0ms service=tool.registry status=started grep
[Kilo New] ServerManager: ⚠️ CLI Server stderr: INFO  2026-08-15T07:37:44 +0ms service=tool.registry status=completed duration=0 grep
[Kilo New] ServerManager: ⚠️ CLI Server stderr: INFO  2026-08-15T07:37:44 +0ms service=tool.registry status=started edit
[Kilo New] ServerManager: ⚠️ CLI Server stderr: INFO  2026-08-15T07:37:44 +0ms service=tool.registry status=completed duration=0 edit
[Kilo New] ServerManager: ⚠️ CLI Server stderr: INFO  2026-08-15T07:37:44 +0ms service=tool.registry status=started write
[Kilo New] ServerManager: ⚠️ CLI Server stderr: INFO  2026-08-15T07:37:44 +0ms service=tool.registry status=completed duration=0 write
[Kilo New] ServerManager: ⚠️ CLI Server stderr: INFO  2026-08-15T07:37:44 +0ms service=tool.registry status=started task
[Kilo New] ServerManager: ⚠️ CLI Server stderr: INFO  2026-08-15T07:37:44 +1ms service=tool.registry status=completed duration=1 task
[Kilo New] ServerManager: ⚠️ CLI Server stderr: INFO  2026-08-15T07:37:44 +1ms service=tool.registry status=started webfetch
[Kilo New] ServerManager: ⚠️ CLI Server stderr: INFO  2026-08-15T07:37:44 +0ms service=tool.registry status=completed duration=0 webfetch
[Kilo New] ServerManager: ⚠️ CLI Server stderr: INFO  2026-08-15T07:37:44 +0ms service=tool.registry status=started todowrite
[Kilo New] ServerManager: ⚠️ CLI Server stderr: INFO  2026-08-15T07:37:44 +0ms service=tool.registry status=completed duration=0 todowrite
[Kilo New] ServerManager: ⚠️ CLI Server stderr: INFO  2026-08-15T07:37:44 +0ms service=tool.registry status=started skill
[Kilo New] ServerManager: ⚠️ CLI Server stderr: INFO  2026-08-15T07:37:44 +3ms service=tool.registry status=completed duration=3 skill
[Kilo New] ServerManager: ⚠️ CLI Server stderr: INFO  2026-08-15T07:37:44 +0ms service=tool.registry status=started plan_exit
[Kilo New] ServerManager: ⚠️ CLI Server stderr: INFO  2026-08-15T07:37:44 +0ms service=tool.registry status=completed duration=0 plan_exit
[Kilo New] ServerManager: ⚠️ CLI Server stderr: INFO  2026-08-15T07:37:44 +0ms service=tool.registry status=started kilo_local_recall
[Kilo New] ServerManager: ⚠️ CLI Server stderr: INFO  2026-08-15T07:37:44 +0ms service=tool.registry status=completed duration=0 kilo_local_recall
[Kilo New] ServerManager: ⚠️ CLI Server stderr: INFO  2026-08-15T07:37:44 +0ms service=tool.registry status=started background_process
[Kilo New] ServerManager: ⚠️ CLI Server stderr: INFO  2026-08-15T07:37:44 +0ms service=tool.registry status=completed duration=0 background_process
[Kilo New] ServerManager: ⚠️ CLI Server stderr: INFO  2026-08-15T07:37:44 +0ms service=tool.registry status=started agent_manager_models
[Kilo New] ServerManager: ⚠️ CLI Server stderr: INFO  2026-08-15T07:37:44 +0ms service=tool.registry status=completed duration=0 agent_manager_models
[Kilo New] ServerManager: ⚠️ CLI Server stderr: INFO  2026-08-15T07:37:44 +0ms service=tool.registry status=started agent_manager
[Kilo New] ServerManager: ⚠️ CLI Server stderr: INFO  2026-08-15T07:37:44 +0ms service=tool.registry status=completed duration=0 agent_manager
[Kilo New] ServerManager: ⚠️ CLI Server stderr: INFO  2026-08-15T07:37:44 +0ms service=tool.registry status=started e2e_marker
[Kilo New] ServerManager: ⚠️ CLI Server stderr: INFO  2026-08-15T07:37:44 +0ms service=tool.registry status=completed duration=0 e2e_marker
[Kilo New] ServerManager: ⚠️ CLI Server stderr: INFO  2026-08-15T07:37:44 +6ms service=session.tools status=completed duration=14 resolveTools
[Kilo New][P0-Perf] {"corr":"bb5b4eac-1b57-444d-898b-935dcdf9b4f6","stage":"sse.event","t":1786779464750,"d":55593,"surface":"extension","span":"start","eventType":"message.part.updated","dir":"/private/var/folders/9v/733tfwtj2jvgwygmtrbwj9gm0000gn/T/kilo-e2e-8ANOTU/workspace"}
[Kilo New][P0-Perf] {"corr":"bb5b4eac-1b57-444d-898b-935dcdf9b4f6","stage":"sse.event","t":1786779464750,"d":55593,"surface":"extension","span":"end","dur":0,"eventType":"message.part.updated","dir":"/private/var/folders/9v/733tfwtj2jvgwygmtrbwj9gm0000gn/T/kilo-e2e-8ANOTU/workspace"}
[Kilo New][P0-Perf] {"corr":"bb5b4eac-1b57-444d-898b-935dcdf9b4f6","stage":"sse.event","t":1786779464751,"d":55594,"surface":"extension","span":"start","eventType":"message.part.updated.1","dir":"/private/var/folders/9v/733tfwtj2jvgwygmtrbwj9gm0000gn/T/kilo-e2e-8ANOTU/workspace"}
[Kilo New][P0-Perf] {"corr":"bb5b4eac-1b57-444d-898b-935dcdf9b4f6","stage":"sse.event","t":1786779464751,"d":55594,"surface":"extension","span":"end","dur":0,"eventType":"message.part.updated.1","dir":"/private/var/folders/9v/733tfwtj2jvgwygmtrbwj9gm0000gn/T/kilo-e2e-8ANOTU/workspace"}
[Kilo New][P0-Perf] {"corr":"bb5b4eac-1b57-444d-898b-935dcdf9b4f6","stage":"sse.event","t":1786779464751,"d":55594,"surface":"extension","span":"start","eventType":"message.part.removed","dir":"/private/var/folders/9v/733tfwtj2jvgwygmtrbwj9gm0000gn/T/kilo-e2e-8ANOTU/workspace"}
[Kilo New][P0-Perf] {"corr":"bb5b4eac-1b57-444d-898b-935dcdf9b4f6","stage":"sse.event","t":1786779464751,"d":55594,"surface":"extension","span":"end","dur":0,"eventType":"message.part.removed","dir":"/private/var/folders/9v/733tfwtj2jvgwygmtrbwj9gm0000gn/T/kilo-e2e-8ANOTU/workspace"}
[Kilo New][P0-Perf] {"corr":"bb5b4eac-1b57-444d-898b-935dcdf9b4f6","stage":"sse.event","t":1786779464751,"d":55594,"surface":"extension","span":"start","eventType":"message.part.removed.1","dir":"/private/var/folders/9v/733tfwtj2jvgwygmtrbwj9gm0000gn/T/kilo-e2e-8ANOTU/workspace"}
[Kilo New][P0-Perf] {"corr":"bb5b4eac-1b57-444d-898b-935dcdf9b4f6","stage":"sse.event","t":1786779464751,"d":55594,"surface":"extension","span":"end","dur":0,"eventType":"message.part.removed.1","dir":"/private/var/folders/9v/733tfwtj2jvgwygmtrbwj9gm0000gn/T/kilo-e2e-8ANOTU/workspace"}
[Kilo New] ServerManager: ⚠️ CLI Server stderr: INFO  2026-08-15T07:37:44 +53ms service=session.processor session.id=ses_ffba5a668ffeP77RqCa6WauoqE messageID=msg_0045aee83001Bx6LEKwWO6uNut process
[Kilo New] ServerManager: ⚠️ CLI Server stderr: INFO  2026-08-15T07:37:44 +6ms service=llm providerID=e2e-local modelID=e2e-model session.id=ses_ffba5a668ffeP77RqCa6WauoqE small=false agent=e2e-agent mode=primary stream
[Kilo New] ServerManager: ⚠️ CLI Server stderr: INFO  2026-08-15T07:37:44 +39ms service=default llm.runtime=ai-sdk llm.provider=e2e-local llm.model=e2e-model llm runtime selected
[Kilo New][P0-Perf] {"corr":"bb5b4eac-1b57-444d-898b-935dcdf9b4f6","stage":"sse.event","t":1786779464856,"d":55699,"surface":"extension","span":"start","eventType":"session.status","dir":"/private/var/folders/9v/733tfwtj2jvgwygmtrbwj9gm0000gn/T/kilo-e2e-8ANOTU/workspace"}
[Kilo New][P0-Perf] {"corr":"bb5b4eac-1b57-444d-898b-935dcdf9b4f6","stage":"sse.event","t":1786779464857,"d":55700,"surface":"extension","span":"end","dur":1,"eventType":"session.status","dir":"/private/var/folders/9v/733tfwtj2jvgwygmtrbwj9gm0000gn/T/kilo-e2e-8ANOTU/workspace"}
[Kilo New][P0-Perf] {"corr":"bb5b4eac-1b57-444d-898b-935dcdf9b4f6","stage":"sse.event","t":1786779464912,"d":55755,"surface":"extension","span":"start","eventType":"message.part.updated","dir":"/private/var/folders/9v/733tfwtj2jvgwygmtrbwj9gm0000gn/T/kilo-e2e-8ANOTU/workspace"}
[Kilo New][P0-Perf] {"corr":"bb5b4eac-1b57-444d-898b-935dcdf9b4f6","stage":"sse.event","t":1786779464913,"d":55756,"surface":"extension","span":"end","dur":1,"eventType":"message.part.updated","dir":"/private/var/folders/9v/733tfwtj2jvgwygmtrbwj9gm0000gn/T/kilo-e2e-8ANOTU/workspace"}
[Kilo New][P0-Perf] {"corr":"bb5b4eac-1b57-444d-898b-935dcdf9b4f6","stage":"sse.event","t":1786779464913,"d":55756,"surface":"extension","span":"start","eventType":"message.part.updated.1","dir":"/private/var/folders/9v/733tfwtj2jvgwygmtrbwj9gm0000gn/T/kilo-e2e-8ANOTU/workspace"}
[Kilo New][P0-Perf] {"corr":"bb5b4eac-1b57-444d-898b-935dcdf9b4f6","stage":"sse.event","t":1786779464913,"d":55756,"surface":"extension","span":"end","dur":0,"eventType":"message.part.updated.1","dir":"/private/var/folders/9v/733tfwtj2jvgwygmtrbwj9gm0000gn/T/kilo-e2e-8ANOTU/workspace"}
[Kilo New][P0-Perf] {"corr":"bb5b4eac-1b57-444d-898b-935dcdf9b4f6","stage":"sse.event","t":1786779464913,"d":55756,"surface":"extension","span":"start","eventType":"message.part.updated","dir":"/private/var/folders/9v/733tfwtj2jvgwygmtrbwj9gm0000gn/T/kilo-e2e-8ANOTU/workspace"}
[Kilo New][P0-Perf] {"corr":"bb5b4eac-1b57-444d-898b-935dcdf9b4f6","stage":"sse.event","t":1786779464913,"d":55756,"surface":"extension","span":"end","dur":0,"eventType":"message.part.updated","dir":"/private/var/folders/9v/733tfwtj2jvgwygmtrbwj9gm0000gn/T/kilo-e2e-8ANOTU/workspace"}
[Kilo New][P0-Perf] {"corr":"bb5b4eac-1b57-444d-898b-935dcdf9b4f6","stage":"sse.event","t":1786779464913,"d":55756,"surface":"extension","span":"start","eventType":"message.part.updated.1","dir":"/private/var/folders/9v/733tfwtj2jvgwygmtrbwj9gm0000gn/T/kilo-e2e-8ANOTU/workspace"}
[Kilo New][P0-Perf] {"corr":"bb5b4eac-1b57-444d-898b-935dcdf9b4f6","stage":"sse.event","t":1786779464914,"d":55757,"surface":"extension","span":"end","dur":1,"eventType":"message.part.updated.1","dir":"/private/var/folders/9v/733tfwtj2jvgwygmtrbwj9gm0000gn/T/kilo-e2e-8ANOTU/workspace"}
[Kilo New][P0-Perf] {"corr":"bb5b4eac-1b57-444d-898b-935dcdf9b4f6","stage":"sse.event","t":1786779464914,"d":55757,"surface":"extension","span":"start","eventType":"message.part.delta","dir":"/private/var/folders/9v/733tfwtj2jvgwygmtrbwj9gm0000gn/T/kilo-e2e-8ANOTU/workspace"}
[Kilo New][P0-Perf] {"corr":"bb5b4eac-1b57-444d-898b-935dcdf9b4f6","stage":"sse.event","t":1786779464914,"d":55757,"surface":"extension","span":"end","dur":0,"eventType":"message.part.delta","dir":"/private/var/folders/9v/733tfwtj2jvgwygmtrbwj9gm0000gn/T/kilo-e2e-8ANOTU/workspace"}
[Kilo New][P0-Perf] {"corr":"bb5b4eac-1b57-444d-898b-935dcdf9b4f6","stage":"sse.event","t":1786779464914,"d":55757,"surface":"extension","span":"start","eventType":"message.part.updated","dir":"/private/var/folders/9v/733tfwtj2jvgwygmtrbwj9gm0000gn/T/kilo-e2e-8ANOTU/workspace"}
[Kilo New][P0-Perf] {"corr":"bb5b4eac-1b57-444d-898b-935dcdf9b4f6","stage":"sse.event","t":1786779464914,"d":55757,"surface":"extension","span":"end","dur":0,"eventType":"message.part.updated","dir":"/private/var/folders/9v/733tfwtj2jvgwygmtrbwj9gm0000gn/T/kilo-e2e-8ANOTU/workspace"}
[Kilo New][P0-Perf] {"corr":"bb5b4eac-1b57-444d-898b-935dcdf9b4f6","stage":"sse.event","t":1786779464914,"d":55757,"surface":"extension","span":"start","eventType":"message.part.updated.1","dir":"/private/var/folders/9v/733tfwtj2jvgwygmtrbwj9gm0000gn/T/kilo-e2e-8ANOTU/workspace"}
[Kilo New][P0-Perf] {"corr":"bb5b4eac-1b57-444d-898b-935dcdf9b4f6","stage":"sse.event","t":1786779464914,"d":55757,"surface":"extension","span":"end","dur":0,"eventType":"message.part.updated.1","dir":"/private/var/folders/9v/733tfwtj2jvgwygmtrbwj9gm0000gn/T/kilo-e2e-8ANOTU/workspace"}
[Kilo New] ServerManager: ⚠️ CLI Server stderr: INFO  2026-08-15T07:37:45 +263ms service=snapshot hash=2d193690ff6296f557c57379d549dc32b43e1ec6 cwd=/private/var/folders/9v/733tfwtj2jvgwygmtrbwj9gm0000gn/T/kilo-e2e-8ANOTU/workspace git=/var/folders/9v/733tfwtj2jvgwygmtrbwj9gm0000gn/T/kilo-e2e-8ANOTU/xdg-data/kilo/snapshot/4d5c11ef39f7bccd8f64aa9c9ec14e4525f1d947/5d37ceabbbc88c4e2710ab78dda38cac193e4bd0 tracking
[Kilo New][P0-Perf] {"corr":"bb5b4eac-1b57-444d-898b-935dcdf9b4f6","stage":"sse.event","t":1786779465116,"d":55959,"surface":"extension","span":"start","eventType":"message.part.updated","dir":"/private/var/folders/9v/733tfwtj2jvgwygmtrbwj9gm0000gn/T/kilo-e2e-8ANOTU/workspace"}
[Kilo New][P0-Perf] {"corr":"bb5b4eac-1b57-444d-898b-935dcdf9b4f6","stage":"sse.event","t":1786779465117,"d":55960,"surface":"extension","span":"end","dur":1,"eventType":"message.part.updated","dir":"/private/var/folders/9v/733tfwtj2jvgwygmtrbwj9gm0000gn/T/kilo-e2e-8ANOTU/workspace"}
[Kilo New][P0-Perf] {"corr":"bb5b4eac-1b57-444d-898b-935dcdf9b4f6","stage":"sse.event","t":1786779465117,"d":55960,"surface":"extension","span":"start","eventType":"message.part.updated.1","dir":"/private/var/folders/9v/733tfwtj2jvgwygmtrbwj9gm0000gn/T/kilo-e2e-8ANOTU/workspace"}
[Kilo New][P0-Perf] {"corr":"bb5b4eac-1b57-444d-898b-935dcdf9b4f6","stage":"sse.event","t":1786779465117,"d":55960,"surface":"extension","span":"end","dur":0,"eventType":"message.part.updated.1","dir":"/private/var/folders/9v/733tfwtj2jvgwygmtrbwj9gm0000gn/T/kilo-e2e-8ANOTU/workspace"}
[Kilo New][P0-Perf] {"corr":"bb5b4eac-1b57-444d-898b-935dcdf9b4f6","stage":"sse.event","t":1786779465117,"d":55960,"surface":"extension","span":"start","eventType":"message.updated","dir":"/private/var/folders/9v/733tfwtj2jvgwygmtrbwj9gm0000gn/T/kilo-e2e-8ANOTU/workspace"}
[Kilo New][P0-Perf] {"corr":"bb5b4eac-1b57-444d-898b-935dcdf9b4f6","stage":"sse.event","t":1786779465117,"d":55960,"surface":"extension","span":"end","dur":0,"eventType":"message.updated","dir":"/private/var/folders/9v/733tfwtj2jvgwygmtrbwj9gm0000gn/T/kilo-e2e-8ANOTU/workspace"}
[Kilo New][P0-Perf] {"corr":"bb5b4eac-1b57-444d-898b-935dcdf9b4f6","stage":"sse.event","t":1786779465117,"d":55960,"surface":"extension","span":"start","eventType":"message.updated.1","dir":"/private/var/folders/9v/733tfwtj2jvgwygmtrbwj9gm0000gn/T/kilo-e2e-8ANOTU/workspace"}
[Kilo New][P0-Perf] {"corr":"bb5b4eac-1b57-444d-898b-935dcdf9b4f6","stage":"sse.event","t":1786779465118,"d":55961,"surface":"extension","span":"end","dur":1,"eventType":"message.updated.1","dir":"/private/var/folders/9v/733tfwtj2jvgwygmtrbwj9gm0000gn/T/kilo-e2e-8ANOTU/workspace"}
[Kilo New] ServerManager: ⚠️ CLI Server stderr: INFO  2026-08-15T07:37:45 +273ms service=session.prompt session.id=ses_ffba5a668ffeP77RqCa6WauoqE step=2 loop
[Kilo New] ServerManager: ⚠️ CLI Server stderr: INFO  2026-08-15T07:37:45 +2ms service=session.prompt session.id=ses_ffba5a668ffeP77RqCa6WauoqE exiting loop
[Kilo New] ServerManager: ⚠️ CLI Server stderr: INFO  2026-08-15T07:37:45 +4ms service=bus type=session.turn.close publishing
[Kilo New][P0-Perf] {"corr":"bb5b4eac-1b57-444d-898b-935dcdf9b4f6","stage":"sse.event","t":1786779465391,"d":56234,"surface":"extension","span":"start","eventType":"message.updated","dir":"/private/var/folders/9v/733tfwtj2jvgwygmtrbwj9gm0000gn/T/kilo-e2e-8ANOTU/workspace"}
[Kilo New][P0-Perf] {"corr":"bb5b4eac-1b57-444d-898b-935dcdf9b4f6","stage":"sse.event","t":1786779465391,"d":56234,"surface":"extension","span":"end","dur":0,"eventType":"message.updated","dir":"/private/var/folders/9v/733tfwtj2jvgwygmtrbwj9gm0000gn/T/kilo-e2e-8ANOTU/workspace"}
[Kilo New][P0-Perf] {"corr":"bb5b4eac-1b57-444d-898b-935dcdf9b4f6","stage":"sse.event","t":1786779465392,"d":56235,"surface":"extension","span":"start","eventType":"message.updated.1","dir":"/private/var/folders/9v/733tfwtj2jvgwygmtrbwj9gm0000gn/T/kilo-e2e-8ANOTU/workspace"}
[Kilo New][P0-Perf] {"corr":"bb5b4eac-1b57-444d-898b-935dcdf9b4f6","stage":"sse.event","t":1786779465392,"d":56235,"surface":"extension","span":"end","dur":0,"eventType":"message.updated.1","dir":"/private/var/folders/9v/733tfwtj2jvgwygmtrbwj9gm0000gn/T/kilo-e2e-8ANOTU/workspace"}
[Kilo New][P0-Perf] {"corr":"bb5b4eac-1b57-444d-898b-935dcdf9b4f6","stage":"sse.event","t":1786779465392,"d":56235,"surface":"extension","span":"start","eventType":"session.status","dir":"/private/var/folders/9v/733tfwtj2jvgwygmtrbwj9gm0000gn/T/kilo-e2e-8ANOTU/workspace"}
[Kilo New][P0-Perf] {"corr":"bb5b4eac-1b57-444d-898b-935dcdf9b4f6","stage":"sse.event","t":1786779465392,"d":56235,"surface":"extension","span":"end","dur":0,"eventType":"session.status","dir":"/private/var/folders/9v/733tfwtj2jvgwygmtrbwj9gm0000gn/T/kilo-e2e-8ANOTU/workspace"}
[Kilo New][P0-Perf] {"corr":"bb5b4eac-1b57-444d-898b-935dcdf9b4f6","stage":"sse.event","t":1786779465392,"d":56235,"surface":"extension","span":"start","eventType":"session.status","dir":"/private/var/folders/9v/733tfwtj2jvgwygmtrbwj9gm0000gn/T/kilo-e2e-8ANOTU/workspace"}
[Kilo New][P0-Perf] {"corr":"bb5b4eac-1b57-444d-898b-935dcdf9b4f6","stage":"sse.event","t":1786779465393,"d":56236,"surface":"extension","span":"end","dur":1,"eventType":"session.status","dir":"/private/var/folders/9v/733tfwtj2jvgwygmtrbwj9gm0000gn/T/kilo-e2e-8ANOTU/workspace"}
[Kilo New][P0-Perf] {"corr":"bb5b4eac-1b57-444d-898b-935dcdf9b4f6","stage":"sse.event","t":1786779465393,"d":56236,"surface":"extension","span":"start","eventType":"session.idle","dir":"/private/var/folders/9v/733tfwtj2jvgwygmtrbwj9gm0000gn/T/kilo-e2e-8ANOTU/workspace"}
[Kilo New][P0-Perf] {"corr":"bb5b4eac-1b57-444d-898b-935dcdf9b4f6","stage":"sse.event","t":1786779465393,"d":56236,"surface":"extension","span":"end","dur":0,"eventType":"session.idle","dir":"/private/var/folders/9v/733tfwtj2jvgwygmtrbwj9gm0000gn/T/kilo-e2e-8ANOTU/workspace"}
[Kilo New][P0-Perf] {"corr":"bb5b4eac-1b57-444d-898b-935dcdf9b4f6","stage":"sse.event","t":1786779465393,"d":56236,"surface":"extension","span":"start","eventType":"session.turn.close","dir":"/private/var/folders/9v/733tfwtj2jvgwygmtrbwj9gm0000gn/T/kilo-e2e-8ANOTU/workspace"}
[Kilo New][P0-Perf] {"corr":"bb5b4eac-1b57-444d-898b-935dcdf9b4f6","stage":"sse.event","t":1786779465394,"d":56237,"surface":"extension","span":"end","dur":1,"eventType":"session.turn.close","dir":"/private/var/folders/9v/733tfwtj2jvgwygmtrbwj9gm0000gn/T/kilo-e2e-8ANOTU/workspace"}
[Kilo New][P0-Perf] {"corr":"bb5b4eac-1b57-444d-898b-935dcdf9b4f6","stage":"sse.event","t":1786779465436,"d":56279,"surface":"extension","span":"start","eventType":"session.updated","dir":"/private/var/folders/9v/733tfwtj2jvgwygmtrbwj9gm0000gn/T/kilo-e2e-8ANOTU/workspace"}
[Kilo New][P0-Perf] {"corr":"bb5b4eac-1b57-444d-898b-935dcdf9b4f6","stage":"sse.event","t":1786779465437,"d":56280,"surface":"extension","span":"end","dur":1,"eventType":"session.updated","dir":"/private/var/folders/9v/733tfwtj2jvgwygmtrbwj9gm0000gn/T/kilo-e2e-8ANOTU/workspace"}
[Kilo New][P0-Perf] {"corr":"bb5b4eac-1b57-444d-898b-935dcdf9b4f6","stage":"sse.event","t":1786779465437,"d":56280,"surface":"extension","span":"start","eventType":"session.updated.1","dir":"/private/var/folders/9v/733tfwtj2jvgwygmtrbwj9gm0000gn/T/kilo-e2e-8ANOTU/workspace"}
[Kilo New][P0-Perf] {"corr":"bb5b4eac-1b57-444d-898b-935dcdf9b4f6","stage":"sse.event","t":1786779465437,"d":56280,"surface":"extension","span":"end","dur":0,"eventType":"session.updated.1","dir":"/private/var/folders/9v/733tfwtj2jvgwygmtrbwj9gm0000gn/T/kilo-e2e-8ANOTU/workspace"}
[Kilo New][P0-Perf] {"corr":"bb5b4eac-1b57-444d-898b-935dcdf9b4f6","stage":"sse.event","t":1786779465437,"d":56280,"surface":"extension","span":"start","eventType":"session.diff","dir":"/private/var/folders/9v/733tfwtj2jvgwygmtrbwj9gm0000gn/T/kilo-e2e-8ANOTU/workspace"}
[Kilo New][P0-Perf] {"corr":"bb5b4eac-1b57-444d-898b-935dcdf9b4f6","stage":"sse.event","t":1786779465437,"d":56280,"surface":"extension","span":"end","dur":0,"eventType":"session.diff","dir":"/private/var/folders/9v/733tfwtj2jvgwygmtrbwj9gm0000gn/T/kilo-e2e-8ANOTU/workspace"}
[Kilo New][P0-Perf] {"corr":"bb5b4eac-1b57-444d-898b-935dcdf9b4f6","stage":"sse.event","t":1786779465437,"d":56280,"surface":"extension","span":"start","eventType":"message.updated","dir":"/private/var/folders/9v/733tfwtj2jvgwygmtrbwj9gm0000gn/T/kilo-e2e-8ANOTU/workspace"}
[Kilo New][P0-Perf] {"corr":"bb5b4eac-1b57-444d-898b-935dcdf9b4f6","stage":"sse.event","t":1786779465438,"d":56281,"surface":"extension","span":"end","dur":1,"eventType":"message.updated","dir":"/private/var/folders/9v/733tfwtj2jvgwygmtrbwj9gm0000gn/T/kilo-e2e-8ANOTU/workspace"}
[Kilo New][P0-Perf] {"corr":"bb5b4eac-1b57-444d-898b-935dcdf9b4f6","stage":"sse.event","t":1786779465438,"d":56281,"surface":"extension","span":"start","eventType":"message.updated.1","dir":"/private/var/folders/9v/733tfwtj2jvgwygmtrbwj9gm0000gn/T/kilo-e2e-8ANOTU/workspace"}
[Kilo New][P0-Perf] {"corr":"bb5b4eac-1b57-444d-898b-935dcdf9b4f6","stage":"sse.event","t":1786779465438,"d":56281,"surface":"extension","span":"end","dur":0,"eventType":"message.updated.1","dir":"/private/var/folders/9v/733tfwtj2jvgwygmtrbwj9gm0000gn/T/kilo-e2e-8ANOTU/workspace"}
[Kilo New] ServerManager: ⚠️ CLI Server stderr: INFO  2026-08-15T07:37:46 +978ms service=model-cache providerID=apertis refreshing models
[Kilo New] ServerManager: ⚠️ CLI Server stderr: INFO  2026-08-15T07:37:46 +4ms service=model-cache providerID=apertis count=0 models fetched and cached
[probe] PASS H-4 skill: content returned through the real skill tool (attempt 1)
[probe] PASS H-4 panel shows the skill completion text: transcript text present
[Kilo New][P0-Perf] {"corr":"bb5b4eac-1b57-444d-898b-935dcdf9b4f6","stage":"sse.event","t":1786779467113,"d":57956,"surface":"extension","span":"start","eventType":"server.heartbeat"}
[Kilo New][P0-Perf] {"corr":"bb5b4eac-1b57-444d-898b-935dcdf9b4f6","stage":"sse.event","t":1786779467113,"d":57956,"surface":"extension","span":"end","dur":0,"eventType":"server.heartbeat"}
[Kilo New][P0-Perf] {"corr":"bb5b4eac-1b57-444d-898b-935dcdf9b4f6","stage":"prompt.submit","t":1786779467200,"d":58043,"surface":"extension","sessionID":"ses_ffba5a668ffeP77RqCa6WauoqE","messageID":"msg_0045afdad001ccYjnaAfo8itNW","dir":"/var/folders/9v/733tfwtj2jvgwygmtrbwj9gm0000gn/T/kilo-e2e-8ANOTU/workspace"}
[Kilo New] ServerManager: ⚠️ CLI Server stderr: INFO  2026-08-15T07:37:47 +878ms service=bus type=session.turn.open publishing
[Kilo New] ServerManager: ⚠️ CLI Server stderr: INFO  2026-08-15T07:37:47 +2ms service=session.prompt session.id=ses_ffba5a668ffeP77RqCa6WauoqE step=0 loop
[Kilo New] ServerManager: ⚠️ CLI Server stderr: INFO  2026-08-15T07:37:47 +6ms service=p0-perf event=p0.mark stage=processor_entry ts=1786779467253 id=ses_ffba5a668ffeP77RqCa6WauoqE meta={"messageID":"msg_0045afdf2001Yeu5Nge55T64Pt","parentID":"msg_0045afdad001ccYjnaAfo8itNW","model":"e2e-model","provider":"e2e-local"} processor_entry
[Kilo New][P0-Perf] {"corr":"bb5b4eac-1b57-444d-898b-935dcdf9b4f6","stage":"sse.event","t":1786779467255,"d":58098,"surface":"extension","span":"start","eventType":"message.updated","dir":"/private/var/folders/9v/733tfwtj2jvgwygmtrbwj9gm0000gn/T/kilo-e2e-8ANOTU/workspace"}
[Kilo New][P0-Perf] {"corr":"bb5b4eac-1b57-444d-898b-935dcdf9b4f6","stage":"sse.event","t":1786779467255,"d":58098,"surface":"extension","span":"end","dur":0,"eventType":"message.updated","dir":"/private/var/folders/9v/733tfwtj2jvgwygmtrbwj9gm0000gn/T/kilo-e2e-8ANOTU/workspace"}
[Kilo New][P0-Perf] {"corr":"bb5b4eac-1b57-444d-898b-935dcdf9b4f6","stage":"sse.event","t":1786779467255,"d":58098,"surface":"extension","span":"start","eventType":"message.updated.1","dir":"/private/var/folders/9v/733tfwtj2jvgwygmtrbwj9gm0000gn/T/kilo-e2e-8ANOTU/workspace"}
[Kilo New][P0-Perf] {"corr":"bb5b4eac-1b57-444d-898b-935dcdf9b4f6","stage":"sse.event","t":1786779467255,"d":58098,"surface":"extension","span":"end","dur":0,"eventType":"message.updated.1","dir":"/private/var/folders/9v/733tfwtj2jvgwygmtrbwj9gm0000gn/T/kilo-e2e-8ANOTU/workspace"}
[Kilo New][P0-Perf] {"corr":"bb5b4eac-1b57-444d-898b-935dcdf9b4f6","stage":"sse.event","t":1786779467255,"d":58098,"surface":"extension","span":"start","eventType":"message.part.updated","dir":"/private/var/folders/9v/733tfwtj2jvgwygmtrbwj9gm0000gn/T/kilo-e2e-8ANOTU/workspace"}
[Kilo New][P0-Perf] {"corr":"bb5b4eac-1b57-444d-898b-935dcdf9b4f6","stage":"sse.event","t":1786779467256,"d":58099,"surface":"extension","span":"end","dur":1,"eventType":"message.part.updated","dir":"/private/var/folders/9v/733tfwtj2jvgwygmtrbwj9gm0000gn/T/kilo-e2e-8ANOTU/workspace"}
[Kilo New][P0-Perf] {"corr":"bb5b4eac-1b57-444d-898b-935dcdf9b4f6","stage":"sse.event","t":1786779467256,"d":58099,"surface":"extension","span":"start","eventType":"message.part.updated.1","dir":"/private/var/folders/9v/733tfwtj2jvgwygmtrbwj9gm0000gn/T/kilo-e2e-8ANOTU/workspace"}
[Kilo New][P0-Perf] {"corr":"bb5b4eac-1b57-444d-898b-935dcdf9b4f6","stage":"sse.event","t":1786779467256,"d":58099,"surface":"extension","span":"end","dur":0,"eventType":"message.part.updated.1","dir":"/private/var/folders/9v/733tfwtj2jvgwygmtrbwj9gm0000gn/T/kilo-e2e-8ANOTU/workspace"}
[Kilo New][P0-Perf] {"corr":"bb5b4eac-1b57-444d-898b-935dcdf9b4f6","stage":"sse.event","t":1786779467256,"d":58099,"surface":"extension","span":"start","eventType":"session.updated","dir":"/private/var/folders/9v/733tfwtj2jvgwygmtrbwj9gm0000gn/T/kilo-e2e-8ANOTU/workspace"}
[Kilo New][P0-Perf] {"corr":"bb5b4eac-1b57-444d-898b-935dcdf9b4f6","stage":"sse.event","t":1786779467256,"d":58099,"surface":"extension","span":"end","dur":0,"eventType":"session.updated","dir":"/private/var/folders/9v/733tfwtj2jvgwygmtrbwj9gm0000gn/T/kilo-e2e-8ANOTU/workspace"}
[Kilo New][P0-Perf] {"corr":"bb5b4eac-1b57-444d-898b-935dcdf9b4f6","stage":"sse.event","t":1786779467256,"d":58099,"surface":"extension","span":"start","eventType":"session.updated.1","dir":"/private/var/folders/9v/733tfwtj2jvgwygmtrbwj9gm0000gn/T/kilo-e2e-8ANOTU/workspace"}
[Kilo New][P0-Perf] {"corr":"bb5b4eac-1b57-444d-898b-935dcdf9b4f6","stage":"sse.event","t":1786779467256,"d":58099,"surface":"extension","span":"end","dur":0,"eventType":"session.updated.1","dir":"/private/var/folders/9v/733tfwtj2jvgwygmtrbwj9gm0000gn/T/kilo-e2e-8ANOTU/workspace"}
[Kilo New][P0-Perf] {"corr":"bb5b4eac-1b57-444d-898b-935dcdf9b4f6","stage":"sse.event","t":1786779467256,"d":58099,"surface":"extension","span":"start","eventType":"session.turn.open","dir":"/private/var/folders/9v/733tfwtj2jvgwygmtrbwj9gm0000gn/T/kilo-e2e-8ANOTU/workspace"}
[Kilo New][P0-Perf] {"corr":"bb5b4eac-1b57-444d-898b-935dcdf9b4f6","stage":"sse.event","t":1786779467257,"d":58100,"surface":"extension","span":"end","dur":1,"eventType":"session.turn.open","dir":"/private/var/folders/9v/733tfwtj2jvgwygmtrbwj9gm0000gn/T/kilo-e2e-8ANOTU/workspace"}
[probe] sent prompt via real prompt input: E2E_MCP_TOOL: call the mcp echo tool
[Kilo New][P0-Perf] {"corr":"bb5b4eac-1b57-444d-898b-935dcdf9b4f6","stage":"sse.event","t":1786779467358,"d":58201,"surface":"extension","span":"start","eventType":"session.status","dir":"/private/var/folders/9v/733tfwtj2jvgwygmtrbwj9gm0000gn/T/kilo-e2e-8ANOTU/workspace"}
[Kilo New][P0-Perf] {"corr":"bb5b4eac-1b57-444d-898b-935dcdf9b4f6","stage":"sse.event","t":1786779467359,"d":58202,"surface":"extension","span":"end","dur":1,"eventType":"session.status","dir":"/private/var/folders/9v/733tfwtj2jvgwygmtrbwj9gm0000gn/T/kilo-e2e-8ANOTU/workspace"}
[Kilo New][P0-Perf] {"corr":"bb5b4eac-1b57-444d-898b-935dcdf9b4f6","stage":"sse.event","t":1786779467359,"d":58202,"surface":"extension","span":"start","eventType":"message.updated","dir":"/private/var/folders/9v/733tfwtj2jvgwygmtrbwj9gm0000gn/T/kilo-e2e-8ANOTU/workspace"}
[Kilo New][P0-Perf] {"corr":"bb5b4eac-1b57-444d-898b-935dcdf9b4f6","stage":"sse.event","t":1786779467359,"d":58202,"surface":"extension","span":"end","dur":0,"eventType":"message.updated","dir":"/private/var/folders/9v/733tfwtj2jvgwygmtrbwj9gm0000gn/T/kilo-e2e-8ANOTU/workspace"}
[Kilo New][P0-Perf] {"corr":"bb5b4eac-1b57-444d-898b-935dcdf9b4f6","stage":"sse.event","t":1786779467359,"d":58202,"surface":"extension","span":"start","eventType":"message.updated.1","dir":"/private/var/folders/9v/733tfwtj2jvgwygmtrbwj9gm0000gn/T/kilo-e2e-8ANOTU/workspace"}
[Kilo New][P0-Perf] {"corr":"bb5b4eac-1b57-444d-898b-935dcdf9b4f6","stage":"model.firstEvent","t":1786779467359,"d":58202,"surface":"extension","sessionID":"ses_ffba5a668ffeP77RqCa6WauoqE","messageID":"msg_0045afdf2001Yeu5Nge55T64Pt","parentID":"msg_0045afdad001ccYjnaAfo8itNW","dir":"/private/var/folders/9v/733tfwtj2jvgwygmtrbwj9gm0000gn/T/kilo-e2e-8ANOTU/workspace"}
[Kilo New][P0-Perf] {"corr":"bb5b4eac-1b57-444d-898b-935dcdf9b4f6","stage":"sse.event","t":1786779467360,"d":58203,"surface":"extension","span":"end","dur":1,"eventType":"message.updated.1","dir":"/private/var/folders/9v/733tfwtj2jvgwygmtrbwj9gm0000gn/T/kilo-e2e-8ANOTU/workspace"}
[Kilo New] ServerManager: ⚠️ CLI Server stderr: INFO  2026-08-15T07:37:48 +1635ms service=model-cache providerID=apertis refreshing models
[Kilo New] ServerManager: ⚠️ CLI Server stderr: INFO  2026-08-15T07:37:48 +60ms service=model-cache providerID=apertis count=0 models fetched and cached
[Kilo New][P0-Perf] {"corr":"bb5b4eac-1b57-444d-898b-935dcdf9b4f6","stage":"sse.event","t":1786779468999,"d":59842,"surface":"extension","span":"start","eventType":"message.part.updated","dir":"/private/var/folders/9v/733tfwtj2jvgwygmtrbwj9gm0000gn/T/kilo-e2e-8ANOTU/workspace"}
[Kilo New][P0-Perf] {"corr":"bb5b4eac-1b57-444d-898b-935dcdf9b4f6","stage":"sse.event","t":1786779468999,"d":59842,"surface":"extension","span":"end","dur":0,"eventType":"message.part.updated","dir":"/private/var/folders/9v/733tfwtj2jvgwygmtrbwj9gm0000gn/T/kilo-e2e-8ANOTU/workspace"}
[Kilo New][P0-Perf] {"corr":"bb5b4eac-1b57-444d-898b-935dcdf9b4f6","stage":"sse.event","t":1786779468999,"d":59842,"surface":"extension","span":"start","eventType":"message.part.updated.1","dir":"/private/var/folders/9v/733tfwtj2jvgwygmtrbwj9gm0000gn/T/kilo-e2e-8ANOTU/workspace"}
[Kilo New][P0-Perf] {"corr":"bb5b4eac-1b57-444d-898b-935dcdf9b4f6","stage":"sse.event","t":1786779468999,"d":59842,"surface":"extension","span":"end","dur":0,"eventType":"message.part.updated.1","dir":"/private/var/folders/9v/733tfwtj2jvgwygmtrbwj9gm0000gn/T/kilo-e2e-8ANOTU/workspace"}
[Kilo New][P0-Perf] {"corr":"bb5b4eac-1b57-444d-898b-935dcdf9b4f6","stage":"sse.event","t":1786779469068,"d":59911,"surface":"extension","span":"start","eventType":"message.part.updated","dir":"/private/var/folders/9v/733tfwtj2jvgwygmtrbwj9gm0000gn/T/kilo-e2e-8ANOTU/workspace"}
[Kilo New][P0-Perf] {"corr":"bb5b4eac-1b57-444d-898b-935dcdf9b4f6","stage":"sse.event","t":1786779469068,"d":59911,"surface":"extension","span":"end","dur":0,"eventType":"message.part.updated","dir":"/private/var/folders/9v/733tfwtj2jvgwygmtrbwj9gm0000gn/T/kilo-e2e-8ANOTU/workspace"}
[Kilo New][P0-Perf] {"corr":"bb5b4eac-1b57-444d-898b-935dcdf9b4f6","stage":"sse.event","t":1786779469068,"d":59911,"surface":"extension","span":"start","eventType":"message.part.updated.1","dir":"/private/var/folders/9v/733tfwtj2jvgwygmtrbwj9gm0000gn/T/kilo-e2e-8ANOTU/workspace"}
[Kilo New][P0-Perf] {"corr":"bb5b4eac-1b57-444d-898b-935dcdf9b4f6","stage":"sse.event","t":1786779469069,"d":59912,"surface":"extension","span":"end","dur":1,"eventType":"message.part.updated.1","dir":"/private/var/folders/9v/733tfwtj2jvgwygmtrbwj9gm0000gn/T/kilo-e2e-8ANOTU/workspace"}
[Kilo New] ServerManager: ⚠️ CLI Server stderr: INFO  2026-08-15T07:37:49 +136ms service=snapshot hash=2d193690ff6296f557c57379d549dc32b43e1ec6 cwd=/private/var/folders/9v/733tfwtj2jvgwygmtrbwj9gm0000gn/T/kilo-e2e-8ANOTU/workspace git=/var/folders/9v/733tfwtj2jvgwygmtrbwj9gm0000gn/T/kilo-e2e-8ANOTU/xdg-data/kilo/snapshot/4d5c11ef39f7bccd8f64aa9c9ec14e4525f1d947/5d37ceabbbc88c4e2710ab78dda38cac193e4bd0 tracking
[Kilo New] ServerManager: ⚠️ CLI Server stderr: INFO  2026-08-15T07:37:49 +31ms service=session.tools status=started resolveTools
[Kilo New][P0-Perf] {"corr":"bb5b4eac-1b57-444d-898b-935dcdf9b4f6","stage":"sse.event","t":1786779469123,"d":59966,"surface":"extension","span":"start","eventType":"message.part.removed","dir":"/private/var/folders/9v/733tfwtj2jvgwygmtrbwj9gm0000gn/T/kilo-e2e-8ANOTU/workspace"}
[Kilo New][P0-Perf] {"corr":"bb5b4eac-1b57-444d-898b-935dcdf9b4f6","stage":"sse.event","t":1786779469123,"d":59966,"surface":"extension","span":"end","dur":0,"eventType":"message.part.removed","dir":"/private/var/folders/9v/733tfwtj2jvgwygmtrbwj9gm0000gn/T/kilo-e2e-8ANOTU/workspace"}
[Kilo New][P0-Perf] {"corr":"bb5b4eac-1b57-444d-898b-935dcdf9b4f6","stage":"sse.event","t":1786779469123,"d":59966,"surface":"extension","span":"start","eventType":"message.part.removed.1","dir":"/private/var/folders/9v/733tfwtj2jvgwygmtrbwj9gm0000gn/T/kilo-e2e-8ANOTU/workspace"}
[Kilo New][P0-Perf] {"corr":"bb5b4eac-1b57-444d-898b-935dcdf9b4f6","stage":"sse.event","t":1786779469123,"d":59966,"surface":"extension","span":"end","dur":0,"eventType":"message.part.removed.1","dir":"/private/var/folders/9v/733tfwtj2jvgwygmtrbwj9gm0000gn/T/kilo-e2e-8ANOTU/workspace"}
[Kilo New] ServerManager: ⚠️ CLI Server stderr: INFO  2026-08-15T07:37:49 +65ms service=tool.registry status=started invalid
[Kilo New] ServerManager: ⚠️ CLI Server stderr: INFO  2026-08-15T07:37:49 +1ms service=tool.registry status=completed duration=1 invalid
[Kilo New] ServerManager: ⚠️ CLI Server stderr: INFO  2026-08-15T07:37:49 +0ms service=tool.registry status=started question
[Kilo New] ServerManager: ⚠️ CLI Server stderr: INFO  2026-08-15T07:37:49 +0ms service=tool.registry status=completed duration=0 question
[Kilo New] ServerManager: ⚠️ CLI Server stderr: INFO  2026-08-15T07:37:49 +0ms service=tool.registry status=started bash
[Kilo New] ServerManager: ⚠️ CLI Server stderr: INFO  2026-08-15T07:37:49 +0ms service=tool.registry status=completed duration=0 bash
[Kilo New] ServerManager: ⚠️ CLI Server stderr: INFO  2026-08-15T07:37:49 +0ms service=tool.registry status=started read
[Kilo New] ServerManager: ⚠️ CLI Server stderr: INFO  2026-08-15T07:37:49 +1ms service=tool.registry status=completed duration=0 read
[Kilo New] ServerManager: ⚠️ CLI Server stderr: INFO  2026-08-15T07:37:49 +0ms service=tool.registry status=started glob
[Kilo New] ServerManager: ⚠️ CLI Server stderr: INFO  2026-08-15T07:37:49 +0ms service=tool.registry status=completed duration=0 glob
[Kilo New] ServerManager: ⚠️ CLI Server stderr: INFO  2026-08-15T07:37:49 +0ms service=tool.registry status=started grep
[Kilo New] ServerManager: ⚠️ CLI Server stderr: INFO  2026-08-15T07:37:49 +1ms service=tool.registry status=completed duration=1 grep
[Kilo New] ServerManager: ⚠️ CLI Server stderr: INFO  2026-08-15T07:37:49 +0ms service=tool.registry status=started edit
[Kilo New] ServerManager: ⚠️ CLI Server stderr: INFO  2026-08-15T07:37:49 +0ms service=tool.registry status=completed duration=0 edit
[Kilo New] ServerManager: ⚠️ CLI Server stderr: INFO  2026-08-15T07:37:49 +0ms service=tool.registry status=started write
[Kilo New] ServerManager: ⚠️ CLI Server stderr: INFO  2026-08-15T07:37:49 +0ms service=tool.registry status=completed duration=0 write
[Kilo New] ServerManager: ⚠️ CLI Server stderr: INFO  2026-08-15T07:37:49 +0ms service=tool.registry status=started task
[Kilo New] ServerManager: ⚠️ CLI Server stderr: INFO  2026-08-15T07:37:49 +1ms service=tool.registry status=completed duration=1 task
[Kilo New] ServerManager: ⚠️ CLI Server stderr: INFO  2026-08-15T07:37:49 +0ms service=tool.registry status=started webfetch
[Kilo New] ServerManager: ⚠️ CLI Server stderr: INFO  2026-08-15T07:37:49 +1ms service=tool.registry status=completed duration=1 webfetch
[Kilo New] ServerManager: ⚠️ CLI Server stderr: INFO  2026-08-15T07:37:49 +0ms service=tool.registry status=started todowrite
[Kilo New] ServerManager: ⚠️ CLI Server stderr: INFO  2026-08-15T07:37:49 +0ms service=tool.registry status=completed duration=0 todowrite
[Kilo New] ServerManager: ⚠️ CLI Server stderr: INFO  2026-08-15T07:37:49 +0ms service=tool.registry status=started skill
[Kilo New] ServerManager: ⚠️ CLI Server stderr: INFO  2026-08-15T07:37:49 +1ms service=tool.registry status=completed duration=1 skill
[Kilo New] ServerManager: ⚠️ CLI Server stderr: INFO  2026-08-15T07:37:49 +0ms service=tool.registry status=started plan_exit
[Kilo New] ServerManager: ⚠️ CLI Server stderr: INFO  2026-08-15T07:37:49 +0ms service=tool.registry status=completed duration=0 plan_exit
[Kilo New] ServerManager: ⚠️ CLI Server stderr: INFO  2026-08-15T07:37:49 +0ms service=tool.registry status=started kilo_local_recall
[Kilo New] ServerManager: ⚠️ CLI Server stderr: INFO  2026-08-15T07:37:49 +0ms service=tool.registry status=completed duration=0 kilo_local_recall
[Kilo New] ServerManager: ⚠️ CLI Server stderr: INFO  2026-08-15T07:37:49 +0ms service=tool.registry status=started background_process
[Kilo New] ServerManager: ⚠️ CLI Server stderr: INFO  2026-08-15T07:37:49 +1ms service=tool.registry status=completed duration=1 background_process
[Kilo New] ServerManager: ⚠️ CLI Server stderr: INFO  2026-08-15T07:37:49 +0ms service=tool.registry status=started agent_manager_models
[Kilo New] ServerManager: ⚠️ CLI Server stderr: INFO  2026-08-15T07:37:49 +0ms service=tool.registry status=completed duration=0 agent_manager_models
[Kilo New] ServerManager: ⚠️ CLI Server stderr: INFO  2026-08-15T07:37:49 +0ms service=tool.registry status=started agent_manager
[Kilo New] ServerManager: ⚠️ CLI Server stderr: INFO  2026-08-15T07:37:49 +0ms service=tool.registry status=completed duration=0 agent_manager
[Kilo New] ServerManager: ⚠️ CLI Server stderr: INFO  2026-08-15T07:37:49 +0ms service=tool.registry status=started e2e_marker
[Kilo New] ServerManager: ⚠️ CLI Server stderr: INFO  2026-08-15T07:37:49 +0ms service=tool.registry status=completed duration=0 e2e_marker
[Kilo New] ServerManager: ⚠️ CLI Server stderr: INFO  2026-08-15T07:37:49 +2ms service=session.tools status=completed duration=74 resolveTools
[Kilo New][P0-Perf] {"corr":"bb5b4eac-1b57-444d-898b-935dcdf9b4f6","stage":"sse.event","t":1786779469265,"d":60108,"surface":"extension","span":"start","eventType":"session.updated","dir":"/private/var/folders/9v/733tfwtj2jvgwygmtrbwj9gm0000gn/T/kilo-e2e-8ANOTU/workspace"}
[Kilo New][P0-Perf] {"corr":"bb5b4eac-1b57-444d-898b-935dcdf9b4f6","stage":"sse.event","t":1786779469266,"d":60109,"surface":"extension","span":"end","dur":1,"eventType":"session.updated","dir":"/private/var/folders/9v/733tfwtj2jvgwygmtrbwj9gm0000gn/T/kilo-e2e-8ANOTU/workspace"}
[Kilo New][P0-Perf] {"corr":"bb5b4eac-1b57-444d-898b-935dcdf9b4f6","stage":"sse.event","t":1786779469266,"d":60109,"surface":"extension","span":"start","eventType":"session.updated.1","dir":"/private/var/folders/9v/733tfwtj2jvgwygmtrbwj9gm0000gn/T/kilo-e2e-8ANOTU/workspace"}
[Kilo New][P0-Perf] {"corr":"bb5b4eac-1b57-444d-898b-935dcdf9b4f6","stage":"sse.event","t":1786779469266,"d":60109,"surface":"extension","span":"end","dur":0,"eventType":"session.updated.1","dir":"/private/var/folders/9v/733tfwtj2jvgwygmtrbwj9gm0000gn/T/kilo-e2e-8ANOTU/workspace"}
[Kilo New] ServerManager: ⚠️ CLI Server stderr: INFO  2026-08-15T07:37:49 +96ms service=session.processor session.id=ses_ffba5a668ffeP77RqCa6WauoqE messageID=msg_0045afdf2001Yeu5Nge55T64Pt process
[Kilo New] ServerManager: ⚠️ CLI Server stderr: INFO  2026-08-15T07:37:49 +4ms service=llm providerID=e2e-local modelID=e2e-model session.id=ses_ffba5a668ffeP77RqCa6WauoqE small=false agent=e2e-agent mode=primary stream
[Kilo New] ServerManager: ⚠️ CLI Server stderr: INFO  2026-08-15T07:37:49 +11ms service=default llm.runtime=ai-sdk llm.provider=e2e-local llm.model=e2e-model llm runtime selected
[Kilo New][P0-Perf] {"corr":"bb5b4eac-1b57-444d-898b-935dcdf9b4f6","stage":"sse.event","t":1786779469310,"d":60153,"surface":"extension","span":"start","eventType":"session.status","dir":"/private/var/folders/9v/733tfwtj2jvgwygmtrbwj9gm0000gn/T/kilo-e2e-8ANOTU/workspace"}
[Kilo New][P0-Perf] {"corr":"bb5b4eac-1b57-444d-898b-935dcdf9b4f6","stage":"sse.event","t":1786779469310,"d":60153,"surface":"extension","span":"end","dur":0,"eventType":"session.status","dir":"/private/var/folders/9v/733tfwtj2jvgwygmtrbwj9gm0000gn/T/kilo-e2e-8ANOTU/workspace"}
[Kilo New][P0-Perf] {"corr":"bb5b4eac-1b57-444d-898b-935dcdf9b4f6","stage":"sse.event","t":1786779469310,"d":60153,"surface":"extension","span":"start","eventType":"session.diff","dir":"/private/var/folders/9v/733tfwtj2jvgwygmtrbwj9gm0000gn/T/kilo-e2e-8ANOTU/workspace"}
[Kilo New][P0-Perf] {"corr":"bb5b4eac-1b57-444d-898b-935dcdf9b4f6","stage":"sse.event","t":1786779469310,"d":60153,"surface":"extension","span":"end","dur":0,"eventType":"session.diff","dir":"/private/var/folders/9v/733tfwtj2jvgwygmtrbwj9gm0000gn/T/kilo-e2e-8ANOTU/workspace"}
[Kilo New][P0-Perf] {"corr":"bb5b4eac-1b57-444d-898b-935dcdf9b4f6","stage":"sse.event","t":1786779469310,"d":60153,"surface":"extension","span":"start","eventType":"message.updated","dir":"/private/var/folders/9v/733tfwtj2jvgwygmtrbwj9gm0000gn/T/kilo-e2e-8ANOTU/workspace"}
[Kilo New][P0-Perf] {"corr":"bb5b4eac-1b57-444d-898b-935dcdf9b4f6","stage":"sse.event","t":1786779469311,"d":60154,"surface":"extension","span":"end","dur":1,"eventType":"message.updated","dir":"/private/var/folders/9v/733tfwtj2jvgwygmtrbwj9gm0000gn/T/kilo-e2e-8ANOTU/workspace"}
[Kilo New][P0-Perf] {"corr":"bb5b4eac-1b57-444d-898b-935dcdf9b4f6","stage":"sse.event","t":1786779469311,"d":60154,"surface":"extension","span":"start","eventType":"message.updated.1","dir":"/private/var/folders/9v/733tfwtj2jvgwygmtrbwj9gm0000gn/T/kilo-e2e-8ANOTU/workspace"}
[Kilo New][P0-Perf] {"corr":"bb5b4eac-1b57-444d-898b-935dcdf9b4f6","stage":"sse.event","t":1786779469311,"d":60154,"surface":"extension","span":"end","dur":0,"eventType":"message.updated.1","dir":"/private/var/folders/9v/733tfwtj2jvgwygmtrbwj9gm0000gn/T/kilo-e2e-8ANOTU/workspace"}
[Kilo New] ServerManager: ⚠️ CLI Server stderr: INFO  2026-08-15T07:37:49 +61ms service=p0-perf event=p0.start stage=tool_execute ts=1786779469361 id=ses_ffba5a668ffeP77RqCa6WauoqE meta={"tool":"e2e-fixture_e2e_echo","callID":"call_e2e_mcp_1","messageID":"msg_0045afdf2001Yeu5Nge55T64Pt"} tool_execute
[Kilo New] ServerManager: ⚠️ CLI Server stderr: INFO  2026-08-15T07:37:49 +5ms service=permission permission=e2e-fixture_e2e_echo pattern=* action={"permission":"*","action":"allow","pattern":"*"} evaluated
[Kilo New][P0-Perf] {"corr":"bb5b4eac-1b57-444d-898b-935dcdf9b4f6","stage":"sse.event","t":1786779469379,"d":60222,"surface":"extension","span":"start","eventType":"message.part.updated","dir":"/private/var/folders/9v/733tfwtj2jvgwygmtrbwj9gm0000gn/T/kilo-e2e-8ANOTU/workspace"}
[Kilo New][P0-Perf] {"corr":"bb5b4eac-1b57-444d-898b-935dcdf9b4f6","stage":"sse.event","t":1786779469379,"d":60222,"surface":"extension","span":"end","dur":0,"eventType":"message.part.updated","dir":"/private/var/folders/9v/733tfwtj2jvgwygmtrbwj9gm0000gn/T/kilo-e2e-8ANOTU/workspace"}
[Kilo New][P0-Perf] {"corr":"bb5b4eac-1b57-444d-898b-935dcdf9b4f6","stage":"sse.event","t":1786779469379,"d":60222,"surface":"extension","span":"start","eventType":"message.part.updated.1","dir":"/private/var/folders/9v/733tfwtj2jvgwygmtrbwj9gm0000gn/T/kilo-e2e-8ANOTU/workspace"}
[Kilo New][P0-Perf] {"corr":"bb5b4eac-1b57-444d-898b-935dcdf9b4f6","stage":"sse.event","t":1786779469379,"d":60222,"surface":"extension","span":"end","dur":0,"eventType":"message.part.updated.1","dir":"/private/var/folders/9v/733tfwtj2jvgwygmtrbwj9gm0000gn/T/kilo-e2e-8ANOTU/workspace"}
[Kilo New][P0-Perf] {"corr":"bb5b4eac-1b57-444d-898b-935dcdf9b4f6","stage":"sse.event","t":1786779469379,"d":60222,"surface":"extension","span":"start","eventType":"message.part.updated","dir":"/private/var/folders/9v/733tfwtj2jvgwygmtrbwj9gm0000gn/T/kilo-e2e-8ANOTU/workspace"}
[Kilo New][P0-Perf] {"corr":"bb5b4eac-1b57-444d-898b-935dcdf9b4f6","stage":"sse.event","t":1786779469379,"d":60222,"surface":"extension","span":"end","dur":0,"eventType":"message.part.updated","dir":"/private/var/folders/9v/733tfwtj2jvgwygmtrbwj9gm0000gn/T/kilo-e2e-8ANOTU/workspace"}
[Kilo New][P0-Perf] {"corr":"bb5b4eac-1b57-444d-898b-935dcdf9b4f6","stage":"sse.event","t":1786779469379,"d":60222,"surface":"extension","span":"start","eventType":"message.part.updated.1","dir":"/private/var/folders/9v/733tfwtj2jvgwygmtrbwj9gm0000gn/T/kilo-e2e-8ANOTU/workspace"}
[Kilo New][P0-Perf] {"corr":"bb5b4eac-1b57-444d-898b-935dcdf9b4f6","stage":"sse.event","t":1786779469380,"d":60223,"surface":"extension","span":"end","dur":1,"eventType":"message.part.updated.1","dir":"/private/var/folders/9v/733tfwtj2jvgwygmtrbwj9gm0000gn/T/kilo-e2e-8ANOTU/workspace"}
[Kilo New][P0-Perf] {"corr":"bb5b4eac-1b57-444d-898b-935dcdf9b4f6","stage":"sse.event","t":1786779469380,"d":60223,"surface":"extension","span":"start","eventType":"message.part.updated","dir":"/private/var/folders/9v/733tfwtj2jvgwygmtrbwj9gm0000gn/T/kilo-e2e-8ANOTU/workspace"}
[Kilo New][P0-Perf] {"corr":"bb5b4eac-1b57-444d-898b-935dcdf9b4f6","stage":"sse.event","t":1786779469380,"d":60223,"surface":"extension","span":"end","dur":0,"eventType":"message.part.updated","dir":"/private/var/folders/9v/733tfwtj2jvgwygmtrbwj9gm0000gn/T/kilo-e2e-8ANOTU/workspace"}
[Kilo New][P0-Perf] {"corr":"bb5b4eac-1b57-444d-898b-935dcdf9b4f6","stage":"sse.event","t":1786779469380,"d":60223,"surface":"extension","span":"start","eventType":"message.part.updated.1","dir":"/private/var/folders/9v/733tfwtj2jvgwygmtrbwj9gm0000gn/T/kilo-e2e-8ANOTU/workspace"}
[Kilo New][P0-Perf] {"corr":"bb5b4eac-1b57-444d-898b-935dcdf9b4f6","stage":"sse.event","t":1786779469380,"d":60223,"surface":"extension","span":"end","dur":0,"eventType":"message.part.updated.1","dir":"/private/var/folders/9v/733tfwtj2jvgwygmtrbwj9gm0000gn/T/kilo-e2e-8ANOTU/workspace"}
[Kilo New] ServerManager: ⚠️ CLI Server stderr: INFO  2026-08-15T07:37:49 +69ms service=p0-perf event=p0.end stage=tool_execute ts=1786779469435 duration=74 id=ses_ffba5a668ffeP77RqCa6WauoqE meta={"tool":"e2e-fixture_e2e_echo","callID":"call_e2e_mcp_1","messageID":"msg_0045afdf2001Yeu5Nge55T64Pt"} tool_execute
[Kilo New][P0-Perf] {"corr":"bb5b4eac-1b57-444d-898b-935dcdf9b4f6","stage":"sse.event","t":1786779469480,"d":60323,"surface":"extension","span":"start","eventType":"message.part.updated","dir":"/private/var/folders/9v/733tfwtj2jvgwygmtrbwj9gm0000gn/T/kilo-e2e-8ANOTU/workspace"}
[Kilo New][P0-Perf] {"corr":"bb5b4eac-1b57-444d-898b-935dcdf9b4f6","stage":"sse.event","t":1786779469480,"d":60323,"surface":"extension","span":"end","dur":0,"eventType":"message.part.updated","dir":"/private/var/folders/9v/733tfwtj2jvgwygmtrbwj9gm0000gn/T/kilo-e2e-8ANOTU/workspace"}
[Kilo New][P0-Perf] {"corr":"bb5b4eac-1b57-444d-898b-935dcdf9b4f6","stage":"sse.event","t":1786779469480,"d":60323,"surface":"extension","span":"start","eventType":"message.part.updated.1","dir":"/private/var/folders/9v/733tfwtj2jvgwygmtrbwj9gm0000gn/T/kilo-e2e-8ANOTU/workspace"}
[Kilo New][P0-Perf] {"corr":"bb5b4eac-1b57-444d-898b-935dcdf9b4f6","stage":"sse.event","t":1786779469480,"d":60323,"surface":"extension","span":"end","dur":0,"eventType":"message.part.updated.1","dir":"/private/var/folders/9v/733tfwtj2jvgwygmtrbwj9gm0000gn/T/kilo-e2e-8ANOTU/workspace"}
[Kilo New][P0-Perf] {"corr":"bb5b4eac-1b57-444d-898b-935dcdf9b4f6","stage":"sse.event","t":1786779469990,"d":60833,"surface":"extension","span":"start","eventType":"message.part.updated","dir":"/private/var/folders/9v/733tfwtj2jvgwygmtrbwj9gm0000gn/T/kilo-e2e-8ANOTU/workspace"}
[Kilo New][P0-Perf] {"corr":"bb5b4eac-1b57-444d-898b-935dcdf9b4f6","stage":"sse.event","t":1786779469990,"d":60833,"surface":"extension","span":"end","dur":0,"eventType":"message.part.updated","dir":"/private/var/folders/9v/733tfwtj2jvgwygmtrbwj9gm0000gn/T/kilo-e2e-8ANOTU/workspace"}
[Kilo New][P0-Perf] {"corr":"bb5b4eac-1b57-444d-898b-935dcdf9b4f6","stage":"sse.event","t":1786779469991,"d":60834,"surface":"extension","span":"start","eventType":"message.part.updated.1","dir":"/private/var/folders/9v/733tfwtj2jvgwygmtrbwj9gm0000gn/T/kilo-e2e-8ANOTU/workspace"}
[Kilo New][P0-Perf] {"corr":"bb5b4eac-1b57-444d-898b-935dcdf9b4f6","stage":"sse.event","t":1786779469991,"d":60834,"surface":"extension","span":"end","dur":0,"eventType":"message.part.updated.1","dir":"/private/var/folders/9v/733tfwtj2jvgwygmtrbwj9gm0000gn/T/kilo-e2e-8ANOTU/workspace"}
[Kilo New][P0-Perf] {"corr":"bb5b4eac-1b57-444d-898b-935dcdf9b4f6","stage":"sse.event","t":1786779470190,"d":61033,"surface":"extension","span":"start","eventType":"message.part.updated","dir":"/private/var/folders/9v/733tfwtj2jvgwygmtrbwj9gm0000gn/T/kilo-e2e-8ANOTU/workspace"}
[Kilo New][P0-Perf] {"corr":"bb5b4eac-1b57-444d-898b-935dcdf9b4f6","stage":"sse.event","t":1786779470191,"d":61034,"surface":"extension","span":"end","dur":1,"eventType":"message.part.updated","dir":"/private/var/folders/9v/733tfwtj2jvgwygmtrbwj9gm0000gn/T/kilo-e2e-8ANOTU/workspace"}
[Kilo New][P0-Perf] {"corr":"bb5b4eac-1b57-444d-898b-935dcdf9b4f6","stage":"sse.event","t":1786779470191,"d":61034,"surface":"extension","span":"start","eventType":"message.part.updated.1","dir":"/private/var/folders/9v/733tfwtj2jvgwygmtrbwj9gm0000gn/T/kilo-e2e-8ANOTU/workspace"}
[Kilo New][P0-Perf] {"corr":"bb5b4eac-1b57-444d-898b-935dcdf9b4f6","stage":"sse.event","t":1786779470191,"d":61034,"surface":"extension","span":"end","dur":0,"eventType":"message.part.updated.1","dir":"/private/var/folders/9v/733tfwtj2jvgwygmtrbwj9gm0000gn/T/kilo-e2e-8ANOTU/workspace"}
[Kilo New] ServerManager: ⚠️ CLI Server stderr: INFO  2026-08-15T07:37:50 +806ms service=snapshot hash=dfb8ce3f262ad0124c6cf4d78ca7bbc50c3dd9a2 cwd=/private/var/folders/9v/733tfwtj2jvgwygmtrbwj9gm0000gn/T/kilo-e2e-8ANOTU/workspace git=/var/folders/9v/733tfwtj2jvgwygmtrbwj9gm0000gn/T/kilo-e2e-8ANOTU/xdg-data/kilo/snapshot/4d5c11ef39f7bccd8f64aa9c9ec14e4525f1d947/5d37ceabbbc88c4e2710ab78dda38cac193e4bd0 tracking
[Kilo New][P0-Perf] {"corr":"bb5b4eac-1b57-444d-898b-935dcdf9b4f6","stage":"sse.event","t":1786779470318,"d":61161,"surface":"extension","span":"start","eventType":"message.part.updated","dir":"/private/var/folders/9v/733tfwtj2jvgwygmtrbwj9gm0000gn/T/kilo-e2e-8ANOTU/workspace"}
[Kilo New][P0-Perf] {"corr":"bb5b4eac-1b57-444d-898b-935dcdf9b4f6","stage":"sse.event","t":1786779470318,"d":61161,"surface":"extension","span":"end","dur":0,"eventType":"message.part.updated","dir":"/private/var/folders/9v/733tfwtj2jvgwygmtrbwj9gm0000gn/T/kilo-e2e-8ANOTU/workspace"}
[Kilo New][P0-Perf] {"corr":"bb5b4eac-1b57-444d-898b-935dcdf9b4f6","stage":"sse.event","t":1786779470318,"d":61161,"surface":"extension","span":"start","eventType":"message.part.updated.1","dir":"/private/var/folders/9v/733tfwtj2jvgwygmtrbwj9gm0000gn/T/kilo-e2e-8ANOTU/workspace"}
[Kilo New][P0-Perf] {"corr":"bb5b4eac-1b57-444d-898b-935dcdf9b4f6","stage":"sse.event","t":1786779470319,"d":61162,"surface":"extension","span":"end","dur":1,"eventType":"message.part.updated.1","dir":"/private/var/folders/9v/733tfwtj2jvgwygmtrbwj9gm0000gn/T/kilo-e2e-8ANOTU/workspace"}
[Kilo New][P0-Perf] {"corr":"bb5b4eac-1b57-444d-898b-935dcdf9b4f6","stage":"sse.event","t":1786779470319,"d":61162,"surface":"extension","span":"start","eventType":"message.part.updated","dir":"/private/var/folders/9v/733tfwtj2jvgwygmtrbwj9gm0000gn/T/kilo-e2e-8ANOTU/workspace"}
[Kilo New][P0-Perf] {"corr":"bb5b4eac-1b57-444d-898b-935dcdf9b4f6","stage":"sse.event","t":1786779470319,"d":61162,"surface":"extension","span":"end","dur":0,"eventType":"message.part.updated","dir":"/private/var/folders/9v/733tfwtj2jvgwygmtrbwj9gm0000gn/T/kilo-e2e-8ANOTU/workspace"}
[Kilo New][P0-Perf] {"corr":"bb5b4eac-1b57-444d-898b-935dcdf9b4f6","stage":"sse.event","t":1786779470319,"d":61162,"surface":"extension","span":"start","eventType":"message.part.updated.1","dir":"/private/var/folders/9v/733tfwtj2jvgwygmtrbwj9gm0000gn/T/kilo-e2e-8ANOTU/workspace"}
[Kilo New][P0-Perf] {"corr":"bb5b4eac-1b57-444d-898b-935dcdf9b4f6","stage":"sse.event","t":1786779470319,"d":61162,"surface":"extension","span":"end","dur":0,"eventType":"message.part.updated.1","dir":"/private/var/folders/9v/733tfwtj2jvgwygmtrbwj9gm0000gn/T/kilo-e2e-8ANOTU/workspace"}
[Kilo New][P0-Perf] {"corr":"bb5b4eac-1b57-444d-898b-935dcdf9b4f6","stage":"sse.event","t":1786779470319,"d":61162,"surface":"extension","span":"start","eventType":"message.updated","dir":"/private/var/folders/9v/733tfwtj2jvgwygmtrbwj9gm0000gn/T/kilo-e2e-8ANOTU/workspace"}
[Kilo New][P0-Perf] {"corr":"bb5b4eac-1b57-444d-898b-935dcdf9b4f6","stage":"sse.event","t":1786779470319,"d":61162,"surface":"extension","span":"end","dur":0,"eventType":"message.updated","dir":"/private/var/folders/9v/733tfwtj2jvgwygmtrbwj9gm0000gn/T/kilo-e2e-8ANOTU/workspace"}
[Kilo New][P0-Perf] {"corr":"bb5b4eac-1b57-444d-898b-935dcdf9b4f6","stage":"sse.event","t":1786779470320,"d":61163,"surface":"extension","span":"start","eventType":"message.updated.1","dir":"/private/var/folders/9v/733tfwtj2jvgwygmtrbwj9gm0000gn/T/kilo-e2e-8ANOTU/workspace"}
[Kilo New][P0-Perf] {"corr":"bb5b4eac-1b57-444d-898b-935dcdf9b4f6","stage":"sse.event","t":1786779470320,"d":61163,"surface":"extension","span":"end","dur":0,"eventType":"message.updated.1","dir":"/private/var/folders/9v/733tfwtj2jvgwygmtrbwj9gm0000gn/T/kilo-e2e-8ANOTU/workspace"}
[Kilo New][P0-Perf] {"corr":"bb5b4eac-1b57-444d-898b-935dcdf9b4f6","stage":"sse.event","t":1786779470320,"d":61163,"surface":"extension","span":"start","eventType":"message.part.removed","dir":"/private/var/folders/9v/733tfwtj2jvgwygmtrbwj9gm0000gn/T/kilo-e2e-8ANOTU/workspace"}
[Kilo New][P0-Perf] {"corr":"bb5b4eac-1b57-444d-898b-935dcdf9b4f6","stage":"sse.event","t":1786779470320,"d":61163,"surface":"extension","span":"end","dur":0,"eventType":"message.part.removed","dir":"/private/var/folders/9v/733tfwtj2jvgwygmtrbwj9gm0000gn/T/kilo-e2e-8ANOTU/workspace"}
[Kilo New][P0-Perf] {"corr":"bb5b4eac-1b57-444d-898b-935dcdf9b4f6","stage":"sse.event","t":1786779470320,"d":61163,"surface":"extension","span":"start","eventType":"message.part.removed.1","dir":"/private/var/folders/9v/733tfwtj2jvgwygmtrbwj9gm0000gn/T/kilo-e2e-8ANOTU/workspace"}
[Kilo New][P0-Perf] {"corr":"bb5b4eac-1b57-444d-898b-935dcdf9b4f6","stage":"sse.event","t":1786779470320,"d":61163,"surface":"extension","span":"end","dur":0,"eventType":"message.part.removed.1","dir":"/private/var/folders/9v/733tfwtj2jvgwygmtrbwj9gm0000gn/T/kilo-e2e-8ANOTU/workspace"}
[Kilo New] ServerManager: ⚠️ CLI Server stderr: INFO  2026-08-15T07:37:50 +734ms service=model-cache providerID=apertis refreshing models
[Kilo New] ServerManager: ⚠️ CLI Server stderr: INFO  2026-08-15T07:37:51 +52ms service=model-cache providerID=apertis count=0 models fetched and cached
[Kilo New] ServerManager: ⚠️ CLI Server stderr: INFO  2026-08-15T07:37:51 +139ms service=session.prompt session.id=ses_ffba5a668ffeP77RqCa6WauoqE step=1 loop
[Kilo New] ServerManager: ⚠️ CLI Server stderr: INFO  2026-08-15T07:37:51 +6ms service=p0-perf event=p0.mark stage=processor_entry ts=1786779471172 id=ses_ffba5a668ffeP77RqCa6WauoqE meta={"messageID":"msg_0045b0d41001X1l5wvDnRoxeKO","parentID":"msg_0045afdad001ccYjnaAfo8itNW","model":"e2e-model","provider":"e2e-local"} processor_entry
[Kilo New][P0-Perf] {"corr":"bb5b4eac-1b57-444d-898b-935dcdf9b4f6","stage":"sse.event","t":1786779471176,"d":62019,"surface":"extension","span":"start","eventType":"message.part.updated","dir":"/private/var/folders/9v/733tfwtj2jvgwygmtrbwj9gm0000gn/T/kilo-e2e-8ANOTU/workspace"}
[Kilo New][P0-Perf] {"corr":"bb5b4eac-1b57-444d-898b-935dcdf9b4f6","stage":"sse.event","t":1786779471176,"d":62019,"surface":"extension","span":"end","dur":0,"eventType":"message.part.updated","dir":"/private/var/folders/9v/733tfwtj2jvgwygmtrbwj9gm0000gn/T/kilo-e2e-8ANOTU/workspace"}
[Kilo New][P0-Perf] {"corr":"bb5b4eac-1b57-444d-898b-935dcdf9b4f6","stage":"sse.event","t":1786779471176,"d":62019,"surface":"extension","span":"start","eventType":"message.part.updated.1","dir":"/private/var/folders/9v/733tfwtj2jvgwygmtrbwj9gm0000gn/T/kilo-e2e-8ANOTU/workspace"}
[Kilo New][P0-Perf] {"corr":"bb5b4eac-1b57-444d-898b-935dcdf9b4f6","stage":"sse.event","t":1786779471176,"d":62019,"surface":"extension","span":"end","dur":0,"eventType":"message.part.updated.1","dir":"/private/var/folders/9v/733tfwtj2jvgwygmtrbwj9gm0000gn/T/kilo-e2e-8ANOTU/workspace"}
[Kilo New][P0-Perf] {"corr":"bb5b4eac-1b57-444d-898b-935dcdf9b4f6","stage":"sse.event","t":1786779471176,"d":62019,"surface":"extension","span":"start","eventType":"message.updated","dir":"/private/var/folders/9v/733tfwtj2jvgwygmtrbwj9gm0000gn/T/kilo-e2e-8ANOTU/workspace"}
[Kilo New][P0-Perf] {"corr":"bb5b4eac-1b57-444d-898b-935dcdf9b4f6","stage":"sse.event","t":1786779471177,"d":62020,"surface":"extension","span":"end","dur":1,"eventType":"message.updated","dir":"/private/var/folders/9v/733tfwtj2jvgwygmtrbwj9gm0000gn/T/kilo-e2e-8ANOTU/workspace"}
[Kilo New][P0-Perf] {"corr":"bb5b4eac-1b57-444d-898b-935dcdf9b4f6","stage":"sse.event","t":1786779471177,"d":62020,"surface":"extension","span":"start","eventType":"message.updated.1","dir":"/private/var/folders/9v/733tfwtj2jvgwygmtrbwj9gm0000gn/T/kilo-e2e-8ANOTU/workspace"}
[Kilo New][P0-Perf] {"corr":"bb5b4eac-1b57-444d-898b-935dcdf9b4f6","stage":"sse.event","t":1786779471177,"d":62020,"surface":"extension","span":"end","dur":0,"eventType":"message.updated.1","dir":"/private/var/folders/9v/733tfwtj2jvgwygmtrbwj9gm0000gn/T/kilo-e2e-8ANOTU/workspace"}
[Kilo New][P0-Perf] {"corr":"bb5b4eac-1b57-444d-898b-935dcdf9b4f6","stage":"sse.event","t":1786779471177,"d":62020,"surface":"extension","span":"start","eventType":"session.status","dir":"/private/var/folders/9v/733tfwtj2jvgwygmtrbwj9gm0000gn/T/kilo-e2e-8ANOTU/workspace"}
[Kilo New][P0-Perf] {"corr":"bb5b4eac-1b57-444d-898b-935dcdf9b4f6","stage":"sse.event","t":1786779471177,"d":62020,"surface":"extension","span":"end","dur":0,"eventType":"session.status","dir":"/private/var/folders/9v/733tfwtj2jvgwygmtrbwj9gm0000gn/T/kilo-e2e-8ANOTU/workspace"}
[Kilo New][P0-Perf] {"corr":"bb5b4eac-1b57-444d-898b-935dcdf9b4f6","stage":"sse.event","t":1786779471177,"d":62020,"surface":"extension","span":"start","eventType":"message.updated","dir":"/private/var/folders/9v/733tfwtj2jvgwygmtrbwj9gm0000gn/T/kilo-e2e-8ANOTU/workspace"}
[Kilo New][P0-Perf] {"corr":"bb5b4eac-1b57-444d-898b-935dcdf9b4f6","stage":"sse.event","t":1786779471177,"d":62020,"surface":"extension","span":"end","dur":0,"eventType":"message.updated","dir":"/private/var/folders/9v/733tfwtj2jvgwygmtrbwj9gm0000gn/T/kilo-e2e-8ANOTU/workspace"}
[Kilo New][P0-Perf] {"corr":"bb5b4eac-1b57-444d-898b-935dcdf9b4f6","stage":"sse.event","t":1786779471178,"d":62021,"surface":"extension","span":"start","eventType":"message.updated.1","dir":"/private/var/folders/9v/733tfwtj2jvgwygmtrbwj9gm0000gn/T/kilo-e2e-8ANOTU/workspace"}
[Kilo New][P0-Perf] {"corr":"bb5b4eac-1b57-444d-898b-935dcdf9b4f6","stage":"model.firstEvent","t":1786779471178,"d":62021,"surface":"extension","sessionID":"ses_ffba5a668ffeP77RqCa6WauoqE","messageID":"msg_0045b0d41001X1l5wvDnRoxeKO","parentID":"msg_0045afdad001ccYjnaAfo8itNW","dir":"/private/var/folders/9v/733tfwtj2jvgwygmtrbwj9gm0000gn/T/kilo-e2e-8ANOTU/workspace"}
[Kilo New][P0-Perf] {"corr":"bb5b4eac-1b57-444d-898b-935dcdf9b4f6","stage":"sse.event","t":1786779471178,"d":62021,"surface":"extension","span":"end","dur":0,"eventType":"message.updated.1","dir":"/private/var/folders/9v/733tfwtj2jvgwygmtrbwj9gm0000gn/T/kilo-e2e-8ANOTU/workspace"}
[Kilo New] ServerManager: ⚠️ CLI Server stderr: INFO  2026-08-15T07:37:51 +199ms service=snapshot hash=dfb8ce3f262ad0124c6cf4d78ca7bbc50c3dd9a2 cwd=/private/var/folders/9v/733tfwtj2jvgwygmtrbwj9gm0000gn/T/kilo-e2e-8ANOTU/workspace git=/var/folders/9v/733tfwtj2jvgwygmtrbwj9gm0000gn/T/kilo-e2e-8ANOTU/xdg-data/kilo/snapshot/4d5c11ef39f7bccd8f64aa9c9ec14e4525f1d947/5d37ceabbbc88c4e2710ab78dda38cac193e4bd0 tracking
[Kilo New] ServerManager: ⚠️ CLI Server stderr: INFO  2026-08-15T07:37:51 +2ms service=session.tools status=started resolveTools
[Kilo New] ServerManager: ⚠️ CLI Server stderr: INFO  2026-08-15T07:37:51 +1ms service=tool.registry status=started invalid
[Kilo New] ServerManager: ⚠️ CLI Server stderr: INFO  2026-08-15T07:37:51 +0ms service=tool.registry status=completed duration=0 invalid
[Kilo New] ServerManager: ⚠️ CLI Server stderr: INFO  2026-08-15T07:37:51 +0ms service=tool.registry status=started question
[Kilo New] ServerManager: ⚠️ CLI Server stderr: INFO  2026-08-15T07:37:51 +0ms service=tool.registry status=completed duration=0 question
[Kilo New] ServerManager: ⚠️ CLI Server stderr: INFO  2026-08-15T07:37:51 +1ms service=tool.registry status=started bash
[Kilo New] ServerManager: ⚠️ CLI Server stderr: INFO  2026-08-15T07:37:51 +0ms service=tool.registry status=completed duration=0 bash
[Kilo New] ServerManager: ⚠️ CLI Server stderr: INFO  2026-08-15T07:37:51 +0ms service=tool.registry status=started read
[Kilo New] ServerManager: ⚠️ CLI Server stderr: INFO  2026-08-15T07:37:51 +0ms service=tool.registry status=completed duration=0 read
[Kilo New] ServerManager: ⚠️ CLI Server stderr: INFO  2026-08-15T07:37:51 +0ms service=tool.registry status=started glob
[Kilo New] ServerManager: ⚠️ CLI Server stderr: INFO  2026-08-15T07:37:51 +0ms service=tool.registry status=completed duration=0 glob
[Kilo New] ServerManager: ⚠️ CLI Server stderr: INFO  2026-08-15T07:37:51 +0ms service=tool.registry status=started grep
[Kilo New] ServerManager: ⚠️ CLI Server stderr: INFO  2026-08-15T07:37:51 +0ms service=tool.registry status=completed duration=0 grep
[Kilo New] ServerManager: ⚠️ CLI Server stderr: INFO  2026-08-15T07:37:51 +0ms service=tool.registry status=started edit
[Kilo New] ServerManager: ⚠️ CLI Server stderr: INFO  2026-08-15T07:37:51 +0ms service=tool.registry status=completed duration=0 edit
[Kilo New] ServerManager: ⚠️ CLI Server stderr: INFO  2026-08-15T07:37:51 +0ms service=tool.registry status=started write
[Kilo New] ServerManager: ⚠️ CLI Server stderr: INFO  2026-08-15T07:37:51 +2ms service=tool.registry status=completed duration=1 write
[Kilo New] ServerManager: ⚠️ CLI Server stderr: INFO  2026-08-15T07:37:51 +0ms service=tool.registry status=started task
[Kilo New] ServerManager: ⚠️ CLI Server stderr: INFO  2026-08-15T07:37:51 +1ms service=tool.registry status=completed duration=1 task
[Kilo New] ServerManager: ⚠️ CLI Server stderr: INFO  2026-08-15T07:37:51 +0ms service=tool.registry status=started webfetch
[Kilo New] ServerManager: ⚠️ CLI Server stderr: INFO  2026-08-15T07:37:51 +0ms service=tool.registry status=completed duration=0 webfetch
[Kilo New] ServerManager: ⚠️ CLI Server stderr: INFO  2026-08-15T07:37:51 +0ms service=tool.registry status=started todowrite
[Kilo New] ServerManager: ⚠️ CLI Server stderr: INFO  2026-08-15T07:37:51 +0ms service=tool.registry status=completed duration=0 todowrite
[Kilo New] ServerManager: ⚠️ CLI Server stderr: INFO  2026-08-15T07:37:51 +0ms service=tool.registry status=started skill
[Kilo New] ServerManager: ⚠️ CLI Server stderr: INFO  2026-08-15T07:37:51 +1ms service=tool.registry status=completed duration=1 skill
[Kilo New] ServerManager: ⚠️ CLI Server stderr: INFO  2026-08-15T07:37:51 +0ms service=tool.registry status=started plan_exit
[Kilo New] ServerManager: ⚠️ CLI Server stderr: INFO  2026-08-15T07:37:51 +0ms service=tool.registry status=completed duration=0 plan_exit
[Kilo New] ServerManager: ⚠️ CLI Server stderr: INFO  2026-08-15T07:37:51 +0ms service=tool.registry status=started kilo_local_recall
[Kilo New] ServerManager: ⚠️ CLI Server stderr: INFO  2026-08-15T07:37:51 +0ms service=tool.registry status=completed duration=0 kilo_local_recall
[Kilo New] ServerManager: ⚠️ CLI Server stderr: INFO  2026-08-15T07:37:51 +0ms service=tool.registry status=started background_process
[Kilo New] ServerManager: ⚠️ CLI Server stderr: INFO  2026-08-15T07:37:51 +0ms service=tool.registry status=completed duration=0 background_process
[Kilo New] ServerManager: ⚠️ CLI Server stderr: INFO  2026-08-15T07:37:51 +0ms service=tool.registry status=started agent_manager_models
[Kilo New] ServerManager: ⚠️ CLI Server stderr: INFO  2026-08-15T07:37:51 +0ms service=tool.registry status=completed duration=0 agent_manager_models
[Kilo New] ServerManager: ⚠️ CLI Server stderr: INFO  2026-08-15T07:37:51 +0ms service=tool.registry status=started agent_manager
[Kilo New] ServerManager: ⚠️ CLI Server stderr: INFO  2026-08-15T07:37:51 +1ms service=tool.registry status=completed duration=1 agent_manager
[Kilo New] ServerManager: ⚠️ CLI Server stderr: INFO  2026-08-15T07:37:51 +0ms service=tool.registry status=started e2e_marker
[Kilo New] ServerManager: ⚠️ CLI Server stderr: INFO  2026-08-15T07:37:51 +6ms service=tool.registry status=completed duration=4 e2e_marker
[Kilo New] ServerManager: ⚠️ CLI Server stderr: INFO  2026-08-15T07:37:51 +1ms service=session.tools status=completed duration=14 resolveTools
[Kilo New] ServerManager: ⚠️ CLI Server stderr: INFO  2026-08-15T07:37:51 +93ms service=session.processor session.id=ses_ffba5a668ffeP77RqCa6WauoqE messageID=msg_0045b0d41001X1l5wvDnRoxeKO process
[Kilo New] ServerManager: ⚠️ CLI Server stderr: INFO  2026-08-15T07:37:51 +4ms service=llm providerID=e2e-local modelID=e2e-model session.id=ses_ffba5a668ffeP77RqCa6WauoqE small=false agent=e2e-agent mode=primary stream
[Kilo New] ServerManager: ⚠️ CLI Server stderr: INFO  2026-08-15T07:37:51 +4ms service=default llm.runtime=ai-sdk llm.provider=e2e-local llm.model=e2e-model llm runtime selected
[Kilo New][P0-Perf] {"corr":"bb5b4eac-1b57-444d-898b-935dcdf9b4f6","stage":"sse.event","t":1786779471498,"d":62341,"surface":"extension","span":"start","eventType":"session.status","dir":"/private/var/folders/9v/733tfwtj2jvgwygmtrbwj9gm0000gn/T/kilo-e2e-8ANOTU/workspace"}
[Kilo New][P0-Perf] {"corr":"bb5b4eac-1b57-444d-898b-935dcdf9b4f6","stage":"sse.event","t":1786779471498,"d":62341,"surface":"extension","span":"end","dur":0,"eventType":"session.status","dir":"/private/var/folders/9v/733tfwtj2jvgwygmtrbwj9gm0000gn/T/kilo-e2e-8ANOTU/workspace"}
[Kilo New][P0-Perf] {"corr":"bb5b4eac-1b57-444d-898b-935dcdf9b4f6","stage":"sse.event","t":1786779471514,"d":62357,"surface":"extension","span":"start","eventType":"message.part.updated","dir":"/private/var/folders/9v/733tfwtj2jvgwygmtrbwj9gm0000gn/T/kilo-e2e-8ANOTU/workspace"}
[Kilo New][P0-Perf] {"corr":"bb5b4eac-1b57-444d-898b-935dcdf9b4f6","stage":"sse.event","t":1786779471514,"d":62357,"surface":"extension","span":"end","dur":0,"eventType":"message.part.updated","dir":"/private/var/folders/9v/733tfwtj2jvgwygmtrbwj9gm0000gn/T/kilo-e2e-8ANOTU/workspace"}
[Kilo New][P0-Perf] {"corr":"bb5b4eac-1b57-444d-898b-935dcdf9b4f6","stage":"sse.event","t":1786779471514,"d":62357,"surface":"extension","span":"start","eventType":"message.part.updated.1","dir":"/private/var/folders/9v/733tfwtj2jvgwygmtrbwj9gm0000gn/T/kilo-e2e-8ANOTU/workspace"}
[Kilo New][P0-Perf] {"corr":"bb5b4eac-1b57-444d-898b-935dcdf9b4f6","stage":"sse.event","t":1786779471515,"d":62358,"surface":"extension","span":"end","dur":1,"eventType":"message.part.updated.1","dir":"/private/var/folders/9v/733tfwtj2jvgwygmtrbwj9gm0000gn/T/kilo-e2e-8ANOTU/workspace"}
[Kilo New][P0-Perf] {"corr":"bb5b4eac-1b57-444d-898b-935dcdf9b4f6","stage":"sse.event","t":1786779471515,"d":62358,"surface":"extension","span":"start","eventType":"message.part.updated","dir":"/private/var/folders/9v/733tfwtj2jvgwygmtrbwj9gm0000gn/T/kilo-e2e-8ANOTU/workspace"}
[Kilo New][P0-Perf] {"corr":"bb5b4eac-1b57-444d-898b-935dcdf9b4f6","stage":"sse.event","t":1786779471515,"d":62358,"surface":"extension","span":"end","dur":0,"eventType":"message.part.updated","dir":"/private/var/folders/9v/733tfwtj2jvgwygmtrbwj9gm0000gn/T/kilo-e2e-8ANOTU/workspace"}
[Kilo New][P0-Perf] {"corr":"bb5b4eac-1b57-444d-898b-935dcdf9b4f6","stage":"sse.event","t":1786779471515,"d":62358,"surface":"extension","span":"start","eventType":"message.part.updated.1","dir":"/private/var/folders/9v/733tfwtj2jvgwygmtrbwj9gm0000gn/T/kilo-e2e-8ANOTU/workspace"}
[Kilo New][P0-Perf] {"corr":"bb5b4eac-1b57-444d-898b-935dcdf9b4f6","stage":"sse.event","t":1786779471515,"d":62358,"surface":"extension","span":"end","dur":0,"eventType":"message.part.updated.1","dir":"/private/var/folders/9v/733tfwtj2jvgwygmtrbwj9gm0000gn/T/kilo-e2e-8ANOTU/workspace"}
[Kilo New][P0-Perf] {"corr":"bb5b4eac-1b57-444d-898b-935dcdf9b4f6","stage":"sse.event","t":1786779471515,"d":62358,"surface":"extension","span":"start","eventType":"message.part.delta","dir":"/private/var/folders/9v/733tfwtj2jvgwygmtrbwj9gm0000gn/T/kilo-e2e-8ANOTU/workspace"}
[Kilo New][P0-Perf] {"corr":"bb5b4eac-1b57-444d-898b-935dcdf9b4f6","stage":"sse.event","t":1786779471515,"d":62358,"surface":"extension","span":"end","dur":0,"eventType":"message.part.delta","dir":"/private/var/folders/9v/733tfwtj2jvgwygmtrbwj9gm0000gn/T/kilo-e2e-8ANOTU/workspace"}
[Kilo New][P0-Perf] {"corr":"bb5b4eac-1b57-444d-898b-935dcdf9b4f6","stage":"sse.event","t":1786779471515,"d":62358,"surface":"extension","span":"start","eventType":"message.part.updated","dir":"/private/var/folders/9v/733tfwtj2jvgwygmtrbwj9gm0000gn/T/kilo-e2e-8ANOTU/workspace"}
[Kilo New][P0-Perf] {"corr":"bb5b4eac-1b57-444d-898b-935dcdf9b4f6","stage":"sse.event","t":1786779471516,"d":62359,"surface":"extension","span":"end","dur":1,"eventType":"message.part.updated","dir":"/private/var/folders/9v/733tfwtj2jvgwygmtrbwj9gm0000gn/T/kilo-e2e-8ANOTU/workspace"}
[Kilo New][P0-Perf] {"corr":"bb5b4eac-1b57-444d-898b-935dcdf9b4f6","stage":"sse.event","t":1786779471516,"d":62359,"surface":"extension","span":"start","eventType":"message.part.updated.1","dir":"/private/var/folders/9v/733tfwtj2jvgwygmtrbwj9gm0000gn/T/kilo-e2e-8ANOTU/workspace"}
[Kilo New][P0-Perf] {"corr":"bb5b4eac-1b57-444d-898b-935dcdf9b4f6","stage":"sse.event","t":1786779471516,"d":62359,"surface":"extension","span":"end","dur":0,"eventType":"message.part.updated.1","dir":"/private/var/folders/9v/733tfwtj2jvgwygmtrbwj9gm0000gn/T/kilo-e2e-8ANOTU/workspace"}
[Kilo New][P0-Perf] {"corr":"bb5b4eac-1b57-444d-898b-935dcdf9b4f6","stage":"sse.event","t":1786779471655,"d":62498,"surface":"extension","span":"start","eventType":"session.updated","dir":"/private/var/folders/9v/733tfwtj2jvgwygmtrbwj9gm0000gn/T/kilo-e2e-8ANOTU/workspace"}
[Kilo New][P0-Perf] {"corr":"bb5b4eac-1b57-444d-898b-935dcdf9b4f6","stage":"sse.event","t":1786779471655,"d":62498,"surface":"extension","span":"end","dur":0,"eventType":"session.updated","dir":"/private/var/folders/9v/733tfwtj2jvgwygmtrbwj9gm0000gn/T/kilo-e2e-8ANOTU/workspace"}
[Kilo New][P0-Perf] {"corr":"bb5b4eac-1b57-444d-898b-935dcdf9b4f6","stage":"sse.event","t":1786779471656,"d":62499,"surface":"extension","span":"start","eventType":"session.updated.1","dir":"/private/var/folders/9v/733tfwtj2jvgwygmtrbwj9gm0000gn/T/kilo-e2e-8ANOTU/workspace"}
[Kilo New][P0-Perf] {"corr":"bb5b4eac-1b57-444d-898b-935dcdf9b4f6","stage":"sse.event","t":1786779471656,"d":62499,"surface":"extension","span":"end","dur":0,"eventType":"session.updated.1","dir":"/private/var/folders/9v/733tfwtj2jvgwygmtrbwj9gm0000gn/T/kilo-e2e-8ANOTU/workspace"}
[Kilo New][P0-Perf] {"corr":"bb5b4eac-1b57-444d-898b-935dcdf9b4f6","stage":"sse.event","t":1786779471676,"d":62519,"surface":"extension","span":"start","eventType":"session.diff","dir":"/private/var/folders/9v/733tfwtj2jvgwygmtrbwj9gm0000gn/T/kilo-e2e-8ANOTU/workspace"}
[Kilo New][P0-Perf] {"corr":"bb5b4eac-1b57-444d-898b-935dcdf9b4f6","stage":"sse.event","t":1786779471676,"d":62519,"surface":"extension","span":"end","dur":0,"eventType":"session.diff","dir":"/private/var/folders/9v/733tfwtj2jvgwygmtrbwj9gm0000gn/T/kilo-e2e-8ANOTU/workspace"}
[Kilo New] ServerManager: ⚠️ CLI Server stderr: INFO  2026-08-15T07:37:51 +299ms service=snapshot hash=dfb8ce3f262ad0124c6cf4d78ca7bbc50c3dd9a2 cwd=/private/var/folders/9v/733tfwtj2jvgwygmtrbwj9gm0000gn/T/kilo-e2e-8ANOTU/workspace git=/var/folders/9v/733tfwtj2jvgwygmtrbwj9gm0000gn/T/kilo-e2e-8ANOTU/xdg-data/kilo/snapshot/4d5c11ef39f7bccd8f64aa9c9ec14e4525f1d947/5d37ceabbbc88c4e2710ab78dda38cac193e4bd0 tracking
[Kilo New][P0-Perf] {"corr":"bb5b4eac-1b57-444d-898b-935dcdf9b4f6","stage":"sse.event","t":1786779471800,"d":62643,"surface":"extension","span":"start","eventType":"message.part.updated","dir":"/private/var/folders/9v/733tfwtj2jvgwygmtrbwj9gm0000gn/T/kilo-e2e-8ANOTU/workspace"}
[Kilo New][P0-Perf] {"corr":"bb5b4eac-1b57-444d-898b-935dcdf9b4f6","stage":"sse.event","t":1786779471800,"d":62643,"surface":"extension","span":"end","dur":0,"eventType":"message.part.updated","dir":"/private/var/folders/9v/733tfwtj2jvgwygmtrbwj9gm0000gn/T/kilo-e2e-8ANOTU/workspace"}
[Kilo New][P0-Perf] {"corr":"bb5b4eac-1b57-444d-898b-935dcdf9b4f6","stage":"sse.event","t":1786779471801,"d":62644,"surface":"extension","span":"start","eventType":"message.part.updated.1","dir":"/private/var/folders/9v/733tfwtj2jvgwygmtrbwj9gm0000gn/T/kilo-e2e-8ANOTU/workspace"}
[Kilo New][P0-Perf] {"corr":"bb5b4eac-1b57-444d-898b-935dcdf9b4f6","stage":"sse.event","t":1786779471801,"d":62644,"surface":"extension","span":"end","dur":0,"eventType":"message.part.updated.1","dir":"/private/var/folders/9v/733tfwtj2jvgwygmtrbwj9gm0000gn/T/kilo-e2e-8ANOTU/workspace"}
[Kilo New][P0-Perf] {"corr":"bb5b4eac-1b57-444d-898b-935dcdf9b4f6","stage":"sse.event","t":1786779471801,"d":62644,"surface":"extension","span":"start","eventType":"message.updated","dir":"/private/var/folders/9v/733tfwtj2jvgwygmtrbwj9gm0000gn/T/kilo-e2e-8ANOTU/workspace"}
[Kilo New][P0-Perf] {"corr":"bb5b4eac-1b57-444d-898b-935dcdf9b4f6","stage":"sse.event","t":1786779471801,"d":62644,"surface":"extension","span":"end","dur":0,"eventType":"message.updated","dir":"/private/var/folders/9v/733tfwtj2jvgwygmtrbwj9gm0000gn/T/kilo-e2e-8ANOTU/workspace"}
[Kilo New][P0-Perf] {"corr":"bb5b4eac-1b57-444d-898b-935dcdf9b4f6","stage":"sse.event","t":1786779471801,"d":62644,"surface":"extension","span":"start","eventType":"message.updated.1","dir":"/private/var/folders/9v/733tfwtj2jvgwygmtrbwj9gm0000gn/T/kilo-e2e-8ANOTU/workspace"}
[Kilo New][P0-Perf] {"corr":"bb5b4eac-1b57-444d-898b-935dcdf9b4f6","stage":"sse.event","t":1786779471801,"d":62644,"surface":"extension","span":"end","dur":0,"eventType":"message.updated.1","dir":"/private/var/folders/9v/733tfwtj2jvgwygmtrbwj9gm0000gn/T/kilo-e2e-8ANOTU/workspace"}
[Kilo New] ServerManager: ⚠️ CLI Server stderr: INFO  2026-08-15T07:37:51 +193ms service=session.prompt session.id=ses_ffba5a668ffeP77RqCa6WauoqE step=2 loop
[Kilo New] ServerManager: ⚠️ CLI Server stderr: INFO  2026-08-15T07:37:51 +2ms service=session.prompt session.id=ses_ffba5a668ffeP77RqCa6WauoqE exiting loop
[Kilo New] ServerManager: ⚠️ CLI Server stderr: INFO  2026-08-15T07:37:51 +3ms service=bus type=session.turn.close publishing
[Kilo New][P0-Perf] {"corr":"bb5b4eac-1b57-444d-898b-935dcdf9b4f6","stage":"sse.event","t":1786779471994,"d":62837,"surface":"extension","span":"start","eventType":"message.updated","dir":"/private/var/folders/9v/733tfwtj2jvgwygmtrbwj9gm0000gn/T/kilo-e2e-8ANOTU/workspace"}
[Kilo New][P0-Perf] {"corr":"bb5b4eac-1b57-444d-898b-935dcdf9b4f6","stage":"sse.event","t":1786779471995,"d":62838,"surface":"extension","span":"end","dur":1,"eventType":"message.updated","dir":"/private/var/folders/9v/733tfwtj2jvgwygmtrbwj9gm0000gn/T/kilo-e2e-8ANOTU/workspace"}
[Kilo New][P0-Perf] {"corr":"bb5b4eac-1b57-444d-898b-935dcdf9b4f6","stage":"sse.event","t":1786779471995,"d":62838,"surface":"extension","span":"start","eventType":"message.updated.1","dir":"/private/var/folders/9v/733tfwtj2jvgwygmtrbwj9gm0000gn/T/kilo-e2e-8ANOTU/workspace"}
[Kilo New][P0-Perf] {"corr":"bb5b4eac-1b57-444d-898b-935dcdf9b4f6","stage":"sse.event","t":1786779471995,"d":62838,"surface":"extension","span":"end","dur":0,"eventType":"message.updated.1","dir":"/private/var/folders/9v/733tfwtj2jvgwygmtrbwj9gm0000gn/T/kilo-e2e-8ANOTU/workspace"}
[Kilo New][P0-Perf] {"corr":"bb5b4eac-1b57-444d-898b-935dcdf9b4f6","stage":"sse.event","t":1786779471995,"d":62838,"surface":"extension","span":"start","eventType":"session.status","dir":"/private/var/folders/9v/733tfwtj2jvgwygmtrbwj9gm0000gn/T/kilo-e2e-8ANOTU/workspace"}
[Kilo New][P0-Perf] {"corr":"bb5b4eac-1b57-444d-898b-935dcdf9b4f6","stage":"sse.event","t":1786779471995,"d":62838,"surface":"extension","span":"end","dur":0,"eventType":"session.status","dir":"/private/var/folders/9v/733tfwtj2jvgwygmtrbwj9gm0000gn/T/kilo-e2e-8ANOTU/workspace"}
[Kilo New][P0-Perf] {"corr":"bb5b4eac-1b57-444d-898b-935dcdf9b4f6","stage":"sse.event","t":1786779471996,"d":62839,"surface":"extension","span":"start","eventType":"session.status","dir":"/private/var/folders/9v/733tfwtj2jvgwygmtrbwj9gm0000gn/T/kilo-e2e-8ANOTU/workspace"}
[Kilo New][P0-Perf] {"corr":"bb5b4eac-1b57-444d-898b-935dcdf9b4f6","stage":"sse.event","t":1786779471996,"d":62839,"surface":"extension","span":"end","dur":0,"eventType":"session.status","dir":"/private/var/folders/9v/733tfwtj2jvgwygmtrbwj9gm0000gn/T/kilo-e2e-8ANOTU/workspace"}
[Kilo New][P0-Perf] {"corr":"bb5b4eac-1b57-444d-898b-935dcdf9b4f6","stage":"sse.event","t":1786779471996,"d":62839,"surface":"extension","span":"start","eventType":"session.idle","dir":"/private/var/folders/9v/733tfwtj2jvgwygmtrbwj9gm0000gn/T/kilo-e2e-8ANOTU/workspace"}
[Kilo New][P0-Perf] {"corr":"bb5b4eac-1b57-444d-898b-935dcdf9b4f6","stage":"sse.event","t":1786779471996,"d":62839,"surface":"extension","span":"end","dur":0,"eventType":"session.idle","dir":"/private/var/folders/9v/733tfwtj2jvgwygmtrbwj9gm0000gn/T/kilo-e2e-8ANOTU/workspace"}
[Kilo New][P0-Perf] {"corr":"bb5b4eac-1b57-444d-898b-935dcdf9b4f6","stage":"sse.event","t":1786779471996,"d":62839,"surface":"extension","span":"start","eventType":"session.turn.close","dir":"/private/var/folders/9v/733tfwtj2jvgwygmtrbwj9gm0000gn/T/kilo-e2e-8ANOTU/workspace"}
[Kilo New][P0-Perf] {"corr":"bb5b4eac-1b57-444d-898b-935dcdf9b4f6","stage":"sse.event","t":1786779471997,"d":62840,"surface":"extension","span":"end","dur":1,"eventType":"session.turn.close","dir":"/private/var/folders/9v/733tfwtj2jvgwygmtrbwj9gm0000gn/T/kilo-e2e-8ANOTU/workspace"}
[Kilo New][P0-Perf] {"corr":"bb5b4eac-1b57-444d-898b-935dcdf9b4f6","stage":"sse.event","t":1786779472062,"d":62905,"surface":"extension","span":"start","eventType":"session.updated","dir":"/private/var/folders/9v/733tfwtj2jvgwygmtrbwj9gm0000gn/T/kilo-e2e-8ANOTU/workspace"}
[Kilo New][P0-Perf] {"corr":"bb5b4eac-1b57-444d-898b-935dcdf9b4f6","stage":"sse.event","t":1786779472063,"d":62906,"surface":"extension","span":"end","dur":1,"eventType":"session.updated","dir":"/private/var/folders/9v/733tfwtj2jvgwygmtrbwj9gm0000gn/T/kilo-e2e-8ANOTU/workspace"}
[Kilo New][P0-Perf] {"corr":"bb5b4eac-1b57-444d-898b-935dcdf9b4f6","stage":"sse.event","t":1786779472063,"d":62906,"surface":"extension","span":"start","eventType":"session.updated.1","dir":"/private/var/folders/9v/733tfwtj2jvgwygmtrbwj9gm0000gn/T/kilo-e2e-8ANOTU/workspace"}
[Kilo New][P0-Perf] {"corr":"bb5b4eac-1b57-444d-898b-935dcdf9b4f6","stage":"sse.event","t":1786779472063,"d":62906,"surface":"extension","span":"end","dur":0,"eventType":"session.updated.1","dir":"/private/var/folders/9v/733tfwtj2jvgwygmtrbwj9gm0000gn/T/kilo-e2e-8ANOTU/workspace"}
[Kilo New][P0-Perf] {"corr":"bb5b4eac-1b57-444d-898b-935dcdf9b4f6","stage":"sse.event","t":1786779472063,"d":62906,"surface":"extension","span":"start","eventType":"session.diff","dir":"/private/var/folders/9v/733tfwtj2jvgwygmtrbwj9gm0000gn/T/kilo-e2e-8ANOTU/workspace"}
[Kilo New][P0-Perf] {"corr":"bb5b4eac-1b57-444d-898b-935dcdf9b4f6","stage":"sse.event","t":1786779472063,"d":62906,"surface":"extension","span":"end","dur":0,"eventType":"session.diff","dir":"/private/var/folders/9v/733tfwtj2jvgwygmtrbwj9gm0000gn/T/kilo-e2e-8ANOTU/workspace"}
[Kilo New] ServerManager: ⚠️ CLI Server stderr: INFO  2026-08-15T07:37:52 +833ms service=model-cache providerID=apertis refreshing models
[Kilo New] ServerManager: ⚠️ CLI Server stderr: INFO  2026-08-15T07:37:52 +9ms service=model-cache providerID=apertis count=0 models fetched and cached
[Kilo New][P0-Perf] {"corr":"bb5b4eac-1b57-444d-898b-935dcdf9b4f6","stage":"sse.event","t":1786779472962,"d":63805,"surface":"extension","span":"start","eventType":"message.updated","dir":"/private/var/folders/9v/733tfwtj2jvgwygmtrbwj9gm0000gn/T/kilo-e2e-8ANOTU/workspace"}
[Kilo New][P0-Perf] {"corr":"bb5b4eac-1b57-444d-898b-935dcdf9b4f6","stage":"sse.event","t":1786779472962,"d":63805,"surface":"extension","span":"end","dur":0,"eventType":"message.updated","dir":"/private/var/folders/9v/733tfwtj2jvgwygmtrbwj9gm0000gn/T/kilo-e2e-8ANOTU/workspace"}
[Kilo New][P0-Perf] {"corr":"bb5b4eac-1b57-444d-898b-935dcdf9b4f6","stage":"sse.event","t":1786779472962,"d":63805,"surface":"extension","span":"start","eventType":"message.updated.1","dir":"/private/var/folders/9v/733tfwtj2jvgwygmtrbwj9gm0000gn/T/kilo-e2e-8ANOTU/workspace"}
[Kilo New][P0-Perf] {"corr":"bb5b4eac-1b57-444d-898b-935dcdf9b4f6","stage":"sse.event","t":1786779472962,"d":63805,"surface":"extension","span":"end","dur":0,"eventType":"message.updated.1","dir":"/private/var/folders/9v/733tfwtj2jvgwygmtrbwj9gm0000gn/T/kilo-e2e-8ANOTU/workspace"}
[Kilo New][P0-Perf] {"corr":"bb5b4eac-1b57-444d-898b-935dcdf9b4f6","stage":"sse.event","t":1786779472963,"d":63806,"surface":"extension","span":"start","eventType":"message.updated","dir":"/private/var/folders/9v/733tfwtj2jvgwygmtrbwj9gm0000gn/T/kilo-e2e-8ANOTU/workspace"}
[Kilo New][P0-Perf] {"corr":"bb5b4eac-1b57-444d-898b-935dcdf9b4f6","stage":"sse.event","t":1786779472963,"d":63806,"surface":"extension","span":"end","dur":0,"eventType":"message.updated","dir":"/private/var/folders/9v/733tfwtj2jvgwygmtrbwj9gm0000gn/T/kilo-e2e-8ANOTU/workspace"}
[Kilo New][P0-Perf] {"corr":"bb5b4eac-1b57-444d-898b-935dcdf9b4f6","stage":"sse.event","t":1786779472963,"d":63806,"surface":"extension","span":"start","eventType":"message.updated.1","dir":"/private/var/folders/9v/733tfwtj2jvgwygmtrbwj9gm0000gn/T/kilo-e2e-8ANOTU/workspace"}
[Kilo New][P0-Perf] {"corr":"bb5b4eac-1b57-444d-898b-935dcdf9b4f6","stage":"sse.event","t":1786779472963,"d":63806,"surface":"extension","span":"end","dur":0,"eventType":"message.updated.1","dir":"/private/var/folders/9v/733tfwtj2jvgwygmtrbwj9gm0000gn/T/kilo-e2e-8ANOTU/workspace"}
[probe] PASS H-5 MCP: connected + tool executed inside the real loop (attempt 1)
[probe] PASS H-5 MCP server-side log written: /var/folders/9v/733tfwtj2jvgwygmtrbwj9gm0000gn/T/kilo-e2e-8ANOTU/workspace/mcp-fixture/calls.log
[probe] PASS H-5 MCP child alive while connected: 36404
[Kilo New][P0-Perf] {"corr":"bb5b4eac-1b57-444d-898b-935dcdf9b4f6","stage":"prompt.submit","t":1786779473832,"d":64675,"surface":"extension","sessionID":"ses_ffba5a668ffeP77RqCa6WauoqE","messageID":"msg_0045b17960017S4Y538aQktitL","dir":"/var/folders/9v/733tfwtj2jvgwygmtrbwj9gm0000gn/T/kilo-e2e-8ANOTU/workspace"}
[Kilo New] ServerManager: ⚠️ CLI Server stderr: INFO  2026-08-15T07:37:53 +1041ms service=bus type=session.turn.open publishing
[Kilo New] ServerManager: ⚠️ CLI Server stderr: INFO  2026-08-15T07:37:53 +6ms service=session.prompt session.id=ses_ffba5a668ffeP77RqCa6WauoqE step=0 loop
[Kilo New] ServerManager: ⚠️ CLI Server stderr: INFO  2026-08-15T07:37:53 +5ms service=p0-perf event=p0.mark stage=processor_entry ts=1786779473879 id=ses_ffba5a668ffeP77RqCa6WauoqE meta={"messageID":"msg_0045b17d5001Fh83uLVDQytODZ","parentID":"msg_0045b17960017S4Y538aQktitL","model":"e2e-model","provider":"e2e-local"} processor_entry
[Kilo New][P0-Perf] {"corr":"bb5b4eac-1b57-444d-898b-935dcdf9b4f6","stage":"sse.event","t":1786779473881,"d":64724,"surface":"extension","span":"start","eventType":"message.updated","dir":"/private/var/folders/9v/733tfwtj2jvgwygmtrbwj9gm0000gn/T/kilo-e2e-8ANOTU/workspace"}
[Kilo New][P0-Perf] {"corr":"bb5b4eac-1b57-444d-898b-935dcdf9b4f6","stage":"sse.event","t":1786779473881,"d":64724,"surface":"extension","span":"end","dur":0,"eventType":"message.updated","dir":"/private/var/folders/9v/733tfwtj2jvgwygmtrbwj9gm0000gn/T/kilo-e2e-8ANOTU/workspace"}
[Kilo New][P0-Perf] {"corr":"bb5b4eac-1b57-444d-898b-935dcdf9b4f6","stage":"sse.event","t":1786779473882,"d":64725,"surface":"extension","span":"start","eventType":"message.updated.1","dir":"/private/var/folders/9v/733tfwtj2jvgwygmtrbwj9gm0000gn/T/kilo-e2e-8ANOTU/workspace"}
[Kilo New][P0-Perf] {"corr":"bb5b4eac-1b57-444d-898b-935dcdf9b4f6","stage":"sse.event","t":1786779473882,"d":64725,"surface":"extension","span":"end","dur":0,"eventType":"message.updated.1","dir":"/private/var/folders/9v/733tfwtj2jvgwygmtrbwj9gm0000gn/T/kilo-e2e-8ANOTU/workspace"}
[Kilo New][P0-Perf] {"corr":"bb5b4eac-1b57-444d-898b-935dcdf9b4f6","stage":"sse.event","t":1786779473882,"d":64725,"surface":"extension","span":"start","eventType":"message.part.updated","dir":"/private/var/folders/9v/733tfwtj2jvgwygmtrbwj9gm0000gn/T/kilo-e2e-8ANOTU/workspace"}
[Kilo New][P0-Perf] {"corr":"bb5b4eac-1b57-444d-898b-935dcdf9b4f6","stage":"sse.event","t":1786779473882,"d":64725,"surface":"extension","span":"end","dur":0,"eventType":"message.part.updated","dir":"/private/var/folders/9v/733tfwtj2jvgwygmtrbwj9gm0000gn/T/kilo-e2e-8ANOTU/workspace"}
[Kilo New][P0-Perf] {"corr":"bb5b4eac-1b57-444d-898b-935dcdf9b4f6","stage":"sse.event","t":1786779473882,"d":64725,"surface":"extension","span":"start","eventType":"message.part.updated.1","dir":"/private/var/folders/9v/733tfwtj2jvgwygmtrbwj9gm0000gn/T/kilo-e2e-8ANOTU/workspace"}
[Kilo New][P0-Perf] {"corr":"bb5b4eac-1b57-444d-898b-935dcdf9b4f6","stage":"sse.event","t":1786779473882,"d":64725,"surface":"extension","span":"end","dur":0,"eventType":"message.part.updated.1","dir":"/private/var/folders/9v/733tfwtj2jvgwygmtrbwj9gm0000gn/T/kilo-e2e-8ANOTU/workspace"}
[Kilo New][P0-Perf] {"corr":"bb5b4eac-1b57-444d-898b-935dcdf9b4f6","stage":"sse.event","t":1786779473882,"d":64725,"surface":"extension","span":"start","eventType":"session.updated","dir":"/private/var/folders/9v/733tfwtj2jvgwygmtrbwj9gm0000gn/T/kilo-e2e-8ANOTU/workspace"}
[Kilo New][P0-Perf] {"corr":"bb5b4eac-1b57-444d-898b-935dcdf9b4f6","stage":"sse.event","t":1786779473882,"d":64725,"surface":"extension","span":"end","dur":0,"eventType":"session.updated","dir":"/private/var/folders/9v/733tfwtj2jvgwygmtrbwj9gm0000gn/T/kilo-e2e-8ANOTU/workspace"}
[Kilo New][P0-Perf] {"corr":"bb5b4eac-1b57-444d-898b-935dcdf9b4f6","stage":"sse.event","t":1786779473882,"d":64725,"surface":"extension","span":"start","eventType":"session.updated.1","dir":"/private/var/folders/9v/733tfwtj2jvgwygmtrbwj9gm0000gn/T/kilo-e2e-8ANOTU/workspace"}
[Kilo New][P0-Perf] {"corr":"bb5b4eac-1b57-444d-898b-935dcdf9b4f6","stage":"sse.event","t":1786779473883,"d":64726,"surface":"extension","span":"end","dur":1,"eventType":"session.updated.1","dir":"/private/var/folders/9v/733tfwtj2jvgwygmtrbwj9gm0000gn/T/kilo-e2e-8ANOTU/workspace"}
[Kilo New][P0-Perf] {"corr":"bb5b4eac-1b57-444d-898b-935dcdf9b4f6","stage":"sse.event","t":1786779473883,"d":64726,"surface":"extension","span":"start","eventType":"session.turn.open","dir":"/private/var/folders/9v/733tfwtj2jvgwygmtrbwj9gm0000gn/T/kilo-e2e-8ANOTU/workspace"}
[Kilo New][P0-Perf] {"corr":"bb5b4eac-1b57-444d-898b-935dcdf9b4f6","stage":"sse.event","t":1786779473883,"d":64726,"surface":"extension","span":"end","dur":0,"eventType":"session.turn.open","dir":"/private/var/folders/9v/733tfwtj2jvgwygmtrbwj9gm0000gn/T/kilo-e2e-8ANOTU/workspace"}
[probe] sent prompt via real prompt input: E2E_PERMISSION_READ: read the ask.txt file
[Kilo New][P0-Perf] {"corr":"bb5b4eac-1b57-444d-898b-935dcdf9b4f6","stage":"sse.event","t":1786779473911,"d":64754,"surface":"extension","span":"start","eventType":"session.status","dir":"/private/var/folders/9v/733tfwtj2jvgwygmtrbwj9gm0000gn/T/kilo-e2e-8ANOTU/workspace"}
[Kilo New][P0-Perf] {"corr":"bb5b4eac-1b57-444d-898b-935dcdf9b4f6","stage":"sse.event","t":1786779473911,"d":64754,"surface":"extension","span":"end","dur":0,"eventType":"session.status","dir":"/private/var/folders/9v/733tfwtj2jvgwygmtrbwj9gm0000gn/T/kilo-e2e-8ANOTU/workspace"}
[Kilo New][P0-Perf] {"corr":"bb5b4eac-1b57-444d-898b-935dcdf9b4f6","stage":"sse.event","t":1786779473912,"d":64755,"surface":"extension","span":"start","eventType":"message.updated","dir":"/private/var/folders/9v/733tfwtj2jvgwygmtrbwj9gm0000gn/T/kilo-e2e-8ANOTU/workspace"}
[Kilo New][P0-Perf] {"corr":"bb5b4eac-1b57-444d-898b-935dcdf9b4f6","stage":"sse.event","t":1786779473912,"d":64755,"surface":"extension","span":"end","dur":0,"eventType":"message.updated","dir":"/private/var/folders/9v/733tfwtj2jvgwygmtrbwj9gm0000gn/T/kilo-e2e-8ANOTU/workspace"}
[Kilo New][P0-Perf] {"corr":"bb5b4eac-1b57-444d-898b-935dcdf9b4f6","stage":"sse.event","t":1786779473912,"d":64755,"surface":"extension","span":"start","eventType":"message.updated.1","dir":"/private/var/folders/9v/733tfwtj2jvgwygmtrbwj9gm0000gn/T/kilo-e2e-8ANOTU/workspace"}
[Kilo New][P0-Perf] {"corr":"bb5b4eac-1b57-444d-898b-935dcdf9b4f6","stage":"model.firstEvent","t":1786779473912,"d":64755,"surface":"extension","sessionID":"ses_ffba5a668ffeP77RqCa6WauoqE","messageID":"msg_0045b17d5001Fh83uLVDQytODZ","parentID":"msg_0045b17960017S4Y538aQktitL","dir":"/private/var/folders/9v/733tfwtj2jvgwygmtrbwj9gm0000gn/T/kilo-e2e-8ANOTU/workspace"}
[Kilo New][P0-Perf] {"corr":"bb5b4eac-1b57-444d-898b-935dcdf9b4f6","stage":"sse.event","t":1786779473912,"d":64755,"surface":"extension","span":"end","dur":0,"eventType":"message.updated.1","dir":"/private/var/folders/9v/733tfwtj2jvgwygmtrbwj9gm0000gn/T/kilo-e2e-8ANOTU/workspace"}
[Kilo New] ServerManager: ⚠️ CLI Server stderr: INFO  2026-08-15T07:37:54 +213ms service=snapshot hash=dfb8ce3f262ad0124c6cf4d78ca7bbc50c3dd9a2 cwd=/private/var/folders/9v/733tfwtj2jvgwygmtrbwj9gm0000gn/T/kilo-e2e-8ANOTU/workspace git=/var/folders/9v/733tfwtj2jvgwygmtrbwj9gm0000gn/T/kilo-e2e-8ANOTU/xdg-data/kilo/snapshot/4d5c11ef39f7bccd8f64aa9c9ec14e4525f1d947/5d37ceabbbc88c4e2710ab78dda38cac193e4bd0 tracking
[Kilo New] ServerManager: ⚠️ CLI Server stderr: INFO  2026-08-15T07:37:54 +1ms service=session.tools status=started resolveTools
[Kilo New] ServerManager: ⚠️ CLI Server stderr: INFO  2026-08-15T07:37:54 +2ms service=tool.registry status=started invalid
[Kilo New] ServerManager: ⚠️ CLI Server stderr: INFO  2026-08-15T07:37:54 +0ms service=tool.registry status=completed duration=0 invalid
[Kilo New] ServerManager: ⚠️ CLI Server stderr: INFO  2026-08-15T07:37:54 +1ms service=tool.registry status=started question
[Kilo New] ServerManager: ⚠️ CLI Server stderr: INFO  2026-08-15T07:37:54 +0ms service=tool.registry status=completed duration=0 question
[Kilo New] ServerManager: ⚠️ CLI Server stderr: INFO  2026-08-15T07:37:54 +0ms service=tool.registry status=started bash
[Kilo New] ServerManager: ⚠️ CLI Server stderr: INFO  2026-08-15T07:37:54 +0ms service=tool.registry status=completed duration=0 bash
[Kilo New] ServerManager: ⚠️ CLI Server stderr: INFO  2026-08-15T07:37:54 +0ms service=tool.registry status=started read
[Kilo New] ServerManager: ⚠️ CLI Server stderr: INFO  2026-08-15T07:37:54 +0ms service=tool.registry status=completed duration=0 read
[Kilo New] ServerManager: ⚠️ CLI Server stderr: INFO  2026-08-15T07:37:54 +0ms service=tool.registry status=started glob
[Kilo New] ServerManager: ⚠️ CLI Server stderr: INFO  2026-08-15T07:37:54 +0ms service=tool.registry status=completed duration=0 glob
[Kilo New] ServerManager: ⚠️ CLI Server stderr: INFO  2026-08-15T07:37:54 +1ms service=tool.registry status=started grep
[Kilo New] ServerManager: ⚠️ CLI Server stderr: INFO  2026-08-15T07:37:54 +0ms service=tool.registry status=completed duration=0 grep
[Kilo New] ServerManager: ⚠️ CLI Server stderr: INFO  2026-08-15T07:37:54 +0ms service=tool.registry status=started edit
[Kilo New] ServerManager: ⚠️ CLI Server stderr: INFO  2026-08-15T07:37:54 +0ms service=tool.registry status=completed duration=0 edit
[Kilo New] ServerManager: ⚠️ CLI Server stderr: INFO  2026-08-15T07:37:54 +0ms service=tool.registry status=started write
[Kilo New] ServerManager: ⚠️ CLI Server stderr: INFO  2026-08-15T07:37:54 +1ms service=tool.registry status=completed duration=1 write
[Kilo New] ServerManager: ⚠️ CLI Server stderr: INFO  2026-08-15T07:37:54 +0ms service=tool.registry status=started task
[Kilo New] ServerManager: ⚠️ CLI Server stderr: INFO  2026-08-15T07:37:54 +2ms service=tool.registry status=completed duration=2 task
[Kilo New] ServerManager: ⚠️ CLI Server stderr: INFO  2026-08-15T07:37:54 +0ms service=tool.registry status=started webfetch
[Kilo New] ServerManager: ⚠️ CLI Server stderr: INFO  2026-08-15T07:37:54 +0ms service=tool.registry status=completed duration=0 webfetch
[Kilo New] ServerManager: ⚠️ CLI Server stderr: INFO  2026-08-15T07:37:54 +0ms service=tool.registry status=started todowrite
[Kilo New] ServerManager: ⚠️ CLI Server stderr: INFO  2026-08-15T07:37:54 +1ms service=tool.registry status=completed duration=1 todowrite
[Kilo New] ServerManager: ⚠️ CLI Server stderr: INFO  2026-08-15T07:37:54 +0ms service=tool.registry status=started skill
[Kilo New] ServerManager: ⚠️ CLI Server stderr: INFO  2026-08-15T07:37:54 +1ms service=tool.registry status=completed duration=1 skill
[Kilo New] ServerManager: ⚠️ CLI Server stderr: INFO  2026-08-15T07:37:54 +0ms service=tool.registry status=started plan_exit
[Kilo New] ServerManager: ⚠️ CLI Server stderr: INFO  2026-08-15T07:37:54 +0ms service=tool.registry status=completed duration=0 plan_exit
[Kilo New] ServerManager: ⚠️ CLI Server stderr: INFO  2026-08-15T07:37:54 +1ms service=tool.registry status=started kilo_local_recall
[Kilo New] ServerManager: ⚠️ CLI Server stderr: INFO  2026-08-15T07:37:54 +0ms service=tool.registry status=completed duration=0 kilo_local_recall
[Kilo New] ServerManager: ⚠️ CLI Server stderr: INFO  2026-08-15T07:37:54 +0ms service=tool.registry status=started background_process
[Kilo New] ServerManager: ⚠️ CLI Server stderr: INFO  2026-08-15T07:37:54 +0ms service=tool.registry status=completed duration=0 background_process
[Kilo New] ServerManager: ⚠️ CLI Server stderr: INFO  2026-08-15T07:37:54 +0ms service=tool.registry status=started agent_manager_models
[Kilo New] ServerManager: ⚠️ CLI Server stderr: INFO  2026-08-15T07:37:54 +0ms service=tool.registry status=completed duration=0 agent_manager_models
[Kilo New] ServerManager: ⚠️ CLI Server stderr: INFO  2026-08-15T07:37:54 +0ms service=tool.registry status=started agent_manager
[Kilo New] ServerManager: ⚠️ CLI Server stderr: INFO  2026-08-15T07:37:54 +0ms service=tool.registry status=completed duration=0 agent_manager
[Kilo New] ServerManager: ⚠️ CLI Server stderr: INFO  2026-08-15T07:37:54 +0ms service=tool.registry status=started e2e_marker
[Kilo New] ServerManager: ⚠️ CLI Server stderr: INFO  2026-08-15T07:37:54 +0ms service=tool.registry status=completed duration=0 e2e_marker
[Kilo New] ServerManager: ⚠️ CLI Server stderr: INFO  2026-08-15T07:37:54 +1ms service=session.tools status=completed duration=11 resolveTools
[Kilo New] ServerManager: ⚠️ CLI Server stderr: INFO  2026-08-15T07:37:54 +104ms service=session.processor session.id=ses_ffba5a668ffeP77RqCa6WauoqE messageID=msg_0045b17d5001Fh83uLVDQytODZ process
[Kilo New] ServerManager: ⚠️ CLI Server stderr: INFO  2026-08-15T07:37:54 +3ms service=llm providerID=e2e-local modelID=e2e-model session.id=ses_ffba5a668ffeP77RqCa6WauoqE small=false agent=e2e-agent mode=primary stream
[Kilo New] ServerManager: ⚠️ CLI Server stderr: INFO  2026-08-15T07:37:54 +12ms service=default llm.runtime=ai-sdk llm.provider=e2e-local llm.model=e2e-model llm runtime selected
[Kilo New][P0-Perf] {"corr":"bb5b4eac-1b57-444d-898b-935dcdf9b4f6","stage":"sse.event","t":1786779474232,"d":65075,"surface":"extension","span":"start","eventType":"session.updated","dir":"/private/var/folders/9v/733tfwtj2jvgwygmtrbwj9gm0000gn/T/kilo-e2e-8ANOTU/workspace"}
[Kilo New][P0-Perf] {"corr":"bb5b4eac-1b57-444d-898b-935dcdf9b4f6","stage":"sse.event","t":1786779474232,"d":65075,"surface":"extension","span":"end","dur":0,"eventType":"session.updated","dir":"/private/var/folders/9v/733tfwtj2jvgwygmtrbwj9gm0000gn/T/kilo-e2e-8ANOTU/workspace"}
[Kilo New][P0-Perf] {"corr":"bb5b4eac-1b57-444d-898b-935dcdf9b4f6","stage":"sse.event","t":1786779474232,"d":65075,"surface":"extension","span":"start","eventType":"session.updated.1","dir":"/private/var/folders/9v/733tfwtj2jvgwygmtrbwj9gm0000gn/T/kilo-e2e-8ANOTU/workspace"}
[Kilo New][P0-Perf] {"corr":"bb5b4eac-1b57-444d-898b-935dcdf9b4f6","stage":"sse.event","t":1786779474232,"d":65075,"surface":"extension","span":"end","dur":0,"eventType":"session.updated.1","dir":"/private/var/folders/9v/733tfwtj2jvgwygmtrbwj9gm0000gn/T/kilo-e2e-8ANOTU/workspace"}
[Kilo New][P0-Perf] {"corr":"bb5b4eac-1b57-444d-898b-935dcdf9b4f6","stage":"sse.event","t":1786779474232,"d":65075,"surface":"extension","span":"start","eventType":"session.diff","dir":"/private/var/folders/9v/733tfwtj2jvgwygmtrbwj9gm0000gn/T/kilo-e2e-8ANOTU/workspace"}
[Kilo New][P0-Perf] {"corr":"bb5b4eac-1b57-444d-898b-935dcdf9b4f6","stage":"sse.event","t":1786779474233,"d":65076,"surface":"extension","span":"end","dur":1,"eventType":"session.diff","dir":"/private/var/folders/9v/733tfwtj2jvgwygmtrbwj9gm0000gn/T/kilo-e2e-8ANOTU/workspace"}
[Kilo New][P0-Perf] {"corr":"bb5b4eac-1b57-444d-898b-935dcdf9b4f6","stage":"sse.event","t":1786779474233,"d":65076,"surface":"extension","span":"start","eventType":"message.updated","dir":"/private/var/folders/9v/733tfwtj2jvgwygmtrbwj9gm0000gn/T/kilo-e2e-8ANOTU/workspace"}
[Kilo New][P0-Perf] {"corr":"bb5b4eac-1b57-444d-898b-935dcdf9b4f6","stage":"sse.event","t":1786779474233,"d":65076,"surface":"extension","span":"end","dur":0,"eventType":"message.updated","dir":"/private/var/folders/9v/733tfwtj2jvgwygmtrbwj9gm0000gn/T/kilo-e2e-8ANOTU/workspace"}
[Kilo New][P0-Perf] {"corr":"bb5b4eac-1b57-444d-898b-935dcdf9b4f6","stage":"sse.event","t":1786779474233,"d":65076,"surface":"extension","span":"start","eventType":"message.updated.1","dir":"/private/var/folders/9v/733tfwtj2jvgwygmtrbwj9gm0000gn/T/kilo-e2e-8ANOTU/workspace"}
[Kilo New][P0-Perf] {"corr":"bb5b4eac-1b57-444d-898b-935dcdf9b4f6","stage":"sse.event","t":1786779474233,"d":65076,"surface":"extension","span":"end","dur":0,"eventType":"message.updated.1","dir":"/private/var/folders/9v/733tfwtj2jvgwygmtrbwj9gm0000gn/T/kilo-e2e-8ANOTU/workspace"}
[Kilo New][P0-Perf] {"corr":"bb5b4eac-1b57-444d-898b-935dcdf9b4f6","stage":"sse.event","t":1786779474233,"d":65076,"surface":"extension","span":"start","eventType":"session.status","dir":"/private/var/folders/9v/733tfwtj2jvgwygmtrbwj9gm0000gn/T/kilo-e2e-8ANOTU/workspace"}
[Kilo New][P0-Perf] {"corr":"bb5b4eac-1b57-444d-898b-935dcdf9b4f6","stage":"sse.event","t":1786779474234,"d":65077,"surface":"extension","span":"end","dur":1,"eventType":"session.status","dir":"/private/var/folders/9v/733tfwtj2jvgwygmtrbwj9gm0000gn/T/kilo-e2e-8ANOTU/workspace"}
[Kilo New] ServerManager: ⚠️ CLI Server stderr: INFO  2026-08-15T07:37:54 +54ms service=p0-perf event=p0.start stage=tool_execute ts=1786779474277 id=ses_ffba5a668ffeP77RqCa6WauoqE meta={"tool":"read","callID":"call_e2e_read_1","messageID":"msg_0045b17d5001Fh83uLVDQytODZ"} tool_execute
[Kilo New] ServerManager: ⚠️ CLI Server stderr: INFO  2026-08-15T07:37:55 +757ms service=model-cache providerID=apertis refreshing models
[Kilo New][P0-Perf] {"corr":"bb5b4eac-1b57-444d-898b-935dcdf9b4f6","stage":"sse.event","t":1786779475035,"d":65878,"surface":"extension","span":"start","eventType":"message.part.updated","dir":"/private/var/folders/9v/733tfwtj2jvgwygmtrbwj9gm0000gn/T/kilo-e2e-8ANOTU/workspace"}
[Kilo New][P0-Perf] {"corr":"bb5b4eac-1b57-444d-898b-935dcdf9b4f6","stage":"sse.event","t":1786779475035,"d":65878,"surface":"extension","span":"end","dur":0,"eventType":"message.part.updated","dir":"/private/var/folders/9v/733tfwtj2jvgwygmtrbwj9gm0000gn/T/kilo-e2e-8ANOTU/workspace"}
[Kilo New][P0-Perf] {"corr":"bb5b4eac-1b57-444d-898b-935dcdf9b4f6","stage":"sse.event","t":1786779475035,"d":65878,"surface":"extension","span":"start","eventType":"message.part.updated.1","dir":"/private/var/folders/9v/733tfwtj2jvgwygmtrbwj9gm0000gn/T/kilo-e2e-8ANOTU/workspace"}
[Kilo New][P0-Perf] {"corr":"bb5b4eac-1b57-444d-898b-935dcdf9b4f6","stage":"sse.event","t":1786779475035,"d":65878,"surface":"extension","span":"end","dur":0,"eventType":"message.part.updated.1","dir":"/private/var/folders/9v/733tfwtj2jvgwygmtrbwj9gm0000gn/T/kilo-e2e-8ANOTU/workspace"}
[Kilo New][P0-Perf] {"corr":"bb5b4eac-1b57-444d-898b-935dcdf9b4f6","stage":"sse.event","t":1786779475035,"d":65878,"surface":"extension","span":"start","eventType":"message.part.updated","dir":"/private/var/folders/9v/733tfwtj2jvgwygmtrbwj9gm0000gn/T/kilo-e2e-8ANOTU/workspace"}
[Kilo New][P0-Perf] {"corr":"bb5b4eac-1b57-444d-898b-935dcdf9b4f6","stage":"sse.event","t":1786779475036,"d":65879,"surface":"extension","span":"end","dur":1,"eventType":"message.part.updated","dir":"/private/var/folders/9v/733tfwtj2jvgwygmtrbwj9gm0000gn/T/kilo-e2e-8ANOTU/workspace"}
[Kilo New][P0-Perf] {"corr":"bb5b4eac-1b57-444d-898b-935dcdf9b4f6","stage":"sse.event","t":1786779475036,"d":65879,"surface":"extension","span":"start","eventType":"message.part.updated.1","dir":"/private/var/folders/9v/733tfwtj2jvgwygmtrbwj9gm0000gn/T/kilo-e2e-8ANOTU/workspace"}
[Kilo New][P0-Perf] {"corr":"bb5b4eac-1b57-444d-898b-935dcdf9b4f6","stage":"sse.event","t":1786779475036,"d":65879,"surface":"extension","span":"end","dur":0,"eventType":"message.part.updated.1","dir":"/private/var/folders/9v/733tfwtj2jvgwygmtrbwj9gm0000gn/T/kilo-e2e-8ANOTU/workspace"}
[Kilo New][P0-Perf] {"corr":"bb5b4eac-1b57-444d-898b-935dcdf9b4f6","stage":"sse.event","t":1786779475036,"d":65879,"surface":"extension","span":"start","eventType":"message.part.updated","dir":"/private/var/folders/9v/733tfwtj2jvgwygmtrbwj9gm0000gn/T/kilo-e2e-8ANOTU/workspace"}
[Kilo New][P0-Perf] {"corr":"bb5b4eac-1b57-444d-898b-935dcdf9b4f6","stage":"sse.event","t":1786779475036,"d":65879,"surface":"extension","span":"end","dur":0,"eventType":"message.part.updated","dir":"/private/var/folders/9v/733tfwtj2jvgwygmtrbwj9gm0000gn/T/kilo-e2e-8ANOTU/workspace"}
[Kilo New][P0-Perf] {"corr":"bb5b4eac-1b57-444d-898b-935dcdf9b4f6","stage":"sse.event","t":1786779475036,"d":65879,"surface":"extension","span":"start","eventType":"message.part.updated.1","dir":"/private/var/folders/9v/733tfwtj2jvgwygmtrbwj9gm0000gn/T/kilo-e2e-8ANOTU/workspace"}
[Kilo New][P0-Perf] {"corr":"bb5b4eac-1b57-444d-898b-935dcdf9b4f6","stage":"sse.event","t":1786779475036,"d":65879,"surface":"extension","span":"end","dur":0,"eventType":"message.part.updated.1","dir":"/private/var/folders/9v/733tfwtj2jvgwygmtrbwj9gm0000gn/T/kilo-e2e-8ANOTU/workspace"}
[Kilo New] ServerManager: ⚠️ CLI Server stderr: INFO  2026-08-15T07:37:55 +43ms service=permission permission=read pattern=ask.txt action={"permission":"read","pattern":"ask.txt","action":"ask"} evaluated
[Kilo New] ServerManager: ⚠️ CLI Server stderr: INFO  2026-08-15T07:37:55 +1ms service=permission id=per_0045b1c86001HUXwEAcfBrVR9u permission=read patterns=["ask.txt"] asking
[Kilo New] ServerManager: ⚠️ CLI Server stderr: INFO  2026-08-15T07:37:55 +1ms service=p0-perf event=p0.start stage=permission_wait ts=1786779475079 id=per_0045b1c86001HUXwEAcfBrVR9u meta={"sessionID":"ses_ffba5a668ffeP77RqCa6WauoqE","permission":"read"} permission_wait
[Kilo New] ServerManager: ⚠️ CLI Server stderr: INFO  2026-08-15T07:37:55 +1ms service=model-cache providerID=apertis count=0 models fetched and cached
[Kilo New][P0-Perf] {"corr":"bb5b4eac-1b57-444d-898b-935dcdf9b4f6","stage":"sse.event","t":1786779475087,"d":65930,"surface":"extension","span":"start","eventType":"permission.asked","dir":"/private/var/folders/9v/733tfwtj2jvgwygmtrbwj9gm0000gn/T/kilo-e2e-8ANOTU/workspace"}
[Kilo New][P0-Perf] {"corr":"bb5b4eac-1b57-444d-898b-935dcdf9b4f6","stage":"permission.asked","t":1786779475087,"d":65930,"surface":"extension","id":"per_0045b1c86001HUXwEAcfBrVR9u"}
[Kilo New][P0-Perf] {"corr":"bb5b4eac-1b57-444d-898b-935dcdf9b4f6","stage":"sse.event","t":1786779475088,"d":65931,"surface":"extension","span":"end","dur":1,"eventType":"permission.asked","dir":"/private/var/folders/9v/733tfwtj2jvgwygmtrbwj9gm0000gn/T/kilo-e2e-8ANOTU/workspace"}
[probe] PASS H-6 permission: backend pending permission observable (attempt 1)
[probe] PASS H-6 permission dock visible
[probe] clicked PermissionDock Allow once
[Kilo New][P0-Perf] {"corr":"bb5b4eac-1b57-444d-898b-935dcdf9b4f6","stage":"sse.event","t":1786779475695,"d":66538,"surface":"extension","span":"start","eventType":"global.config.updated","dir":"global"}
[Kilo New][P0-Perf] {"corr":"bb5b4eac-1b57-444d-898b-935dcdf9b4f6","stage":"sse.event","t":1786779475696,"d":66539,"surface":"extension","span":"end","dur":1,"eventType":"global.config.updated","dir":"global"}
[Kilo New] ServerManager: ⚠️ CLI Server stderr: INFO  2026-08-15T07:37:55 +621ms service=p0-perf event=p0.start stage=config_load ts=1786779475701 dir=/private/var/folders/9v/733tfwtj2jvgwygmtrbwj9gm0000gn/T/kilo-e2e-8ANOTU/workspace config_load
[Kilo New] ServerManager: ⚠️ CLI Server stderr: INFO  2026-08-15T07:37:55 +68ms service=p0-perf event=p0.end stage=permission_wait ts=1786779475768 duration=690 id=per_0045b1c86001HUXwEAcfBrVR9u meta={"sessionID":"ses_ffba5a668ffeP77RqCa6WauoqE","permission":"read"} permission_wait
[Kilo New] ServerManager: ⚠️ CLI Server stderr: ERROR 2026-08-15T07:37:55 +2ms service=kilo-sessions sessionID=ses_ffba5a668ffeP77RqCa6WauoqE error=Error: InstanceRef not provided status sync failed
[Kilo New] ServerManager: ⚠️ CLI Server stderr: INFO  2026-08-15T07:37:55 +12ms service=kilocode.config path=/var/folders/9v/733tfwtj2jvgwygmtrbwj9gm0000gn/T/kilo-e2e-8ANOTU/xdg-config/kilo/kilo.jsonc migrated bash permission to allow for existing user
[Kilo New][P0-Perf] {"corr":"bb5b4eac-1b57-444d-898b-935dcdf9b4f6","stage":"sse.event","t":1786779475788,"d":66631,"surface":"extension","span":"start","eventType":"permission.replied","dir":"/private/var/folders/9v/733tfwtj2jvgwygmtrbwj9gm0000gn/T/kilo-e2e-8ANOTU/workspace"}
[Kilo New][P0-Perf] {"corr":"bb5b4eac-1b57-444d-898b-935dcdf9b4f6","stage":"permission.replied","t":1786779475788,"d":66631,"surface":"extension","requestID":"per_0045b1c86001HUXwEAcfBrVR9u"}
[Kilo New][P0-Perf] {"corr":"bb5b4eac-1b57-444d-898b-935dcdf9b4f6","stage":"sse.event","t":1786779475788,"d":66631,"surface":"extension","span":"end","dur":0,"eventType":"permission.replied","dir":"/private/var/folders/9v/733tfwtj2jvgwygmtrbwj9gm0000gn/T/kilo-e2e-8ANOTU/workspace"}
[Kilo New] ServerManager: ⚠️ CLI Server stderr: INFO  2026-08-15T07:37:55 +14ms service=config path=/var/folders/9v/733tfwtj2jvgwygmtrbwj9gm0000gn/T/kilo-e2e-8ANOTU/xdg-config/kilo/config.json loading
[Kilo New] ServerManager: ⚠️ CLI Server stderr: INFO  2026-08-15T07:37:55 +30ms service=config path=/var/folders/9v/733tfwtj2jvgwygmtrbwj9gm0000gn/T/kilo-e2e-8ANOTU/xdg-config/kilo/kilo.json loading
[Kilo New] ServerManager: ⚠️ CLI Server stderr: INFO  2026-08-15T07:37:55 +19ms service=config path=/var/folders/9v/733tfwtj2jvgwygmtrbwj9gm0000gn/T/kilo-e2e-8ANOTU/xdg-config/kilo/kilo.jsonc loading
[Kilo New] ServerManager: ⚠️ CLI Server stderr: INFO  2026-08-15T07:37:55 +4ms service=config path=/var/folders/9v/733tfwtj2jvgwygmtrbwj9gm0000gn/T/kilo-e2e-8ANOTU/xdg-config/kilo/opencode.json loading
[Kilo New] ServerManager: ⚠️ CLI Server stderr: INFO  2026-08-15T07:37:55 +22ms service=config path=/var/folders/9v/733tfwtj2jvgwygmtrbwj9gm0000gn/T/kilo-e2e-8ANOTU/xdg-config/kilo/opencode.jsonc loading
[Kilo New] ServerManager: ⚠️ CLI Server stderr: INFO  2026-08-15T07:37:55 +20ms service=lsp file=/private/var/folders/9v/733tfwtj2jvgwygmtrbwj9gm0000gn/T/kilo-e2e-8ANOTU/workspace/ask.txt touching file
[Kilo New] ServerManager: ⚠️ CLI Server stderr: INFO  2026-08-15T07:37:55 +4ms service=p0-perf event=p0.end stage=tool_execute ts=1786779475896 duration=1618 id=ses_ffba5a668ffeP77RqCa6WauoqE meta={"tool":"read","callID":"call_e2e_read_1","messageID":"msg_0045b17d5001Fh83uLVDQytODZ"} tool_execute
[Kilo New][P0-Perf] {"corr":"bb5b4eac-1b57-444d-898b-935dcdf9b4f6","stage":"sse.event","t":1786779475948,"d":66791,"surface":"extension","span":"start","eventType":"message.part.updated","dir":"/private/var/folders/9v/733tfwtj2jvgwygmtrbwj9gm0000gn/T/kilo-e2e-8ANOTU/workspace"}
[Kilo New][P0-Perf] {"corr":"bb5b4eac-1b57-444d-898b-935dcdf9b4f6","stage":"sse.event","t":1786779475948,"d":66791,"surface":"extension","span":"end","dur":0,"eventType":"message.part.updated","dir":"/private/var/folders/9v/733tfwtj2jvgwygmtrbwj9gm0000gn/T/kilo-e2e-8ANOTU/workspace"}
[Kilo New][P0-Perf] {"corr":"bb5b4eac-1b57-444d-898b-935dcdf9b4f6","stage":"sse.event","t":1786779475948,"d":66791,"surface":"extension","span":"start","eventType":"message.part.updated.1","dir":"/private/var/folders/9v/733tfwtj2jvgwygmtrbwj9gm0000gn/T/kilo-e2e-8ANOTU/workspace"}
[Kilo New][P0-Perf] {"corr":"bb5b4eac-1b57-444d-898b-935dcdf9b4f6","stage":"sse.event","t":1786779475948,"d":66791,"surface":"extension","span":"end","dur":0,"eventType":"message.part.updated.1","dir":"/private/var/folders/9v/733tfwtj2jvgwygmtrbwj9gm0000gn/T/kilo-e2e-8ANOTU/workspace"}
[Kilo New] ServerManager: ⚠️ CLI Server stderr: INFO  2026-08-15T07:37:56 +329ms service=snapshot hash=dfb8ce3f262ad0124c6cf4d78ca7bbc50c3dd9a2 cwd=/private/var/folders/9v/733tfwtj2jvgwygmtrbwj9gm0000gn/T/kilo-e2e-8ANOTU/workspace git=/var/folders/9v/733tfwtj2jvgwygmtrbwj9gm0000gn/T/kilo-e2e-8ANOTU/xdg-data/kilo/snapshot/4d5c11ef39f7bccd8f64aa9c9ec14e4525f1d947/5d37ceabbbc88c4e2710ab78dda38cac193e4bd0 tracking
[Kilo New][P0-Perf] {"corr":"bb5b4eac-1b57-444d-898b-935dcdf9b4f6","stage":"sse.event","t":1786779476242,"d":67085,"surface":"extension","span":"start","eventType":"message.part.updated","dir":"/private/var/folders/9v/733tfwtj2jvgwygmtrbwj9gm0000gn/T/kilo-e2e-8ANOTU/workspace"}
[Kilo New][P0-Perf] {"corr":"bb5b4eac-1b57-444d-898b-935dcdf9b4f6","stage":"sse.event","t":1786779476242,"d":67085,"surface":"extension","span":"end","dur":0,"eventType":"message.part.updated","dir":"/private/var/folders/9v/733tfwtj2jvgwygmtrbwj9gm0000gn/T/kilo-e2e-8ANOTU/workspace"}
[Kilo New][P0-Perf] {"corr":"bb5b4eac-1b57-444d-898b-935dcdf9b4f6","stage":"sse.event","t":1786779476242,"d":67085,"surface":"extension","span":"start","eventType":"message.part.updated.1","dir":"/private/var/folders/9v/733tfwtj2jvgwygmtrbwj9gm0000gn/T/kilo-e2e-8ANOTU/workspace"}
[Kilo New][P0-Perf] {"corr":"bb5b4eac-1b57-444d-898b-935dcdf9b4f6","stage":"sse.event","t":1786779476242,"d":67085,"surface":"extension","span":"end","dur":0,"eventType":"message.part.updated.1","dir":"/private/var/folders/9v/733tfwtj2jvgwygmtrbwj9gm0000gn/T/kilo-e2e-8ANOTU/workspace"}
[Kilo New][P0-Perf] {"corr":"bb5b4eac-1b57-444d-898b-935dcdf9b4f6","stage":"sse.event","t":1786779476243,"d":67086,"surface":"extension","span":"start","eventType":"message.updated","dir":"/private/var/folders/9v/733tfwtj2jvgwygmtrbwj9gm0000gn/T/kilo-e2e-8ANOTU/workspace"}
[Kilo New][P0-Perf] {"corr":"bb5b4eac-1b57-444d-898b-935dcdf9b4f6","stage":"sse.event","t":1786779476243,"d":67086,"surface":"extension","span":"end","dur":0,"eventType":"message.updated","dir":"/private/var/folders/9v/733tfwtj2jvgwygmtrbwj9gm0000gn/T/kilo-e2e-8ANOTU/workspace"}
[Kilo New][P0-Perf] {"corr":"bb5b4eac-1b57-444d-898b-935dcdf9b4f6","stage":"sse.event","t":1786779476243,"d":67086,"surface":"extension","span":"start","eventType":"message.updated.1","dir":"/private/var/folders/9v/733tfwtj2jvgwygmtrbwj9gm0000gn/T/kilo-e2e-8ANOTU/workspace"}
[Kilo New][P0-Perf] {"corr":"bb5b4eac-1b57-444d-898b-935dcdf9b4f6","stage":"sse.event","t":1786779476243,"d":67086,"surface":"extension","span":"end","dur":0,"eventType":"message.updated.1","dir":"/private/var/folders/9v/733tfwtj2jvgwygmtrbwj9gm0000gn/T/kilo-e2e-8ANOTU/workspace"}
[Kilo New] ServerManager: ⚠️ CLI Server stderr: INFO  2026-08-15T07:37:56 +141ms service=config path=/private/var/folders/9v/733tfwtj2jvgwygmtrbwj9gm0000gn/T/kilo-e2e-8ANOTU/workspace/.kilo/kilo.jsonc loading
[Kilo New] ServerManager: ⚠️ CLI Server stderr: INFO  2026-08-15T07:37:56 +5ms service=config path=/private/var/folders/9v/733tfwtj2jvgwygmtrbwj9gm0000gn/T/kilo-e2e-8ANOTU/workspace/.kilo/kilo.json loading
[Kilo New] ServerManager: ⚠️ CLI Server stderr: INFO  2026-08-15T07:37:56 +9ms service=config path=/private/var/folders/9v/733tfwtj2jvgwygmtrbwj9gm0000gn/T/kilo-e2e-8ANOTU/workspace/.kilo/opencode.jsonc loading
[Kilo New] ServerManager: ⚠️ CLI Server stderr: INFO  2026-08-15T07:37:56 +1ms service=config path=/private/var/folders/9v/733tfwtj2jvgwygmtrbwj9gm0000gn/T/kilo-e2e-8ANOTU/workspace/.kilo/opencode.json loading
[Kilo New] ServerManager: ⚠️ CLI Server stderr: INFO  2026-08-15T07:37:56 +8ms service=config path=/Users/jorkeyliu/.kilo/kilo.jsonc loading
[Kilo New] ServerManager: ⚠️ CLI Server stderr: INFO  2026-08-15T07:37:56 +0ms service=config path=/Users/jorkeyliu/.kilo/kilo.json loading
[Kilo New] ServerManager: ⚠️ CLI Server stderr: INFO  2026-08-15T07:37:56 +2ms service=config path=/Users/jorkeyliu/.kilo/opencode.jsonc loading
[Kilo New] ServerManager: ⚠️ CLI Server stderr: INFO  2026-08-15T07:37:56 +3ms service=config path=/Users/jorkeyliu/.kilo/opencode.json loading
[Kilo New] ServerManager: ⚠️ CLI Server stderr: INFO  2026-08-15T07:37:56 +55ms service=p0-perf event=p0.end stage=config_load ts=1786779476448 duration=747 dir=/private/var/folders/9v/733tfwtj2jvgwygmtrbwj9gm0000gn/T/kilo-e2e-8ANOTU/workspace config_load
[Kilo New] ServerManager: ⚠️ CLI Server stderr: INFO  2026-08-15T07:37:57 +1080ms service=model-cache providerID=apertis refreshing models
[Kilo New][P0-Perf] {"corr":"bb5b4eac-1b57-444d-898b-935dcdf9b4f6","stage":"sse.event","t":1786779477554,"d":68397,"surface":"extension","span":"start","eventType":"server.heartbeat"}
[Kilo New][P0-Perf] {"corr":"bb5b4eac-1b57-444d-898b-935dcdf9b4f6","stage":"sse.event","t":1786779477554,"d":68397,"surface":"extension","span":"end","dur":0,"eventType":"server.heartbeat"}
[Kilo New] ServerManager: ⚠️ CLI Server stderr: INFO  2026-08-15T07:37:57 +99ms service=model-cache providerID=apertis count=0 models fetched and cached
[Kilo New] ServerManager: ⚠️ CLI Server stderr: INFO  2026-08-15T07:37:57 +80ms service=session.prompt session.id=ses_ffba5a668ffeP77RqCa6WauoqE step=1 loop
[Kilo New] ServerManager: ⚠️ CLI Server stderr: INFO  2026-08-15T07:37:57 +20ms service=p0-perf event=p0.mark stage=processor_entry ts=1786779477728 id=ses_ffba5a668ffeP77RqCa6WauoqE meta={"messageID":"msg_0045b26da001fTHuwE0wnvlljB","parentID":"msg_0045b17960017S4Y538aQktitL","model":"e2e-model","provider":"e2e-local"} processor_entry
[Kilo New] ServerManager: ⚠️ CLI Server stderr: INFO  2026-08-15T07:37:59 +1328ms service=model-cache providerID=apertis refreshing models
[Kilo New][P0-Perf] {"corr":"bb5b4eac-1b57-444d-898b-935dcdf9b4f6","stage":"sse.event","t":1786779479102,"d":69945,"surface":"extension","span":"start","eventType":"message.updated","dir":"/private/var/folders/9v/733tfwtj2jvgwygmtrbwj9gm0000gn/T/kilo-e2e-8ANOTU/workspace"}
[Kilo New][P0-Perf] {"corr":"bb5b4eac-1b57-444d-898b-935dcdf9b4f6","stage":"sse.event","t":1786779479103,"d":69946,"surface":"extension","span":"end","dur":1,"eventType":"message.updated","dir":"/private/var/folders/9v/733tfwtj2jvgwygmtrbwj9gm0000gn/T/kilo-e2e-8ANOTU/workspace"}
[Kilo New][P0-Perf] {"corr":"bb5b4eac-1b57-444d-898b-935dcdf9b4f6","stage":"sse.event","t":1786779479103,"d":69946,"surface":"extension","span":"start","eventType":"message.updated.1","dir":"/private/var/folders/9v/733tfwtj2jvgwygmtrbwj9gm0000gn/T/kilo-e2e-8ANOTU/workspace"}
[Kilo New][P0-Perf] {"corr":"bb5b4eac-1b57-444d-898b-935dcdf9b4f6","stage":"sse.event","t":1786779479103,"d":69946,"surface":"extension","span":"end","dur":0,"eventType":"message.updated.1","dir":"/private/var/folders/9v/733tfwtj2jvgwygmtrbwj9gm0000gn/T/kilo-e2e-8ANOTU/workspace"}
[Kilo New][P0-Perf] {"corr":"bb5b4eac-1b57-444d-898b-935dcdf9b4f6","stage":"sse.event","t":1786779479103,"d":69946,"surface":"extension","span":"start","eventType":"session.status","dir":"/private/var/folders/9v/733tfwtj2jvgwygmtrbwj9gm0000gn/T/kilo-e2e-8ANOTU/workspace"}
[Kilo New][P0-Perf] {"corr":"bb5b4eac-1b57-444d-898b-935dcdf9b4f6","stage":"sse.event","t":1786779479104,"d":69947,"surface":"extension","span":"end","dur":1,"eventType":"session.status","dir":"/private/var/folders/9v/733tfwtj2jvgwygmtrbwj9gm0000gn/T/kilo-e2e-8ANOTU/workspace"}
[Kilo New][P0-Perf] {"corr":"bb5b4eac-1b57-444d-898b-935dcdf9b4f6","stage":"sse.event","t":1786779479104,"d":69947,"surface":"extension","span":"start","eventType":"message.updated","dir":"/private/var/folders/9v/733tfwtj2jvgwygmtrbwj9gm0000gn/T/kilo-e2e-8ANOTU/workspace"}
[Kilo New][P0-Perf] {"corr":"bb5b4eac-1b57-444d-898b-935dcdf9b4f6","stage":"sse.event","t":1786779479104,"d":69947,"surface":"extension","span":"end","dur":0,"eventType":"message.updated","dir":"/private/var/folders/9v/733tfwtj2jvgwygmtrbwj9gm0000gn/T/kilo-e2e-8ANOTU/workspace"}
[Kilo New][P0-Perf] {"corr":"bb5b4eac-1b57-444d-898b-935dcdf9b4f6","stage":"sse.event","t":1786779479104,"d":69947,"surface":"extension","span":"start","eventType":"message.updated.1","dir":"/private/var/folders/9v/733tfwtj2jvgwygmtrbwj9gm0000gn/T/kilo-e2e-8ANOTU/workspace"}
[Kilo New][P0-Perf] {"corr":"bb5b4eac-1b57-444d-898b-935dcdf9b4f6","stage":"model.firstEvent","t":1786779479104,"d":69947,"surface":"extension","sessionID":"ses_ffba5a668ffeP77RqCa6WauoqE","messageID":"msg_0045b26da001fTHuwE0wnvlljB","parentID":"msg_0045b17960017S4Y538aQktitL","dir":"/private/var/folders/9v/733tfwtj2jvgwygmtrbwj9gm0000gn/T/kilo-e2e-8ANOTU/workspace"}
[Kilo New][P0-Perf] {"corr":"bb5b4eac-1b57-444d-898b-935dcdf9b4f6","stage":"sse.event","t":1786779479104,"d":69947,"surface":"extension","span":"end","dur":0,"eventType":"message.updated.1","dir":"/private/var/folders/9v/733tfwtj2jvgwygmtrbwj9gm0000gn/T/kilo-e2e-8ANOTU/workspace"}
[Kilo New] ServerManager: ⚠️ CLI Server stderr: INFO  2026-08-15T07:37:59 +291ms service=model-cache providerID=apertis count=0 models fetched and cached
[Kilo New][P0-Perf] {"corr":"bb5b4eac-1b57-444d-898b-935dcdf9b4f6","stage":"sse.event","t":1786779479375,"d":70218,"surface":"extension","span":"start","eventType":"session.updated","dir":"/private/var/folders/9v/733tfwtj2jvgwygmtrbwj9gm0000gn/T/kilo-e2e-8ANOTU/workspace"}
[Kilo New][P0-Perf] {"corr":"bb5b4eac-1b57-444d-898b-935dcdf9b4f6","stage":"sse.event","t":1786779479375,"d":70218,"surface":"extension","span":"end","dur":0,"eventType":"session.updated","dir":"/private/var/folders/9v/733tfwtj2jvgwygmtrbwj9gm0000gn/T/kilo-e2e-8ANOTU/workspace"}
[Kilo New][P0-Perf] {"corr":"bb5b4eac-1b57-444d-898b-935dcdf9b4f6","stage":"sse.event","t":1786779479375,"d":70218,"surface":"extension","span":"start","eventType":"session.updated.1","dir":"/private/var/folders/9v/733tfwtj2jvgwygmtrbwj9gm0000gn/T/kilo-e2e-8ANOTU/workspace"}
[Kilo New][P0-Perf] {"corr":"bb5b4eac-1b57-444d-898b-935dcdf9b4f6","stage":"sse.event","t":1786779479376,"d":70219,"surface":"extension","span":"end","dur":1,"eventType":"session.updated.1","dir":"/private/var/folders/9v/733tfwtj2jvgwygmtrbwj9gm0000gn/T/kilo-e2e-8ANOTU/workspace"}
[Kilo New][P0-Perf] {"corr":"bb5b4eac-1b57-444d-898b-935dcdf9b4f6","stage":"sse.event","t":1786779479376,"d":70219,"surface":"extension","span":"start","eventType":"session.diff","dir":"/private/var/folders/9v/733tfwtj2jvgwygmtrbwj9gm0000gn/T/kilo-e2e-8ANOTU/workspace"}
[Kilo New][P0-Perf] {"corr":"bb5b4eac-1b57-444d-898b-935dcdf9b4f6","stage":"sse.event","t":1786779479376,"d":70219,"surface":"extension","span":"end","dur":0,"eventType":"session.diff","dir":"/private/var/folders/9v/733tfwtj2jvgwygmtrbwj9gm0000gn/T/kilo-e2e-8ANOTU/workspace"}
[Kilo New][P0-Perf] {"corr":"bb5b4eac-1b57-444d-898b-935dcdf9b4f6","stage":"sse.event","t":1786779479376,"d":70219,"surface":"extension","span":"start","eventType":"message.updated","dir":"/private/var/folders/9v/733tfwtj2jvgwygmtrbwj9gm0000gn/T/kilo-e2e-8ANOTU/workspace"}
[Kilo New][P0-Perf] {"corr":"bb5b4eac-1b57-444d-898b-935dcdf9b4f6","stage":"sse.event","t":1786779479376,"d":70219,"surface":"extension","span":"end","dur":0,"eventType":"message.updated","dir":"/private/var/folders/9v/733tfwtj2jvgwygmtrbwj9gm0000gn/T/kilo-e2e-8ANOTU/workspace"}
[Kilo New][P0-Perf] {"corr":"bb5b4eac-1b57-444d-898b-935dcdf9b4f6","stage":"sse.event","t":1786779479376,"d":70219,"surface":"extension","span":"start","eventType":"message.updated.1","dir":"/private/var/folders/9v/733tfwtj2jvgwygmtrbwj9gm0000gn/T/kilo-e2e-8ANOTU/workspace"}
[Kilo New][P0-Perf] {"corr":"bb5b4eac-1b57-444d-898b-935dcdf9b4f6","stage":"sse.event","t":1786779479377,"d":70220,"surface":"extension","span":"end","dur":1,"eventType":"message.updated.1","dir":"/private/var/folders/9v/733tfwtj2jvgwygmtrbwj9gm0000gn/T/kilo-e2e-8ANOTU/workspace"}
[Kilo New][P0-Perf] {"corr":"bb5b4eac-1b57-444d-898b-935dcdf9b4f6","stage":"sse.event","t":1786779479574,"d":70417,"surface":"extension","span":"start","eventType":"message.part.updated","dir":"/private/var/folders/9v/733tfwtj2jvgwygmtrbwj9gm0000gn/T/kilo-e2e-8ANOTU/workspace"}
[Kilo New][P0-Perf] {"corr":"bb5b4eac-1b57-444d-898b-935dcdf9b4f6","stage":"sse.event","t":1786779479574,"d":70417,"surface":"extension","span":"end","dur":0,"eventType":"message.part.updated","dir":"/private/var/folders/9v/733tfwtj2jvgwygmtrbwj9gm0000gn/T/kilo-e2e-8ANOTU/workspace"}
[Kilo New][P0-Perf] {"corr":"bb5b4eac-1b57-444d-898b-935dcdf9b4f6","stage":"sse.event","t":1786779479574,"d":70417,"surface":"extension","span":"start","eventType":"message.part.updated.1","dir":"/private/var/folders/9v/733tfwtj2jvgwygmtrbwj9gm0000gn/T/kilo-e2e-8ANOTU/workspace"}
[Kilo New][P0-Perf] {"corr":"bb5b4eac-1b57-444d-898b-935dcdf9b4f6","stage":"sse.event","t":1786779479574,"d":70417,"surface":"extension","span":"end","dur":0,"eventType":"message.part.updated.1","dir":"/private/var/folders/9v/733tfwtj2jvgwygmtrbwj9gm0000gn/T/kilo-e2e-8ANOTU/workspace"}
[Kilo New][P0-Perf] {"corr":"bb5b4eac-1b57-444d-898b-935dcdf9b4f6","stage":"sse.event","t":1786779479772,"d":70615,"surface":"extension","span":"start","eventType":"message.part.updated","dir":"/private/var/folders/9v/733tfwtj2jvgwygmtrbwj9gm0000gn/T/kilo-e2e-8ANOTU/workspace"}
[Kilo New][P0-Perf] {"corr":"bb5b4eac-1b57-444d-898b-935dcdf9b4f6","stage":"sse.event","t":1786779479772,"d":70615,"surface":"extension","span":"end","dur":0,"eventType":"message.part.updated","dir":"/private/var/folders/9v/733tfwtj2jvgwygmtrbwj9gm0000gn/T/kilo-e2e-8ANOTU/workspace"}
[Kilo New][P0-Perf] {"corr":"bb5b4eac-1b57-444d-898b-935dcdf9b4f6","stage":"sse.event","t":1786779479773,"d":70616,"surface":"extension","span":"start","eventType":"message.part.updated.1","dir":"/private/var/folders/9v/733tfwtj2jvgwygmtrbwj9gm0000gn/T/kilo-e2e-8ANOTU/workspace"}
[Kilo New][P0-Perf] {"corr":"bb5b4eac-1b57-444d-898b-935dcdf9b4f6","stage":"sse.event","t":1786779479773,"d":70616,"surface":"extension","span":"end","dur":0,"eventType":"message.part.updated.1","dir":"/private/var/folders/9v/733tfwtj2jvgwygmtrbwj9gm0000gn/T/kilo-e2e-8ANOTU/workspace"}
[Kilo New][P0-Perf] {"corr":"bb5b4eac-1b57-444d-898b-935dcdf9b4f6","stage":"sse.event","t":1786779479939,"d":70782,"surface":"extension","span":"start","eventType":"message.part.updated","dir":"/private/var/folders/9v/733tfwtj2jvgwygmtrbwj9gm0000gn/T/kilo-e2e-8ANOTU/workspace"}
[Kilo New][P0-Perf] {"corr":"bb5b4eac-1b57-444d-898b-935dcdf9b4f6","stage":"sse.event","t":1786779479940,"d":70783,"surface":"extension","span":"end","dur":1,"eventType":"message.part.updated","dir":"/private/var/folders/9v/733tfwtj2jvgwygmtrbwj9gm0000gn/T/kilo-e2e-8ANOTU/workspace"}
[Kilo New][P0-Perf] {"corr":"bb5b4eac-1b57-444d-898b-935dcdf9b4f6","stage":"sse.event","t":1786779479940,"d":70783,"surface":"extension","span":"start","eventType":"message.part.updated.1","dir":"/private/var/folders/9v/733tfwtj2jvgwygmtrbwj9gm0000gn/T/kilo-e2e-8ANOTU/workspace"}
[Kilo New][P0-Perf] {"corr":"bb5b4eac-1b57-444d-898b-935dcdf9b4f6","stage":"sse.event","t":1786779479940,"d":70783,"surface":"extension","span":"end","dur":0,"eventType":"message.part.updated.1","dir":"/private/var/folders/9v/733tfwtj2jvgwygmtrbwj9gm0000gn/T/kilo-e2e-8ANOTU/workspace"}
[Kilo New] ServerManager: ⚠️ CLI Server stderr: WARN  2026-08-15T07:38:00 +748ms service=config dir=/var/folders/9v/733tfwtj2jvgwygmtrbwj9gm0000gn/T/kilo-e2e-8ANOTU/xdg-config/kilo error=Cause([Fail(NpmInstallFailedError (cause: @kilocode/plugin: No matching version found for @kilocode/plugin@0.0.0-jorkey-refactor-vscode-agent-orchestrator-202608141823.))]) background dependency install failed
[Kilo New][P0-Perf] {"corr":"bb5b4eac-1b57-444d-898b-935dcdf9b4f6","stage":"sse.event","t":1786779480128,"d":70971,"surface":"extension","span":"start","eventType":"message.part.updated","dir":"/private/var/folders/9v/733tfwtj2jvgwygmtrbwj9gm0000gn/T/kilo-e2e-8ANOTU/workspace"}
[Kilo New][P0-Perf] {"corr":"bb5b4eac-1b57-444d-898b-935dcdf9b4f6","stage":"sse.event","t":1786779480128,"d":70971,"surface":"extension","span":"end","dur":0,"eventType":"message.part.updated","dir":"/private/var/folders/9v/733tfwtj2jvgwygmtrbwj9gm0000gn/T/kilo-e2e-8ANOTU/workspace"}
[Kilo New][P0-Perf] {"corr":"bb5b4eac-1b57-444d-898b-935dcdf9b4f6","stage":"sse.event","t":1786779480128,"d":70971,"surface":"extension","span":"start","eventType":"message.part.updated.1","dir":"/private/var/folders/9v/733tfwtj2jvgwygmtrbwj9gm0000gn/T/kilo-e2e-8ANOTU/workspace"}
[Kilo New][P0-Perf] {"corr":"bb5b4eac-1b57-444d-898b-935dcdf9b4f6","stage":"sse.event","t":1786779480128,"d":70971,"surface":"extension","span":"end","dur":0,"eventType":"message.part.updated.1","dir":"/private/var/folders/9v/733tfwtj2jvgwygmtrbwj9gm0000gn/T/kilo-e2e-8ANOTU/workspace"}
[Kilo New] ServerManager: ⚠️ CLI Server stderr: INFO  2026-08-15T07:38:00 +68ms service=snapshot prune=7.days cleanup
[Kilo New][P0-Perf] {"corr":"bb5b4eac-1b57-444d-898b-935dcdf9b4f6","stage":"sse.event","t":1786779480225,"d":71068,"surface":"extension","span":"start","eventType":"message.part.updated","dir":"/private/var/folders/9v/733tfwtj2jvgwygmtrbwj9gm0000gn/T/kilo-e2e-8ANOTU/workspace"}
[Kilo New][P0-Perf] {"corr":"bb5b4eac-1b57-444d-898b-935dcdf9b4f6","stage":"sse.event","t":1786779480225,"d":71068,"surface":"extension","span":"end","dur":0,"eventType":"message.part.updated","dir":"/private/var/folders/9v/733tfwtj2jvgwygmtrbwj9gm0000gn/T/kilo-e2e-8ANOTU/workspace"}
[Kilo New][P0-Perf] {"corr":"bb5b4eac-1b57-444d-898b-935dcdf9b4f6","stage":"sse.event","t":1786779480225,"d":71068,"surface":"extension","span":"start","eventType":"message.part.updated.1","dir":"/private/var/folders/9v/733tfwtj2jvgwygmtrbwj9gm0000gn/T/kilo-e2e-8ANOTU/workspace"}
[Kilo New][P0-Perf] {"corr":"bb5b4eac-1b57-444d-898b-935dcdf9b4f6","stage":"sse.event","t":1786779480226,"d":71069,"surface":"extension","span":"end","dur":1,"eventType":"message.part.updated.1","dir":"/private/var/folders/9v/733tfwtj2jvgwygmtrbwj9gm0000gn/T/kilo-e2e-8ANOTU/workspace"}
[Kilo New][P0-Perf] {"corr":"bb5b4eac-1b57-444d-898b-935dcdf9b4f6","stage":"sse.event","t":1786779480411,"d":71254,"surface":"extension","span":"start","eventType":"message.part.updated","dir":"/private/var/folders/9v/733tfwtj2jvgwygmtrbwj9gm0000gn/T/kilo-e2e-8ANOTU/workspace"}
[Kilo New][P0-Perf] {"corr":"bb5b4eac-1b57-444d-898b-935dcdf9b4f6","stage":"sse.event","t":1786779480411,"d":71254,"surface":"extension","span":"end","dur":0,"eventType":"message.part.updated","dir":"/private/var/folders/9v/733tfwtj2jvgwygmtrbwj9gm0000gn/T/kilo-e2e-8ANOTU/workspace"}
[Kilo New][P0-Perf] {"corr":"bb5b4eac-1b57-444d-898b-935dcdf9b4f6","stage":"sse.event","t":1786779480411,"d":71254,"surface":"extension","span":"start","eventType":"message.part.updated.1","dir":"/private/var/folders/9v/733tfwtj2jvgwygmtrbwj9gm0000gn/T/kilo-e2e-8ANOTU/workspace"}
[Kilo New][P0-Perf] {"corr":"bb5b4eac-1b57-444d-898b-935dcdf9b4f6","stage":"sse.event","t":1786779480411,"d":71254,"surface":"extension","span":"end","dur":0,"eventType":"message.part.updated.1","dir":"/private/var/folders/9v/733tfwtj2jvgwygmtrbwj9gm0000gn/T/kilo-e2e-8ANOTU/workspace"}
[Kilo New][P0-Perf] {"corr":"bb5b4eac-1b57-444d-898b-935dcdf9b4f6","stage":"sse.event","t":1786779480559,"d":71402,"surface":"extension","span":"start","eventType":"message.part.updated","dir":"/private/var/folders/9v/733tfwtj2jvgwygmtrbwj9gm0000gn/T/kilo-e2e-8ANOTU/workspace"}
[Kilo New][P0-Perf] {"corr":"bb5b4eac-1b57-444d-898b-935dcdf9b4f6","stage":"sse.event","t":1786779480560,"d":71403,"surface":"extension","span":"end","dur":1,"eventType":"message.part.updated","dir":"/private/var/folders/9v/733tfwtj2jvgwygmtrbwj9gm0000gn/T/kilo-e2e-8ANOTU/workspace"}
[Kilo New][P0-Perf] {"corr":"bb5b4eac-1b57-444d-898b-935dcdf9b4f6","stage":"sse.event","t":1786779480560,"d":71403,"surface":"extension","span":"start","eventType":"message.part.updated.1","dir":"/private/var/folders/9v/733tfwtj2jvgwygmtrbwj9gm0000gn/T/kilo-e2e-8ANOTU/workspace"}
[Kilo New][P0-Perf] {"corr":"bb5b4eac-1b57-444d-898b-935dcdf9b4f6","stage":"sse.event","t":1786779480560,"d":71403,"surface":"extension","span":"end","dur":0,"eventType":"message.part.updated.1","dir":"/private/var/folders/9v/733tfwtj2jvgwygmtrbwj9gm0000gn/T/kilo-e2e-8ANOTU/workspace"}
[Kilo New][P0-Perf] {"corr":"bb5b4eac-1b57-444d-898b-935dcdf9b4f6","stage":"sse.event","t":1786779480702,"d":71545,"surface":"extension","span":"start","eventType":"message.part.updated","dir":"/private/var/folders/9v/733tfwtj2jvgwygmtrbwj9gm0000gn/T/kilo-e2e-8ANOTU/workspace"}
[Kilo New][P0-Perf] {"corr":"bb5b4eac-1b57-444d-898b-935dcdf9b4f6","stage":"sse.event","t":1786779480702,"d":71545,"surface":"extension","span":"end","dur":0,"eventType":"message.part.updated","dir":"/private/var/folders/9v/733tfwtj2jvgwygmtrbwj9gm0000gn/T/kilo-e2e-8ANOTU/workspace"}
[Kilo New][P0-Perf] {"corr":"bb5b4eac-1b57-444d-898b-935dcdf9b4f6","stage":"sse.event","t":1786779480702,"d":71545,"surface":"extension","span":"start","eventType":"message.part.updated.1","dir":"/private/var/folders/9v/733tfwtj2jvgwygmtrbwj9gm0000gn/T/kilo-e2e-8ANOTU/workspace"}
[Kilo New][P0-Perf] {"corr":"bb5b4eac-1b57-444d-898b-935dcdf9b4f6","stage":"sse.event","t":1786779480702,"d":71545,"surface":"extension","span":"end","dur":0,"eventType":"message.part.updated.1","dir":"/private/var/folders/9v/733tfwtj2jvgwygmtrbwj9gm0000gn/T/kilo-e2e-8ANOTU/workspace"}
[Kilo New] ServerManager: ⚠️ CLI Server stderr: INFO  2026-08-15T07:38:00 +624ms service=snapshot hash=dfb8ce3f262ad0124c6cf4d78ca7bbc50c3dd9a2 cwd=/private/var/folders/9v/733tfwtj2jvgwygmtrbwj9gm0000gn/T/kilo-e2e-8ANOTU/workspace git=/var/folders/9v/733tfwtj2jvgwygmtrbwj9gm0000gn/T/kilo-e2e-8ANOTU/xdg-data/kilo/snapshot/4d5c11ef39f7bccd8f64aa9c9ec14e4525f1d947/5d37ceabbbc88c4e2710ab78dda38cac193e4bd0 tracking
[Kilo New] ServerManager: ⚠️ CLI Server stderr: INFO  2026-08-15T07:38:01 +996ms service=model-cache providerID=apertis refreshing models
[Kilo New] ServerManager: ⚠️ CLI Server stderr: INFO  2026-08-15T07:38:02 +218ms service=session.tools status=started resolveTools
[Kilo New][P0-Perf] {"corr":"bb5b4eac-1b57-444d-898b-935dcdf9b4f6","stage":"sse.event","t":1786779482008,"d":72851,"surface":"extension","span":"start","eventType":"message.part.updated","dir":"/private/var/folders/9v/733tfwtj2jvgwygmtrbwj9gm0000gn/T/kilo-e2e-8ANOTU/workspace"}
[Kilo New][P0-Perf] {"corr":"bb5b4eac-1b57-444d-898b-935dcdf9b4f6","stage":"sse.event","t":1786779482008,"d":72851,"surface":"extension","span":"end","dur":0,"eventType":"message.part.updated","dir":"/private/var/folders/9v/733tfwtj2jvgwygmtrbwj9gm0000gn/T/kilo-e2e-8ANOTU/workspace"}
[Kilo New][P0-Perf] {"corr":"bb5b4eac-1b57-444d-898b-935dcdf9b4f6","stage":"sse.event","t":1786779482008,"d":72851,"surface":"extension","span":"start","eventType":"message.part.updated.1","dir":"/private/var/folders/9v/733tfwtj2jvgwygmtrbwj9gm0000gn/T/kilo-e2e-8ANOTU/workspace"}
[Kilo New][P0-Perf] {"corr":"bb5b4eac-1b57-444d-898b-935dcdf9b4f6","stage":"sse.event","t":1786779482008,"d":72851,"surface":"extension","span":"end","dur":0,"eventType":"message.part.updated.1","dir":"/private/var/folders/9v/733tfwtj2jvgwygmtrbwj9gm0000gn/T/kilo-e2e-8ANOTU/workspace"}
[Kilo New][P0-Perf] {"corr":"bb5b4eac-1b57-444d-898b-935dcdf9b4f6","stage":"sse.event","t":1786779482008,"d":72851,"surface":"extension","span":"start","eventType":"message.part.removed","dir":"/private/var/folders/9v/733tfwtj2jvgwygmtrbwj9gm0000gn/T/kilo-e2e-8ANOTU/workspace"}
[Kilo New][P0-Perf] {"corr":"bb5b4eac-1b57-444d-898b-935dcdf9b4f6","stage":"sse.event","t":1786779482009,"d":72852,"surface":"extension","span":"end","dur":1,"eventType":"message.part.removed","dir":"/private/var/folders/9v/733tfwtj2jvgwygmtrbwj9gm0000gn/T/kilo-e2e-8ANOTU/workspace"}
[Kilo New][P0-Perf] {"corr":"bb5b4eac-1b57-444d-898b-935dcdf9b4f6","stage":"sse.event","t":1786779482009,"d":72852,"surface":"extension","span":"start","eventType":"message.part.removed.1","dir":"/private/var/folders/9v/733tfwtj2jvgwygmtrbwj9gm0000gn/T/kilo-e2e-8ANOTU/workspace"}
[Kilo New][P0-Perf] {"corr":"bb5b4eac-1b57-444d-898b-935dcdf9b4f6","stage":"sse.event","t":1786779482009,"d":72852,"surface":"extension","span":"end","dur":0,"eventType":"message.part.removed.1","dir":"/private/var/folders/9v/733tfwtj2jvgwygmtrbwj9gm0000gn/T/kilo-e2e-8ANOTU/workspace"}
[Kilo New] ServerManager: ⚠️ CLI Server stderr: INFO  2026-08-15T07:38:02 +37ms service=model-cache providerID=apertis count=0 models fetched and cached
[Kilo New] ServerManager: ⚠️ CLI Server stderr: INFO  2026-08-15T07:38:02 +303ms service=tool.registry status=started invalid
[Kilo New] ServerManager: ⚠️ CLI Server stderr: INFO  2026-08-15T07:38:02 +1ms service=tool.registry status=completed duration=1 invalid
[Kilo New] ServerManager: ⚠️ CLI Server stderr: INFO  2026-08-15T07:38:02 +0ms service=tool.registry status=started question
[Kilo New] ServerManager: ⚠️ CLI Server stderr: INFO  2026-08-15T07:38:02 +0ms service=tool.registry status=completed duration=0 question
[Kilo New] ServerManager: ⚠️ CLI Server stderr: INFO  2026-08-15T07:38:02 +0ms service=tool.registry status=started bash
[Kilo New] ServerManager: ⚠️ CLI Server stderr: INFO  2026-08-15T07:38:02 +0ms service=tool.registry status=completed duration=0 bash
[Kilo New] ServerManager: ⚠️ CLI Server stderr: INFO  2026-08-15T07:38:02 +0ms service=tool.registry status=started read
[Kilo New] ServerManager: ⚠️ CLI Server stderr: INFO  2026-08-15T07:38:02 +0ms service=tool.registry status=completed duration=0 read
[Kilo New] ServerManager: ⚠️ CLI Server stderr: INFO  2026-08-15T07:38:02 +0ms service=tool.registry status=started glob
[Kilo New] ServerManager: ⚠️ CLI Server stderr: INFO  2026-08-15T07:38:02 +0ms service=tool.registry status=completed duration=0 glob
[Kilo New] ServerManager: ⚠️ CLI Server stderr: INFO  2026-08-15T07:38:02 +0ms service=tool.registry status=started grep
[Kilo New] ServerManager: ⚠️ CLI Server stderr: INFO  2026-08-15T07:38:02 +0ms service=tool.registry status=completed duration=0 grep
[Kilo New] ServerManager: ⚠️ CLI Server stderr: INFO  2026-08-15T07:38:02 +0ms service=tool.registry status=started edit
[Kilo New] ServerManager: ⚠️ CLI Server stderr: INFO  2026-08-15T07:38:02 +1ms service=tool.registry status=completed duration=1 edit
[Kilo New] ServerManager: ⚠️ CLI Server stderr: INFO  2026-08-15T07:38:02 +0ms service=tool.registry status=started write
[Kilo New] ServerManager: ⚠️ CLI Server stderr: INFO  2026-08-15T07:38:02 +0ms service=tool.registry status=completed duration=0 write
[Kilo New] ServerManager: ⚠️ CLI Server stderr: INFO  2026-08-15T07:38:02 +0ms service=tool.registry status=started task
[Kilo New] ServerManager: ⚠️ CLI Server stderr: INFO  2026-08-15T07:38:02 +3ms service=tool.registry status=completed duration=3 task
[Kilo New] ServerManager: ⚠️ CLI Server stderr: INFO  2026-08-15T07:38:02 +0ms service=tool.registry status=started webfetch
[Kilo New] ServerManager: ⚠️ CLI Server stderr: INFO  2026-08-15T07:38:02 +2ms service=tool.registry status=completed duration=2 webfetch
[Kilo New] ServerManager: ⚠️ CLI Server stderr: INFO  2026-08-15T07:38:02 +3ms service=tool.registry status=started todowrite
[Kilo New] ServerManager: ⚠️ CLI Server stderr: INFO  2026-08-15T07:38:02 +2ms service=tool.registry status=completed duration=2 todowrite
[Kilo New] ServerManager: ⚠️ CLI Server stderr: INFO  2026-08-15T07:38:02 +0ms service=tool.registry status=started skill
[Kilo New] ServerManager: ⚠️ CLI Server stderr: INFO  2026-08-15T07:38:02 +1ms service=tool.registry status=completed duration=1 skill
[Kilo New] ServerManager: ⚠️ CLI Server stderr: INFO  2026-08-15T07:38:02 +0ms service=tool.registry status=started plan_exit
[Kilo New] ServerManager: ⚠️ CLI Server stderr: INFO  2026-08-15T07:38:02 +0ms service=tool.registry status=completed duration=0 plan_exit
[Kilo New] ServerManager: ⚠️ CLI Server stderr: INFO  2026-08-15T07:38:02 +0ms service=tool.registry status=started kilo_local_recall
[Kilo New] ServerManager: ⚠️ CLI Server stderr: INFO  2026-08-15T07:38:02 +0ms service=tool.registry status=completed duration=0 kilo_local_recall
[Kilo New] ServerManager: ⚠️ CLI Server stderr: INFO  2026-08-15T07:38:02 +0ms service=tool.registry status=started background_process
[Kilo New] ServerManager: ⚠️ CLI Server stderr: INFO  2026-08-15T07:38:02 +1ms service=tool.registry status=completed duration=1 background_process
[Kilo New] ServerManager: ⚠️ CLI Server stderr: INFO  2026-08-15T07:38:02 +0ms service=tool.registry status=started agent_manager_models
[Kilo New] ServerManager: ⚠️ CLI Server stderr: INFO  2026-08-15T07:38:02 +0ms service=tool.registry status=completed duration=0 agent_manager_models
[Kilo New] ServerManager: ⚠️ CLI Server stderr: INFO  2026-08-15T07:38:02 +0ms service=tool.registry status=started agent_manager
[Kilo New] ServerManager: ⚠️ CLI Server stderr: INFO  2026-08-15T07:38:02 +0ms service=tool.registry status=completed duration=0 agent_manager
[Kilo New] ServerManager: ⚠️ CLI Server stderr: INFO  2026-08-15T07:38:02 +0ms service=tool.registry status=started e2e_marker
[Kilo New] ServerManager: ⚠️ CLI Server stderr: INFO  2026-08-15T07:38:02 +0ms service=tool.registry status=completed duration=0 e2e_marker
[Kilo New] ServerManager: ⚠️ CLI Server stderr: INFO  2026-08-15T07:38:02 +5ms service=session.tools status=completed duration=359 resolveTools
[Kilo New] ServerManager: ⚠️ CLI Server stderr: INFO  2026-08-15T07:38:02 +197ms service=session.processor session.id=ses_ffba5a668ffeP77RqCa6WauoqE messageID=msg_0045b26da001fTHuwE0wnvlljB process
[Kilo New] ServerManager: ⚠️ CLI Server stderr: INFO  2026-08-15T07:38:02 +6ms service=llm providerID=e2e-local modelID=e2e-model session.id=ses_ffba5a668ffeP77RqCa6WauoqE small=false agent=e2e-agent mode=primary stream
[Kilo New] ServerManager: ⚠️ CLI Server stderr: INFO  2026-08-15T07:38:02 +9ms service=default llm.runtime=ai-sdk llm.provider=e2e-local llm.model=e2e-model llm runtime selected
[Kilo New][P0-Perf] {"corr":"bb5b4eac-1b57-444d-898b-935dcdf9b4f6","stage":"sse.event","t":1786779482595,"d":73438,"surface":"extension","span":"start","eventType":"session.status","dir":"/private/var/folders/9v/733tfwtj2jvgwygmtrbwj9gm0000gn/T/kilo-e2e-8ANOTU/workspace"}
[Kilo New][P0-Perf] {"corr":"bb5b4eac-1b57-444d-898b-935dcdf9b4f6","stage":"sse.event","t":1786779482595,"d":73438,"surface":"extension","span":"end","dur":0,"eventType":"session.status","dir":"/private/var/folders/9v/733tfwtj2jvgwygmtrbwj9gm0000gn/T/kilo-e2e-8ANOTU/workspace"}
[Kilo New][P0-Perf] {"corr":"bb5b4eac-1b57-444d-898b-935dcdf9b4f6","stage":"sse.event","t":1786779482719,"d":73562,"surface":"extension","span":"start","eventType":"message.part.updated","dir":"/private/var/folders/9v/733tfwtj2jvgwygmtrbwj9gm0000gn/T/kilo-e2e-8ANOTU/workspace"}
[Kilo New][P0-Perf] {"corr":"bb5b4eac-1b57-444d-898b-935dcdf9b4f6","stage":"sse.event","t":1786779482719,"d":73562,"surface":"extension","span":"end","dur":0,"eventType":"message.part.updated","dir":"/private/var/folders/9v/733tfwtj2jvgwygmtrbwj9gm0000gn/T/kilo-e2e-8ANOTU/workspace"}
[Kilo New][P0-Perf] {"corr":"bb5b4eac-1b57-444d-898b-935dcdf9b4f6","stage":"sse.event","t":1786779482720,"d":73563,"surface":"extension","span":"start","eventType":"message.part.updated.1","dir":"/private/var/folders/9v/733tfwtj2jvgwygmtrbwj9gm0000gn/T/kilo-e2e-8ANOTU/workspace"}
[Kilo New][P0-Perf] {"corr":"bb5b4eac-1b57-444d-898b-935dcdf9b4f6","stage":"sse.event","t":1786779482720,"d":73563,"surface":"extension","span":"end","dur":0,"eventType":"message.part.updated.1","dir":"/private/var/folders/9v/733tfwtj2jvgwygmtrbwj9gm0000gn/T/kilo-e2e-8ANOTU/workspace"}
[Kilo New][P0-Perf] {"corr":"bb5b4eac-1b57-444d-898b-935dcdf9b4f6","stage":"sse.event","t":1786779482720,"d":73563,"surface":"extension","span":"start","eventType":"message.part.updated","dir":"/private/var/folders/9v/733tfwtj2jvgwygmtrbwj9gm0000gn/T/kilo-e2e-8ANOTU/workspace"}
[Kilo New][P0-Perf] {"corr":"bb5b4eac-1b57-444d-898b-935dcdf9b4f6","stage":"sse.event","t":1786779482720,"d":73563,"surface":"extension","span":"end","dur":0,"eventType":"message.part.updated","dir":"/private/var/folders/9v/733tfwtj2jvgwygmtrbwj9gm0000gn/T/kilo-e2e-8ANOTU/workspace"}
[Kilo New][P0-Perf] {"corr":"bb5b4eac-1b57-444d-898b-935dcdf9b4f6","stage":"sse.event","t":1786779482720,"d":73563,"surface":"extension","span":"start","eventType":"message.part.updated.1","dir":"/private/var/folders/9v/733tfwtj2jvgwygmtrbwj9gm0000gn/T/kilo-e2e-8ANOTU/workspace"}
[Kilo New][P0-Perf] {"corr":"bb5b4eac-1b57-444d-898b-935dcdf9b4f6","stage":"sse.event","t":1786779482720,"d":73563,"surface":"extension","span":"end","dur":0,"eventType":"message.part.updated.1","dir":"/private/var/folders/9v/733tfwtj2jvgwygmtrbwj9gm0000gn/T/kilo-e2e-8ANOTU/workspace"}
[Kilo New][P0-Perf] {"corr":"bb5b4eac-1b57-444d-898b-935dcdf9b4f6","stage":"sse.event","t":1786779482720,"d":73563,"surface":"extension","span":"start","eventType":"message.part.delta","dir":"/private/var/folders/9v/733tfwtj2jvgwygmtrbwj9gm0000gn/T/kilo-e2e-8ANOTU/workspace"}
[Kilo New][P0-Perf] {"corr":"bb5b4eac-1b57-444d-898b-935dcdf9b4f6","stage":"sse.event","t":1786779482720,"d":73563,"surface":"extension","span":"end","dur":0,"eventType":"message.part.delta","dir":"/private/var/folders/9v/733tfwtj2jvgwygmtrbwj9gm0000gn/T/kilo-e2e-8ANOTU/workspace"}
[Kilo New][P0-Perf] {"corr":"bb5b4eac-1b57-444d-898b-935dcdf9b4f6","stage":"sse.event","t":1786779482721,"d":73564,"surface":"extension","span":"start","eventType":"message.part.updated","dir":"/private/var/folders/9v/733tfwtj2jvgwygmtrbwj9gm0000gn/T/kilo-e2e-8ANOTU/workspace"}
[Kilo New][P0-Perf] {"corr":"bb5b4eac-1b57-444d-898b-935dcdf9b4f6","stage":"sse.event","t":1786779482721,"d":73564,"surface":"extension","span":"end","dur":0,"eventType":"message.part.updated","dir":"/private/var/folders/9v/733tfwtj2jvgwygmtrbwj9gm0000gn/T/kilo-e2e-8ANOTU/workspace"}
[Kilo New][P0-Perf] {"corr":"bb5b4eac-1b57-444d-898b-935dcdf9b4f6","stage":"sse.event","t":1786779482721,"d":73564,"surface":"extension","span":"start","eventType":"message.part.updated.1","dir":"/private/var/folders/9v/733tfwtj2jvgwygmtrbwj9gm0000gn/T/kilo-e2e-8ANOTU/workspace"}
[Kilo New][P0-Perf] {"corr":"bb5b4eac-1b57-444d-898b-935dcdf9b4f6","stage":"sse.event","t":1786779482721,"d":73564,"surface":"extension","span":"end","dur":0,"eventType":"message.part.updated.1","dir":"/private/var/folders/9v/733tfwtj2jvgwygmtrbwj9gm0000gn/T/kilo-e2e-8ANOTU/workspace"}
[Kilo New][P0-Perf] {"corr":"bb5b4eac-1b57-444d-898b-935dcdf9b4f6","stage":"sse.event","t":1786779483272,"d":74115,"surface":"extension","span":"start","eventType":"message.part.updated","dir":"/private/var/folders/9v/733tfwtj2jvgwygmtrbwj9gm0000gn/T/kilo-e2e-8ANOTU/workspace"}
[Kilo New][P0-Perf] {"corr":"bb5b4eac-1b57-444d-898b-935dcdf9b4f6","stage":"sse.event","t":1786779483272,"d":74115,"surface":"extension","span":"end","dur":0,"eventType":"message.part.updated","dir":"/private/var/folders/9v/733tfwtj2jvgwygmtrbwj9gm0000gn/T/kilo-e2e-8ANOTU/workspace"}
[Kilo New][P0-Perf] {"corr":"bb5b4eac-1b57-444d-898b-935dcdf9b4f6","stage":"sse.event","t":1786779483273,"d":74116,"surface":"extension","span":"start","eventType":"message.part.updated.1","dir":"/private/var/folders/9v/733tfwtj2jvgwygmtrbwj9gm0000gn/T/kilo-e2e-8ANOTU/workspace"}
[Kilo New][P0-Perf] {"corr":"bb5b4eac-1b57-444d-898b-935dcdf9b4f6","stage":"sse.event","t":1786779483273,"d":74116,"surface":"extension","span":"end","dur":0,"eventType":"message.part.updated.1","dir":"/private/var/folders/9v/733tfwtj2jvgwygmtrbwj9gm0000gn/T/kilo-e2e-8ANOTU/workspace"}
[Kilo New][P0-Perf] {"corr":"bb5b4eac-1b57-444d-898b-935dcdf9b4f6","stage":"sse.event","t":1786779483469,"d":74312,"surface":"extension","span":"start","eventType":"message.part.updated","dir":"/private/var/folders/9v/733tfwtj2jvgwygmtrbwj9gm0000gn/T/kilo-e2e-8ANOTU/workspace"}
[Kilo New][P0-Perf] {"corr":"bb5b4eac-1b57-444d-898b-935dcdf9b4f6","stage":"sse.event","t":1786779483469,"d":74312,"surface":"extension","span":"end","dur":0,"eventType":"message.part.updated","dir":"/private/var/folders/9v/733tfwtj2jvgwygmtrbwj9gm0000gn/T/kilo-e2e-8ANOTU/workspace"}
[Kilo New][P0-Perf] {"corr":"bb5b4eac-1b57-444d-898b-935dcdf9b4f6","stage":"sse.event","t":1786779483469,"d":74312,"surface":"extension","span":"start","eventType":"message.part.updated.1","dir":"/private/var/folders/9v/733tfwtj2jvgwygmtrbwj9gm0000gn/T/kilo-e2e-8ANOTU/workspace"}
[Kilo New][P0-Perf] {"corr":"bb5b4eac-1b57-444d-898b-935dcdf9b4f6","stage":"sse.event","t":1786779483470,"d":74313,"surface":"extension","span":"end","dur":1,"eventType":"message.part.updated.1","dir":"/private/var/folders/9v/733tfwtj2jvgwygmtrbwj9gm0000gn/T/kilo-e2e-8ANOTU/workspace"}
[Kilo New] ServerManager: ⚠️ CLI Server stderr: INFO  2026-08-15T07:38:03 +939ms service=snapshot hash=dfb8ce3f262ad0124c6cf4d78ca7bbc50c3dd9a2 cwd=/private/var/folders/9v/733tfwtj2jvgwygmtrbwj9gm0000gn/T/kilo-e2e-8ANOTU/workspace git=/var/folders/9v/733tfwtj2jvgwygmtrbwj9gm0000gn/T/kilo-e2e-8ANOTU/xdg-data/kilo/snapshot/4d5c11ef39f7bccd8f64aa9c9ec14e4525f1d947/5d37ceabbbc88c4e2710ab78dda38cac193e4bd0 tracking
[Kilo New] ServerManager: ⚠️ CLI Server stderr: INFO  2026-08-15T07:38:04 +1079ms service=model-cache providerID=apertis refreshing models
[Kilo New][P0-Perf] {"corr":"bb5b4eac-1b57-444d-898b-935dcdf9b4f6","stage":"sse.event","t":1786779484599,"d":75442,"surface":"extension","span":"start","eventType":"message.part.updated","dir":"/private/var/folders/9v/733tfwtj2jvgwygmtrbwj9gm0000gn/T/kilo-e2e-8ANOTU/workspace"}
[Kilo New][P0-Perf] {"corr":"bb5b4eac-1b57-444d-898b-935dcdf9b4f6","stage":"sse.event","t":1786779484599,"d":75442,"surface":"extension","span":"end","dur":0,"eventType":"message.part.updated","dir":"/private/var/folders/9v/733tfwtj2jvgwygmtrbwj9gm0000gn/T/kilo-e2e-8ANOTU/workspace"}
[Kilo New][P0-Perf] {"corr":"bb5b4eac-1b57-444d-898b-935dcdf9b4f6","stage":"sse.event","t":1786779484599,"d":75442,"surface":"extension","span":"start","eventType":"message.part.updated.1","dir":"/private/var/folders/9v/733tfwtj2jvgwygmtrbwj9gm0000gn/T/kilo-e2e-8ANOTU/workspace"}
[Kilo New][P0-Perf] {"corr":"bb5b4eac-1b57-444d-898b-935dcdf9b4f6","stage":"sse.event","t":1786779484599,"d":75442,"surface":"extension","span":"end","dur":0,"eventType":"message.part.updated.1","dir":"/private/var/folders/9v/733tfwtj2jvgwygmtrbwj9gm0000gn/T/kilo-e2e-8ANOTU/workspace"}
[Kilo New][P0-Perf] {"corr":"bb5b4eac-1b57-444d-898b-935dcdf9b4f6","stage":"sse.event","t":1786779484599,"d":75442,"surface":"extension","span":"start","eventType":"message.updated","dir":"/private/var/folders/9v/733tfwtj2jvgwygmtrbwj9gm0000gn/T/kilo-e2e-8ANOTU/workspace"}
[Kilo New][P0-Perf] {"corr":"bb5b4eac-1b57-444d-898b-935dcdf9b4f6","stage":"sse.event","t":1786779484600,"d":75443,"surface":"extension","span":"end","dur":1,"eventType":"message.updated","dir":"/private/var/folders/9v/733tfwtj2jvgwygmtrbwj9gm0000gn/T/kilo-e2e-8ANOTU/workspace"}
[Kilo New][P0-Perf] {"corr":"bb5b4eac-1b57-444d-898b-935dcdf9b4f6","stage":"sse.event","t":1786779484600,"d":75443,"surface":"extension","span":"start","eventType":"message.updated.1","dir":"/private/var/folders/9v/733tfwtj2jvgwygmtrbwj9gm0000gn/T/kilo-e2e-8ANOTU/workspace"}
[Kilo New][P0-Perf] {"corr":"bb5b4eac-1b57-444d-898b-935dcdf9b4f6","stage":"sse.event","t":1786779484600,"d":75443,"surface":"extension","span":"end","dur":0,"eventType":"message.updated.1","dir":"/private/var/folders/9v/733tfwtj2jvgwygmtrbwj9gm0000gn/T/kilo-e2e-8ANOTU/workspace"}
[Kilo New][P0-Perf] {"corr":"bb5b4eac-1b57-444d-898b-935dcdf9b4f6","stage":"sse.event","t":1786779484600,"d":75443,"surface":"extension","span":"start","eventType":"message.part.removed","dir":"/private/var/folders/9v/733tfwtj2jvgwygmtrbwj9gm0000gn/T/kilo-e2e-8ANOTU/workspace"}
[Kilo New][P0-Perf] {"corr":"bb5b4eac-1b57-444d-898b-935dcdf9b4f6","stage":"sse.event","t":1786779484600,"d":75443,"surface":"extension","span":"end","dur":0,"eventType":"message.part.removed","dir":"/private/var/folders/9v/733tfwtj2jvgwygmtrbwj9gm0000gn/T/kilo-e2e-8ANOTU/workspace"}
[Kilo New][P0-Perf] {"corr":"bb5b4eac-1b57-444d-898b-935dcdf9b4f6","stage":"sse.event","t":1786779484600,"d":75443,"surface":"extension","span":"start","eventType":"message.part.removed.1","dir":"/private/var/folders/9v/733tfwtj2jvgwygmtrbwj9gm0000gn/T/kilo-e2e-8ANOTU/workspace"}
[Kilo New][P0-Perf] {"corr":"bb5b4eac-1b57-444d-898b-935dcdf9b4f6","stage":"sse.event","t":1786779484603,"d":75446,"surface":"extension","span":"end","dur":3,"eventType":"message.part.removed.1","dir":"/private/var/folders/9v/733tfwtj2jvgwygmtrbwj9gm0000gn/T/kilo-e2e-8ANOTU/workspace"}
[Kilo New] ServerManager: ⚠️ CLI Server stderr: INFO  2026-08-15T07:38:04 +27ms service=model-cache providerID=apertis count=0 models fetched and cached
[Kilo New] ServerManager: ⚠️ CLI Server stderr: INFO  2026-08-15T07:38:05 +691ms service=session.prompt session.id=ses_ffba5a668ffeP77RqCa6WauoqE step=2 loop
[Kilo New] ServerManager: ⚠️ CLI Server stderr: INFO  2026-08-15T07:38:05 +4ms service=session.prompt session.id=ses_ffba5a668ffeP77RqCa6WauoqE exiting loop
[Kilo New] ServerManager: ⚠️ CLI Server stderr: INFO  2026-08-15T07:38:05 +4ms service=bus type=session.turn.close publishing
[Kilo New][P0-Perf] {"corr":"bb5b4eac-1b57-444d-898b-935dcdf9b4f6","stage":"sse.event","t":1786779485323,"d":76166,"surface":"extension","span":"start","eventType":"message.updated","dir":"/private/var/folders/9v/733tfwtj2jvgwygmtrbwj9gm0000gn/T/kilo-e2e-8ANOTU/workspace"}
[Kilo New][P0-Perf] {"corr":"bb5b4eac-1b57-444d-898b-935dcdf9b4f6","stage":"sse.event","t":1786779485324,"d":76167,"surface":"extension","span":"end","dur":1,"eventType":"message.updated","dir":"/private/var/folders/9v/733tfwtj2jvgwygmtrbwj9gm0000gn/T/kilo-e2e-8ANOTU/workspace"}
[Kilo New][P0-Perf] {"corr":"bb5b4eac-1b57-444d-898b-935dcdf9b4f6","stage":"sse.event","t":1786779485324,"d":76167,"surface":"extension","span":"start","eventType":"message.updated.1","dir":"/private/var/folders/9v/733tfwtj2jvgwygmtrbwj9gm0000gn/T/kilo-e2e-8ANOTU/workspace"}
[Kilo New][P0-Perf] {"corr":"bb5b4eac-1b57-444d-898b-935dcdf9b4f6","stage":"sse.event","t":1786779485324,"d":76167,"surface":"extension","span":"end","dur":0,"eventType":"message.updated.1","dir":"/private/var/folders/9v/733tfwtj2jvgwygmtrbwj9gm0000gn/T/kilo-e2e-8ANOTU/workspace"}
[Kilo New][P0-Perf] {"corr":"bb5b4eac-1b57-444d-898b-935dcdf9b4f6","stage":"sse.event","t":1786779485324,"d":76167,"surface":"extension","span":"start","eventType":"session.status","dir":"/private/var/folders/9v/733tfwtj2jvgwygmtrbwj9gm0000gn/T/kilo-e2e-8ANOTU/workspace"}
[Kilo New][P0-Perf] {"corr":"bb5b4eac-1b57-444d-898b-935dcdf9b4f6","stage":"sse.event","t":1786779485325,"d":76168,"surface":"extension","span":"end","dur":1,"eventType":"session.status","dir":"/private/var/folders/9v/733tfwtj2jvgwygmtrbwj9gm0000gn/T/kilo-e2e-8ANOTU/workspace"}
[Kilo New][P0-Perf] {"corr":"bb5b4eac-1b57-444d-898b-935dcdf9b4f6","stage":"sse.event","t":1786779485325,"d":76168,"surface":"extension","span":"start","eventType":"session.status","dir":"/private/var/folders/9v/733tfwtj2jvgwygmtrbwj9gm0000gn/T/kilo-e2e-8ANOTU/workspace"}
[Kilo New][P0-Perf] {"corr":"bb5b4eac-1b57-444d-898b-935dcdf9b4f6","stage":"sse.event","t":1786779485325,"d":76168,"surface":"extension","span":"end","dur":0,"eventType":"session.status","dir":"/private/var/folders/9v/733tfwtj2jvgwygmtrbwj9gm0000gn/T/kilo-e2e-8ANOTU/workspace"}
[Kilo New][P0-Perf] {"corr":"bb5b4eac-1b57-444d-898b-935dcdf9b4f6","stage":"sse.event","t":1786779485326,"d":76169,"surface":"extension","span":"start","eventType":"session.idle","dir":"/private/var/folders/9v/733tfwtj2jvgwygmtrbwj9gm0000gn/T/kilo-e2e-8ANOTU/workspace"}
[Kilo New][P0-Perf] {"corr":"bb5b4eac-1b57-444d-898b-935dcdf9b4f6","stage":"sse.event","t":1786779485326,"d":76169,"surface":"extension","span":"end","dur":0,"eventType":"session.idle","dir":"/private/var/folders/9v/733tfwtj2jvgwygmtrbwj9gm0000gn/T/kilo-e2e-8ANOTU/workspace"}
[Kilo New][P0-Perf] {"corr":"bb5b4eac-1b57-444d-898b-935dcdf9b4f6","stage":"sse.event","t":1786779485326,"d":76169,"surface":"extension","span":"start","eventType":"session.turn.close","dir":"/private/var/folders/9v/733tfwtj2jvgwygmtrbwj9gm0000gn/T/kilo-e2e-8ANOTU/workspace"}
[Kilo New][P0-Perf] {"corr":"bb5b4eac-1b57-444d-898b-935dcdf9b4f6","stage":"sse.event","t":1786779485326,"d":76169,"surface":"extension","span":"end","dur":0,"eventType":"session.turn.close","dir":"/private/var/folders/9v/733tfwtj2jvgwygmtrbwj9gm0000gn/T/kilo-e2e-8ANOTU/workspace"}
[Kilo New][P0-Perf] {"corr":"bb5b4eac-1b57-444d-898b-935dcdf9b4f6","stage":"sse.event","t":1786779485405,"d":76248,"surface":"extension","span":"start","eventType":"session.updated","dir":"/private/var/folders/9v/733tfwtj2jvgwygmtrbwj9gm0000gn/T/kilo-e2e-8ANOTU/workspace"}
[Kilo New][P0-Perf] {"corr":"bb5b4eac-1b57-444d-898b-935dcdf9b4f6","stage":"sse.event","t":1786779485405,"d":76248,"surface":"extension","span":"end","dur":0,"eventType":"session.updated","dir":"/private/var/folders/9v/733tfwtj2jvgwygmtrbwj9gm0000gn/T/kilo-e2e-8ANOTU/workspace"}
[Kilo New][P0-Perf] {"corr":"bb5b4eac-1b57-444d-898b-935dcdf9b4f6","stage":"sse.event","t":1786779485405,"d":76248,"surface":"extension","span":"start","eventType":"session.updated.1","dir":"/private/var/folders/9v/733tfwtj2jvgwygmtrbwj9gm0000gn/T/kilo-e2e-8ANOTU/workspace"}
[Kilo New][P0-Perf] {"corr":"bb5b4eac-1b57-444d-898b-935dcdf9b4f6","stage":"sse.event","t":1786779485406,"d":76249,"surface":"extension","span":"end","dur":1,"eventType":"session.updated.1","dir":"/private/var/folders/9v/733tfwtj2jvgwygmtrbwj9gm0000gn/T/kilo-e2e-8ANOTU/workspace"}
[Kilo New][P0-Perf] {"corr":"bb5b4eac-1b57-444d-898b-935dcdf9b4f6","stage":"sse.event","t":1786779485447,"d":76290,"surface":"extension","span":"start","eventType":"session.diff","dir":"/private/var/folders/9v/733tfwtj2jvgwygmtrbwj9gm0000gn/T/kilo-e2e-8ANOTU/workspace"}
[Kilo New][P0-Perf] {"corr":"bb5b4eac-1b57-444d-898b-935dcdf9b4f6","stage":"sse.event","t":1786779485447,"d":76290,"surface":"extension","span":"end","dur":0,"eventType":"session.diff","dir":"/private/var/folders/9v/733tfwtj2jvgwygmtrbwj9gm0000gn/T/kilo-e2e-8ANOTU/workspace"}
[Kilo New][P0-Perf] {"corr":"bb5b4eac-1b57-444d-898b-935dcdf9b4f6","stage":"sse.event","t":1786779485448,"d":76291,"surface":"extension","span":"start","eventType":"message.updated","dir":"/private/var/folders/9v/733tfwtj2jvgwygmtrbwj9gm0000gn/T/kilo-e2e-8ANOTU/workspace"}
[Kilo New][P0-Perf] {"corr":"bb5b4eac-1b57-444d-898b-935dcdf9b4f6","stage":"sse.event","t":1786779485448,"d":76291,"surface":"extension","span":"end","dur":0,"eventType":"message.updated","dir":"/private/var/folders/9v/733tfwtj2jvgwygmtrbwj9gm0000gn/T/kilo-e2e-8ANOTU/workspace"}
[Kilo New][P0-Perf] {"corr":"bb5b4eac-1b57-444d-898b-935dcdf9b4f6","stage":"sse.event","t":1786779485448,"d":76291,"surface":"extension","span":"start","eventType":"message.updated.1","dir":"/private/var/folders/9v/733tfwtj2jvgwygmtrbwj9gm0000gn/T/kilo-e2e-8ANOTU/workspace"}
[Kilo New][P0-Perf] {"corr":"bb5b4eac-1b57-444d-898b-935dcdf9b4f6","stage":"sse.event","t":1786779485448,"d":76291,"surface":"extension","span":"end","dur":0,"eventType":"message.updated.1","dir":"/private/var/folders/9v/733tfwtj2jvgwygmtrbwj9gm0000gn/T/kilo-e2e-8ANOTU/workspace"}
[Kilo New] ServerManager: ⚠️ CLI Server stderr: INFO  2026-08-15T07:38:07 +1758ms service=model-cache providerID=apertis refreshing models
[Kilo New] ServerManager: ⚠️ CLI Server stderr: INFO  2026-08-15T07:38:07 +12ms service=model-cache providerID=apertis count=0 models fetched and cached
[probe] PASS H-6 permission reply drains the pending request and completes
[probe] PASS H-6 permission dock gone
[probe] PASS H-6 panel shows the permission completion text: transcript text present
[Kilo New][P0-Perf] {"corr":"bb5b4eac-1b57-444d-898b-935dcdf9b4f6","stage":"sse.event","t":1786779487555,"d":78398,"surface":"extension","span":"start","eventType":"server.heartbeat"}
[Kilo New][P0-Perf] {"corr":"bb5b4eac-1b57-444d-898b-935dcdf9b4f6","stage":"sse.event","t":1786779487556,"d":78399,"surface":"extension","span":"end","dur":1,"eventType":"server.heartbeat"}
[Kilo New][P0-Perf] {"corr":"bb5b4eac-1b57-444d-898b-935dcdf9b4f6","stage":"prompt.submit","t":1786779487931,"d":78774,"surface":"extension","sessionID":"ses_ffba5a668ffeP77RqCa6WauoqE","messageID":"msg_0045b4ea00019ZgmNE63Dwh5TZ","dir":"/var/folders/9v/733tfwtj2jvgwygmtrbwj9gm0000gn/T/kilo-e2e-8ANOTU/workspace"}
[Kilo New] ServerManager: ⚠️ CLI Server stderr: INFO  2026-08-15T07:38:07 +883ms service=bus type=session.turn.open publishing
[Kilo New] ServerManager: ⚠️ CLI Server stderr: INFO  2026-08-15T07:38:07 +3ms service=session.prompt session.id=ses_ffba5a668ffeP77RqCa6WauoqE step=0 loop
[Kilo New] ServerManager: ⚠️ CLI Server stderr: INFO  2026-08-15T07:38:07 +7ms service=p0-perf event=p0.mark stage=processor_entry ts=1786779487979 id=ses_ffba5a668ffeP77RqCa6WauoqE meta={"messageID":"msg_0045b4ee9001UD3Di5NzQhffvS","parentID":"msg_0045b4ea00019ZgmNE63Dwh5TZ","model":"e2e-model","provider":"e2e-local"} processor_entry
[Kilo New][P0-Perf] {"corr":"bb5b4eac-1b57-444d-898b-935dcdf9b4f6","stage":"sse.event","t":1786779487981,"d":78824,"surface":"extension","span":"start","eventType":"message.updated","dir":"/private/var/folders/9v/733tfwtj2jvgwygmtrbwj9gm0000gn/T/kilo-e2e-8ANOTU/workspace"}
[Kilo New][P0-Perf] {"corr":"bb5b4eac-1b57-444d-898b-935dcdf9b4f6","stage":"sse.event","t":1786779487981,"d":78824,"surface":"extension","span":"end","dur":0,"eventType":"message.updated","dir":"/private/var/folders/9v/733tfwtj2jvgwygmtrbwj9gm0000gn/T/kilo-e2e-8ANOTU/workspace"}
[Kilo New][P0-Perf] {"corr":"bb5b4eac-1b57-444d-898b-935dcdf9b4f6","stage":"sse.event","t":1786779487982,"d":78825,"surface":"extension","span":"start","eventType":"message.updated.1","dir":"/private/var/folders/9v/733tfwtj2jvgwygmtrbwj9gm0000gn/T/kilo-e2e-8ANOTU/workspace"}
[Kilo New][P0-Perf] {"corr":"bb5b4eac-1b57-444d-898b-935dcdf9b4f6","stage":"sse.event","t":1786779487982,"d":78825,"surface":"extension","span":"end","dur":0,"eventType":"message.updated.1","dir":"/private/var/folders/9v/733tfwtj2jvgwygmtrbwj9gm0000gn/T/kilo-e2e-8ANOTU/workspace"}
[Kilo New][P0-Perf] {"corr":"bb5b4eac-1b57-444d-898b-935dcdf9b4f6","stage":"sse.event","t":1786779487982,"d":78825,"surface":"extension","span":"start","eventType":"message.part.updated","dir":"/private/var/folders/9v/733tfwtj2jvgwygmtrbwj9gm0000gn/T/kilo-e2e-8ANOTU/workspace"}
[Kilo New][P0-Perf] {"corr":"bb5b4eac-1b57-444d-898b-935dcdf9b4f6","stage":"sse.event","t":1786779487982,"d":78825,"surface":"extension","span":"end","dur":0,"eventType":"message.part.updated","dir":"/private/var/folders/9v/733tfwtj2jvgwygmtrbwj9gm0000gn/T/kilo-e2e-8ANOTU/workspace"}
[Kilo New][P0-Perf] {"corr":"bb5b4eac-1b57-444d-898b-935dcdf9b4f6","stage":"sse.event","t":1786779487982,"d":78825,"surface":"extension","span":"start","eventType":"message.part.updated.1","dir":"/private/var/folders/9v/733tfwtj2jvgwygmtrbwj9gm0000gn/T/kilo-e2e-8ANOTU/workspace"}
[Kilo New][P0-Perf] {"corr":"bb5b4eac-1b57-444d-898b-935dcdf9b4f6","stage":"sse.event","t":1786779487982,"d":78825,"surface":"extension","span":"end","dur":0,"eventType":"message.part.updated.1","dir":"/private/var/folders/9v/733tfwtj2jvgwygmtrbwj9gm0000gn/T/kilo-e2e-8ANOTU/workspace"}
[Kilo New][P0-Perf] {"corr":"bb5b4eac-1b57-444d-898b-935dcdf9b4f6","stage":"sse.event","t":1786779487982,"d":78825,"surface":"extension","span":"start","eventType":"session.updated","dir":"/private/var/folders/9v/733tfwtj2jvgwygmtrbwj9gm0000gn/T/kilo-e2e-8ANOTU/workspace"}
[Kilo New][P0-Perf] {"corr":"bb5b4eac-1b57-444d-898b-935dcdf9b4f6","stage":"sse.event","t":1786779487983,"d":78826,"surface":"extension","span":"end","dur":1,"eventType":"session.updated","dir":"/private/var/folders/9v/733tfwtj2jvgwygmtrbwj9gm0000gn/T/kilo-e2e-8ANOTU/workspace"}
[Kilo New][P0-Perf] {"corr":"bb5b4eac-1b57-444d-898b-935dcdf9b4f6","stage":"sse.event","t":1786779487983,"d":78826,"surface":"extension","span":"start","eventType":"session.updated.1","dir":"/private/var/folders/9v/733tfwtj2jvgwygmtrbwj9gm0000gn/T/kilo-e2e-8ANOTU/workspace"}
[Kilo New][P0-Perf] {"corr":"bb5b4eac-1b57-444d-898b-935dcdf9b4f6","stage":"sse.event","t":1786779487983,"d":78826,"surface":"extension","span":"end","dur":0,"eventType":"session.updated.1","dir":"/private/var/folders/9v/733tfwtj2jvgwygmtrbwj9gm0000gn/T/kilo-e2e-8ANOTU/workspace"}
[Kilo New][P0-Perf] {"corr":"bb5b4eac-1b57-444d-898b-935dcdf9b4f6","stage":"sse.event","t":1786779487983,"d":78826,"surface":"extension","span":"start","eventType":"session.turn.open","dir":"/private/var/folders/9v/733tfwtj2jvgwygmtrbwj9gm0000gn/T/kilo-e2e-8ANOTU/workspace"}
[Kilo New][P0-Perf] {"corr":"bb5b4eac-1b57-444d-898b-935dcdf9b4f6","stage":"sse.event","t":1786779487983,"d":78826,"surface":"extension","span":"end","dur":0,"eventType":"session.turn.open","dir":"/private/var/folders/9v/733tfwtj2jvgwygmtrbwj9gm0000gn/T/kilo-e2e-8ANOTU/workspace"}
[Kilo New][P0-Perf] {"corr":"bb5b4eac-1b57-444d-898b-935dcdf9b4f6","stage":"sse.event","t":1786779487991,"d":78834,"surface":"extension","span":"start","eventType":"session.status","dir":"/private/var/folders/9v/733tfwtj2jvgwygmtrbwj9gm0000gn/T/kilo-e2e-8ANOTU/workspace"}
[Kilo New][P0-Perf] {"corr":"bb5b4eac-1b57-444d-898b-935dcdf9b4f6","stage":"sse.event","t":1786779487991,"d":78834,"surface":"extension","span":"end","dur":0,"eventType":"session.status","dir":"/private/var/folders/9v/733tfwtj2jvgwygmtrbwj9gm0000gn/T/kilo-e2e-8ANOTU/workspace"}
[Kilo New][P0-Perf] {"corr":"bb5b4eac-1b57-444d-898b-935dcdf9b4f6","stage":"sse.event","t":1786779487992,"d":78835,"surface":"extension","span":"start","eventType":"message.updated","dir":"/private/var/folders/9v/733tfwtj2jvgwygmtrbwj9gm0000gn/T/kilo-e2e-8ANOTU/workspace"}
[Kilo New][P0-Perf] {"corr":"bb5b4eac-1b57-444d-898b-935dcdf9b4f6","stage":"sse.event","t":1786779487992,"d":78835,"surface":"extension","span":"end","dur":0,"eventType":"message.updated","dir":"/private/var/folders/9v/733tfwtj2jvgwygmtrbwj9gm0000gn/T/kilo-e2e-8ANOTU/workspace"}
[Kilo New][P0-Perf] {"corr":"bb5b4eac-1b57-444d-898b-935dcdf9b4f6","stage":"sse.event","t":1786779487992,"d":78835,"surface":"extension","span":"start","eventType":"message.updated.1","dir":"/private/var/folders/9v/733tfwtj2jvgwygmtrbwj9gm0000gn/T/kilo-e2e-8ANOTU/workspace"}
[Kilo New][P0-Perf] {"corr":"bb5b4eac-1b57-444d-898b-935dcdf9b4f6","stage":"model.firstEvent","t":1786779487992,"d":78835,"surface":"extension","sessionID":"ses_ffba5a668ffeP77RqCa6WauoqE","messageID":"msg_0045b4ee9001UD3Di5NzQhffvS","parentID":"msg_0045b4ea00019ZgmNE63Dwh5TZ","dir":"/private/var/folders/9v/733tfwtj2jvgwygmtrbwj9gm0000gn/T/kilo-e2e-8ANOTU/workspace"}
[Kilo New][P0-Perf] {"corr":"bb5b4eac-1b57-444d-898b-935dcdf9b4f6","stage":"sse.event","t":1786779487992,"d":78835,"surface":"extension","span":"end","dur":0,"eventType":"message.updated.1","dir":"/private/var/folders/9v/733tfwtj2jvgwygmtrbwj9gm0000gn/T/kilo-e2e-8ANOTU/workspace"}
[probe] sent prompt via real prompt input: E2E_QUESTION: ask me a question
[Kilo New] ServerManager: ⚠️ CLI Server stderr: INFO  2026-08-15T07:38:09 +1159ms service=model-cache providerID=apertis refreshing models
[Kilo New] ServerManager: ⚠️ CLI Server stderr: INFO  2026-08-15T07:38:09 +92ms service=snapshot hash=dfb8ce3f262ad0124c6cf4d78ca7bbc50c3dd9a2 cwd=/private/var/folders/9v/733tfwtj2jvgwygmtrbwj9gm0000gn/T/kilo-e2e-8ANOTU/workspace git=/var/folders/9v/733tfwtj2jvgwygmtrbwj9gm0000gn/T/kilo-e2e-8ANOTU/xdg-data/kilo/snapshot/4d5c11ef39f7bccd8f64aa9c9ec14e4525f1d947/5d37ceabbbc88c4e2710ab78dda38cac193e4bd0 tracking
[Kilo New] ServerManager: ⚠️ CLI Server stderr: INFO  2026-08-15T07:38:09 +2ms service=model-cache providerID=apertis count=0 models fetched and cached
[Kilo New] ServerManager: ⚠️ CLI Server stderr: INFO  2026-08-15T07:38:09 +16ms service=session.tools status=started resolveTools
[Kilo New][P0-Perf] {"corr":"bb5b4eac-1b57-444d-898b-935dcdf9b4f6","stage":"sse.event","t":1786779489256,"d":80099,"surface":"extension","span":"start","eventType":"message.part.updated","dir":"/private/var/folders/9v/733tfwtj2jvgwygmtrbwj9gm0000gn/T/kilo-e2e-8ANOTU/workspace"}
[Kilo New][P0-Perf] {"corr":"bb5b4eac-1b57-444d-898b-935dcdf9b4f6","stage":"sse.event","t":1786779489256,"d":80099,"surface":"extension","span":"end","dur":0,"eventType":"message.part.updated","dir":"/private/var/folders/9v/733tfwtj2jvgwygmtrbwj9gm0000gn/T/kilo-e2e-8ANOTU/workspace"}
[Kilo New][P0-Perf] {"corr":"bb5b4eac-1b57-444d-898b-935dcdf9b4f6","stage":"sse.event","t":1786779489256,"d":80099,"surface":"extension","span":"start","eventType":"message.part.updated.1","dir":"/private/var/folders/9v/733tfwtj2jvgwygmtrbwj9gm0000gn/T/kilo-e2e-8ANOTU/workspace"}
[Kilo New][P0-Perf] {"corr":"bb5b4eac-1b57-444d-898b-935dcdf9b4f6","stage":"sse.event","t":1786779489256,"d":80099,"surface":"extension","span":"end","dur":0,"eventType":"message.part.updated.1","dir":"/private/var/folders/9v/733tfwtj2jvgwygmtrbwj9gm0000gn/T/kilo-e2e-8ANOTU/workspace"}
[Kilo New][P0-Perf] {"corr":"bb5b4eac-1b57-444d-898b-935dcdf9b4f6","stage":"sse.event","t":1786779489333,"d":80176,"surface":"extension","span":"start","eventType":"message.part.removed","dir":"/private/var/folders/9v/733tfwtj2jvgwygmtrbwj9gm0000gn/T/kilo-e2e-8ANOTU/workspace"}
[Kilo New][P0-Perf] {"corr":"bb5b4eac-1b57-444d-898b-935dcdf9b4f6","stage":"sse.event","t":1786779489334,"d":80177,"surface":"extension","span":"end","dur":1,"eventType":"message.part.removed","dir":"/private/var/folders/9v/733tfwtj2jvgwygmtrbwj9gm0000gn/T/kilo-e2e-8ANOTU/workspace"}
[Kilo New][P0-Perf] {"corr":"bb5b4eac-1b57-444d-898b-935dcdf9b4f6","stage":"sse.event","t":1786779489334,"d":80177,"surface":"extension","span":"start","eventType":"message.part.removed.1","dir":"/private/var/folders/9v/733tfwtj2jvgwygmtrbwj9gm0000gn/T/kilo-e2e-8ANOTU/workspace"}
[Kilo New][P0-Perf] {"corr":"bb5b4eac-1b57-444d-898b-935dcdf9b4f6","stage":"sse.event","t":1786779489334,"d":80177,"surface":"extension","span":"end","dur":0,"eventType":"message.part.removed.1","dir":"/private/var/folders/9v/733tfwtj2jvgwygmtrbwj9gm0000gn/T/kilo-e2e-8ANOTU/workspace"}
[Kilo New] ServerManager: ⚠️ CLI Server stderr: INFO  2026-08-15T07:38:09 +307ms service=tool.registry status=started invalid
[Kilo New] ServerManager: ⚠️ CLI Server stderr: INFO  2026-08-15T07:38:09 +0ms service=tool.registry status=completed duration=0 invalid
[Kilo New] ServerManager: ⚠️ CLI Server stderr: INFO  2026-08-15T07:38:09 +0ms service=tool.registry status=started question
[Kilo New] ServerManager: ⚠️ CLI Server stderr: INFO  2026-08-15T07:38:09 +0ms service=tool.registry status=completed duration=0 question
[Kilo New] ServerManager: ⚠️ CLI Server stderr: INFO  2026-08-15T07:38:09 +0ms service=tool.registry status=started bash
[Kilo New] ServerManager: ⚠️ CLI Server stderr: INFO  2026-08-15T07:38:09 +0ms service=tool.registry status=completed duration=0 bash
[Kilo New] ServerManager: ⚠️ CLI Server stderr: INFO  2026-08-15T07:38:09 +0ms service=tool.registry status=started read
[Kilo New] ServerManager: ⚠️ CLI Server stderr: INFO  2026-08-15T07:38:09 +0ms service=tool.registry status=completed duration=0 read
[Kilo New] ServerManager: ⚠️ CLI Server stderr: INFO  2026-08-15T07:38:09 +0ms service=tool.registry status=started glob
[Kilo New] ServerManager: ⚠️ CLI Server stderr: INFO  2026-08-15T07:38:09 +0ms service=tool.registry status=completed duration=0 glob
[Kilo New] ServerManager: ⚠️ CLI Server stderr: INFO  2026-08-15T07:38:09 +0ms service=tool.registry status=started grep
[Kilo New] ServerManager: ⚠️ CLI Server stderr: INFO  2026-08-15T07:38:09 +0ms service=tool.registry status=completed duration=0 grep
[Kilo New] ServerManager: ⚠️ CLI Server stderr: INFO  2026-08-15T07:38:09 +0ms service=tool.registry status=started edit
[Kilo New] ServerManager: ⚠️ CLI Server stderr: INFO  2026-08-15T07:38:09 +1ms service=tool.registry status=completed duration=1 edit
[Kilo New] ServerManager: ⚠️ CLI Server stderr: INFO  2026-08-15T07:38:09 +0ms service=tool.registry status=started write
[Kilo New] ServerManager: ⚠️ CLI Server stderr: INFO  2026-08-15T07:38:09 +2ms service=tool.registry status=completed duration=2 write
[Kilo New] ServerManager: ⚠️ CLI Server stderr: INFO  2026-08-15T07:38:09 +0ms service=tool.registry status=started task
[Kilo New] ServerManager: ⚠️ CLI Server stderr: INFO  2026-08-15T07:38:09 +2ms service=tool.registry status=completed duration=2 task
[Kilo New] ServerManager: ⚠️ CLI Server stderr: INFO  2026-08-15T07:38:09 +0ms service=tool.registry status=started webfetch
[Kilo New] ServerManager: ⚠️ CLI Server stderr: INFO  2026-08-15T07:38:09 +0ms service=tool.registry status=completed duration=0 webfetch
[Kilo New] ServerManager: ⚠️ CLI Server stderr: INFO  2026-08-15T07:38:09 +0ms service=tool.registry status=started todowrite
[Kilo New] ServerManager: ⚠️ CLI Server stderr: INFO  2026-08-15T07:38:09 +0ms service=tool.registry status=completed duration=0 todowrite
[Kilo New] ServerManager: ⚠️ CLI Server stderr: INFO  2026-08-15T07:38:09 +0ms service=tool.registry status=started skill
[Kilo New] ServerManager: ⚠️ CLI Server stderr: INFO  2026-08-15T07:38:09 +1ms service=tool.registry status=completed duration=1 skill
[Kilo New] ServerManager: ⚠️ CLI Server stderr: INFO  2026-08-15T07:38:09 +0ms service=tool.registry status=started plan_exit
[Kilo New] ServerManager: ⚠️ CLI Server stderr: INFO  2026-08-15T07:38:09 +0ms service=tool.registry status=completed duration=0 plan_exit
[Kilo New] ServerManager: ⚠️ CLI Server stderr: INFO  2026-08-15T07:38:09 +0ms service=tool.registry status=started kilo_local_recall
[Kilo New] ServerManager: ⚠️ CLI Server stderr: INFO  2026-08-15T07:38:09 +0ms service=tool.registry status=completed duration=0 kilo_local_recall
[Kilo New] ServerManager: ⚠️ CLI Server stderr: INFO  2026-08-15T07:38:09 +0ms service=tool.registry status=started background_process
[Kilo New] ServerManager: ⚠️ CLI Server stderr: INFO  2026-08-15T07:38:09 +0ms service=tool.registry status=completed duration=0 background_process
[Kilo New] ServerManager: ⚠️ CLI Server stderr: INFO  2026-08-15T07:38:09 +0ms service=tool.registry status=started agent_manager_models
[Kilo New] ServerManager: ⚠️ CLI Server stderr: INFO  2026-08-15T07:38:09 +1ms service=tool.registry status=completed duration=1 agent_manager_models
[Kilo New] ServerManager: ⚠️ CLI Server stderr: INFO  2026-08-15T07:38:09 +0ms service=tool.registry status=started agent_manager
[Kilo New] ServerManager: ⚠️ CLI Server stderr: INFO  2026-08-15T07:38:09 +0ms service=tool.registry status=completed duration=0 agent_manager
[Kilo New] ServerManager: ⚠️ CLI Server stderr: INFO  2026-08-15T07:38:09 +0ms service=tool.registry status=started e2e_marker
[Kilo New] ServerManager: ⚠️ CLI Server stderr: INFO  2026-08-15T07:38:09 +1ms service=tool.registry status=completed duration=1 e2e_marker
[Kilo New] ServerManager: ⚠️ CLI Server stderr: INFO  2026-08-15T07:38:09 +1ms service=session.tools status=completed duration=316 resolveTools
[Kilo New] ServerManager: ⚠️ CLI Server stderr: INFO  2026-08-15T07:38:09 +87ms service=session.processor session.id=ses_ffba5a668ffeP77RqCa6WauoqE messageID=msg_0045b4ee9001UD3Di5NzQhffvS process
[Kilo New] ServerManager: ⚠️ CLI Server stderr: INFO  2026-08-15T07:38:09 +4ms service=llm providerID=e2e-local modelID=e2e-model session.id=ses_ffba5a668ffeP77RqCa6WauoqE small=false agent=e2e-agent mode=primary stream
[Kilo New] ServerManager: ⚠️ CLI Server stderr: INFO  2026-08-15T07:38:09 +7ms service=default llm.runtime=ai-sdk llm.provider=e2e-local llm.model=e2e-model llm runtime selected
[Kilo New][P0-Perf] {"corr":"bb5b4eac-1b57-444d-898b-935dcdf9b4f6","stage":"sse.event","t":1786779489672,"d":80515,"surface":"extension","span":"start","eventType":"session.updated","dir":"/private/var/folders/9v/733tfwtj2jvgwygmtrbwj9gm0000gn/T/kilo-e2e-8ANOTU/workspace"}
[Kilo New][P0-Perf] {"corr":"bb5b4eac-1b57-444d-898b-935dcdf9b4f6","stage":"sse.event","t":1786779489672,"d":80515,"surface":"extension","span":"end","dur":0,"eventType":"session.updated","dir":"/private/var/folders/9v/733tfwtj2jvgwygmtrbwj9gm0000gn/T/kilo-e2e-8ANOTU/workspace"}
[Kilo New][P0-Perf] {"corr":"bb5b4eac-1b57-444d-898b-935dcdf9b4f6","stage":"sse.event","t":1786779489672,"d":80515,"surface":"extension","span":"start","eventType":"session.updated.1","dir":"/private/var/folders/9v/733tfwtj2jvgwygmtrbwj9gm0000gn/T/kilo-e2e-8ANOTU/workspace"}
[Kilo New][P0-Perf] {"corr":"bb5b4eac-1b57-444d-898b-935dcdf9b4f6","stage":"sse.event","t":1786779489672,"d":80515,"surface":"extension","span":"end","dur":0,"eventType":"session.updated.1","dir":"/private/var/folders/9v/733tfwtj2jvgwygmtrbwj9gm0000gn/T/kilo-e2e-8ANOTU/workspace"}
[Kilo New][P0-Perf] {"corr":"bb5b4eac-1b57-444d-898b-935dcdf9b4f6","stage":"sse.event","t":1786779489672,"d":80515,"surface":"extension","span":"start","eventType":"session.diff","dir":"/private/var/folders/9v/733tfwtj2jvgwygmtrbwj9gm0000gn/T/kilo-e2e-8ANOTU/workspace"}
[Kilo New][P0-Perf] {"corr":"bb5b4eac-1b57-444d-898b-935dcdf9b4f6","stage":"sse.event","t":1786779489672,"d":80515,"surface":"extension","span":"end","dur":0,"eventType":"session.diff","dir":"/private/var/folders/9v/733tfwtj2jvgwygmtrbwj9gm0000gn/T/kilo-e2e-8ANOTU/workspace"}
[Kilo New][P0-Perf] {"corr":"bb5b4eac-1b57-444d-898b-935dcdf9b4f6","stage":"sse.event","t":1786779489673,"d":80516,"surface":"extension","span":"start","eventType":"message.updated","dir":"/private/var/folders/9v/733tfwtj2jvgwygmtrbwj9gm0000gn/T/kilo-e2e-8ANOTU/workspace"}
[Kilo New][P0-Perf] {"corr":"bb5b4eac-1b57-444d-898b-935dcdf9b4f6","stage":"sse.event","t":1786779489673,"d":80516,"surface":"extension","span":"end","dur":0,"eventType":"message.updated","dir":"/private/var/folders/9v/733tfwtj2jvgwygmtrbwj9gm0000gn/T/kilo-e2e-8ANOTU/workspace"}
[Kilo New][P0-Perf] {"corr":"bb5b4eac-1b57-444d-898b-935dcdf9b4f6","stage":"sse.event","t":1786779489673,"d":80516,"surface":"extension","span":"start","eventType":"message.updated.1","dir":"/private/var/folders/9v/733tfwtj2jvgwygmtrbwj9gm0000gn/T/kilo-e2e-8ANOTU/workspace"}
[Kilo New][P0-Perf] {"corr":"bb5b4eac-1b57-444d-898b-935dcdf9b4f6","stage":"sse.event","t":1786779489673,"d":80516,"surface":"extension","span":"end","dur":0,"eventType":"message.updated.1","dir":"/private/var/folders/9v/733tfwtj2jvgwygmtrbwj9gm0000gn/T/kilo-e2e-8ANOTU/workspace"}
[Kilo New][P0-Perf] {"corr":"bb5b4eac-1b57-444d-898b-935dcdf9b4f6","stage":"sse.event","t":1786779489673,"d":80516,"surface":"extension","span":"start","eventType":"session.status","dir":"/private/var/folders/9v/733tfwtj2jvgwygmtrbwj9gm0000gn/T/kilo-e2e-8ANOTU/workspace"}
[Kilo New][P0-Perf] {"corr":"bb5b4eac-1b57-444d-898b-935dcdf9b4f6","stage":"sse.event","t":1786779489673,"d":80516,"surface":"extension","span":"end","dur":0,"eventType":"session.status","dir":"/private/var/folders/9v/733tfwtj2jvgwygmtrbwj9gm0000gn/T/kilo-e2e-8ANOTU/workspace"}
[Kilo New] ServerManager: ⚠️ CLI Server stderr: INFO  2026-08-15T07:38:09 +64ms service=p0-perf event=p0.start stage=tool_execute ts=1786779489726 id=ses_ffba5a668ffeP77RqCa6WauoqE meta={"tool":"question","callID":"call_e2e_question_1","messageID":"msg_0045b4ee9001UD3Di5NzQhffvS"} tool_execute
[Kilo New] ServerManager: ⚠️ CLI Server stderr: INFO  2026-08-15T07:38:09 +4ms service=question id=que_0045b55c10019gYlOoIMULIZn1 questions=1 asking
[Kilo New] ServerManager: ⚠️ CLI Server stderr: INFO  2026-08-15T07:38:09 +1ms service=p0-perf event=p0.start stage=question_wait ts=1786779489731 id=que_0045b55c10019gYlOoIMULIZn1 meta={"sessionID":"ses_ffba5a668ffeP77RqCa6WauoqE"} question_wait
[Kilo New][P0-Perf] {"corr":"bb5b4eac-1b57-444d-898b-935dcdf9b4f6","stage":"sse.event","t":1786779489744,"d":80587,"surface":"extension","span":"start","eventType":"message.part.updated","dir":"/private/var/folders/9v/733tfwtj2jvgwygmtrbwj9gm0000gn/T/kilo-e2e-8ANOTU/workspace"}
[Kilo New][P0-Perf] {"corr":"bb5b4eac-1b57-444d-898b-935dcdf9b4f6","stage":"sse.event","t":1786779489744,"d":80587,"surface":"extension","span":"end","dur":0,"eventType":"message.part.updated","dir":"/private/var/folders/9v/733tfwtj2jvgwygmtrbwj9gm0000gn/T/kilo-e2e-8ANOTU/workspace"}
[Kilo New][P0-Perf] {"corr":"bb5b4eac-1b57-444d-898b-935dcdf9b4f6","stage":"sse.event","t":1786779489745,"d":80588,"surface":"extension","span":"start","eventType":"message.part.updated.1","dir":"/private/var/folders/9v/733tfwtj2jvgwygmtrbwj9gm0000gn/T/kilo-e2e-8ANOTU/workspace"}
[Kilo New][P0-Perf] {"corr":"bb5b4eac-1b57-444d-898b-935dcdf9b4f6","stage":"sse.event","t":1786779489745,"d":80588,"surface":"extension","span":"end","dur":0,"eventType":"message.part.updated.1","dir":"/private/var/folders/9v/733tfwtj2jvgwygmtrbwj9gm0000gn/T/kilo-e2e-8ANOTU/workspace"}
[Kilo New][P0-Perf] {"corr":"bb5b4eac-1b57-444d-898b-935dcdf9b4f6","stage":"sse.event","t":1786779489745,"d":80588,"surface":"extension","span":"start","eventType":"message.part.updated","dir":"/private/var/folders/9v/733tfwtj2jvgwygmtrbwj9gm0000gn/T/kilo-e2e-8ANOTU/workspace"}
[Kilo New][P0-Perf] {"corr":"bb5b4eac-1b57-444d-898b-935dcdf9b4f6","stage":"sse.event","t":1786779489745,"d":80588,"surface":"extension","span":"end","dur":0,"eventType":"message.part.updated","dir":"/private/var/folders/9v/733tfwtj2jvgwygmtrbwj9gm0000gn/T/kilo-e2e-8ANOTU/workspace"}
[Kilo New][P0-Perf] {"corr":"bb5b4eac-1b57-444d-898b-935dcdf9b4f6","stage":"sse.event","t":1786779489745,"d":80588,"surface":"extension","span":"start","eventType":"message.part.updated.1","dir":"/private/var/folders/9v/733tfwtj2jvgwygmtrbwj9gm0000gn/T/kilo-e2e-8ANOTU/workspace"}
[Kilo New][P0-Perf] {"corr":"bb5b4eac-1b57-444d-898b-935dcdf9b4f6","stage":"sse.event","t":1786779489745,"d":80588,"surface":"extension","span":"end","dur":0,"eventType":"message.part.updated.1","dir":"/private/var/folders/9v/733tfwtj2jvgwygmtrbwj9gm0000gn/T/kilo-e2e-8ANOTU/workspace"}
[Kilo New][P0-Perf] {"corr":"bb5b4eac-1b57-444d-898b-935dcdf9b4f6","stage":"sse.event","t":1786779489745,"d":80588,"surface":"extension","span":"start","eventType":"question.asked","dir":"/private/var/folders/9v/733tfwtj2jvgwygmtrbwj9gm0000gn/T/kilo-e2e-8ANOTU/workspace"}
[Kilo New][P0-Perf] {"corr":"bb5b4eac-1b57-444d-898b-935dcdf9b4f6","stage":"question.asked","t":1786779489745,"d":80588,"surface":"extension","id":"que_0045b55c10019gYlOoIMULIZn1"}
[Kilo New][P0-Perf] {"corr":"bb5b4eac-1b57-444d-898b-935dcdf9b4f6","stage":"sse.event","t":1786779489746,"d":80589,"surface":"extension","span":"end","dur":1,"eventType":"question.asked","dir":"/private/var/folders/9v/733tfwtj2jvgwygmtrbwj9gm0000gn/T/kilo-e2e-8ANOTU/workspace"}
[Kilo New][P0-Perf] {"corr":"bb5b4eac-1b57-444d-898b-935dcdf9b4f6","stage":"sse.event","t":1786779489746,"d":80589,"surface":"extension","span":"start","eventType":"message.part.updated","dir":"/private/var/folders/9v/733tfwtj2jvgwygmtrbwj9gm0000gn/T/kilo-e2e-8ANOTU/workspace"}
[Kilo New][P0-Perf] {"corr":"bb5b4eac-1b57-444d-898b-935dcdf9b4f6","stage":"sse.event","t":1786779489746,"d":80589,"surface":"extension","span":"end","dur":0,"eventType":"message.part.updated","dir":"/private/var/folders/9v/733tfwtj2jvgwygmtrbwj9gm0000gn/T/kilo-e2e-8ANOTU/workspace"}
[Kilo New][P0-Perf] {"corr":"bb5b4eac-1b57-444d-898b-935dcdf9b4f6","stage":"sse.event","t":1786779489746,"d":80589,"surface":"extension","span":"start","eventType":"message.part.updated.1","dir":"/private/var/folders/9v/733tfwtj2jvgwygmtrbwj9gm0000gn/T/kilo-e2e-8ANOTU/workspace"}
[Kilo New][P0-Perf] {"corr":"bb5b4eac-1b57-444d-898b-935dcdf9b4f6","stage":"sse.event","t":1786779489746,"d":80589,"surface":"extension","span":"end","dur":0,"eventType":"message.part.updated.1","dir":"/private/var/folders/9v/733tfwtj2jvgwygmtrbwj9gm0000gn/T/kilo-e2e-8ANOTU/workspace"}
[Kilo New] ServerManager: ⚠️ CLI Server stderr: INFO  2026-08-15T07:38:11 +2229ms service=model-cache providerID=apertis refreshing models
[Kilo New] ServerManager: ⚠️ CLI Server stderr: INFO  2026-08-15T07:38:11 +6ms service=model-cache providerID=apertis count=0 models fetched and cached
[probe] PASS H-6 question: backend pending question observable (attempt 1)
[probe] PASS H-6 question dock visible
[probe] clicked QuestionDock option "B"
[probe] clicked QuestionDock Submit
[Kilo New] ServerManager: ⚠️ CLI Server stderr: INFO  2026-08-15T07:38:12 +708ms service=question requestID=que_0045b55c10019gYlOoIMULIZn1 answers=[["B"]] replied
[Kilo New] ServerManager: ⚠️ CLI Server stderr: INFO  2026-08-15T07:38:12 +2ms service=p0-perf event=p0.end stage=question_wait ts=1786779492676 duration=2945 id=que_0045b55c10019gYlOoIMULIZn1 meta={"sessionID":"ses_ffba5a668ffeP77RqCa6WauoqE"} question_wait
[Kilo New] ServerManager: ⚠️ CLI Server stderr: INFO  2026-08-15T07:38:12 +2ms service=p0-perf event=p0.end stage=tool_execute ts=1786779492678 duration=2952 id=ses_ffba5a668ffeP77RqCa6WauoqE meta={"tool":"question","callID":"call_e2e_question_1","messageID":"msg_0045b4ee9001UD3Di5NzQhffvS"} tool_execute
[Kilo New] ServerManager: ⚠️ CLI Server stderr: ERROR 2026-08-15T07:38:12 +6ms service=kilo-sessions sessionID=ses_ffba5a668ffeP77RqCa6WauoqE error=Error: InstanceRef not provided status sync failed
[Kilo New][P0-Perf] {"corr":"bb5b4eac-1b57-444d-898b-935dcdf9b4f6","stage":"sse.event","t":1786779492705,"d":83548,"surface":"extension","span":"start","eventType":"question.replied","dir":"/private/var/folders/9v/733tfwtj2jvgwygmtrbwj9gm0000gn/T/kilo-e2e-8ANOTU/workspace"}
[Kilo New][P0-Perf] {"corr":"bb5b4eac-1b57-444d-898b-935dcdf9b4f6","stage":"question.replied","t":1786779492705,"d":83548,"surface":"extension","requestID":"que_0045b55c10019gYlOoIMULIZn1"}
[Kilo New][P0-Perf] {"corr":"bb5b4eac-1b57-444d-898b-935dcdf9b4f6","stage":"sse.event","t":1786779492706,"d":83549,"surface":"extension","span":"end","dur":1,"eventType":"question.replied","dir":"/private/var/folders/9v/733tfwtj2jvgwygmtrbwj9gm0000gn/T/kilo-e2e-8ANOTU/workspace"}
[Kilo New][P0-Perf] {"corr":"bb5b4eac-1b57-444d-898b-935dcdf9b4f6","stage":"sse.event","t":1786779492706,"d":83549,"surface":"extension","span":"start","eventType":"message.part.updated","dir":"/private/var/folders/9v/733tfwtj2jvgwygmtrbwj9gm0000gn/T/kilo-e2e-8ANOTU/workspace"}
[Kilo New][P0-Perf] {"corr":"bb5b4eac-1b57-444d-898b-935dcdf9b4f6","stage":"sse.event","t":1786779492706,"d":83549,"surface":"extension","span":"end","dur":0,"eventType":"message.part.updated","dir":"/private/var/folders/9v/733tfwtj2jvgwygmtrbwj9gm0000gn/T/kilo-e2e-8ANOTU/workspace"}
[Kilo New][P0-Perf] {"corr":"bb5b4eac-1b57-444d-898b-935dcdf9b4f6","stage":"sse.event","t":1786779492706,"d":83549,"surface":"extension","span":"start","eventType":"message.part.updated.1","dir":"/private/var/folders/9v/733tfwtj2jvgwygmtrbwj9gm0000gn/T/kilo-e2e-8ANOTU/workspace"}
[Kilo New][P0-Perf] {"corr":"bb5b4eac-1b57-444d-898b-935dcdf9b4f6","stage":"sse.event","t":1786779492706,"d":83549,"surface":"extension","span":"end","dur":0,"eventType":"message.part.updated.1","dir":"/private/var/folders/9v/733tfwtj2jvgwygmtrbwj9gm0000gn/T/kilo-e2e-8ANOTU/workspace"}
[Kilo New] ServerManager: ⚠️ CLI Server stderr: INFO  2026-08-15T07:38:13 +1070ms service=model-cache providerID=apertis refreshing models
[Kilo New][P0-Perf] {"corr":"bb5b4eac-1b57-444d-898b-935dcdf9b4f6","stage":"sse.event","t":1786779493902,"d":84745,"surface":"extension","span":"start","eventType":"message.part.updated","dir":"/private/var/folders/9v/733tfwtj2jvgwygmtrbwj9gm0000gn/T/kilo-e2e-8ANOTU/workspace"}
[Kilo New][P0-Perf] {"corr":"bb5b4eac-1b57-444d-898b-935dcdf9b4f6","stage":"sse.event","t":1786779493902,"d":84745,"surface":"extension","span":"end","dur":0,"eventType":"message.part.updated","dir":"/private/var/folders/9v/733tfwtj2jvgwygmtrbwj9gm0000gn/T/kilo-e2e-8ANOTU/workspace"}
[Kilo New][P0-Perf] {"corr":"bb5b4eac-1b57-444d-898b-935dcdf9b4f6","stage":"sse.event","t":1786779493902,"d":84745,"surface":"extension","span":"start","eventType":"message.part.updated.1","dir":"/private/var/folders/9v/733tfwtj2jvgwygmtrbwj9gm0000gn/T/kilo-e2e-8ANOTU/workspace"}
[Kilo New][P0-Perf] {"corr":"bb5b4eac-1b57-444d-898b-935dcdf9b4f6","stage":"sse.event","t":1786779493903,"d":84746,"surface":"extension","span":"end","dur":1,"eventType":"message.part.updated.1","dir":"/private/var/folders/9v/733tfwtj2jvgwygmtrbwj9gm0000gn/T/kilo-e2e-8ANOTU/workspace"}
[Kilo New] ServerManager: ⚠️ CLI Server stderr: INFO  2026-08-15T07:38:13 +77ms service=model-cache providerID=apertis count=0 models fetched and cached
[Kilo New] ServerManager: ⚠️ CLI Server stderr: INFO  2026-08-15T07:38:13 +91ms service=snapshot hash=dfb8ce3f262ad0124c6cf4d78ca7bbc50c3dd9a2 cwd=/private/var/folders/9v/733tfwtj2jvgwygmtrbwj9gm0000gn/T/kilo-e2e-8ANOTU/workspace git=/var/folders/9v/733tfwtj2jvgwygmtrbwj9gm0000gn/T/kilo-e2e-8ANOTU/xdg-data/kilo/snapshot/4d5c11ef39f7bccd8f64aa9c9ec14e4525f1d947/5d37ceabbbc88c4e2710ab78dda38cac193e4bd0 tracking
[Kilo New][P0-Perf] {"corr":"bb5b4eac-1b57-444d-898b-935dcdf9b4f6","stage":"sse.event","t":1786779493930,"d":84773,"surface":"extension","span":"start","eventType":"message.part.updated","dir":"/private/var/folders/9v/733tfwtj2jvgwygmtrbwj9gm0000gn/T/kilo-e2e-8ANOTU/workspace"}
[Kilo New][P0-Perf] {"corr":"bb5b4eac-1b57-444d-898b-935dcdf9b4f6","stage":"sse.event","t":1786779493931,"d":84774,"surface":"extension","span":"end","dur":1,"eventType":"message.part.updated","dir":"/private/var/folders/9v/733tfwtj2jvgwygmtrbwj9gm0000gn/T/kilo-e2e-8ANOTU/workspace"}
[Kilo New][P0-Perf] {"corr":"bb5b4eac-1b57-444d-898b-935dcdf9b4f6","stage":"sse.event","t":1786779493931,"d":84774,"surface":"extension","span":"start","eventType":"message.part.updated.1","dir":"/private/var/folders/9v/733tfwtj2jvgwygmtrbwj9gm0000gn/T/kilo-e2e-8ANOTU/workspace"}
[Kilo New][P0-Perf] {"corr":"bb5b4eac-1b57-444d-898b-935dcdf9b4f6","stage":"sse.event","t":1786779493931,"d":84774,"surface":"extension","span":"end","dur":0,"eventType":"message.part.updated.1","dir":"/private/var/folders/9v/733tfwtj2jvgwygmtrbwj9gm0000gn/T/kilo-e2e-8ANOTU/workspace"}
[Kilo New][P0-Perf] {"corr":"bb5b4eac-1b57-444d-898b-935dcdf9b4f6","stage":"sse.event","t":1786779493956,"d":84799,"surface":"extension","span":"start","eventType":"message.part.updated","dir":"/private/var/folders/9v/733tfwtj2jvgwygmtrbwj9gm0000gn/T/kilo-e2e-8ANOTU/workspace"}
[Kilo New][P0-Perf] {"corr":"bb5b4eac-1b57-444d-898b-935dcdf9b4f6","stage":"sse.event","t":1786779493957,"d":84800,"surface":"extension","span":"end","dur":1,"eventType":"message.part.updated","dir":"/private/var/folders/9v/733tfwtj2jvgwygmtrbwj9gm0000gn/T/kilo-e2e-8ANOTU/workspace"}
[Kilo New][P0-Perf] {"corr":"bb5b4eac-1b57-444d-898b-935dcdf9b4f6","stage":"sse.event","t":1786779493957,"d":84800,"surface":"extension","span":"start","eventType":"message.part.updated.1","dir":"/private/var/folders/9v/733tfwtj2jvgwygmtrbwj9gm0000gn/T/kilo-e2e-8ANOTU/workspace"}
[Kilo New][P0-Perf] {"corr":"bb5b4eac-1b57-444d-898b-935dcdf9b4f6","stage":"sse.event","t":1786779493957,"d":84800,"surface":"extension","span":"end","dur":0,"eventType":"message.part.updated.1","dir":"/private/var/folders/9v/733tfwtj2jvgwygmtrbwj9gm0000gn/T/kilo-e2e-8ANOTU/workspace"}
[Kilo New][P0-Perf] {"corr":"bb5b4eac-1b57-444d-898b-935dcdf9b4f6","stage":"sse.event","t":1786779493957,"d":84800,"surface":"extension","span":"start","eventType":"message.updated","dir":"/private/var/folders/9v/733tfwtj2jvgwygmtrbwj9gm0000gn/T/kilo-e2e-8ANOTU/workspace"}
[Kilo New][P0-Perf] {"corr":"bb5b4eac-1b57-444d-898b-935dcdf9b4f6","stage":"sse.event","t":1786779493958,"d":84801,"surface":"extension","span":"end","dur":1,"eventType":"message.updated","dir":"/private/var/folders/9v/733tfwtj2jvgwygmtrbwj9gm0000gn/T/kilo-e2e-8ANOTU/workspace"}
[Kilo New][P0-Perf] {"corr":"bb5b4eac-1b57-444d-898b-935dcdf9b4f6","stage":"sse.event","t":1786779493958,"d":84801,"surface":"extension","span":"start","eventType":"message.updated.1","dir":"/private/var/folders/9v/733tfwtj2jvgwygmtrbwj9gm0000gn/T/kilo-e2e-8ANOTU/workspace"}
[Kilo New][P0-Perf] {"corr":"bb5b4eac-1b57-444d-898b-935dcdf9b4f6","stage":"sse.event","t":1786779493958,"d":84801,"surface":"extension","span":"end","dur":0,"eventType":"message.updated.1","dir":"/private/var/folders/9v/733tfwtj2jvgwygmtrbwj9gm0000gn/T/kilo-e2e-8ANOTU/workspace"}
[Kilo New][P0-Perf] {"corr":"bb5b4eac-1b57-444d-898b-935dcdf9b4f6","stage":"sse.event","t":1786779493958,"d":84801,"surface":"extension","span":"start","eventType":"message.part.removed","dir":"/private/var/folders/9v/733tfwtj2jvgwygmtrbwj9gm0000gn/T/kilo-e2e-8ANOTU/workspace"}
[Kilo New][P0-Perf] {"corr":"bb5b4eac-1b57-444d-898b-935dcdf9b4f6","stage":"sse.event","t":1786779493958,"d":84801,"surface":"extension","span":"end","dur":0,"eventType":"message.part.removed","dir":"/private/var/folders/9v/733tfwtj2jvgwygmtrbwj9gm0000gn/T/kilo-e2e-8ANOTU/workspace"}
[Kilo New][P0-Perf] {"corr":"bb5b4eac-1b57-444d-898b-935dcdf9b4f6","stage":"sse.event","t":1786779493958,"d":84801,"surface":"extension","span":"start","eventType":"message.part.removed.1","dir":"/private/var/folders/9v/733tfwtj2jvgwygmtrbwj9gm0000gn/T/kilo-e2e-8ANOTU/workspace"}
[Kilo New][P0-Perf] {"corr":"bb5b4eac-1b57-444d-898b-935dcdf9b4f6","stage":"sse.event","t":1786779493959,"d":84802,"surface":"extension","span":"end","dur":1,"eventType":"message.part.removed.1","dir":"/private/var/folders/9v/733tfwtj2jvgwygmtrbwj9gm0000gn/T/kilo-e2e-8ANOTU/workspace"}
[Kilo New] ServerManager: ⚠️ CLI Server stderr: INFO  2026-08-15T07:38:14 +386ms service=session.prompt session.id=ses_ffba5a668ffeP77RqCa6WauoqE step=1 loop
[Kilo New] ServerManager: ⚠️ CLI Server stderr: INFO  2026-08-15T07:38:14 +7ms service=p0-perf event=p0.mark stage=processor_entry ts=1786779494315 id=ses_ffba5a668ffeP77RqCa6WauoqE meta={"messageID":"msg_0045b67a8001JEHRA1ydfYtMcK","parentID":"msg_0045b4ea00019ZgmNE63Dwh5TZ","model":"e2e-model","provider":"e2e-local"} processor_entry
[Kilo New][P0-Perf] {"corr":"bb5b4eac-1b57-444d-898b-935dcdf9b4f6","stage":"sse.event","t":1786779494319,"d":85162,"surface":"extension","span":"start","eventType":"message.updated","dir":"/private/var/folders/9v/733tfwtj2jvgwygmtrbwj9gm0000gn/T/kilo-e2e-8ANOTU/workspace"}
[Kilo New][P0-Perf] {"corr":"bb5b4eac-1b57-444d-898b-935dcdf9b4f6","stage":"sse.event","t":1786779494320,"d":85163,"surface":"extension","span":"end","dur":1,"eventType":"message.updated","dir":"/private/var/folders/9v/733tfwtj2jvgwygmtrbwj9gm0000gn/T/kilo-e2e-8ANOTU/workspace"}
[Kilo New][P0-Perf] {"corr":"bb5b4eac-1b57-444d-898b-935dcdf9b4f6","stage":"sse.event","t":1786779494320,"d":85163,"surface":"extension","span":"start","eventType":"message.updated.1","dir":"/private/var/folders/9v/733tfwtj2jvgwygmtrbwj9gm0000gn/T/kilo-e2e-8ANOTU/workspace"}
[Kilo New][P0-Perf] {"corr":"bb5b4eac-1b57-444d-898b-935dcdf9b4f6","stage":"sse.event","t":1786779494320,"d":85163,"surface":"extension","span":"end","dur":0,"eventType":"message.updated.1","dir":"/private/var/folders/9v/733tfwtj2jvgwygmtrbwj9gm0000gn/T/kilo-e2e-8ANOTU/workspace"}
[Kilo New][P0-Perf] {"corr":"bb5b4eac-1b57-444d-898b-935dcdf9b4f6","stage":"sse.event","t":1786779494320,"d":85163,"surface":"extension","span":"start","eventType":"session.status","dir":"/private/var/folders/9v/733tfwtj2jvgwygmtrbwj9gm0000gn/T/kilo-e2e-8ANOTU/workspace"}
[Kilo New][P0-Perf] {"corr":"bb5b4eac-1b57-444d-898b-935dcdf9b4f6","stage":"sse.event","t":1786779494320,"d":85163,"surface":"extension","span":"end","dur":0,"eventType":"session.status","dir":"/private/var/folders/9v/733tfwtj2jvgwygmtrbwj9gm0000gn/T/kilo-e2e-8ANOTU/workspace"}
[Kilo New][P0-Perf] {"corr":"bb5b4eac-1b57-444d-898b-935dcdf9b4f6","stage":"sse.event","t":1786779494320,"d":85163,"surface":"extension","span":"start","eventType":"message.updated","dir":"/private/var/folders/9v/733tfwtj2jvgwygmtrbwj9gm0000gn/T/kilo-e2e-8ANOTU/workspace"}
[Kilo New][P0-Perf] {"corr":"bb5b4eac-1b57-444d-898b-935dcdf9b4f6","stage":"sse.event","t":1786779494321,"d":85164,"surface":"extension","span":"end","dur":1,"eventType":"message.updated","dir":"/private/var/folders/9v/733tfwtj2jvgwygmtrbwj9gm0000gn/T/kilo-e2e-8ANOTU/workspace"}
[Kilo New][P0-Perf] {"corr":"bb5b4eac-1b57-444d-898b-935dcdf9b4f6","stage":"sse.event","t":1786779494321,"d":85164,"surface":"extension","span":"start","eventType":"message.updated.1","dir":"/private/var/folders/9v/733tfwtj2jvgwygmtrbwj9gm0000gn/T/kilo-e2e-8ANOTU/workspace"}
[Kilo New][P0-Perf] {"corr":"bb5b4eac-1b57-444d-898b-935dcdf9b4f6","stage":"model.firstEvent","t":1786779494321,"d":85164,"surface":"extension","sessionID":"ses_ffba5a668ffeP77RqCa6WauoqE","messageID":"msg_0045b67a8001JEHRA1ydfYtMcK","parentID":"msg_0045b4ea00019ZgmNE63Dwh5TZ","dir":"/private/var/folders/9v/733tfwtj2jvgwygmtrbwj9gm0000gn/T/kilo-e2e-8ANOTU/workspace"}
[Kilo New][P0-Perf] {"corr":"bb5b4eac-1b57-444d-898b-935dcdf9b4f6","stage":"sse.event","t":1786779494321,"d":85164,"surface":"extension","span":"end","dur":0,"eventType":"message.updated.1","dir":"/private/var/folders/9v/733tfwtj2jvgwygmtrbwj9gm0000gn/T/kilo-e2e-8ANOTU/workspace"}
[Kilo New][P0-Perf] {"corr":"bb5b4eac-1b57-444d-898b-935dcdf9b4f6","stage":"sse.event","t":1786779494367,"d":85210,"surface":"extension","span":"start","eventType":"session.updated","dir":"/private/var/folders/9v/733tfwtj2jvgwygmtrbwj9gm0000gn/T/kilo-e2e-8ANOTU/workspace"}
[Kilo New][P0-Perf] {"corr":"bb5b4eac-1b57-444d-898b-935dcdf9b4f6","stage":"sse.event","t":1786779494367,"d":85210,"surface":"extension","span":"end","dur":0,"eventType":"session.updated","dir":"/private/var/folders/9v/733tfwtj2jvgwygmtrbwj9gm0000gn/T/kilo-e2e-8ANOTU/workspace"}
[Kilo New][P0-Perf] {"corr":"bb5b4eac-1b57-444d-898b-935dcdf9b4f6","stage":"sse.event","t":1786779494367,"d":85210,"surface":"extension","span":"start","eventType":"session.updated.1","dir":"/private/var/folders/9v/733tfwtj2jvgwygmtrbwj9gm0000gn/T/kilo-e2e-8ANOTU/workspace"}
[Kilo New][P0-Perf] {"corr":"bb5b4eac-1b57-444d-898b-935dcdf9b4f6","stage":"sse.event","t":1786779494368,"d":85211,"surface":"extension","span":"end","dur":1,"eventType":"session.updated.1","dir":"/private/var/folders/9v/733tfwtj2jvgwygmtrbwj9gm0000gn/T/kilo-e2e-8ANOTU/workspace"}
[Kilo New][P0-Perf] {"corr":"bb5b4eac-1b57-444d-898b-935dcdf9b4f6","stage":"sse.event","t":1786779494411,"d":85254,"surface":"extension","span":"start","eventType":"session.diff","dir":"/private/var/folders/9v/733tfwtj2jvgwygmtrbwj9gm0000gn/T/kilo-e2e-8ANOTU/workspace"}
[Kilo New][P0-Perf] {"corr":"bb5b4eac-1b57-444d-898b-935dcdf9b4f6","stage":"sse.event","t":1786779494411,"d":85254,"surface":"extension","span":"end","dur":0,"eventType":"session.diff","dir":"/private/var/folders/9v/733tfwtj2jvgwygmtrbwj9gm0000gn/T/kilo-e2e-8ANOTU/workspace"}
[Kilo New][P0-Perf] {"corr":"bb5b4eac-1b57-444d-898b-935dcdf9b4f6","stage":"sse.event","t":1786779494411,"d":85254,"surface":"extension","span":"start","eventType":"message.updated","dir":"/private/var/folders/9v/733tfwtj2jvgwygmtrbwj9gm0000gn/T/kilo-e2e-8ANOTU/workspace"}
[Kilo New][P0-Perf] {"corr":"bb5b4eac-1b57-444d-898b-935dcdf9b4f6","stage":"sse.event","t":1786779494412,"d":85255,"surface":"extension","span":"end","dur":1,"eventType":"message.updated","dir":"/private/var/folders/9v/733tfwtj2jvgwygmtrbwj9gm0000gn/T/kilo-e2e-8ANOTU/workspace"}
[Kilo New][P0-Perf] {"corr":"bb5b4eac-1b57-444d-898b-935dcdf9b4f6","stage":"sse.event","t":1786779494412,"d":85255,"surface":"extension","span":"start","eventType":"message.updated.1","dir":"/private/var/folders/9v/733tfwtj2jvgwygmtrbwj9gm0000gn/T/kilo-e2e-8ANOTU/workspace"}
[Kilo New][P0-Perf] {"corr":"bb5b4eac-1b57-444d-898b-935dcdf9b4f6","stage":"sse.event","t":1786779494412,"d":85255,"surface":"extension","span":"end","dur":0,"eventType":"message.updated.1","dir":"/private/var/folders/9v/733tfwtj2jvgwygmtrbwj9gm0000gn/T/kilo-e2e-8ANOTU/workspace"}
[Kilo New] ServerManager: ⚠️ CLI Server stderr: INFO  2026-08-15T07:38:14 +358ms service=snapshot hash=dfb8ce3f262ad0124c6cf4d78ca7bbc50c3dd9a2 cwd=/private/var/folders/9v/733tfwtj2jvgwygmtrbwj9gm0000gn/T/kilo-e2e-8ANOTU/workspace git=/var/folders/9v/733tfwtj2jvgwygmtrbwj9gm0000gn/T/kilo-e2e-8ANOTU/xdg-data/kilo/snapshot/4d5c11ef39f7bccd8f64aa9c9ec14e4525f1d947/5d37ceabbbc88c4e2710ab78dda38cac193e4bd0 tracking
[Kilo New] ServerManager: ⚠️ CLI Server stderr: INFO  2026-08-15T07:38:14 +3ms service=session.tools status=started resolveTools
[Kilo New] ServerManager: ⚠️ CLI Server stderr: INFO  2026-08-15T07:38:14 +2ms service=tool.registry status=started invalid
[Kilo New] ServerManager: ⚠️ CLI Server stderr: INFO  2026-08-15T07:38:14 +1ms service=tool.registry status=completed duration=1 invalid
[Kilo New] ServerManager: ⚠️ CLI Server stderr: INFO  2026-08-15T07:38:14 +0ms service=tool.registry status=started question
[Kilo New] ServerManager: ⚠️ CLI Server stderr: INFO  2026-08-15T07:38:14 +0ms service=tool.registry status=completed duration=0 question
[Kilo New] ServerManager: ⚠️ CLI Server stderr: INFO  2026-08-15T07:38:14 +0ms service=tool.registry status=started bash
[Kilo New] ServerManager: ⚠️ CLI Server stderr: INFO  2026-08-15T07:38:14 +0ms service=tool.registry status=completed duration=0 bash
[Kilo New] ServerManager: ⚠️ CLI Server stderr: INFO  2026-08-15T07:38:14 +0ms service=tool.registry status=started read
[Kilo New] ServerManager: ⚠️ CLI Server stderr: INFO  2026-08-15T07:38:14 +0ms service=tool.registry status=completed duration=0 read
[Kilo New] ServerManager: ⚠️ CLI Server stderr: INFO  2026-08-15T07:38:14 +0ms service=tool.registry status=started glob
[Kilo New] ServerManager: ⚠️ CLI Server stderr: INFO  2026-08-15T07:38:14 +0ms service=tool.registry status=completed duration=0 glob
[Kilo New] ServerManager: ⚠️ CLI Server stderr: INFO  2026-08-15T07:38:14 +0ms service=tool.registry status=started grep
[Kilo New] ServerManager: ⚠️ CLI Server stderr: INFO  2026-08-15T07:38:14 +0ms service=tool.registry status=completed duration=0 grep
[Kilo New] ServerManager: ⚠️ CLI Server stderr: INFO  2026-08-15T07:38:14 +0ms service=tool.registry status=started edit
[Kilo New] ServerManager: ⚠️ CLI Server stderr: INFO  2026-08-15T07:38:14 +0ms service=tool.registry status=completed duration=0 edit
[Kilo New] ServerManager: ⚠️ CLI Server stderr: INFO  2026-08-15T07:38:14 +1ms service=tool.registry status=started write
[Kilo New] ServerManager: ⚠️ CLI Server stderr: INFO  2026-08-15T07:38:14 +0ms service=tool.registry status=completed duration=0 write
[Kilo New] ServerManager: ⚠️ CLI Server stderr: INFO  2026-08-15T07:38:14 +0ms service=tool.registry status=started task
[Kilo New] ServerManager: ⚠️ CLI Server stderr: INFO  2026-08-15T07:38:14 +3ms service=tool.registry status=completed duration=3 task
[Kilo New] ServerManager: ⚠️ CLI Server stderr: INFO  2026-08-15T07:38:14 +0ms service=tool.registry status=started webfetch
[Kilo New] ServerManager: ⚠️ CLI Server stderr: INFO  2026-08-15T07:38:14 +0ms service=tool.registry status=completed duration=0 webfetch
[Kilo New] ServerManager: ⚠️ CLI Server stderr: INFO  2026-08-15T07:38:14 +0ms service=tool.registry status=started todowrite
[Kilo New] ServerManager: ⚠️ CLI Server stderr: INFO  2026-08-15T07:38:14 +0ms service=tool.registry status=completed duration=0 todowrite
[Kilo New] ServerManager: ⚠️ CLI Server stderr: INFO  2026-08-15T07:38:14 +0ms service=tool.registry status=started skill
[Kilo New] ServerManager: ⚠️ CLI Server stderr: INFO  2026-08-15T07:38:14 +2ms service=tool.registry status=completed duration=2 skill
[Kilo New] ServerManager: ⚠️ CLI Server stderr: INFO  2026-08-15T07:38:14 +0ms service=tool.registry status=started plan_exit
[Kilo New] ServerManager: ⚠️ CLI Server stderr: INFO  2026-08-15T07:38:14 +0ms service=tool.registry status=completed duration=0 plan_exit
[Kilo New] ServerManager: ⚠️ CLI Server stderr: INFO  2026-08-15T07:38:14 +0ms service=tool.registry status=started kilo_local_recall
[Kilo New] ServerManager: ⚠️ CLI Server stderr: INFO  2026-08-15T07:38:14 +0ms service=tool.registry status=completed duration=0 kilo_local_recall
[Kilo New] ServerManager: ⚠️ CLI Server stderr: INFO  2026-08-15T07:38:14 +0ms service=tool.registry status=started background_process
[Kilo New] ServerManager: ⚠️ CLI Server stderr: INFO  2026-08-15T07:38:14 +0ms service=tool.registry status=completed duration=0 background_process
[Kilo New] ServerManager: ⚠️ CLI Server stderr: INFO  2026-08-15T07:38:14 +0ms service=tool.registry status=started agent_manager_models
[Kilo New] ServerManager: ⚠️ CLI Server stderr: INFO  2026-08-15T07:38:14 +0ms service=tool.registry status=completed duration=0 agent_manager_models
[Kilo New] ServerManager: ⚠️ CLI Server stderr: INFO  2026-08-15T07:38:14 +0ms service=tool.registry status=started agent_manager
[Kilo New] ServerManager: ⚠️ CLI Server stderr: INFO  2026-08-15T07:38:14 +1ms service=tool.registry status=completed duration=0 agent_manager
[Kilo New] ServerManager: ⚠️ CLI Server stderr: INFO  2026-08-15T07:38:14 +0ms service=tool.registry status=started e2e_marker
[Kilo New] ServerManager: ⚠️ CLI Server stderr: INFO  2026-08-15T07:38:14 +0ms service=tool.registry status=completed duration=0 e2e_marker
[Kilo New] ServerManager: ⚠️ CLI Server stderr: INFO  2026-08-15T07:38:14 +1ms service=session.tools status=completed duration=11 resolveTools
[Kilo New] ServerManager: ⚠️ CLI Server stderr: INFO  2026-08-15T07:38:14 +90ms service=session.processor session.id=ses_ffba5a668ffeP77RqCa6WauoqE messageID=msg_0045b67a8001JEHRA1ydfYtMcK process
[Kilo New] ServerManager: ⚠️ CLI Server stderr: INFO  2026-08-15T07:38:14 +5ms service=llm providerID=e2e-local modelID=e2e-model session.id=ses_ffba5a668ffeP77RqCa6WauoqE small=false agent=e2e-agent mode=primary stream
[Kilo New] ServerManager: ⚠️ CLI Server stderr: INFO  2026-08-15T07:38:14 +5ms service=default llm.runtime=ai-sdk llm.provider=e2e-local llm.model=e2e-model llm runtime selected
[Kilo New][P0-Perf] {"corr":"bb5b4eac-1b57-444d-898b-935dcdf9b4f6","stage":"sse.event","t":1786779494796,"d":85639,"surface":"extension","span":"start","eventType":"session.status","dir":"/private/var/folders/9v/733tfwtj2jvgwygmtrbwj9gm0000gn/T/kilo-e2e-8ANOTU/workspace"}
[Kilo New][P0-Perf] {"corr":"bb5b4eac-1b57-444d-898b-935dcdf9b4f6","stage":"sse.event","t":1786779494797,"d":85640,"surface":"extension","span":"end","dur":1,"eventType":"session.status","dir":"/private/var/folders/9v/733tfwtj2jvgwygmtrbwj9gm0000gn/T/kilo-e2e-8ANOTU/workspace"}
[Kilo New][P0-Perf] {"corr":"bb5b4eac-1b57-444d-898b-935dcdf9b4f6","stage":"sse.event","t":1786779494831,"d":85674,"surface":"extension","span":"start","eventType":"message.part.updated","dir":"/private/var/folders/9v/733tfwtj2jvgwygmtrbwj9gm0000gn/T/kilo-e2e-8ANOTU/workspace"}
[Kilo New][P0-Perf] {"corr":"bb5b4eac-1b57-444d-898b-935dcdf9b4f6","stage":"sse.event","t":1786779494831,"d":85674,"surface":"extension","span":"end","dur":0,"eventType":"message.part.updated","dir":"/private/var/folders/9v/733tfwtj2jvgwygmtrbwj9gm0000gn/T/kilo-e2e-8ANOTU/workspace"}
[Kilo New][P0-Perf] {"corr":"bb5b4eac-1b57-444d-898b-935dcdf9b4f6","stage":"sse.event","t":1786779494831,"d":85674,"surface":"extension","span":"start","eventType":"message.part.updated.1","dir":"/private/var/folders/9v/733tfwtj2jvgwygmtrbwj9gm0000gn/T/kilo-e2e-8ANOTU/workspace"}
[Kilo New][P0-Perf] {"corr":"bb5b4eac-1b57-444d-898b-935dcdf9b4f6","stage":"sse.event","t":1786779494831,"d":85674,"surface":"extension","span":"end","dur":0,"eventType":"message.part.updated.1","dir":"/private/var/folders/9v/733tfwtj2jvgwygmtrbwj9gm0000gn/T/kilo-e2e-8ANOTU/workspace"}
[Kilo New][P0-Perf] {"corr":"bb5b4eac-1b57-444d-898b-935dcdf9b4f6","stage":"sse.event","t":1786779494831,"d":85674,"surface":"extension","span":"start","eventType":"message.part.updated","dir":"/private/var/folders/9v/733tfwtj2jvgwygmtrbwj9gm0000gn/T/kilo-e2e-8ANOTU/workspace"}
[Kilo New][P0-Perf] {"corr":"bb5b4eac-1b57-444d-898b-935dcdf9b4f6","stage":"sse.event","t":1786779494831,"d":85674,"surface":"extension","span":"end","dur":0,"eventType":"message.part.updated","dir":"/private/var/folders/9v/733tfwtj2jvgwygmtrbwj9gm0000gn/T/kilo-e2e-8ANOTU/workspace"}
[Kilo New][P0-Perf] {"corr":"bb5b4eac-1b57-444d-898b-935dcdf9b4f6","stage":"sse.event","t":1786779494831,"d":85674,"surface":"extension","span":"start","eventType":"message.part.updated.1","dir":"/private/var/folders/9v/733tfwtj2jvgwygmtrbwj9gm0000gn/T/kilo-e2e-8ANOTU/workspace"}
[Kilo New][P0-Perf] {"corr":"bb5b4eac-1b57-444d-898b-935dcdf9b4f6","stage":"sse.event","t":1786779494831,"d":85674,"surface":"extension","span":"end","dur":0,"eventType":"message.part.updated.1","dir":"/private/var/folders/9v/733tfwtj2jvgwygmtrbwj9gm0000gn/T/kilo-e2e-8ANOTU/workspace"}
[Kilo New][P0-Perf] {"corr":"bb5b4eac-1b57-444d-898b-935dcdf9b4f6","stage":"sse.event","t":1786779494831,"d":85674,"surface":"extension","span":"start","eventType":"message.part.delta","dir":"/private/var/folders/9v/733tfwtj2jvgwygmtrbwj9gm0000gn/T/kilo-e2e-8ANOTU/workspace"}
[Kilo New][P0-Perf] {"corr":"bb5b4eac-1b57-444d-898b-935dcdf9b4f6","stage":"sse.event","t":1786779494832,"d":85675,"surface":"extension","span":"end","dur":1,"eventType":"message.part.delta","dir":"/private/var/folders/9v/733tfwtj2jvgwygmtrbwj9gm0000gn/T/kilo-e2e-8ANOTU/workspace"}
[Kilo New][P0-Perf] {"corr":"bb5b4eac-1b57-444d-898b-935dcdf9b4f6","stage":"sse.event","t":1786779494832,"d":85675,"surface":"extension","span":"start","eventType":"message.part.updated","dir":"/private/var/folders/9v/733tfwtj2jvgwygmtrbwj9gm0000gn/T/kilo-e2e-8ANOTU/workspace"}
[Kilo New][P0-Perf] {"corr":"bb5b4eac-1b57-444d-898b-935dcdf9b4f6","stage":"sse.event","t":1786779494832,"d":85675,"surface":"extension","span":"end","dur":0,"eventType":"message.part.updated","dir":"/private/var/folders/9v/733tfwtj2jvgwygmtrbwj9gm0000gn/T/kilo-e2e-8ANOTU/workspace"}
[Kilo New][P0-Perf] {"corr":"bb5b4eac-1b57-444d-898b-935dcdf9b4f6","stage":"sse.event","t":1786779494832,"d":85675,"surface":"extension","span":"start","eventType":"message.part.updated.1","dir":"/private/var/folders/9v/733tfwtj2jvgwygmtrbwj9gm0000gn/T/kilo-e2e-8ANOTU/workspace"}
[Kilo New][P0-Perf] {"corr":"bb5b4eac-1b57-444d-898b-935dcdf9b4f6","stage":"sse.event","t":1786779494832,"d":85675,"surface":"extension","span":"end","dur":0,"eventType":"message.part.updated.1","dir":"/private/var/folders/9v/733tfwtj2jvgwygmtrbwj9gm0000gn/T/kilo-e2e-8ANOTU/workspace"}
[Kilo New] ServerManager: ⚠️ CLI Server stderr: INFO  2026-08-15T07:38:16 +1249ms service=model-cache providerID=apertis refreshing models
[Kilo New] ServerManager: ⚠️ CLI Server stderr: INFO  2026-08-15T07:38:16 +11ms service=snapshot hash=dfb8ce3f262ad0124c6cf4d78ca7bbc50c3dd9a2 cwd=/private/var/folders/9v/733tfwtj2jvgwygmtrbwj9gm0000gn/T/kilo-e2e-8ANOTU/workspace git=/var/folders/9v/733tfwtj2jvgwygmtrbwj9gm0000gn/T/kilo-e2e-8ANOTU/xdg-data/kilo/snapshot/4d5c11ef39f7bccd8f64aa9c9ec14e4525f1d947/5d37ceabbbc88c4e2710ab78dda38cac193e4bd0 tracking
[Kilo New] ServerManager: ⚠️ CLI Server stderr: INFO  2026-08-15T07:38:16 +2ms service=model-cache providerID=apertis count=0 models fetched and cached
[Kilo New][P0-Perf] {"corr":"bb5b4eac-1b57-444d-898b-935dcdf9b4f6","stage":"sse.event","t":1786779496050,"d":86893,"surface":"extension","span":"start","eventType":"message.part.updated","dir":"/private/var/folders/9v/733tfwtj2jvgwygmtrbwj9gm0000gn/T/kilo-e2e-8ANOTU/workspace"}
[Kilo New][P0-Perf] {"corr":"bb5b4eac-1b57-444d-898b-935dcdf9b4f6","stage":"sse.event","t":1786779496050,"d":86893,"surface":"extension","span":"end","dur":0,"eventType":"message.part.updated","dir":"/private/var/folders/9v/733tfwtj2jvgwygmtrbwj9gm0000gn/T/kilo-e2e-8ANOTU/workspace"}
[Kilo New][P0-Perf] {"corr":"bb5b4eac-1b57-444d-898b-935dcdf9b4f6","stage":"sse.event","t":1786779496050,"d":86893,"surface":"extension","span":"start","eventType":"message.part.updated.1","dir":"/private/var/folders/9v/733tfwtj2jvgwygmtrbwj9gm0000gn/T/kilo-e2e-8ANOTU/workspace"}
[Kilo New][P0-Perf] {"corr":"bb5b4eac-1b57-444d-898b-935dcdf9b4f6","stage":"sse.event","t":1786779496051,"d":86894,"surface":"extension","span":"end","dur":1,"eventType":"message.part.updated.1","dir":"/private/var/folders/9v/733tfwtj2jvgwygmtrbwj9gm0000gn/T/kilo-e2e-8ANOTU/workspace"}
[Kilo New][P0-Perf] {"corr":"bb5b4eac-1b57-444d-898b-935dcdf9b4f6","stage":"sse.event","t":1786779496141,"d":86984,"surface":"extension","span":"start","eventType":"message.part.updated","dir":"/private/var/folders/9v/733tfwtj2jvgwygmtrbwj9gm0000gn/T/kilo-e2e-8ANOTU/workspace"}
[Kilo New][P0-Perf] {"corr":"bb5b4eac-1b57-444d-898b-935dcdf9b4f6","stage":"sse.event","t":1786779496141,"d":86984,"surface":"extension","span":"end","dur":0,"eventType":"message.part.updated","dir":"/private/var/folders/9v/733tfwtj2jvgwygmtrbwj9gm0000gn/T/kilo-e2e-8ANOTU/workspace"}
[Kilo New][P0-Perf] {"corr":"bb5b4eac-1b57-444d-898b-935dcdf9b4f6","stage":"sse.event","t":1786779496142,"d":86985,"surface":"extension","span":"start","eventType":"message.part.updated.1","dir":"/private/var/folders/9v/733tfwtj2jvgwygmtrbwj9gm0000gn/T/kilo-e2e-8ANOTU/workspace"}
[Kilo New][P0-Perf] {"corr":"bb5b4eac-1b57-444d-898b-935dcdf9b4f6","stage":"sse.event","t":1786779496142,"d":86985,"surface":"extension","span":"end","dur":0,"eventType":"message.part.updated.1","dir":"/private/var/folders/9v/733tfwtj2jvgwygmtrbwj9gm0000gn/T/kilo-e2e-8ANOTU/workspace"}
[Kilo New][P0-Perf] {"corr":"bb5b4eac-1b57-444d-898b-935dcdf9b4f6","stage":"sse.event","t":1786779496142,"d":86985,"surface":"extension","span":"start","eventType":"message.updated","dir":"/private/var/folders/9v/733tfwtj2jvgwygmtrbwj9gm0000gn/T/kilo-e2e-8ANOTU/workspace"}
[Kilo New][P0-Perf] {"corr":"bb5b4eac-1b57-444d-898b-935dcdf9b4f6","stage":"sse.event","t":1786779496142,"d":86985,"surface":"extension","span":"end","dur":0,"eventType":"message.updated","dir":"/private/var/folders/9v/733tfwtj2jvgwygmtrbwj9gm0000gn/T/kilo-e2e-8ANOTU/workspace"}
[Kilo New][P0-Perf] {"corr":"bb5b4eac-1b57-444d-898b-935dcdf9b4f6","stage":"sse.event","t":1786779496142,"d":86985,"surface":"extension","span":"start","eventType":"message.updated.1","dir":"/private/var/folders/9v/733tfwtj2jvgwygmtrbwj9gm0000gn/T/kilo-e2e-8ANOTU/workspace"}
[Kilo New][P0-Perf] {"corr":"bb5b4eac-1b57-444d-898b-935dcdf9b4f6","stage":"sse.event","t":1786779496143,"d":86986,"surface":"extension","span":"end","dur":1,"eventType":"message.updated.1","dir":"/private/var/folders/9v/733tfwtj2jvgwygmtrbwj9gm0000gn/T/kilo-e2e-8ANOTU/workspace"}
[Kilo New][P0-Perf] {"corr":"bb5b4eac-1b57-444d-898b-935dcdf9b4f6","stage":"sse.event","t":1786779496143,"d":86986,"surface":"extension","span":"start","eventType":"message.part.removed","dir":"/private/var/folders/9v/733tfwtj2jvgwygmtrbwj9gm0000gn/T/kilo-e2e-8ANOTU/workspace"}
[Kilo New][P0-Perf] {"corr":"bb5b4eac-1b57-444d-898b-935dcdf9b4f6","stage":"sse.event","t":1786779496143,"d":86986,"surface":"extension","span":"end","dur":0,"eventType":"message.part.removed","dir":"/private/var/folders/9v/733tfwtj2jvgwygmtrbwj9gm0000gn/T/kilo-e2e-8ANOTU/workspace"}
[Kilo New][P0-Perf] {"corr":"bb5b4eac-1b57-444d-898b-935dcdf9b4f6","stage":"sse.event","t":1786779496143,"d":86986,"surface":"extension","span":"start","eventType":"message.part.removed.1","dir":"/private/var/folders/9v/733tfwtj2jvgwygmtrbwj9gm0000gn/T/kilo-e2e-8ANOTU/workspace"}
[Kilo New][P0-Perf] {"corr":"bb5b4eac-1b57-444d-898b-935dcdf9b4f6","stage":"sse.event","t":1786779496143,"d":86986,"surface":"extension","span":"end","dur":0,"eventType":"message.part.removed.1","dir":"/private/var/folders/9v/733tfwtj2jvgwygmtrbwj9gm0000gn/T/kilo-e2e-8ANOTU/workspace"}
[Kilo New] ServerManager: ⚠️ CLI Server stderr: INFO  2026-08-15T07:38:16 +370ms service=session.prompt session.id=ses_ffba5a668ffeP77RqCa6WauoqE step=2 loop
[Kilo New] ServerManager: ⚠️ CLI Server stderr: INFO  2026-08-15T07:38:16 +2ms service=session.prompt session.id=ses_ffba5a668ffeP77RqCa6WauoqE exiting loop
[Kilo New] ServerManager: ⚠️ CLI Server stderr: INFO  2026-08-15T07:38:16 +5ms service=bus type=session.turn.close publishing
[Kilo New][P0-Perf] {"corr":"bb5b4eac-1b57-444d-898b-935dcdf9b4f6","stage":"sse.event","t":1786779496431,"d":87274,"surface":"extension","span":"start","eventType":"message.updated","dir":"/private/var/folders/9v/733tfwtj2jvgwygmtrbwj9gm0000gn/T/kilo-e2e-8ANOTU/workspace"}
[Kilo New][P0-Perf] {"corr":"bb5b4eac-1b57-444d-898b-935dcdf9b4f6","stage":"sse.event","t":1786779496431,"d":87274,"surface":"extension","span":"end","dur":0,"eventType":"message.updated","dir":"/private/var/folders/9v/733tfwtj2jvgwygmtrbwj9gm0000gn/T/kilo-e2e-8ANOTU/workspace"}
[Kilo New][P0-Perf] {"corr":"bb5b4eac-1b57-444d-898b-935dcdf9b4f6","stage":"sse.event","t":1786779496431,"d":87274,"surface":"extension","span":"start","eventType":"message.updated.1","dir":"/private/var/folders/9v/733tfwtj2jvgwygmtrbwj9gm0000gn/T/kilo-e2e-8ANOTU/workspace"}
[Kilo New][P0-Perf] {"corr":"bb5b4eac-1b57-444d-898b-935dcdf9b4f6","stage":"sse.event","t":1786779496431,"d":87274,"surface":"extension","span":"end","dur":0,"eventType":"message.updated.1","dir":"/private/var/folders/9v/733tfwtj2jvgwygmtrbwj9gm0000gn/T/kilo-e2e-8ANOTU/workspace"}
[Kilo New][P0-Perf] {"corr":"bb5b4eac-1b57-444d-898b-935dcdf9b4f6","stage":"sse.event","t":1786779496432,"d":87275,"surface":"extension","span":"start","eventType":"session.status","dir":"/private/var/folders/9v/733tfwtj2jvgwygmtrbwj9gm0000gn/T/kilo-e2e-8ANOTU/workspace"}
[Kilo New][P0-Perf] {"corr":"bb5b4eac-1b57-444d-898b-935dcdf9b4f6","stage":"sse.event","t":1786779496432,"d":87275,"surface":"extension","span":"end","dur":0,"eventType":"session.status","dir":"/private/var/folders/9v/733tfwtj2jvgwygmtrbwj9gm0000gn/T/kilo-e2e-8ANOTU/workspace"}
[Kilo New][P0-Perf] {"corr":"bb5b4eac-1b57-444d-898b-935dcdf9b4f6","stage":"sse.event","t":1786779496432,"d":87275,"surface":"extension","span":"start","eventType":"session.status","dir":"/private/var/folders/9v/733tfwtj2jvgwygmtrbwj9gm0000gn/T/kilo-e2e-8ANOTU/workspace"}
[Kilo New][P0-Perf] {"corr":"bb5b4eac-1b57-444d-898b-935dcdf9b4f6","stage":"sse.event","t":1786779496432,"d":87275,"surface":"extension","span":"end","dur":0,"eventType":"session.status","dir":"/private/var/folders/9v/733tfwtj2jvgwygmtrbwj9gm0000gn/T/kilo-e2e-8ANOTU/workspace"}
[Kilo New][P0-Perf] {"corr":"bb5b4eac-1b57-444d-898b-935dcdf9b4f6","stage":"sse.event","t":1786779496433,"d":87276,"surface":"extension","span":"start","eventType":"session.idle","dir":"/private/var/folders/9v/733tfwtj2jvgwygmtrbwj9gm0000gn/T/kilo-e2e-8ANOTU/workspace"}
[Kilo New][P0-Perf] {"corr":"bb5b4eac-1b57-444d-898b-935dcdf9b4f6","stage":"sse.event","t":1786779496433,"d":87276,"surface":"extension","span":"end","dur":0,"eventType":"session.idle","dir":"/private/var/folders/9v/733tfwtj2jvgwygmtrbwj9gm0000gn/T/kilo-e2e-8ANOTU/workspace"}
[Kilo New][P0-Perf] {"corr":"bb5b4eac-1b57-444d-898b-935dcdf9b4f6","stage":"sse.event","t":1786779496433,"d":87276,"surface":"extension","span":"start","eventType":"session.turn.close","dir":"/private/var/folders/9v/733tfwtj2jvgwygmtrbwj9gm0000gn/T/kilo-e2e-8ANOTU/workspace"}
[Kilo New][P0-Perf] {"corr":"bb5b4eac-1b57-444d-898b-935dcdf9b4f6","stage":"sse.event","t":1786779496433,"d":87276,"surface":"extension","span":"end","dur":0,"eventType":"session.turn.close","dir":"/private/var/folders/9v/733tfwtj2jvgwygmtrbwj9gm0000gn/T/kilo-e2e-8ANOTU/workspace"}
[Kilo New][P0-Perf] {"corr":"bb5b4eac-1b57-444d-898b-935dcdf9b4f6","stage":"sse.event","t":1786779496467,"d":87310,"surface":"extension","span":"start","eventType":"session.updated","dir":"/private/var/folders/9v/733tfwtj2jvgwygmtrbwj9gm0000gn/T/kilo-e2e-8ANOTU/workspace"}
[Kilo New][P0-Perf] {"corr":"bb5b4eac-1b57-444d-898b-935dcdf9b4f6","stage":"sse.event","t":1786779496467,"d":87310,"surface":"extension","span":"end","dur":0,"eventType":"session.updated","dir":"/private/var/folders/9v/733tfwtj2jvgwygmtrbwj9gm0000gn/T/kilo-e2e-8ANOTU/workspace"}
[Kilo New][P0-Perf] {"corr":"bb5b4eac-1b57-444d-898b-935dcdf9b4f6","stage":"sse.event","t":1786779496467,"d":87310,"surface":"extension","span":"start","eventType":"session.updated.1","dir":"/private/var/folders/9v/733tfwtj2jvgwygmtrbwj9gm0000gn/T/kilo-e2e-8ANOTU/workspace"}
[Kilo New][P0-Perf] {"corr":"bb5b4eac-1b57-444d-898b-935dcdf9b4f6","stage":"sse.event","t":1786779496467,"d":87310,"surface":"extension","span":"end","dur":0,"eventType":"session.updated.1","dir":"/private/var/folders/9v/733tfwtj2jvgwygmtrbwj9gm0000gn/T/kilo-e2e-8ANOTU/workspace"}
[Kilo New][P0-Perf] {"corr":"bb5b4eac-1b57-444d-898b-935dcdf9b4f6","stage":"sse.event","t":1786779496491,"d":87334,"surface":"extension","span":"start","eventType":"session.diff","dir":"/private/var/folders/9v/733tfwtj2jvgwygmtrbwj9gm0000gn/T/kilo-e2e-8ANOTU/workspace"}
[Kilo New][P0-Perf] {"corr":"bb5b4eac-1b57-444d-898b-935dcdf9b4f6","stage":"sse.event","t":1786779496491,"d":87334,"surface":"extension","span":"end","dur":0,"eventType":"session.diff","dir":"/private/var/folders/9v/733tfwtj2jvgwygmtrbwj9gm0000gn/T/kilo-e2e-8ANOTU/workspace"}
[Kilo New][P0-Perf] {"corr":"bb5b4eac-1b57-444d-898b-935dcdf9b4f6","stage":"sse.event","t":1786779496491,"d":87334,"surface":"extension","span":"start","eventType":"message.updated","dir":"/private/var/folders/9v/733tfwtj2jvgwygmtrbwj9gm0000gn/T/kilo-e2e-8ANOTU/workspace"}
[Kilo New][P0-Perf] {"corr":"bb5b4eac-1b57-444d-898b-935dcdf9b4f6","stage":"sse.event","t":1786779496492,"d":87335,"surface":"extension","span":"end","dur":1,"eventType":"message.updated","dir":"/private/var/folders/9v/733tfwtj2jvgwygmtrbwj9gm0000gn/T/kilo-e2e-8ANOTU/workspace"}
[Kilo New][P0-Perf] {"corr":"bb5b4eac-1b57-444d-898b-935dcdf9b4f6","stage":"sse.event","t":1786779496492,"d":87335,"surface":"extension","span":"start","eventType":"message.updated.1","dir":"/private/var/folders/9v/733tfwtj2jvgwygmtrbwj9gm0000gn/T/kilo-e2e-8ANOTU/workspace"}
[Kilo New][P0-Perf] {"corr":"bb5b4eac-1b57-444d-898b-935dcdf9b4f6","stage":"sse.event","t":1786779496492,"d":87335,"surface":"extension","span":"end","dur":0,"eventType":"message.updated.1","dir":"/private/var/folders/9v/733tfwtj2jvgwygmtrbwj9gm0000gn/T/kilo-e2e-8ANOTU/workspace"}
[Kilo New] ServerManager: ⚠️ CLI Server stderr: INFO  2026-08-15T07:38:18 +1878ms service=model-cache providerID=apertis refreshing models
[Kilo New][P0-Perf] {"corr":"bb5b4eac-1b57-444d-898b-935dcdf9b4f6","stage":"sse.event","t":1786779498309,"d":89152,"surface":"extension","span":"start","eventType":"server.heartbeat"}
[Kilo New][P0-Perf] {"corr":"bb5b4eac-1b57-444d-898b-935dcdf9b4f6","stage":"sse.event","t":1786779498309,"d":89152,"surface":"extension","span":"end","dur":0,"eventType":"server.heartbeat"}
[Kilo New] ServerManager: ⚠️ CLI Server stderr: INFO  2026-08-15T07:38:18 +5ms service=model-cache providerID=apertis count=0 models fetched and cached
[probe] PASS H-6 question reply drains the pending request and completes
[probe] PASS H-6 question dock gone
[probe] PASS H-6 panel shows the question completion text: transcript text present
[Kilo New] ServerManager: ⚠️ CLI Server stderr: INFO  2026-08-15T07:38:19 +1444ms service=model-cache providerID=apertis refreshing models
[Kilo New] ServerManager: ⚠️ CLI Server stderr: INFO  2026-08-15T07:38:19 +15ms service=model-cache providerID=apertis count=0 models fetched and cached
[telemetry] Agent Manager Opened { source: 'agent-manager' }
[Kilo New] KiloProvider: 🔧 Starting initializeConnection...
[Kilo New] KiloProvider: checking config warnings {
  from: 'init',
  dir: '/var/folders/9v/733tfwtj2jvgwygmtrbwj9gm0000gn/T/kilo-e2e-8ANOTU/workspace'
}
[Kilo New] KiloProvider: 🔄 syncWebviewState() {
  reason: 'initializeConnection',
  isWebviewReady: false,
  connectionState: 'connected',
  hasClient: true,
  hasServerInfo: true
}
[Kilo New] KiloProvider: ⏭️ syncWebviewState skipped (webview not ready)
[Kilo New][P0-Perf] {"corr":"bb5b4eac-1b57-444d-898b-935dcdf9b4f6","stage":"dataReady.start","t":1786779500206,"d":91049,"surface":"extension"}
[Kilo New] ServerManager: ⚠️ CLI Server stderr: INFO  2026-08-15T07:38:20 +573ms service=session.prompt session.id=ses_ffba5a668ffeP77RqCa6WauoqE cancel
[Kilo New] ServerManager: ⚠️ CLI Server stderr: ERROR 2026-08-15T07:38:20 +212ms service=kilo-sessions sessionID=ses_ffba5a668ffeP77RqCa6WauoqE error=Error: InstanceRef not provided status sync failed
[Kilo New] ServerManager: ⚠️ CLI Server stderr: ERROR 2026-08-15T07:38:20 +0ms service=kilo-sessions sessionID=ses_ffba56b8effeAJiTBv4ngT59CM error=Error: InstanceRef not provided status sync failed
[Kilo New] KiloProvider: config warnings fetched { from: 'init', count: 0 }
[Kilo New][P0-Perf] {"corr":"bb5b4eac-1b57-444d-898b-935dcdf9b4f6","stage":"sse.event","t":1786779500610,"d":91453,"surface":"extension","span":"start","eventType":"session.status","dir":"/private/var/folders/9v/733tfwtj2jvgwygmtrbwj9gm0000gn/T/kilo-e2e-8ANOTU/workspace"}
[Kilo New][P0-Perf] {"corr":"bb5b4eac-1b57-444d-898b-935dcdf9b4f6","stage":"sse.event","t":1786779500611,"d":91454,"surface":"extension","span":"end","dur":1,"eventType":"session.status","dir":"/private/var/folders/9v/733tfwtj2jvgwygmtrbwj9gm0000gn/T/kilo-e2e-8ANOTU/workspace"}
[Kilo New][P0-Perf] {"corr":"bb5b4eac-1b57-444d-898b-935dcdf9b4f6","stage":"sse.event","t":1786779500611,"d":91454,"surface":"extension","span":"start","eventType":"session.idle","dir":"/private/var/folders/9v/733tfwtj2jvgwygmtrbwj9gm0000gn/T/kilo-e2e-8ANOTU/workspace"}
[Kilo New][P0-Perf] {"corr":"bb5b4eac-1b57-444d-898b-935dcdf9b4f6","stage":"sse.event","t":1786779500611,"d":91454,"surface":"extension","span":"end","dur":0,"eventType":"session.idle","dir":"/private/var/folders/9v/733tfwtj2jvgwygmtrbwj9gm0000gn/T/kilo-e2e-8ANOTU/workspace"}
[Kilo New][P0-Perf] {"corr":"bb5b4eac-1b57-444d-898b-935dcdf9b4f6","stage":"sse.event","t":1786779500611,"d":91454,"surface":"extension","span":"start","eventType":"session.status","dir":"/private/var/folders/9v/733tfwtj2jvgwygmtrbwj9gm0000gn/T/kilo-e2e-8ANOTU/workspace"}
[Kilo New][P0-Perf] {"corr":"bb5b4eac-1b57-444d-898b-935dcdf9b4f6","stage":"sse.event","t":1786779500611,"d":91454,"surface":"extension","span":"end","dur":0,"eventType":"session.status","dir":"/private/var/folders/9v/733tfwtj2jvgwygmtrbwj9gm0000gn/T/kilo-e2e-8ANOTU/workspace"}
[Kilo New][P0-Perf] {"corr":"bb5b4eac-1b57-444d-898b-935dcdf9b4f6","stage":"sse.event","t":1786779500611,"d":91454,"surface":"extension","span":"start","eventType":"session.idle","dir":"/private/var/folders/9v/733tfwtj2jvgwygmtrbwj9gm0000gn/T/kilo-e2e-8ANOTU/workspace"}
[Kilo New][P0-Perf] {"corr":"bb5b4eac-1b57-444d-898b-935dcdf9b4f6","stage":"sse.event","t":1786779500611,"d":91454,"surface":"extension","span":"end","dur":0,"eventType":"session.idle","dir":"/private/var/folders/9v/733tfwtj2jvgwygmtrbwj9gm0000gn/T/kilo-e2e-8ANOTU/workspace"}
[Kilo New][P0-Perf] {"corr":"bb5b4eac-1b57-444d-898b-935dcdf9b4f6","stage":"webview.load","t":1786779501236,"d":92079,"surface":"webview","wd":215}
[Kilo New][P0-Perf] {"corr":"bb5b4eac-1b57-444d-898b-935dcdf9b4f6","stage":"webview.mount","t":1786779501276,"d":92119,"surface":"webview","wd":255}
[Kilo New] KiloProvider: ✅ webviewReady received
[Kilo New][P0-Perf] {"corr":"bb5b4eac-1b57-444d-898b-935dcdf9b4f6","stage":"webview.ready","t":1786779502324,"d":93167,"surface":"extension"}
[Kilo New] KiloProvider: 🔄 syncWebviewState() {
  reason: 'webviewReady',
  isWebviewReady: true,
  connectionState: 'connected',
  hasClient: true,
  hasServerInfo: true
}
[Kilo New] KiloProvider: 👤 syncWebviewState fetching profile...
[Kilo New] ServerManager: ⚠️ CLI Server stderr: INFO  2026-08-15T07:38:22 +1815ms service=model-cache providerID=apertis refreshing models
[Kilo New][P0-Perf] {"corr":"bb5b4eac-1b57-444d-898b-935dcdf9b4f6","stage":"webview.render","t":1786779502375,"d":93218,"surface":"webview","wd":1354}
[Kilo New] KiloProvider: 👤 syncWebviewState profile: null
[Kilo New] ServerManager: ⚠️ CLI Server stderr: INFO  2026-08-15T07:38:22 +95ms service=model-cache providerID=apertis count=0 models fetched and cached
[Kilo New][P0-Perf] {"corr":"bb5b4eac-1b57-444d-898b-935dcdf9b4f6","stage":"webview.paint","t":1786779502472,"d":93315,"surface":"webview","wd":1451}
[Kilo New] ServerManager: ⚠️ CLI Server stderr: INFO  2026-08-15T07:38:23 +1120ms service=model-cache providerID=apertis refreshing models
[Kilo New] ServerManager: ⚠️ CLI Server stderr: INFO  2026-08-15T07:38:23 +26ms service=model-cache providerID=apertis count=0 models fetched and cached
[Kilo New][P0-Perf] {"corr":"bb5b4eac-1b57-444d-898b-935dcdf9b4f6","stage":"dataReady.done","t":1786779503969,"d":94812,"surface":"extension"}
[Kilo New] KiloProvider: ✅ initializeConnection completed successfully
[Kilo New] ServerManager: ⚠️ CLI Server stderr: INFO  2026-08-15T07:38:24 +1273ms service=model-cache providerID=apertis refreshing models
[Kilo New] ServerManager: ⚠️ CLI Server stderr: INFO  2026-08-15T07:38:24 +5ms service=model-cache providerID=apertis count=0 models fetched and cached
[probe] PASS H-7 backend parentID/children facts persist after panel reopen
[probe] clicked sidebar topic row ses_ffba5a668ffeP77RqCa6WauoqE
[probe] PASS H-7 reopened panel renders parent topic "E2E Title" with child row "E2E read-only reply sub-task (@general subagent)"
[probe] PASS H-5 cleanup: recorded MCP child pids 36404 exited after disconnect
[Kilo New] ServerManager: ⚠️ CLI Server stderr: INFO  2026-08-15T07:38:26 +1568ms service=model-cache providerID=apertis refreshing models
[Kilo New] ServerManager: ⚠️ CLI Server stderr: INFO  2026-08-15T07:38:26 +8ms service=model-cache providerID=apertis count=0 models fetched and cached
[probe] PASS H-5 snapshot shows the MCP server disabled after disconnect
[probe] PASS real-completed-post-h7: 14 generation request(s), all e2e-local/e2e-model (matrix={
  "total": 14,
  "runOwned": 14,
  "violations": [],
  "byModel": {
    "e2e-local/e2e-model": 14
  },
  "byAgent": {
    "title": 1,
    "e2e-agent": 12,
    "general": 1
  },
  "small": 1,
  "nonSmall": 13,
  "bySession": {
    "title-ses_ffba5a668ffeP77RqCa6WauoqE": 1,
    "ses_ffba5a668ffeP77RqCa6WauoqE": 12,
    "ses_ffba56b8effeAJiTBv4ngT59CM": 1
  }
})
[probe] PASS custom agent served in ModeSwitcher: "E2E Agent"
[probe] picked "E2E Agent" from agent picker
[probe] PASS custom agent selected (reopened panel): "E2E Agent"
[probe] picked "Low" from variant picker
[probe] PASS variant Low selected (reopened panel): "Low"
[probe] PASS custom model visibly selected (reopened panel): "E2E Local / E2E Model"
[Kilo New][P0-Perf] {"corr":"bb5b4eac-1b57-444d-898b-935dcdf9b4f6","stage":"prompt.submit","t":1786779508097,"d":98940,"surface":"extension","sessionID":"ses_ffba5a668ffeP77RqCa6WauoqE","messageID":"msg_0045b9d65001KTlyBIsshZrFkz","dir":"/var/folders/9v/733tfwtj2jvgwygmtrbwj9gm0000gn/T/kilo-e2e-8ANOTU/workspace"}
[Kilo New][P0-Perf] {"corr":"bb5b4eac-1b57-444d-898b-935dcdf9b4f6","stage":"sse.event","t":1786779508140,"d":98983,"surface":"extension","span":"start","eventType":"message.updated","dir":"/private/var/folders/9v/733tfwtj2jvgwygmtrbwj9gm0000gn/T/kilo-e2e-8ANOTU/workspace"}
[Kilo New][P0-Perf] {"corr":"bb5b4eac-1b57-444d-898b-935dcdf9b4f6","stage":"sse.event","t":1786779508140,"d":98983,"surface":"extension","span":"end","dur":0,"eventType":"message.updated","dir":"/private/var/folders/9v/733tfwtj2jvgwygmtrbwj9gm0000gn/T/kilo-e2e-8ANOTU/workspace"}
[Kilo New][P0-Perf] {"corr":"bb5b4eac-1b57-444d-898b-935dcdf9b4f6","stage":"sse.event","t":1786779508140,"d":98983,"surface":"extension","span":"start","eventType":"message.updated.1","dir":"/private/var/folders/9v/733tfwtj2jvgwygmtrbwj9gm0000gn/T/kilo-e2e-8ANOTU/workspace"}
[Kilo New][P0-Perf] {"corr":"bb5b4eac-1b57-444d-898b-935dcdf9b4f6","stage":"sse.event","t":1786779508141,"d":98984,"surface":"extension","span":"end","dur":1,"eventType":"message.updated.1","dir":"/private/var/folders/9v/733tfwtj2jvgwygmtrbwj9gm0000gn/T/kilo-e2e-8ANOTU/workspace"}
[Kilo New][P0-Perf] {"corr":"bb5b4eac-1b57-444d-898b-935dcdf9b4f6","stage":"sse.event","t":1786779508141,"d":98984,"surface":"extension","span":"start","eventType":"message.part.updated","dir":"/private/var/folders/9v/733tfwtj2jvgwygmtrbwj9gm0000gn/T/kilo-e2e-8ANOTU/workspace"}
[Kilo New][P0-Perf] {"corr":"bb5b4eac-1b57-444d-898b-935dcdf9b4f6","stage":"sse.event","t":1786779508141,"d":98984,"surface":"extension","span":"end","dur":0,"eventType":"message.part.updated","dir":"/private/var/folders/9v/733tfwtj2jvgwygmtrbwj9gm0000gn/T/kilo-e2e-8ANOTU/workspace"}
[Kilo New][P0-Perf] {"corr":"bb5b4eac-1b57-444d-898b-935dcdf9b4f6","stage":"sse.event","t":1786779508141,"d":98984,"surface":"extension","span":"start","eventType":"message.part.updated.1","dir":"/private/var/folders/9v/733tfwtj2jvgwygmtrbwj9gm0000gn/T/kilo-e2e-8ANOTU/workspace"}
[Kilo New][P0-Perf] {"corr":"bb5b4eac-1b57-444d-898b-935dcdf9b4f6","stage":"sse.event","t":1786779508141,"d":98984,"surface":"extension","span":"end","dur":0,"eventType":"message.part.updated.1","dir":"/private/var/folders/9v/733tfwtj2jvgwygmtrbwj9gm0000gn/T/kilo-e2e-8ANOTU/workspace"}
[Kilo New][P0-Perf] {"corr":"bb5b4eac-1b57-444d-898b-935dcdf9b4f6","stage":"sse.event","t":1786779508141,"d":98984,"surface":"extension","span":"start","eventType":"session.updated","dir":"/private/var/folders/9v/733tfwtj2jvgwygmtrbwj9gm0000gn/T/kilo-e2e-8ANOTU/workspace"}
[Kilo New][P0-Perf] {"corr":"bb5b4eac-1b57-444d-898b-935dcdf9b4f6","stage":"sse.event","t":1786779508141,"d":98984,"surface":"extension","span":"end","dur":0,"eventType":"session.updated","dir":"/private/var/folders/9v/733tfwtj2jvgwygmtrbwj9gm0000gn/T/kilo-e2e-8ANOTU/workspace"}
[Kilo New][P0-Perf] {"corr":"bb5b4eac-1b57-444d-898b-935dcdf9b4f6","stage":"sse.event","t":1786779508141,"d":98984,"surface":"extension","span":"start","eventType":"session.updated.1","dir":"/private/var/folders/9v/733tfwtj2jvgwygmtrbwj9gm0000gn/T/kilo-e2e-8ANOTU/workspace"}
[Kilo New][P0-Perf] {"corr":"bb5b4eac-1b57-444d-898b-935dcdf9b4f6","stage":"sse.event","t":1786779508142,"d":98985,"surface":"extension","span":"end","dur":1,"eventType":"session.updated.1","dir":"/private/var/folders/9v/733tfwtj2jvgwygmtrbwj9gm0000gn/T/kilo-e2e-8ANOTU/workspace"}
[probe] sent prompt via real prompt input: E2E_ROLLBACK_EDIT: edit the tracked file
[Kilo New] ServerManager: ⚠️ CLI Server stderr: INFO  2026-08-15T07:38:28 +1722ms service=bus type=session.turn.open publishing
[Kilo New] ServerManager: ⚠️ CLI Server stderr: INFO  2026-08-15T07:38:28 +7ms service=session.prompt session.id=ses_ffba5a668ffeP77RqCa6WauoqE step=0 loop
[Kilo New] ServerManager: ⚠️ CLI Server stderr: INFO  2026-08-15T07:38:28 +8ms service=p0-perf event=p0.mark stage=processor_entry ts=1786779508200 id=ses_ffba5a668ffeP77RqCa6WauoqE meta={"messageID":"msg_0045b9de4001XMFaVrqwob5rUh","parentID":"msg_0045b9d65001KTlyBIsshZrFkz","model":"e2e-model","provider":"e2e-local"} processor_entry
[Kilo New][P0-Perf] {"corr":"bb5b4eac-1b57-444d-898b-935dcdf9b4f6","stage":"sse.event","t":1786779508205,"d":99048,"surface":"extension","span":"start","eventType":"session.turn.open","dir":"/private/var/folders/9v/733tfwtj2jvgwygmtrbwj9gm0000gn/T/kilo-e2e-8ANOTU/workspace"}
[Kilo New][P0-Perf] {"corr":"bb5b4eac-1b57-444d-898b-935dcdf9b4f6","stage":"sse.event","t":1786779508205,"d":99048,"surface":"extension","span":"end","dur":0,"eventType":"session.turn.open","dir":"/private/var/folders/9v/733tfwtj2jvgwygmtrbwj9gm0000gn/T/kilo-e2e-8ANOTU/workspace"}
[Kilo New][P0-Perf] {"corr":"bb5b4eac-1b57-444d-898b-935dcdf9b4f6","stage":"sse.event","t":1786779508236,"d":99079,"surface":"extension","span":"start","eventType":"session.status","dir":"/private/var/folders/9v/733tfwtj2jvgwygmtrbwj9gm0000gn/T/kilo-e2e-8ANOTU/workspace"}
[Kilo New][P0-Perf] {"corr":"bb5b4eac-1b57-444d-898b-935dcdf9b4f6","stage":"sse.event","t":1786779508236,"d":99079,"surface":"extension","span":"end","dur":0,"eventType":"session.status","dir":"/private/var/folders/9v/733tfwtj2jvgwygmtrbwj9gm0000gn/T/kilo-e2e-8ANOTU/workspace"}
[Kilo New][P0-Perf] {"corr":"bb5b4eac-1b57-444d-898b-935dcdf9b4f6","stage":"sse.event","t":1786779508237,"d":99080,"surface":"extension","span":"start","eventType":"message.updated","dir":"/private/var/folders/9v/733tfwtj2jvgwygmtrbwj9gm0000gn/T/kilo-e2e-8ANOTU/workspace"}
[Kilo New][P0-Perf] {"corr":"bb5b4eac-1b57-444d-898b-935dcdf9b4f6","stage":"sse.event","t":1786779508237,"d":99080,"surface":"extension","span":"end","dur":0,"eventType":"message.updated","dir":"/private/var/folders/9v/733tfwtj2jvgwygmtrbwj9gm0000gn/T/kilo-e2e-8ANOTU/workspace"}
[Kilo New][P0-Perf] {"corr":"bb5b4eac-1b57-444d-898b-935dcdf9b4f6","stage":"sse.event","t":1786779508237,"d":99080,"surface":"extension","span":"start","eventType":"message.updated.1","dir":"/private/var/folders/9v/733tfwtj2jvgwygmtrbwj9gm0000gn/T/kilo-e2e-8ANOTU/workspace"}
[Kilo New][P0-Perf] {"corr":"bb5b4eac-1b57-444d-898b-935dcdf9b4f6","stage":"model.firstEvent","t":1786779508237,"d":99080,"surface":"extension","sessionID":"ses_ffba5a668ffeP77RqCa6WauoqE","messageID":"msg_0045b9de4001XMFaVrqwob5rUh","parentID":"msg_0045b9d65001KTlyBIsshZrFkz","dir":"/private/var/folders/9v/733tfwtj2jvgwygmtrbwj9gm0000gn/T/kilo-e2e-8ANOTU/workspace"}
[Kilo New][P0-Perf] {"corr":"bb5b4eac-1b57-444d-898b-935dcdf9b4f6","stage":"sse.event","t":1786779508237,"d":99080,"surface":"extension","span":"end","dur":0,"eventType":"message.updated.1","dir":"/private/var/folders/9v/733tfwtj2jvgwygmtrbwj9gm0000gn/T/kilo-e2e-8ANOTU/workspace"}
[Kilo New][P0-Perf] {"corr":"bb5b4eac-1b57-444d-898b-935dcdf9b4f6","stage":"sse.event","t":1786779508332,"d":99175,"surface":"extension","span":"start","eventType":"server.heartbeat"}
[Kilo New][P0-Perf] {"corr":"bb5b4eac-1b57-444d-898b-935dcdf9b4f6","stage":"sse.event","t":1786779508333,"d":99176,"surface":"extension","span":"end","dur":1,"eventType":"server.heartbeat"}
[Kilo New] ServerManager: ⚠️ CLI Server stderr: INFO  2026-08-15T07:38:29 +1645ms service=model-cache providerID=apertis refreshing models
[Kilo New][P0-Perf] {"corr":"bb5b4eac-1b57-444d-898b-935dcdf9b4f6","stage":"sse.event","t":1786779509937,"d":100780,"surface":"extension","span":"start","eventType":"message.part.updated","dir":"/private/var/folders/9v/733tfwtj2jvgwygmtrbwj9gm0000gn/T/kilo-e2e-8ANOTU/workspace"}
[Kilo New][P0-Perf] {"corr":"bb5b4eac-1b57-444d-898b-935dcdf9b4f6","stage":"sse.event","t":1786779509937,"d":100780,"surface":"extension","span":"end","dur":0,"eventType":"message.part.updated","dir":"/private/var/folders/9v/733tfwtj2jvgwygmtrbwj9gm0000gn/T/kilo-e2e-8ANOTU/workspace"}
[Kilo New][P0-Perf] {"corr":"bb5b4eac-1b57-444d-898b-935dcdf9b4f6","stage":"sse.event","t":1786779509937,"d":100780,"surface":"extension","span":"start","eventType":"message.part.updated.1","dir":"/private/var/folders/9v/733tfwtj2jvgwygmtrbwj9gm0000gn/T/kilo-e2e-8ANOTU/workspace"}
[Kilo New][P0-Perf] {"corr":"bb5b4eac-1b57-444d-898b-935dcdf9b4f6","stage":"sse.event","t":1786779509937,"d":100780,"surface":"extension","span":"end","dur":0,"eventType":"message.part.updated.1","dir":"/private/var/folders/9v/733tfwtj2jvgwygmtrbwj9gm0000gn/T/kilo-e2e-8ANOTU/workspace"}
[Kilo New] ServerManager: ⚠️ CLI Server stderr: INFO  2026-08-15T07:38:29 +84ms service=model-cache providerID=apertis count=0 models fetched and cached
[Kilo New] ServerManager: ⚠️ CLI Server stderr: INFO  2026-08-15T07:38:29 +38ms service=snapshot hash=dfb8ce3f262ad0124c6cf4d78ca7bbc50c3dd9a2 cwd=/private/var/folders/9v/733tfwtj2jvgwygmtrbwj9gm0000gn/T/kilo-e2e-8ANOTU/workspace git=/var/folders/9v/733tfwtj2jvgwygmtrbwj9gm0000gn/T/kilo-e2e-8ANOTU/xdg-data/kilo/snapshot/4d5c11ef39f7bccd8f64aa9c9ec14e4525f1d947/5d37ceabbbc88c4e2710ab78dda38cac193e4bd0 tracking
[Kilo New] ServerManager: ⚠️ CLI Server stderr: INFO  2026-08-15T07:38:30 +56ms service=session.tools status=started resolveTools
[Kilo New][P0-Perf] {"corr":"bb5b4eac-1b57-444d-898b-935dcdf9b4f6","stage":"sse.event","t":1786779510030,"d":100873,"surface":"extension","span":"start","eventType":"message.part.removed","dir":"/private/var/folders/9v/733tfwtj2jvgwygmtrbwj9gm0000gn/T/kilo-e2e-8ANOTU/workspace"}
[Kilo New][P0-Perf] {"corr":"bb5b4eac-1b57-444d-898b-935dcdf9b4f6","stage":"sse.event","t":1786779510030,"d":100873,"surface":"extension","span":"end","dur":0,"eventType":"message.part.removed","dir":"/private/var/folders/9v/733tfwtj2jvgwygmtrbwj9gm0000gn/T/kilo-e2e-8ANOTU/workspace"}
[Kilo New][P0-Perf] {"corr":"bb5b4eac-1b57-444d-898b-935dcdf9b4f6","stage":"sse.event","t":1786779510030,"d":100873,"surface":"extension","span":"start","eventType":"message.part.removed.1","dir":"/private/var/folders/9v/733tfwtj2jvgwygmtrbwj9gm0000gn/T/kilo-e2e-8ANOTU/workspace"}
[Kilo New][P0-Perf] {"corr":"bb5b4eac-1b57-444d-898b-935dcdf9b4f6","stage":"sse.event","t":1786779510030,"d":100873,"surface":"extension","span":"end","dur":0,"eventType":"message.part.removed.1","dir":"/private/var/folders/9v/733tfwtj2jvgwygmtrbwj9gm0000gn/T/kilo-e2e-8ANOTU/workspace"}
[Kilo New] ServerManager: ⚠️ CLI Server stderr: INFO  2026-08-15T07:38:30 +64ms service=tool.registry status=started invalid
[Kilo New] ServerManager: ⚠️ CLI Server stderr: INFO  2026-08-15T07:38:30 +0ms service=tool.registry status=completed duration=1 invalid
[Kilo New] ServerManager: ⚠️ CLI Server stderr: INFO  2026-08-15T07:38:30 +0ms service=tool.registry status=started question
[Kilo New] ServerManager: ⚠️ CLI Server stderr: INFO  2026-08-15T07:38:30 +0ms service=tool.registry status=completed duration=0 question
[Kilo New] ServerManager: ⚠️ CLI Server stderr: INFO  2026-08-15T07:38:30 +0ms service=tool.registry status=started bash
[Kilo New] ServerManager: ⚠️ CLI Server stderr: INFO  2026-08-15T07:38:30 +0ms service=tool.registry status=completed duration=0 bash
[Kilo New] ServerManager: ⚠️ CLI Server stderr: INFO  2026-08-15T07:38:30 +0ms service=tool.registry status=started read
[Kilo New] ServerManager: ⚠️ CLI Server stderr: INFO  2026-08-15T07:38:30 +1ms service=tool.registry status=completed duration=1 read
[Kilo New] ServerManager: ⚠️ CLI Server stderr: INFO  2026-08-15T07:38:30 +0ms service=tool.registry status=started glob
[Kilo New] ServerManager: ⚠️ CLI Server stderr: INFO  2026-08-15T07:38:30 +0ms service=tool.registry status=completed duration=0 glob
[Kilo New] ServerManager: ⚠️ CLI Server stderr: INFO  2026-08-15T07:38:30 +0ms service=tool.registry status=started grep
[Kilo New] ServerManager: ⚠️ CLI Server stderr: INFO  2026-08-15T07:38:30 +0ms service=tool.registry status=completed duration=0 grep
[Kilo New] ServerManager: ⚠️ CLI Server stderr: INFO  2026-08-15T07:38:30 +0ms service=tool.registry status=started edit
[Kilo New] ServerManager: ⚠️ CLI Server stderr: INFO  2026-08-15T07:38:30 +0ms service=tool.registry status=completed duration=0 edit
[Kilo New] ServerManager: ⚠️ CLI Server stderr: INFO  2026-08-15T07:38:30 +0ms service=tool.registry status=started write
[Kilo New] ServerManager: ⚠️ CLI Server stderr: INFO  2026-08-15T07:38:30 +0ms service=tool.registry status=completed duration=0 write
[Kilo New] ServerManager: ⚠️ CLI Server stderr: INFO  2026-08-15T07:38:30 +0ms service=tool.registry status=started task
[Kilo New] ServerManager: ⚠️ CLI Server stderr: INFO  2026-08-15T07:38:30 +1ms service=tool.registry status=completed duration=1 task
[Kilo New] ServerManager: ⚠️ CLI Server stderr: INFO  2026-08-15T07:38:30 +1ms service=tool.registry status=started webfetch
[Kilo New] ServerManager: ⚠️ CLI Server stderr: INFO  2026-08-15T07:38:30 +0ms service=tool.registry status=completed duration=0 webfetch
[Kilo New] ServerManager: ⚠️ CLI Server stderr: INFO  2026-08-15T07:38:30 +0ms service=tool.registry status=started todowrite
[Kilo New] ServerManager: ⚠️ CLI Server stderr: INFO  2026-08-15T07:38:30 +0ms service=tool.registry status=completed duration=0 todowrite
[Kilo New] ServerManager: ⚠️ CLI Server stderr: INFO  2026-08-15T07:38:30 +1ms service=tool.registry status=started skill
[Kilo New] ServerManager: ⚠️ CLI Server stderr: INFO  2026-08-15T07:38:30 +1ms service=tool.registry status=completed duration=1 skill
[Kilo New] ServerManager: ⚠️ CLI Server stderr: INFO  2026-08-15T07:38:30 +0ms service=tool.registry status=started plan_exit
[Kilo New] ServerManager: ⚠️ CLI Server stderr: INFO  2026-08-15T07:38:30 +0ms service=tool.registry status=completed duration=0 plan_exit
[Kilo New] ServerManager: ⚠️ CLI Server stderr: INFO  2026-08-15T07:38:30 +0ms service=tool.registry status=started kilo_local_recall
[Kilo New] ServerManager: ⚠️ CLI Server stderr: INFO  2026-08-15T07:38:30 +0ms service=tool.registry status=completed duration=0 kilo_local_recall
[Kilo New] ServerManager: ⚠️ CLI Server stderr: INFO  2026-08-15T07:38:30 +0ms service=tool.registry status=started background_process
[Kilo New] ServerManager: ⚠️ CLI Server stderr: INFO  2026-08-15T07:38:30 +0ms service=tool.registry status=completed duration=0 background_process
[Kilo New] ServerManager: ⚠️ CLI Server stderr: INFO  2026-08-15T07:38:30 +0ms service=tool.registry status=started agent_manager_models
[Kilo New] ServerManager: ⚠️ CLI Server stderr: INFO  2026-08-15T07:38:30 +1ms service=tool.registry status=completed duration=1 agent_manager_models
[Kilo New] ServerManager: ⚠️ CLI Server stderr: INFO  2026-08-15T07:38:30 +0ms service=tool.registry status=started agent_manager
[Kilo New] ServerManager: ⚠️ CLI Server stderr: INFO  2026-08-15T07:38:30 +0ms service=tool.registry status=completed duration=0 agent_manager
[Kilo New] ServerManager: ⚠️ CLI Server stderr: INFO  2026-08-15T07:38:30 +0ms service=tool.registry status=started e2e_marker
[Kilo New] ServerManager: ⚠️ CLI Server stderr: INFO  2026-08-15T07:38:30 +0ms service=tool.registry status=completed duration=0 e2e_marker
[Kilo New] ServerManager: ⚠️ CLI Server stderr: INFO  2026-08-15T07:38:30 +1ms service=session.tools status=completed duration=71 resolveTools
[Kilo New] ServerManager: ⚠️ CLI Server stderr: INFO  2026-08-15T07:38:30 +91ms service=session.processor session.id=ses_ffba5a668ffeP77RqCa6WauoqE messageID=msg_0045b9de4001XMFaVrqwob5rUh process
[Kilo New] ServerManager: ⚠️ CLI Server stderr: INFO  2026-08-15T07:38:30 +3ms service=llm providerID=e2e-local modelID=e2e-model session.id=ses_ffba5a668ffeP77RqCa6WauoqE small=false agent=e2e-agent mode=primary stream
[Kilo New][P0-Perf] {"corr":"bb5b4eac-1b57-444d-898b-935dcdf9b4f6","stage":"sse.event","t":1786779510222,"d":101065,"surface":"extension","span":"start","eventType":"session.updated","dir":"/private/var/folders/9v/733tfwtj2jvgwygmtrbwj9gm0000gn/T/kilo-e2e-8ANOTU/workspace"}
[Kilo New][P0-Perf] {"corr":"bb5b4eac-1b57-444d-898b-935dcdf9b4f6","stage":"sse.event","t":1786779510222,"d":101065,"surface":"extension","span":"end","dur":0,"eventType":"session.updated","dir":"/private/var/folders/9v/733tfwtj2jvgwygmtrbwj9gm0000gn/T/kilo-e2e-8ANOTU/workspace"}
[Kilo New][P0-Perf] {"corr":"bb5b4eac-1b57-444d-898b-935dcdf9b4f6","stage":"sse.event","t":1786779510222,"d":101065,"surface":"extension","span":"start","eventType":"session.updated.1","dir":"/private/var/folders/9v/733tfwtj2jvgwygmtrbwj9gm0000gn/T/kilo-e2e-8ANOTU/workspace"}
[Kilo New][P0-Perf] {"corr":"bb5b4eac-1b57-444d-898b-935dcdf9b4f6","stage":"sse.event","t":1786779510222,"d":101065,"surface":"extension","span":"end","dur":0,"eventType":"session.updated.1","dir":"/private/var/folders/9v/733tfwtj2jvgwygmtrbwj9gm0000gn/T/kilo-e2e-8ANOTU/workspace"}
[Kilo New][P0-Perf] {"corr":"bb5b4eac-1b57-444d-898b-935dcdf9b4f6","stage":"sse.event","t":1786779510222,"d":101065,"surface":"extension","span":"start","eventType":"session.diff","dir":"/private/var/folders/9v/733tfwtj2jvgwygmtrbwj9gm0000gn/T/kilo-e2e-8ANOTU/workspace"}
[Kilo New][P0-Perf] {"corr":"bb5b4eac-1b57-444d-898b-935dcdf9b4f6","stage":"sse.event","t":1786779510222,"d":101065,"surface":"extension","span":"end","dur":0,"eventType":"session.diff","dir":"/private/var/folders/9v/733tfwtj2jvgwygmtrbwj9gm0000gn/T/kilo-e2e-8ANOTU/workspace"}
[Kilo New][P0-Perf] {"corr":"bb5b4eac-1b57-444d-898b-935dcdf9b4f6","stage":"sse.event","t":1786779510223,"d":101066,"surface":"extension","span":"start","eventType":"message.updated","dir":"/private/var/folders/9v/733tfwtj2jvgwygmtrbwj9gm0000gn/T/kilo-e2e-8ANOTU/workspace"}
[Kilo New][P0-Perf] {"corr":"bb5b4eac-1b57-444d-898b-935dcdf9b4f6","stage":"sse.event","t":1786779510223,"d":101066,"surface":"extension","span":"end","dur":0,"eventType":"message.updated","dir":"/private/var/folders/9v/733tfwtj2jvgwygmtrbwj9gm0000gn/T/kilo-e2e-8ANOTU/workspace"}
[Kilo New][P0-Perf] {"corr":"bb5b4eac-1b57-444d-898b-935dcdf9b4f6","stage":"sse.event","t":1786779510223,"d":101066,"surface":"extension","span":"start","eventType":"message.updated.1","dir":"/private/var/folders/9v/733tfwtj2jvgwygmtrbwj9gm0000gn/T/kilo-e2e-8ANOTU/workspace"}
[Kilo New][P0-Perf] {"corr":"bb5b4eac-1b57-444d-898b-935dcdf9b4f6","stage":"sse.event","t":1786779510223,"d":101066,"surface":"extension","span":"end","dur":0,"eventType":"message.updated.1","dir":"/private/var/folders/9v/733tfwtj2jvgwygmtrbwj9gm0000gn/T/kilo-e2e-8ANOTU/workspace"}
[Kilo New][P0-Perf] {"corr":"bb5b4eac-1b57-444d-898b-935dcdf9b4f6","stage":"sse.event","t":1786779510223,"d":101066,"surface":"extension","span":"start","eventType":"session.status","dir":"/private/var/folders/9v/733tfwtj2jvgwygmtrbwj9gm0000gn/T/kilo-e2e-8ANOTU/workspace"}
[Kilo New][P0-Perf] {"corr":"bb5b4eac-1b57-444d-898b-935dcdf9b4f6","stage":"sse.event","t":1786779510223,"d":101066,"surface":"extension","span":"end","dur":0,"eventType":"session.status","dir":"/private/var/folders/9v/733tfwtj2jvgwygmtrbwj9gm0000gn/T/kilo-e2e-8ANOTU/workspace"}
[Kilo New] ServerManager: ⚠️ CLI Server stderr: INFO  2026-08-15T07:38:30 +121ms service=default llm.runtime=ai-sdk llm.provider=e2e-local llm.model=e2e-model llm runtime selected
[Kilo New] ServerManager: ⚠️ CLI Server stderr: INFO  2026-08-15T07:38:30 +109ms service=p0-perf event=p0.start stage=tool_execute ts=1786779510417 id=ses_ffba5a668ffeP77RqCa6WauoqE meta={"tool":"write","callID":"call_e2e_rollback_1","messageID":"msg_0045b9de4001XMFaVrqwob5rUh"} tool_execute
[Kilo New][P0-Perf] {"corr":"bb5b4eac-1b57-444d-898b-935dcdf9b4f6","stage":"sse.event","t":1786779510442,"d":101285,"surface":"extension","span":"start","eventType":"message.part.updated","dir":"/private/var/folders/9v/733tfwtj2jvgwygmtrbwj9gm0000gn/T/kilo-e2e-8ANOTU/workspace"}
[Kilo New][P0-Perf] {"corr":"bb5b4eac-1b57-444d-898b-935dcdf9b4f6","stage":"sse.event","t":1786779510443,"d":101286,"surface":"extension","span":"end","dur":1,"eventType":"message.part.updated","dir":"/private/var/folders/9v/733tfwtj2jvgwygmtrbwj9gm0000gn/T/kilo-e2e-8ANOTU/workspace"}
[Kilo New][P0-Perf] {"corr":"bb5b4eac-1b57-444d-898b-935dcdf9b4f6","stage":"sse.event","t":1786779510443,"d":101286,"surface":"extension","span":"start","eventType":"message.part.updated.1","dir":"/private/var/folders/9v/733tfwtj2jvgwygmtrbwj9gm0000gn/T/kilo-e2e-8ANOTU/workspace"}
[Kilo New][P0-Perf] {"corr":"bb5b4eac-1b57-444d-898b-935dcdf9b4f6","stage":"sse.event","t":1786779510443,"d":101286,"surface":"extension","span":"end","dur":0,"eventType":"message.part.updated.1","dir":"/private/var/folders/9v/733tfwtj2jvgwygmtrbwj9gm0000gn/T/kilo-e2e-8ANOTU/workspace"}
[Kilo New][P0-Perf] {"corr":"bb5b4eac-1b57-444d-898b-935dcdf9b4f6","stage":"sse.event","t":1786779510443,"d":101286,"surface":"extension","span":"start","eventType":"message.part.updated","dir":"/private/var/folders/9v/733tfwtj2jvgwygmtrbwj9gm0000gn/T/kilo-e2e-8ANOTU/workspace"}
[Kilo New][P0-Perf] {"corr":"bb5b4eac-1b57-444d-898b-935dcdf9b4f6","stage":"sse.event","t":1786779510443,"d":101286,"surface":"extension","span":"end","dur":0,"eventType":"message.part.updated","dir":"/private/var/folders/9v/733tfwtj2jvgwygmtrbwj9gm0000gn/T/kilo-e2e-8ANOTU/workspace"}
[Kilo New][P0-Perf] {"corr":"bb5b4eac-1b57-444d-898b-935dcdf9b4f6","stage":"sse.event","t":1786779510443,"d":101286,"surface":"extension","span":"start","eventType":"message.part.updated.1","dir":"/private/var/folders/9v/733tfwtj2jvgwygmtrbwj9gm0000gn/T/kilo-e2e-8ANOTU/workspace"}
[Kilo New][P0-Perf] {"corr":"bb5b4eac-1b57-444d-898b-935dcdf9b4f6","stage":"sse.event","t":1786779510444,"d":101287,"surface":"extension","span":"end","dur":1,"eventType":"message.part.updated.1","dir":"/private/var/folders/9v/733tfwtj2jvgwygmtrbwj9gm0000gn/T/kilo-e2e-8ANOTU/workspace"}
[Kilo New][P0-Perf] {"corr":"bb5b4eac-1b57-444d-898b-935dcdf9b4f6","stage":"sse.event","t":1786779510444,"d":101287,"surface":"extension","span":"start","eventType":"message.part.updated","dir":"/private/var/folders/9v/733tfwtj2jvgwygmtrbwj9gm0000gn/T/kilo-e2e-8ANOTU/workspace"}
[Kilo New][P0-Perf] {"corr":"bb5b4eac-1b57-444d-898b-935dcdf9b4f6","stage":"sse.event","t":1786779510444,"d":101287,"surface":"extension","span":"end","dur":0,"eventType":"message.part.updated","dir":"/private/var/folders/9v/733tfwtj2jvgwygmtrbwj9gm0000gn/T/kilo-e2e-8ANOTU/workspace"}
[Kilo New][P0-Perf] {"corr":"bb5b4eac-1b57-444d-898b-935dcdf9b4f6","stage":"sse.event","t":1786779510444,"d":101287,"surface":"extension","span":"start","eventType":"message.part.updated.1","dir":"/private/var/folders/9v/733tfwtj2jvgwygmtrbwj9gm0000gn/T/kilo-e2e-8ANOTU/workspace"}
[Kilo New][P0-Perf] {"corr":"bb5b4eac-1b57-444d-898b-935dcdf9b4f6","stage":"sse.event","t":1786779510444,"d":101287,"surface":"extension","span":"end","dur":0,"eventType":"message.part.updated.1","dir":"/private/var/folders/9v/733tfwtj2jvgwygmtrbwj9gm0000gn/T/kilo-e2e-8ANOTU/workspace"}
[Kilo New] ServerManager: ⚠️ CLI Server stderr: INFO  2026-08-15T07:38:30 +194ms service=permission permission=edit pattern=rollback.txt action={"permission":"edit","pattern":"rollback.txt","action":"allow"} evaluated
[Kilo New] ServerManager: ⚠️ CLI Server stderr: INFO  2026-08-15T07:38:30 +384ms service=format file=/private/var/folders/9v/733tfwtj2jvgwygmtrbwj9gm0000gn/T/kilo-e2e-8ANOTU/workspace/rollback.txt formatting
[Kilo New] ServerManager: ⚠️ CLI Server stderr: INFO  2026-08-15T07:38:31 +32ms service=lsp file=/private/var/folders/9v/733tfwtj2jvgwygmtrbwj9gm0000gn/T/kilo-e2e-8ANOTU/workspace/rollback.txt touching file
[Kilo New] ServerManager: ⚠️ CLI Server stderr: INFO  2026-08-15T07:38:31 +6ms service=p0-perf event=p0.end stage=tool_execute ts=1786779511034 duration=616 id=ses_ffba5a668ffeP77RqCa6WauoqE meta={"tool":"write","callID":"call_e2e_rollback_1","messageID":"msg_0045b9de4001XMFaVrqwob5rUh"} tool_execute
[Kilo New][P0-Perf] {"corr":"bb5b4eac-1b57-444d-898b-935dcdf9b4f6","stage":"sse.event","t":1786779511075,"d":101918,"surface":"extension","span":"start","eventType":"file.edited","dir":"/private/var/folders/9v/733tfwtj2jvgwygmtrbwj9gm0000gn/T/kilo-e2e-8ANOTU/workspace"}
[Kilo New][P0-Perf] {"corr":"bb5b4eac-1b57-444d-898b-935dcdf9b4f6","stage":"sse.event","t":1786779511076,"d":101919,"surface":"extension","span":"end","dur":1,"eventType":"file.edited","dir":"/private/var/folders/9v/733tfwtj2jvgwygmtrbwj9gm0000gn/T/kilo-e2e-8ANOTU/workspace"}
[Kilo New][P0-Perf] {"corr":"bb5b4eac-1b57-444d-898b-935dcdf9b4f6","stage":"sse.event","t":1786779511076,"d":101919,"surface":"extension","span":"start","eventType":"file.watcher.updated","dir":"/private/var/folders/9v/733tfwtj2jvgwygmtrbwj9gm0000gn/T/kilo-e2e-8ANOTU/workspace"}
[Kilo New][P0-Perf] {"corr":"bb5b4eac-1b57-444d-898b-935dcdf9b4f6","stage":"sse.event","t":1786779511076,"d":101919,"surface":"extension","span":"end","dur":0,"eventType":"file.watcher.updated","dir":"/private/var/folders/9v/733tfwtj2jvgwygmtrbwj9gm0000gn/T/kilo-e2e-8ANOTU/workspace"}
[Kilo New][P0-Perf] {"corr":"bb5b4eac-1b57-444d-898b-935dcdf9b4f6","stage":"sse.event","t":1786779511076,"d":101919,"surface":"extension","span":"start","eventType":"message.part.updated","dir":"/private/var/folders/9v/733tfwtj2jvgwygmtrbwj9gm0000gn/T/kilo-e2e-8ANOTU/workspace"}
[Kilo New][P0-Perf] {"corr":"bb5b4eac-1b57-444d-898b-935dcdf9b4f6","stage":"sse.event","t":1786779511076,"d":101919,"surface":"extension","span":"end","dur":0,"eventType":"message.part.updated","dir":"/private/var/folders/9v/733tfwtj2jvgwygmtrbwj9gm0000gn/T/kilo-e2e-8ANOTU/workspace"}
[Kilo New][P0-Perf] {"corr":"bb5b4eac-1b57-444d-898b-935dcdf9b4f6","stage":"sse.event","t":1786779511076,"d":101919,"surface":"extension","span":"start","eventType":"message.part.updated.1","dir":"/private/var/folders/9v/733tfwtj2jvgwygmtrbwj9gm0000gn/T/kilo-e2e-8ANOTU/workspace"}
[Kilo New][P0-Perf] {"corr":"bb5b4eac-1b57-444d-898b-935dcdf9b4f6","stage":"sse.event","t":1786779511077,"d":101920,"surface":"extension","span":"end","dur":1,"eventType":"message.part.updated.1","dir":"/private/var/folders/9v/733tfwtj2jvgwygmtrbwj9gm0000gn/T/kilo-e2e-8ANOTU/workspace"}
[Kilo New] ServerManager: ⚠️ CLI Server stderr: INFO  2026-08-15T07:38:32 +1401ms service=model-cache providerID=apertis refreshing models
[Kilo New][P0-Perf] {"corr":"bb5b4eac-1b57-444d-898b-935dcdf9b4f6","stage":"sse.event","t":1786779512445,"d":103288,"surface":"extension","span":"start","eventType":"message.part.updated","dir":"/private/var/folders/9v/733tfwtj2jvgwygmtrbwj9gm0000gn/T/kilo-e2e-8ANOTU/workspace"}
[Kilo New][P0-Perf] {"corr":"bb5b4eac-1b57-444d-898b-935dcdf9b4f6","stage":"sse.event","t":1786779512446,"d":103289,"surface":"extension","span":"end","dur":1,"eventType":"message.part.updated","dir":"/private/var/folders/9v/733tfwtj2jvgwygmtrbwj9gm0000gn/T/kilo-e2e-8ANOTU/workspace"}
[Kilo New][P0-Perf] {"corr":"bb5b4eac-1b57-444d-898b-935dcdf9b4f6","stage":"sse.event","t":1786779512446,"d":103289,"surface":"extension","span":"start","eventType":"message.part.updated.1","dir":"/private/var/folders/9v/733tfwtj2jvgwygmtrbwj9gm0000gn/T/kilo-e2e-8ANOTU/workspace"}
[Kilo New][P0-Perf] {"corr":"bb5b4eac-1b57-444d-898b-935dcdf9b4f6","stage":"sse.event","t":1786779512446,"d":103289,"surface":"extension","span":"end","dur":0,"eventType":"message.part.updated.1","dir":"/private/var/folders/9v/733tfwtj2jvgwygmtrbwj9gm0000gn/T/kilo-e2e-8ANOTU/workspace"}
[Kilo New] ServerManager: ⚠️ CLI Server stderr: INFO  2026-08-15T07:38:32 +10ms service=model-cache providerID=apertis count=0 models fetched and cached
[Kilo New][P0-Perf] {"corr":"bb5b4eac-1b57-444d-898b-935dcdf9b4f6","stage":"sse.event","t":1786779512585,"d":103428,"surface":"extension","span":"start","eventType":"message.part.updated","dir":"/private/var/folders/9v/733tfwtj2jvgwygmtrbwj9gm0000gn/T/kilo-e2e-8ANOTU/workspace"}
[Kilo New][P0-Perf] {"corr":"bb5b4eac-1b57-444d-898b-935dcdf9b4f6","stage":"sse.event","t":1786779512586,"d":103429,"surface":"extension","span":"end","dur":1,"eventType":"message.part.updated","dir":"/private/var/folders/9v/733tfwtj2jvgwygmtrbwj9gm0000gn/T/kilo-e2e-8ANOTU/workspace"}
[Kilo New][P0-Perf] {"corr":"bb5b4eac-1b57-444d-898b-935dcdf9b4f6","stage":"sse.event","t":1786779512586,"d":103429,"surface":"extension","span":"start","eventType":"message.part.updated.1","dir":"/private/var/folders/9v/733tfwtj2jvgwygmtrbwj9gm0000gn/T/kilo-e2e-8ANOTU/workspace"}
[Kilo New][P0-Perf] {"corr":"bb5b4eac-1b57-444d-898b-935dcdf9b4f6","stage":"sse.event","t":1786779512586,"d":103429,"surface":"extension","span":"end","dur":0,"eventType":"message.part.updated.1","dir":"/private/var/folders/9v/733tfwtj2jvgwygmtrbwj9gm0000gn/T/kilo-e2e-8ANOTU/workspace"}
[Kilo New][P0-Perf] {"corr":"bb5b4eac-1b57-444d-898b-935dcdf9b4f6","stage":"sse.event","t":1786779512715,"d":103558,"surface":"extension","span":"start","eventType":"message.part.updated","dir":"/private/var/folders/9v/733tfwtj2jvgwygmtrbwj9gm0000gn/T/kilo-e2e-8ANOTU/workspace"}
[Kilo New][P0-Perf] {"corr":"bb5b4eac-1b57-444d-898b-935dcdf9b4f6","stage":"sse.event","t":1786779512715,"d":103558,"surface":"extension","span":"end","dur":0,"eventType":"message.part.updated","dir":"/private/var/folders/9v/733tfwtj2jvgwygmtrbwj9gm0000gn/T/kilo-e2e-8ANOTU/workspace"}
[Kilo New][P0-Perf] {"corr":"bb5b4eac-1b57-444d-898b-935dcdf9b4f6","stage":"sse.event","t":1786779512715,"d":103558,"surface":"extension","span":"start","eventType":"message.part.updated.1","dir":"/private/var/folders/9v/733tfwtj2jvgwygmtrbwj9gm0000gn/T/kilo-e2e-8ANOTU/workspace"}
[Kilo New][P0-Perf] {"corr":"bb5b4eac-1b57-444d-898b-935dcdf9b4f6","stage":"sse.event","t":1786779512716,"d":103559,"surface":"extension","span":"end","dur":1,"eventType":"message.part.updated.1","dir":"/private/var/folders/9v/733tfwtj2jvgwygmtrbwj9gm0000gn/T/kilo-e2e-8ANOTU/workspace"}
[Kilo New] ServerManager: ⚠️ CLI Server stderr: INFO  2026-08-15T07:38:32 +338ms service=snapshot hash=d2c91e170953000414b41a6cd254bc66a6474045 cwd=/private/var/folders/9v/733tfwtj2jvgwygmtrbwj9gm0000gn/T/kilo-e2e-8ANOTU/workspace git=/var/folders/9v/733tfwtj2jvgwygmtrbwj9gm0000gn/T/kilo-e2e-8ANOTU/xdg-data/kilo/snapshot/4d5c11ef39f7bccd8f64aa9c9ec14e4525f1d947/5d37ceabbbc88c4e2710ab78dda38cac193e4bd0 tracking
[Kilo New][P0-Perf] {"corr":"bb5b4eac-1b57-444d-898b-935dcdf9b4f6","stage":"sse.event","t":1786779512796,"d":103639,"surface":"extension","span":"start","eventType":"message.part.updated","dir":"/private/var/folders/9v/733tfwtj2jvgwygmtrbwj9gm0000gn/T/kilo-e2e-8ANOTU/workspace"}
[Kilo New][P0-Perf] {"corr":"bb5b4eac-1b57-444d-898b-935dcdf9b4f6","stage":"sse.event","t":1786779512796,"d":103639,"surface":"extension","span":"end","dur":0,"eventType":"message.part.updated","dir":"/private/var/folders/9v/733tfwtj2jvgwygmtrbwj9gm0000gn/T/kilo-e2e-8ANOTU/workspace"}
[Kilo New][P0-Perf] {"corr":"bb5b4eac-1b57-444d-898b-935dcdf9b4f6","stage":"sse.event","t":1786779512796,"d":103639,"surface":"extension","span":"start","eventType":"message.part.updated.1","dir":"/private/var/folders/9v/733tfwtj2jvgwygmtrbwj9gm0000gn/T/kilo-e2e-8ANOTU/workspace"}
[Kilo New][P0-Perf] {"corr":"bb5b4eac-1b57-444d-898b-935dcdf9b4f6","stage":"sse.event","t":1786779512797,"d":103640,"surface":"extension","span":"end","dur":1,"eventType":"message.part.updated.1","dir":"/private/var/folders/9v/733tfwtj2jvgwygmtrbwj9gm0000gn/T/kilo-e2e-8ANOTU/workspace"}
[Kilo New][P0-Perf] {"corr":"bb5b4eac-1b57-444d-898b-935dcdf9b4f6","stage":"sse.event","t":1786779512797,"d":103640,"surface":"extension","span":"start","eventType":"message.updated","dir":"/private/var/folders/9v/733tfwtj2jvgwygmtrbwj9gm0000gn/T/kilo-e2e-8ANOTU/workspace"}
[Kilo New][P0-Perf] {"corr":"bb5b4eac-1b57-444d-898b-935dcdf9b4f6","stage":"sse.event","t":1786779512797,"d":103640,"surface":"extension","span":"end","dur":0,"eventType":"message.updated","dir":"/private/var/folders/9v/733tfwtj2jvgwygmtrbwj9gm0000gn/T/kilo-e2e-8ANOTU/workspace"}
[Kilo New][P0-Perf] {"corr":"bb5b4eac-1b57-444d-898b-935dcdf9b4f6","stage":"sse.event","t":1786779512797,"d":103640,"surface":"extension","span":"start","eventType":"message.updated.1","dir":"/private/var/folders/9v/733tfwtj2jvgwygmtrbwj9gm0000gn/T/kilo-e2e-8ANOTU/workspace"}
[Kilo New][P0-Perf] {"corr":"bb5b4eac-1b57-444d-898b-935dcdf9b4f6","stage":"sse.event","t":1786779512797,"d":103640,"surface":"extension","span":"end","dur":0,"eventType":"message.updated.1","dir":"/private/var/folders/9v/733tfwtj2jvgwygmtrbwj9gm0000gn/T/kilo-e2e-8ANOTU/workspace"}
[Kilo New][P0-Perf] {"corr":"bb5b4eac-1b57-444d-898b-935dcdf9b4f6","stage":"sse.event","t":1786779512798,"d":103641,"surface":"extension","span":"start","eventType":"message.part.removed","dir":"/private/var/folders/9v/733tfwtj2jvgwygmtrbwj9gm0000gn/T/kilo-e2e-8ANOTU/workspace"}
[Kilo New][P0-Perf] {"corr":"bb5b4eac-1b57-444d-898b-935dcdf9b4f6","stage":"sse.event","t":1786779512798,"d":103641,"surface":"extension","span":"end","dur":0,"eventType":"message.part.removed","dir":"/private/var/folders/9v/733tfwtj2jvgwygmtrbwj9gm0000gn/T/kilo-e2e-8ANOTU/workspace"}
[Kilo New][P0-Perf] {"corr":"bb5b4eac-1b57-444d-898b-935dcdf9b4f6","stage":"sse.event","t":1786779512798,"d":103641,"surface":"extension","span":"start","eventType":"message.part.removed.1","dir":"/private/var/folders/9v/733tfwtj2jvgwygmtrbwj9gm0000gn/T/kilo-e2e-8ANOTU/workspace"}
[Kilo New][P0-Perf] {"corr":"bb5b4eac-1b57-444d-898b-935dcdf9b4f6","stage":"sse.event","t":1786779512798,"d":103641,"surface":"extension","span":"end","dur":0,"eventType":"message.part.removed.1","dir":"/private/var/folders/9v/733tfwtj2jvgwygmtrbwj9gm0000gn/T/kilo-e2e-8ANOTU/workspace"}
[Kilo New] ServerManager: ⚠️ CLI Server stderr: INFO  2026-08-15T07:38:33 +225ms service=session.prompt session.id=ses_ffba5a668ffeP77RqCa6WauoqE step=1 loop
[Kilo New] ServerManager: ⚠️ CLI Server stderr: INFO  2026-08-15T07:38:33 +5ms service=p0-perf event=p0.mark stage=processor_entry ts=1786779513013 id=ses_ffba5a668ffeP77RqCa6WauoqE meta={"messageID":"msg_0045bb0b3001Dh36u0GdjTI0Jm","parentID":"msg_0045b9d65001KTlyBIsshZrFkz","model":"e2e-model","provider":"e2e-local"} processor_entry
[Kilo New][P0-Perf] {"corr":"bb5b4eac-1b57-444d-898b-935dcdf9b4f6","stage":"sse.event","t":1786779513019,"d":103862,"surface":"extension","span":"start","eventType":"message.part.updated","dir":"/private/var/folders/9v/733tfwtj2jvgwygmtrbwj9gm0000gn/T/kilo-e2e-8ANOTU/workspace"}
[Kilo New][P0-Perf] {"corr":"bb5b4eac-1b57-444d-898b-935dcdf9b4f6","stage":"sse.event","t":1786779513019,"d":103862,"surface":"extension","span":"end","dur":0,"eventType":"message.part.updated","dir":"/private/var/folders/9v/733tfwtj2jvgwygmtrbwj9gm0000gn/T/kilo-e2e-8ANOTU/workspace"}
[Kilo New][P0-Perf] {"corr":"bb5b4eac-1b57-444d-898b-935dcdf9b4f6","stage":"sse.event","t":1786779513019,"d":103862,"surface":"extension","span":"start","eventType":"message.part.updated.1","dir":"/private/var/folders/9v/733tfwtj2jvgwygmtrbwj9gm0000gn/T/kilo-e2e-8ANOTU/workspace"}
[Kilo New][P0-Perf] {"corr":"bb5b4eac-1b57-444d-898b-935dcdf9b4f6","stage":"sse.event","t":1786779513019,"d":103862,"surface":"extension","span":"end","dur":0,"eventType":"message.part.updated.1","dir":"/private/var/folders/9v/733tfwtj2jvgwygmtrbwj9gm0000gn/T/kilo-e2e-8ANOTU/workspace"}
[Kilo New][P0-Perf] {"corr":"bb5b4eac-1b57-444d-898b-935dcdf9b4f6","stage":"sse.event","t":1786779513019,"d":103862,"surface":"extension","span":"start","eventType":"message.updated","dir":"/private/var/folders/9v/733tfwtj2jvgwygmtrbwj9gm0000gn/T/kilo-e2e-8ANOTU/workspace"}
[Kilo New][P0-Perf] {"corr":"bb5b4eac-1b57-444d-898b-935dcdf9b4f6","stage":"sse.event","t":1786779513020,"d":103863,"surface":"extension","span":"end","dur":1,"eventType":"message.updated","dir":"/private/var/folders/9v/733tfwtj2jvgwygmtrbwj9gm0000gn/T/kilo-e2e-8ANOTU/workspace"}
[Kilo New][P0-Perf] {"corr":"bb5b4eac-1b57-444d-898b-935dcdf9b4f6","stage":"sse.event","t":1786779513020,"d":103863,"surface":"extension","span":"start","eventType":"message.updated.1","dir":"/private/var/folders/9v/733tfwtj2jvgwygmtrbwj9gm0000gn/T/kilo-e2e-8ANOTU/workspace"}
[Kilo New][P0-Perf] {"corr":"bb5b4eac-1b57-444d-898b-935dcdf9b4f6","stage":"sse.event","t":1786779513020,"d":103863,"surface":"extension","span":"end","dur":0,"eventType":"message.updated.1","dir":"/private/var/folders/9v/733tfwtj2jvgwygmtrbwj9gm0000gn/T/kilo-e2e-8ANOTU/workspace"}
[Kilo New][P0-Perf] {"corr":"bb5b4eac-1b57-444d-898b-935dcdf9b4f6","stage":"sse.event","t":1786779513020,"d":103863,"surface":"extension","span":"start","eventType":"session.status","dir":"/private/var/folders/9v/733tfwtj2jvgwygmtrbwj9gm0000gn/T/kilo-e2e-8ANOTU/workspace"}
[Kilo New][P0-Perf] {"corr":"bb5b4eac-1b57-444d-898b-935dcdf9b4f6","stage":"sse.event","t":1786779513020,"d":103863,"surface":"extension","span":"end","dur":0,"eventType":"session.status","dir":"/private/var/folders/9v/733tfwtj2jvgwygmtrbwj9gm0000gn/T/kilo-e2e-8ANOTU/workspace"}
[Kilo New][P0-Perf] {"corr":"bb5b4eac-1b57-444d-898b-935dcdf9b4f6","stage":"sse.event","t":1786779513020,"d":103863,"surface":"extension","span":"start","eventType":"message.updated","dir":"/private/var/folders/9v/733tfwtj2jvgwygmtrbwj9gm0000gn/T/kilo-e2e-8ANOTU/workspace"}
[Kilo New][P0-Perf] {"corr":"bb5b4eac-1b57-444d-898b-935dcdf9b4f6","stage":"sse.event","t":1786779513021,"d":103864,"surface":"extension","span":"end","dur":1,"eventType":"message.updated","dir":"/private/var/folders/9v/733tfwtj2jvgwygmtrbwj9gm0000gn/T/kilo-e2e-8ANOTU/workspace"}
[Kilo New][P0-Perf] {"corr":"bb5b4eac-1b57-444d-898b-935dcdf9b4f6","stage":"sse.event","t":1786779513021,"d":103864,"surface":"extension","span":"start","eventType":"message.updated.1","dir":"/private/var/folders/9v/733tfwtj2jvgwygmtrbwj9gm0000gn/T/kilo-e2e-8ANOTU/workspace"}
[Kilo New][P0-Perf] {"corr":"bb5b4eac-1b57-444d-898b-935dcdf9b4f6","stage":"model.firstEvent","t":1786779513021,"d":103864,"surface":"extension","sessionID":"ses_ffba5a668ffeP77RqCa6WauoqE","messageID":"msg_0045bb0b3001Dh36u0GdjTI0Jm","parentID":"msg_0045b9d65001KTlyBIsshZrFkz","dir":"/private/var/folders/9v/733tfwtj2jvgwygmtrbwj9gm0000gn/T/kilo-e2e-8ANOTU/workspace"}
[Kilo New][P0-Perf] {"corr":"bb5b4eac-1b57-444d-898b-935dcdf9b4f6","stage":"sse.event","t":1786779513021,"d":103864,"surface":"extension","span":"end","dur":0,"eventType":"message.updated.1","dir":"/private/var/folders/9v/733tfwtj2jvgwygmtrbwj9gm0000gn/T/kilo-e2e-8ANOTU/workspace"}
[Kilo New] ServerManager: ⚠️ CLI Server stderr: INFO  2026-08-15T07:38:33 +194ms service=snapshot hash=d2c91e170953000414b41a6cd254bc66a6474045 cwd=/private/var/folders/9v/733tfwtj2jvgwygmtrbwj9gm0000gn/T/kilo-e2e-8ANOTU/workspace git=/var/folders/9v/733tfwtj2jvgwygmtrbwj9gm0000gn/T/kilo-e2e-8ANOTU/xdg-data/kilo/snapshot/4d5c11ef39f7bccd8f64aa9c9ec14e4525f1d947/5d37ceabbbc88c4e2710ab78dda38cac193e4bd0 tracking
[Kilo New] ServerManager: ⚠️ CLI Server stderr: INFO  2026-08-15T07:38:33 +3ms service=session.tools status=started resolveTools
[Kilo New] ServerManager: ⚠️ CLI Server stderr: INFO  2026-08-15T07:38:33 +2ms service=tool.registry status=started invalid
[Kilo New] ServerManager: ⚠️ CLI Server stderr: INFO  2026-08-15T07:38:33 +0ms service=tool.registry status=completed duration=0 invalid
[Kilo New] ServerManager: ⚠️ CLI Server stderr: INFO  2026-08-15T07:38:33 +0ms service=tool.registry status=started question
[Kilo New] ServerManager: ⚠️ CLI Server stderr: INFO  2026-08-15T07:38:33 +0ms service=tool.registry status=completed duration=0 question
[Kilo New] ServerManager: ⚠️ CLI Server stderr: INFO  2026-08-15T07:38:33 +0ms service=tool.registry status=started bash
[Kilo New] ServerManager: ⚠️ CLI Server stderr: INFO  2026-08-15T07:38:33 +0ms service=tool.registry status=completed duration=0 bash
[Kilo New] ServerManager: ⚠️ CLI Server stderr: INFO  2026-08-15T07:38:33 +0ms service=tool.registry status=started read
[Kilo New] ServerManager: ⚠️ CLI Server stderr: INFO  2026-08-15T07:38:33 +0ms service=tool.registry status=completed duration=0 read
[Kilo New] ServerManager: ⚠️ CLI Server stderr: INFO  2026-08-15T07:38:33 +0ms service=tool.registry status=started glob
[Kilo New] ServerManager: ⚠️ CLI Server stderr: INFO  2026-08-15T07:38:33 +0ms service=tool.registry status=completed duration=0 glob
[Kilo New] ServerManager: ⚠️ CLI Server stderr: INFO  2026-08-15T07:38:33 +0ms service=tool.registry status=started grep
[Kilo New] ServerManager: ⚠️ CLI Server stderr: INFO  2026-08-15T07:38:33 +1ms service=tool.registry status=completed duration=1 grep
[Kilo New] ServerManager: ⚠️ CLI Server stderr: INFO  2026-08-15T07:38:33 +0ms service=tool.registry status=started edit
[Kilo New] ServerManager: ⚠️ CLI Server stderr: INFO  2026-08-15T07:38:33 +0ms service=tool.registry status=completed duration=0 edit
[Kilo New] ServerManager: ⚠️ CLI Server stderr: INFO  2026-08-15T07:38:33 +0ms service=tool.registry status=started write
[Kilo New] ServerManager: ⚠️ CLI Server stderr: INFO  2026-08-15T07:38:33 +0ms service=tool.registry status=completed duration=0 write
[Kilo New] ServerManager: ⚠️ CLI Server stderr: INFO  2026-08-15T07:38:33 +0ms service=tool.registry status=started task
[Kilo New] ServerManager: ⚠️ CLI Server stderr: INFO  2026-08-15T07:38:33 +1ms service=tool.registry status=completed duration=1 task
[Kilo New] ServerManager: ⚠️ CLI Server stderr: INFO  2026-08-15T07:38:33 +0ms service=tool.registry status=started webfetch
[Kilo New] ServerManager: ⚠️ CLI Server stderr: INFO  2026-08-15T07:38:33 +0ms service=tool.registry status=completed duration=0 webfetch
[Kilo New] ServerManager: ⚠️ CLI Server stderr: INFO  2026-08-15T07:38:33 +0ms service=tool.registry status=started todowrite
[Kilo New] ServerManager: ⚠️ CLI Server stderr: INFO  2026-08-15T07:38:33 +0ms service=tool.registry status=completed duration=0 todowrite
[Kilo New] ServerManager: ⚠️ CLI Server stderr: INFO  2026-08-15T07:38:33 +0ms service=tool.registry status=started skill
[Kilo New] ServerManager: ⚠️ CLI Server stderr: INFO  2026-08-15T07:38:33 +1ms service=tool.registry status=completed duration=1 skill
[Kilo New] ServerManager: ⚠️ CLI Server stderr: INFO  2026-08-15T07:38:33 +0ms service=tool.registry status=started plan_exit
[Kilo New] ServerManager: ⚠️ CLI Server stderr: INFO  2026-08-15T07:38:33 +1ms service=tool.registry status=completed duration=1 plan_exit
[Kilo New] ServerManager: ⚠️ CLI Server stderr: INFO  2026-08-15T07:38:33 +0ms service=tool.registry status=started kilo_local_recall
[Kilo New] ServerManager: ⚠️ CLI Server stderr: INFO  2026-08-15T07:38:33 +0ms service=tool.registry status=completed duration=0 kilo_local_recall
[Kilo New] ServerManager: ⚠️ CLI Server stderr: INFO  2026-08-15T07:38:33 +0ms service=tool.registry status=started background_process
[Kilo New] ServerManager: ⚠️ CLI Server stderr: INFO  2026-08-15T07:38:33 +0ms service=tool.registry status=completed duration=0 background_process
[Kilo New] ServerManager: ⚠️ CLI Server stderr: INFO  2026-08-15T07:38:33 +0ms service=tool.registry status=started agent_manager_models
[Kilo New] ServerManager: ⚠️ CLI Server stderr: INFO  2026-08-15T07:38:33 +0ms service=tool.registry status=completed duration=0 agent_manager_models
[Kilo New] ServerManager: ⚠️ CLI Server stderr: INFO  2026-08-15T07:38:33 +0ms service=tool.registry status=started agent_manager
[Kilo New] ServerManager: ⚠️ CLI Server stderr: INFO  2026-08-15T07:38:33 +0ms service=tool.registry status=completed duration=0 agent_manager
[Kilo New] ServerManager: ⚠️ CLI Server stderr: INFO  2026-08-15T07:38:33 +0ms service=tool.registry status=started e2e_marker
[Kilo New] ServerManager: ⚠️ CLI Server stderr: INFO  2026-08-15T07:38:33 +0ms service=tool.registry status=completed duration=0 e2e_marker
[Kilo New] ServerManager: ⚠️ CLI Server stderr: INFO  2026-08-15T07:38:33 +1ms service=session.tools status=completed duration=7 resolveTools
[Kilo New] ServerManager: ⚠️ CLI Server stderr: INFO  2026-08-15T07:38:33 +27ms service=session.processor session.id=ses_ffba5a668ffeP77RqCa6WauoqE messageID=msg_0045bb0b3001Dh36u0GdjTI0Jm process
[Kilo New] ServerManager: ⚠️ CLI Server stderr: INFO  2026-08-15T07:38:33 +3ms service=llm providerID=e2e-local modelID=e2e-model session.id=ses_ffba5a668ffeP77RqCa6WauoqE small=false agent=e2e-agent mode=primary stream
[Kilo New] ServerManager: ⚠️ CLI Server stderr: INFO  2026-08-15T07:38:33 +4ms service=default llm.runtime=ai-sdk llm.provider=e2e-local llm.model=e2e-model llm runtime selected
[Kilo New][P0-Perf] {"corr":"bb5b4eac-1b57-444d-898b-935dcdf9b4f6","stage":"sse.event","t":1786779513261,"d":104104,"surface":"extension","span":"start","eventType":"session.status","dir":"/private/var/folders/9v/733tfwtj2jvgwygmtrbwj9gm0000gn/T/kilo-e2e-8ANOTU/workspace"}
[Kilo New][P0-Perf] {"corr":"bb5b4eac-1b57-444d-898b-935dcdf9b4f6","stage":"sse.event","t":1786779513261,"d":104104,"surface":"extension","span":"end","dur":0,"eventType":"session.status","dir":"/private/var/folders/9v/733tfwtj2jvgwygmtrbwj9gm0000gn/T/kilo-e2e-8ANOTU/workspace"}
[Kilo New][P0-Perf] {"corr":"bb5b4eac-1b57-444d-898b-935dcdf9b4f6","stage":"sse.event","t":1786779513305,"d":104148,"surface":"extension","span":"start","eventType":"message.part.updated","dir":"/private/var/folders/9v/733tfwtj2jvgwygmtrbwj9gm0000gn/T/kilo-e2e-8ANOTU/workspace"}
[Kilo New][P0-Perf] {"corr":"bb5b4eac-1b57-444d-898b-935dcdf9b4f6","stage":"sse.event","t":1786779513305,"d":104148,"surface":"extension","span":"end","dur":0,"eventType":"message.part.updated","dir":"/private/var/folders/9v/733tfwtj2jvgwygmtrbwj9gm0000gn/T/kilo-e2e-8ANOTU/workspace"}
[Kilo New][P0-Perf] {"corr":"bb5b4eac-1b57-444d-898b-935dcdf9b4f6","stage":"sse.event","t":1786779513305,"d":104148,"surface":"extension","span":"start","eventType":"message.part.updated.1","dir":"/private/var/folders/9v/733tfwtj2jvgwygmtrbwj9gm0000gn/T/kilo-e2e-8ANOTU/workspace"}
[Kilo New][P0-Perf] {"corr":"bb5b4eac-1b57-444d-898b-935dcdf9b4f6","stage":"sse.event","t":1786779513305,"d":104148,"surface":"extension","span":"end","dur":0,"eventType":"message.part.updated.1","dir":"/private/var/folders/9v/733tfwtj2jvgwygmtrbwj9gm0000gn/T/kilo-e2e-8ANOTU/workspace"}
[Kilo New][P0-Perf] {"corr":"bb5b4eac-1b57-444d-898b-935dcdf9b4f6","stage":"sse.event","t":1786779513305,"d":104148,"surface":"extension","span":"start","eventType":"message.part.updated","dir":"/private/var/folders/9v/733tfwtj2jvgwygmtrbwj9gm0000gn/T/kilo-e2e-8ANOTU/workspace"}
[Kilo New][P0-Perf] {"corr":"bb5b4eac-1b57-444d-898b-935dcdf9b4f6","stage":"sse.event","t":1786779513305,"d":104148,"surface":"extension","span":"end","dur":0,"eventType":"message.part.updated","dir":"/private/var/folders/9v/733tfwtj2jvgwygmtrbwj9gm0000gn/T/kilo-e2e-8ANOTU/workspace"}
[Kilo New][P0-Perf] {"corr":"bb5b4eac-1b57-444d-898b-935dcdf9b4f6","stage":"sse.event","t":1786779513305,"d":104148,"surface":"extension","span":"start","eventType":"message.part.updated.1","dir":"/private/var/folders/9v/733tfwtj2jvgwygmtrbwj9gm0000gn/T/kilo-e2e-8ANOTU/workspace"}
[Kilo New][P0-Perf] {"corr":"bb5b4eac-1b57-444d-898b-935dcdf9b4f6","stage":"sse.event","t":1786779513306,"d":104149,"surface":"extension","span":"end","dur":1,"eventType":"message.part.updated.1","dir":"/private/var/folders/9v/733tfwtj2jvgwygmtrbwj9gm0000gn/T/kilo-e2e-8ANOTU/workspace"}
[Kilo New][P0-Perf] {"corr":"bb5b4eac-1b57-444d-898b-935dcdf9b4f6","stage":"sse.event","t":1786779513306,"d":104149,"surface":"extension","span":"start","eventType":"message.part.delta","dir":"/private/var/folders/9v/733tfwtj2jvgwygmtrbwj9gm0000gn/T/kilo-e2e-8ANOTU/workspace"}
[Kilo New][P0-Perf] {"corr":"bb5b4eac-1b57-444d-898b-935dcdf9b4f6","stage":"sse.event","t":1786779513306,"d":104149,"surface":"extension","span":"end","dur":0,"eventType":"message.part.delta","dir":"/private/var/folders/9v/733tfwtj2jvgwygmtrbwj9gm0000gn/T/kilo-e2e-8ANOTU/workspace"}
[Kilo New][P0-Perf] {"corr":"bb5b4eac-1b57-444d-898b-935dcdf9b4f6","stage":"sse.event","t":1786779513306,"d":104149,"surface":"extension","span":"start","eventType":"message.part.updated","dir":"/private/var/folders/9v/733tfwtj2jvgwygmtrbwj9gm0000gn/T/kilo-e2e-8ANOTU/workspace"}
[Kilo New][P0-Perf] {"corr":"bb5b4eac-1b57-444d-898b-935dcdf9b4f6","stage":"sse.event","t":1786779513306,"d":104149,"surface":"extension","span":"end","dur":0,"eventType":"message.part.updated","dir":"/private/var/folders/9v/733tfwtj2jvgwygmtrbwj9gm0000gn/T/kilo-e2e-8ANOTU/workspace"}
[Kilo New][P0-Perf] {"corr":"bb5b4eac-1b57-444d-898b-935dcdf9b4f6","stage":"sse.event","t":1786779513306,"d":104149,"surface":"extension","span":"start","eventType":"message.part.updated.1","dir":"/private/var/folders/9v/733tfwtj2jvgwygmtrbwj9gm0000gn/T/kilo-e2e-8ANOTU/workspace"}
[Kilo New][P0-Perf] {"corr":"bb5b4eac-1b57-444d-898b-935dcdf9b4f6","stage":"sse.event","t":1786779513306,"d":104149,"surface":"extension","span":"end","dur":0,"eventType":"message.part.updated.1","dir":"/private/var/folders/9v/733tfwtj2jvgwygmtrbwj9gm0000gn/T/kilo-e2e-8ANOTU/workspace"}
[Kilo New] ServerManager: ⚠️ CLI Server stderr: INFO  2026-08-15T07:38:33 +740ms service=model-cache providerID=apertis refreshing models
[Kilo New] ServerManager: ⚠️ CLI Server stderr: INFO  2026-08-15T07:38:34 +62ms service=model-cache providerID=apertis count=0 models fetched and cached
[Kilo New][P0-Perf] {"corr":"bb5b4eac-1b57-444d-898b-935dcdf9b4f6","stage":"sse.event","t":1786779514054,"d":104897,"surface":"extension","span":"start","eventType":"message.part.updated","dir":"/private/var/folders/9v/733tfwtj2jvgwygmtrbwj9gm0000gn/T/kilo-e2e-8ANOTU/workspace"}
[Kilo New][P0-Perf] {"corr":"bb5b4eac-1b57-444d-898b-935dcdf9b4f6","stage":"sse.event","t":1786779514054,"d":104897,"surface":"extension","span":"end","dur":0,"eventType":"message.part.updated","dir":"/private/var/folders/9v/733tfwtj2jvgwygmtrbwj9gm0000gn/T/kilo-e2e-8ANOTU/workspace"}
[Kilo New][P0-Perf] {"corr":"bb5b4eac-1b57-444d-898b-935dcdf9b4f6","stage":"sse.event","t":1786779514054,"d":104897,"surface":"extension","span":"start","eventType":"message.part.updated.1","dir":"/private/var/folders/9v/733tfwtj2jvgwygmtrbwj9gm0000gn/T/kilo-e2e-8ANOTU/workspace"}
[Kilo New][P0-Perf] {"corr":"bb5b4eac-1b57-444d-898b-935dcdf9b4f6","stage":"sse.event","t":1786779514054,"d":104897,"surface":"extension","span":"end","dur":0,"eventType":"message.part.updated.1","dir":"/private/var/folders/9v/733tfwtj2jvgwygmtrbwj9gm0000gn/T/kilo-e2e-8ANOTU/workspace"}
[Kilo New][P0-Perf] {"corr":"bb5b4eac-1b57-444d-898b-935dcdf9b4f6","stage":"sse.event","t":1786779514213,"d":105056,"surface":"extension","span":"start","eventType":"message.part.updated","dir":"/private/var/folders/9v/733tfwtj2jvgwygmtrbwj9gm0000gn/T/kilo-e2e-8ANOTU/workspace"}
[Kilo New][P0-Perf] {"corr":"bb5b4eac-1b57-444d-898b-935dcdf9b4f6","stage":"sse.event","t":1786779514214,"d":105057,"surface":"extension","span":"end","dur":1,"eventType":"message.part.updated","dir":"/private/var/folders/9v/733tfwtj2jvgwygmtrbwj9gm0000gn/T/kilo-e2e-8ANOTU/workspace"}
[Kilo New][P0-Perf] {"corr":"bb5b4eac-1b57-444d-898b-935dcdf9b4f6","stage":"sse.event","t":1786779514214,"d":105057,"surface":"extension","span":"start","eventType":"message.part.updated.1","dir":"/private/var/folders/9v/733tfwtj2jvgwygmtrbwj9gm0000gn/T/kilo-e2e-8ANOTU/workspace"}
[Kilo New][P0-Perf] {"corr":"bb5b4eac-1b57-444d-898b-935dcdf9b4f6","stage":"sse.event","t":1786779514214,"d":105057,"surface":"extension","span":"end","dur":0,"eventType":"message.part.updated.1","dir":"/private/var/folders/9v/733tfwtj2jvgwygmtrbwj9gm0000gn/T/kilo-e2e-8ANOTU/workspace"}
[Kilo New][P0-Perf] {"corr":"bb5b4eac-1b57-444d-898b-935dcdf9b4f6","stage":"sse.event","t":1786779514214,"d":105057,"surface":"extension","span":"start","eventType":"session.updated","dir":"/private/var/folders/9v/733tfwtj2jvgwygmtrbwj9gm0000gn/T/kilo-e2e-8ANOTU/workspace"}
[Kilo New][P0-Perf] {"corr":"bb5b4eac-1b57-444d-898b-935dcdf9b4f6","stage":"sse.event","t":1786779514214,"d":105057,"surface":"extension","span":"end","dur":0,"eventType":"session.updated","dir":"/private/var/folders/9v/733tfwtj2jvgwygmtrbwj9gm0000gn/T/kilo-e2e-8ANOTU/workspace"}
[Kilo New][P0-Perf] {"corr":"bb5b4eac-1b57-444d-898b-935dcdf9b4f6","stage":"sse.event","t":1786779514214,"d":105057,"surface":"extension","span":"start","eventType":"session.updated.1","dir":"/private/var/folders/9v/733tfwtj2jvgwygmtrbwj9gm0000gn/T/kilo-e2e-8ANOTU/workspace"}
[Kilo New][P0-Perf] {"corr":"bb5b4eac-1b57-444d-898b-935dcdf9b4f6","stage":"sse.event","t":1786779514214,"d":105057,"surface":"extension","span":"end","dur":0,"eventType":"session.updated.1","dir":"/private/var/folders/9v/733tfwtj2jvgwygmtrbwj9gm0000gn/T/kilo-e2e-8ANOTU/workspace"}
[Kilo New][P0-Perf] {"corr":"bb5b4eac-1b57-444d-898b-935dcdf9b4f6","stage":"sse.event","t":1786779514215,"d":105058,"surface":"extension","span":"start","eventType":"session.diff","dir":"/private/var/folders/9v/733tfwtj2jvgwygmtrbwj9gm0000gn/T/kilo-e2e-8ANOTU/workspace"}
[Kilo New][P0-Perf] {"corr":"bb5b4eac-1b57-444d-898b-935dcdf9b4f6","stage":"sse.event","t":1786779514215,"d":105058,"surface":"extension","span":"end","dur":0,"eventType":"session.diff","dir":"/private/var/folders/9v/733tfwtj2jvgwygmtrbwj9gm0000gn/T/kilo-e2e-8ANOTU/workspace"}
[Kilo New][P0-Perf] {"corr":"bb5b4eac-1b57-444d-898b-935dcdf9b4f6","stage":"sse.event","t":1786779514305,"d":105148,"surface":"extension","span":"start","eventType":"message.part.updated","dir":"/private/var/folders/9v/733tfwtj2jvgwygmtrbwj9gm0000gn/T/kilo-e2e-8ANOTU/workspace"}
[Kilo New][P0-Perf] {"corr":"bb5b4eac-1b57-444d-898b-935dcdf9b4f6","stage":"sse.event","t":1786779514305,"d":105148,"surface":"extension","span":"end","dur":0,"eventType":"message.part.updated","dir":"/private/var/folders/9v/733tfwtj2jvgwygmtrbwj9gm0000gn/T/kilo-e2e-8ANOTU/workspace"}
[Kilo New][P0-Perf] {"corr":"bb5b4eac-1b57-444d-898b-935dcdf9b4f6","stage":"sse.event","t":1786779514305,"d":105148,"surface":"extension","span":"start","eventType":"message.part.updated.1","dir":"/private/var/folders/9v/733tfwtj2jvgwygmtrbwj9gm0000gn/T/kilo-e2e-8ANOTU/workspace"}
[Kilo New][P0-Perf] {"corr":"bb5b4eac-1b57-444d-898b-935dcdf9b4f6","stage":"sse.event","t":1786779514305,"d":105148,"surface":"extension","span":"end","dur":0,"eventType":"message.part.updated.1","dir":"/private/var/folders/9v/733tfwtj2jvgwygmtrbwj9gm0000gn/T/kilo-e2e-8ANOTU/workspace"}
[Kilo New][P0-Perf] {"corr":"bb5b4eac-1b57-444d-898b-935dcdf9b4f6","stage":"sse.event","t":1786779514440,"d":105283,"surface":"extension","span":"start","eventType":"message.part.updated","dir":"/private/var/folders/9v/733tfwtj2jvgwygmtrbwj9gm0000gn/T/kilo-e2e-8ANOTU/workspace"}
[Kilo New][P0-Perf] {"corr":"bb5b4eac-1b57-444d-898b-935dcdf9b4f6","stage":"sse.event","t":1786779514440,"d":105283,"surface":"extension","span":"end","dur":0,"eventType":"message.part.updated","dir":"/private/var/folders/9v/733tfwtj2jvgwygmtrbwj9gm0000gn/T/kilo-e2e-8ANOTU/workspace"}
[Kilo New][P0-Perf] {"corr":"bb5b4eac-1b57-444d-898b-935dcdf9b4f6","stage":"sse.event","t":1786779514440,"d":105283,"surface":"extension","span":"start","eventType":"message.part.updated.1","dir":"/private/var/folders/9v/733tfwtj2jvgwygmtrbwj9gm0000gn/T/kilo-e2e-8ANOTU/workspace"}
[Kilo New][P0-Perf] {"corr":"bb5b4eac-1b57-444d-898b-935dcdf9b4f6","stage":"sse.event","t":1786779514440,"d":105283,"surface":"extension","span":"end","dur":0,"eventType":"message.part.updated.1","dir":"/private/var/folders/9v/733tfwtj2jvgwygmtrbwj9gm0000gn/T/kilo-e2e-8ANOTU/workspace"}
[Kilo New] ServerManager: ⚠️ CLI Server stderr: INFO  2026-08-15T07:38:34 +402ms service=snapshot hash=d2c91e170953000414b41a6cd254bc66a6474045 cwd=/private/var/folders/9v/733tfwtj2jvgwygmtrbwj9gm0000gn/T/kilo-e2e-8ANOTU/workspace git=/var/folders/9v/733tfwtj2jvgwygmtrbwj9gm0000gn/T/kilo-e2e-8ANOTU/xdg-data/kilo/snapshot/4d5c11ef39f7bccd8f64aa9c9ec14e4525f1d947/5d37ceabbbc88c4e2710ab78dda38cac193e4bd0 tracking
[Kilo New][P0-Perf] {"corr":"bb5b4eac-1b57-444d-898b-935dcdf9b4f6","stage":"sse.event","t":1786779514504,"d":105347,"surface":"extension","span":"start","eventType":"message.part.updated","dir":"/private/var/folders/9v/733tfwtj2jvgwygmtrbwj9gm0000gn/T/kilo-e2e-8ANOTU/workspace"}
[Kilo New][P0-Perf] {"corr":"bb5b4eac-1b57-444d-898b-935dcdf9b4f6","stage":"sse.event","t":1786779514504,"d":105347,"surface":"extension","span":"end","dur":0,"eventType":"message.part.updated","dir":"/private/var/folders/9v/733tfwtj2jvgwygmtrbwj9gm0000gn/T/kilo-e2e-8ANOTU/workspace"}
[Kilo New][P0-Perf] {"corr":"bb5b4eac-1b57-444d-898b-935dcdf9b4f6","stage":"sse.event","t":1786779514504,"d":105347,"surface":"extension","span":"start","eventType":"message.part.updated.1","dir":"/private/var/folders/9v/733tfwtj2jvgwygmtrbwj9gm0000gn/T/kilo-e2e-8ANOTU/workspace"}
[Kilo New][P0-Perf] {"corr":"bb5b4eac-1b57-444d-898b-935dcdf9b4f6","stage":"sse.event","t":1786779514504,"d":105347,"surface":"extension","span":"end","dur":0,"eventType":"message.part.updated.1","dir":"/private/var/folders/9v/733tfwtj2jvgwygmtrbwj9gm0000gn/T/kilo-e2e-8ANOTU/workspace"}
[Kilo New][P0-Perf] {"corr":"bb5b4eac-1b57-444d-898b-935dcdf9b4f6","stage":"sse.event","t":1786779514504,"d":105347,"surface":"extension","span":"start","eventType":"message.updated","dir":"/private/var/folders/9v/733tfwtj2jvgwygmtrbwj9gm0000gn/T/kilo-e2e-8ANOTU/workspace"}
[Kilo New][P0-Perf] {"corr":"bb5b4eac-1b57-444d-898b-935dcdf9b4f6","stage":"sse.event","t":1786779514505,"d":105348,"surface":"extension","span":"end","dur":1,"eventType":"message.updated","dir":"/private/var/folders/9v/733tfwtj2jvgwygmtrbwj9gm0000gn/T/kilo-e2e-8ANOTU/workspace"}
[Kilo New][P0-Perf] {"corr":"bb5b4eac-1b57-444d-898b-935dcdf9b4f6","stage":"sse.event","t":1786779514505,"d":105348,"surface":"extension","span":"start","eventType":"message.updated.1","dir":"/private/var/folders/9v/733tfwtj2jvgwygmtrbwj9gm0000gn/T/kilo-e2e-8ANOTU/workspace"}
[Kilo New][P0-Perf] {"corr":"bb5b4eac-1b57-444d-898b-935dcdf9b4f6","stage":"sse.event","t":1786779514505,"d":105348,"surface":"extension","span":"end","dur":0,"eventType":"message.updated.1","dir":"/private/var/folders/9v/733tfwtj2jvgwygmtrbwj9gm0000gn/T/kilo-e2e-8ANOTU/workspace"}
[Kilo New][P0-Perf] {"corr":"bb5b4eac-1b57-444d-898b-935dcdf9b4f6","stage":"sse.event","t":1786779514505,"d":105348,"surface":"extension","span":"start","eventType":"message.part.removed","dir":"/private/var/folders/9v/733tfwtj2jvgwygmtrbwj9gm0000gn/T/kilo-e2e-8ANOTU/workspace"}
[Kilo New][P0-Perf] {"corr":"bb5b4eac-1b57-444d-898b-935dcdf9b4f6","stage":"sse.event","t":1786779514505,"d":105348,"surface":"extension","span":"end","dur":0,"eventType":"message.part.removed","dir":"/private/var/folders/9v/733tfwtj2jvgwygmtrbwj9gm0000gn/T/kilo-e2e-8ANOTU/workspace"}
[Kilo New][P0-Perf] {"corr":"bb5b4eac-1b57-444d-898b-935dcdf9b4f6","stage":"sse.event","t":1786779514505,"d":105348,"surface":"extension","span":"start","eventType":"message.part.removed.1","dir":"/private/var/folders/9v/733tfwtj2jvgwygmtrbwj9gm0000gn/T/kilo-e2e-8ANOTU/workspace"}
[Kilo New][P0-Perf] {"corr":"bb5b4eac-1b57-444d-898b-935dcdf9b4f6","stage":"sse.event","t":1786779514506,"d":105349,"surface":"extension","span":"end","dur":1,"eventType":"message.part.removed.1","dir":"/private/var/folders/9v/733tfwtj2jvgwygmtrbwj9gm0000gn/T/kilo-e2e-8ANOTU/workspace"}
[Kilo New] ServerManager: ⚠️ CLI Server stderr: INFO  2026-08-15T07:38:34 +239ms service=session.prompt session.id=ses_ffba5a668ffeP77RqCa6WauoqE step=2 loop
[Kilo New] ServerManager: ⚠️ CLI Server stderr: INFO  2026-08-15T07:38:34 +4ms service=session.prompt session.id=ses_ffba5a668ffeP77RqCa6WauoqE exiting loop
[Kilo New] ServerManager: ⚠️ CLI Server stderr: INFO  2026-08-15T07:38:34 +3ms service=bus type=session.turn.close publishing
[Kilo New][P0-Perf] {"corr":"bb5b4eac-1b57-444d-898b-935dcdf9b4f6","stage":"sse.event","t":1786779514706,"d":105549,"surface":"extension","span":"start","eventType":"message.updated","dir":"/private/var/folders/9v/733tfwtj2jvgwygmtrbwj9gm0000gn/T/kilo-e2e-8ANOTU/workspace"}
[Kilo New][P0-Perf] {"corr":"bb5b4eac-1b57-444d-898b-935dcdf9b4f6","stage":"sse.event","t":1786779514707,"d":105550,"surface":"extension","span":"end","dur":1,"eventType":"message.updated","dir":"/private/var/folders/9v/733tfwtj2jvgwygmtrbwj9gm0000gn/T/kilo-e2e-8ANOTU/workspace"}
[Kilo New][P0-Perf] {"corr":"bb5b4eac-1b57-444d-898b-935dcdf9b4f6","stage":"sse.event","t":1786779514707,"d":105550,"surface":"extension","span":"start","eventType":"message.updated.1","dir":"/private/var/folders/9v/733tfwtj2jvgwygmtrbwj9gm0000gn/T/kilo-e2e-8ANOTU/workspace"}
[Kilo New][P0-Perf] {"corr":"bb5b4eac-1b57-444d-898b-935dcdf9b4f6","stage":"sse.event","t":1786779514707,"d":105550,"surface":"extension","span":"end","dur":0,"eventType":"message.updated.1","dir":"/private/var/folders/9v/733tfwtj2jvgwygmtrbwj9gm0000gn/T/kilo-e2e-8ANOTU/workspace"}
[Kilo New][P0-Perf] {"corr":"bb5b4eac-1b57-444d-898b-935dcdf9b4f6","stage":"sse.event","t":1786779514707,"d":105550,"surface":"extension","span":"start","eventType":"session.status","dir":"/private/var/folders/9v/733tfwtj2jvgwygmtrbwj9gm0000gn/T/kilo-e2e-8ANOTU/workspace"}
[Kilo New][P0-Perf] {"corr":"bb5b4eac-1b57-444d-898b-935dcdf9b4f6","stage":"sse.event","t":1786779514707,"d":105550,"surface":"extension","span":"end","dur":0,"eventType":"session.status","dir":"/private/var/folders/9v/733tfwtj2jvgwygmtrbwj9gm0000gn/T/kilo-e2e-8ANOTU/workspace"}
[Kilo New][P0-Perf] {"corr":"bb5b4eac-1b57-444d-898b-935dcdf9b4f6","stage":"sse.event","t":1786779514707,"d":105550,"surface":"extension","span":"start","eventType":"session.status","dir":"/private/var/folders/9v/733tfwtj2jvgwygmtrbwj9gm0000gn/T/kilo-e2e-8ANOTU/workspace"}
[Kilo New][P0-Perf] {"corr":"bb5b4eac-1b57-444d-898b-935dcdf9b4f6","stage":"sse.event","t":1786779514708,"d":105551,"surface":"extension","span":"end","dur":1,"eventType":"session.status","dir":"/private/var/folders/9v/733tfwtj2jvgwygmtrbwj9gm0000gn/T/kilo-e2e-8ANOTU/workspace"}
[Kilo New][P0-Perf] {"corr":"bb5b4eac-1b57-444d-898b-935dcdf9b4f6","stage":"sse.event","t":1786779514708,"d":105551,"surface":"extension","span":"start","eventType":"session.idle","dir":"/private/var/folders/9v/733tfwtj2jvgwygmtrbwj9gm0000gn/T/kilo-e2e-8ANOTU/workspace"}
[Kilo New][P0-Perf] {"corr":"bb5b4eac-1b57-444d-898b-935dcdf9b4f6","stage":"sse.event","t":1786779514708,"d":105551,"surface":"extension","span":"end","dur":0,"eventType":"session.idle","dir":"/private/var/folders/9v/733tfwtj2jvgwygmtrbwj9gm0000gn/T/kilo-e2e-8ANOTU/workspace"}
[Kilo New][P0-Perf] {"corr":"bb5b4eac-1b57-444d-898b-935dcdf9b4f6","stage":"sse.event","t":1786779514708,"d":105551,"surface":"extension","span":"start","eventType":"session.turn.close","dir":"/private/var/folders/9v/733tfwtj2jvgwygmtrbwj9gm0000gn/T/kilo-e2e-8ANOTU/workspace"}
[Kilo New][P0-Perf] {"corr":"bb5b4eac-1b57-444d-898b-935dcdf9b4f6","stage":"sse.event","t":1786779514709,"d":105552,"surface":"extension","span":"end","dur":1,"eventType":"session.turn.close","dir":"/private/var/folders/9v/733tfwtj2jvgwygmtrbwj9gm0000gn/T/kilo-e2e-8ANOTU/workspace"}
[Kilo New][P0-Perf] {"corr":"bb5b4eac-1b57-444d-898b-935dcdf9b4f6","stage":"sse.event","t":1786779514745,"d":105588,"surface":"extension","span":"start","eventType":"session.updated","dir":"/private/var/folders/9v/733tfwtj2jvgwygmtrbwj9gm0000gn/T/kilo-e2e-8ANOTU/workspace"}
[Kilo New][P0-Perf] {"corr":"bb5b4eac-1b57-444d-898b-935dcdf9b4f6","stage":"sse.event","t":1786779514745,"d":105588,"surface":"extension","span":"end","dur":0,"eventType":"session.updated","dir":"/private/var/folders/9v/733tfwtj2jvgwygmtrbwj9gm0000gn/T/kilo-e2e-8ANOTU/workspace"}
[Kilo New][P0-Perf] {"corr":"bb5b4eac-1b57-444d-898b-935dcdf9b4f6","stage":"sse.event","t":1786779514745,"d":105588,"surface":"extension","span":"start","eventType":"session.updated.1","dir":"/private/var/folders/9v/733tfwtj2jvgwygmtrbwj9gm0000gn/T/kilo-e2e-8ANOTU/workspace"}
[Kilo New][P0-Perf] {"corr":"bb5b4eac-1b57-444d-898b-935dcdf9b4f6","stage":"sse.event","t":1786779514746,"d":105589,"surface":"extension","span":"end","dur":1,"eventType":"session.updated.1","dir":"/private/var/folders/9v/733tfwtj2jvgwygmtrbwj9gm0000gn/T/kilo-e2e-8ANOTU/workspace"}
[Kilo New][P0-Perf] {"corr":"bb5b4eac-1b57-444d-898b-935dcdf9b4f6","stage":"sse.event","t":1786779514783,"d":105626,"surface":"extension","span":"start","eventType":"session.diff","dir":"/private/var/folders/9v/733tfwtj2jvgwygmtrbwj9gm0000gn/T/kilo-e2e-8ANOTU/workspace"}
[Kilo New][P0-Perf] {"corr":"bb5b4eac-1b57-444d-898b-935dcdf9b4f6","stage":"sse.event","t":1786779514783,"d":105626,"surface":"extension","span":"end","dur":0,"eventType":"session.diff","dir":"/private/var/folders/9v/733tfwtj2jvgwygmtrbwj9gm0000gn/T/kilo-e2e-8ANOTU/workspace"}
[Kilo New][P0-Perf] {"corr":"bb5b4eac-1b57-444d-898b-935dcdf9b4f6","stage":"sse.event","t":1786779515002,"d":105845,"surface":"extension","span":"start","eventType":"message.updated","dir":"/private/var/folders/9v/733tfwtj2jvgwygmtrbwj9gm0000gn/T/kilo-e2e-8ANOTU/workspace"}
[Kilo New][P0-Perf] {"corr":"bb5b4eac-1b57-444d-898b-935dcdf9b4f6","stage":"sse.event","t":1786779515002,"d":105845,"surface":"extension","span":"end","dur":0,"eventType":"message.updated","dir":"/private/var/folders/9v/733tfwtj2jvgwygmtrbwj9gm0000gn/T/kilo-e2e-8ANOTU/workspace"}
[Kilo New][P0-Perf] {"corr":"bb5b4eac-1b57-444d-898b-935dcdf9b4f6","stage":"sse.event","t":1786779515003,"d":105846,"surface":"extension","span":"start","eventType":"message.updated.1","dir":"/private/var/folders/9v/733tfwtj2jvgwygmtrbwj9gm0000gn/T/kilo-e2e-8ANOTU/workspace"}
[Kilo New][P0-Perf] {"corr":"bb5b4eac-1b57-444d-898b-935dcdf9b4f6","stage":"sse.event","t":1786779515003,"d":105846,"surface":"extension","span":"end","dur":0,"eventType":"message.updated.1","dir":"/private/var/folders/9v/733tfwtj2jvgwygmtrbwj9gm0000gn/T/kilo-e2e-8ANOTU/workspace"}
[Kilo New][P0-Perf] {"corr":"bb5b4eac-1b57-444d-898b-935dcdf9b4f6","stage":"sse.event","t":1786779515003,"d":105846,"surface":"extension","span":"start","eventType":"message.updated","dir":"/private/var/folders/9v/733tfwtj2jvgwygmtrbwj9gm0000gn/T/kilo-e2e-8ANOTU/workspace"}
[Kilo New][P0-Perf] {"corr":"bb5b4eac-1b57-444d-898b-935dcdf9b4f6","stage":"sse.event","t":1786779515003,"d":105846,"surface":"extension","span":"end","dur":0,"eventType":"message.updated","dir":"/private/var/folders/9v/733tfwtj2jvgwygmtrbwj9gm0000gn/T/kilo-e2e-8ANOTU/workspace"}
[Kilo New][P0-Perf] {"corr":"bb5b4eac-1b57-444d-898b-935dcdf9b4f6","stage":"sse.event","t":1786779515003,"d":105846,"surface":"extension","span":"start","eventType":"message.updated.1","dir":"/private/var/folders/9v/733tfwtj2jvgwygmtrbwj9gm0000gn/T/kilo-e2e-8ANOTU/workspace"}
[Kilo New][P0-Perf] {"corr":"bb5b4eac-1b57-444d-898b-935dcdf9b4f6","stage":"sse.event","t":1786779515003,"d":105846,"surface":"extension","span":"end","dur":0,"eventType":"message.updated.1","dir":"/private/var/folders/9v/733tfwtj2jvgwygmtrbwj9gm0000gn/T/kilo-e2e-8ANOTU/workspace"}
[Kilo New] ServerManager: ⚠️ CLI Server stderr: INFO  2026-08-15T07:38:35 +1064ms service=model-cache providerID=apertis refreshing models
[Kilo New] ServerManager: ⚠️ CLI Server stderr: INFO  2026-08-15T07:38:35 +5ms service=model-cache providerID=apertis count=0 models fetched and cached
[probe] PASS H-12 write: completed write tool part in the backend (attempt 1)
[probe] PASS H-12 tracked file edited: /var/folders/9v/733tfwtj2jvgwygmtrbwj9gm0000gn/T/kilo-e2e-8ANOTU/workspace/rollback.txt = "E2E_ROLLBACK_EDITED\n"
[probe] PASS H-12 panel shows the edit completion text: transcript text present
[Kilo New][P0-Perf] {"corr":"bb5b4eac-1b57-444d-898b-935dcdf9b4f6","stage":"prompt.submit","t":1786779516607,"d":107450,"surface":"extension","sessionID":"ses_ffba5a668ffeP77RqCa6WauoqE","messageID":"msg_0045bbea8001SrFD69Shx90ObG","dir":"/var/folders/9v/733tfwtj2jvgwygmtrbwj9gm0000gn/T/kilo-e2e-8ANOTU/workspace"}
[Kilo New] ServerManager: ⚠️ CLI Server stderr: INFO  2026-08-15T07:38:36 +883ms service=bus type=session.turn.open publishing
[Kilo New] ServerManager: ⚠️ CLI Server stderr: INFO  2026-08-15T07:38:36 +4ms service=session.prompt session.id=ses_ffba5a668ffeP77RqCa6WauoqE step=0 loop
[Kilo New] ServerManager: ⚠️ CLI Server stderr: INFO  2026-08-15T07:38:36 +7ms service=p0-perf event=p0.mark stage=processor_entry ts=1786779516664 id=ses_ffba5a668ffeP77RqCa6WauoqE meta={"messageID":"msg_0045bbef5001TDvSoIzPmTsIcl","parentID":"msg_0045bbea8001SrFD69Shx90ObG","model":"e2e-model","provider":"e2e-local"} processor_entry
[Kilo New][P0-Perf] {"corr":"bb5b4eac-1b57-444d-898b-935dcdf9b4f6","stage":"sse.event","t":1786779516665,"d":107508,"surface":"extension","span":"start","eventType":"message.updated","dir":"/private/var/folders/9v/733tfwtj2jvgwygmtrbwj9gm0000gn/T/kilo-e2e-8ANOTU/workspace"}
[Kilo New][P0-Perf] {"corr":"bb5b4eac-1b57-444d-898b-935dcdf9b4f6","stage":"sse.event","t":1786779516666,"d":107509,"surface":"extension","span":"end","dur":1,"eventType":"message.updated","dir":"/private/var/folders/9v/733tfwtj2jvgwygmtrbwj9gm0000gn/T/kilo-e2e-8ANOTU/workspace"}
[Kilo New][P0-Perf] {"corr":"bb5b4eac-1b57-444d-898b-935dcdf9b4f6","stage":"sse.event","t":1786779516666,"d":107509,"surface":"extension","span":"start","eventType":"message.updated.1","dir":"/private/var/folders/9v/733tfwtj2jvgwygmtrbwj9gm0000gn/T/kilo-e2e-8ANOTU/workspace"}
[Kilo New][P0-Perf] {"corr":"bb5b4eac-1b57-444d-898b-935dcdf9b4f6","stage":"sse.event","t":1786779516666,"d":107509,"surface":"extension","span":"end","dur":0,"eventType":"message.updated.1","dir":"/private/var/folders/9v/733tfwtj2jvgwygmtrbwj9gm0000gn/T/kilo-e2e-8ANOTU/workspace"}
[Kilo New][P0-Perf] {"corr":"bb5b4eac-1b57-444d-898b-935dcdf9b4f6","stage":"sse.event","t":1786779516666,"d":107509,"surface":"extension","span":"start","eventType":"message.part.updated","dir":"/private/var/folders/9v/733tfwtj2jvgwygmtrbwj9gm0000gn/T/kilo-e2e-8ANOTU/workspace"}
[Kilo New][P0-Perf] {"corr":"bb5b4eac-1b57-444d-898b-935dcdf9b4f6","stage":"sse.event","t":1786779516666,"d":107509,"surface":"extension","span":"end","dur":0,"eventType":"message.part.updated","dir":"/private/var/folders/9v/733tfwtj2jvgwygmtrbwj9gm0000gn/T/kilo-e2e-8ANOTU/workspace"}
[Kilo New][P0-Perf] {"corr":"bb5b4eac-1b57-444d-898b-935dcdf9b4f6","stage":"sse.event","t":1786779516666,"d":107509,"surface":"extension","span":"start","eventType":"message.part.updated.1","dir":"/private/var/folders/9v/733tfwtj2jvgwygmtrbwj9gm0000gn/T/kilo-e2e-8ANOTU/workspace"}
[Kilo New][P0-Perf] {"corr":"bb5b4eac-1b57-444d-898b-935dcdf9b4f6","stage":"sse.event","t":1786779516666,"d":107509,"surface":"extension","span":"end","dur":0,"eventType":"message.part.updated.1","dir":"/private/var/folders/9v/733tfwtj2jvgwygmtrbwj9gm0000gn/T/kilo-e2e-8ANOTU/workspace"}
[Kilo New][P0-Perf] {"corr":"bb5b4eac-1b57-444d-898b-935dcdf9b4f6","stage":"sse.event","t":1786779516666,"d":107509,"surface":"extension","span":"start","eventType":"session.updated","dir":"/private/var/folders/9v/733tfwtj2jvgwygmtrbwj9gm0000gn/T/kilo-e2e-8ANOTU/workspace"}
[Kilo New][P0-Perf] {"corr":"bb5b4eac-1b57-444d-898b-935dcdf9b4f6","stage":"sse.event","t":1786779516666,"d":107509,"surface":"extension","span":"end","dur":0,"eventType":"session.updated","dir":"/private/var/folders/9v/733tfwtj2jvgwygmtrbwj9gm0000gn/T/kilo-e2e-8ANOTU/workspace"}
[Kilo New][P0-Perf] {"corr":"bb5b4eac-1b57-444d-898b-935dcdf9b4f6","stage":"sse.event","t":1786779516667,"d":107510,"surface":"extension","span":"start","eventType":"session.updated.1","dir":"/private/var/folders/9v/733tfwtj2jvgwygmtrbwj9gm0000gn/T/kilo-e2e-8ANOTU/workspace"}
[Kilo New][P0-Perf] {"corr":"bb5b4eac-1b57-444d-898b-935dcdf9b4f6","stage":"sse.event","t":1786779516667,"d":107510,"surface":"extension","span":"end","dur":0,"eventType":"session.updated.1","dir":"/private/var/folders/9v/733tfwtj2jvgwygmtrbwj9gm0000gn/T/kilo-e2e-8ANOTU/workspace"}
[Kilo New][P0-Perf] {"corr":"bb5b4eac-1b57-444d-898b-935dcdf9b4f6","stage":"sse.event","t":1786779516667,"d":107510,"surface":"extension","span":"start","eventType":"session.turn.open","dir":"/private/var/folders/9v/733tfwtj2jvgwygmtrbwj9gm0000gn/T/kilo-e2e-8ANOTU/workspace"}
[Kilo New][P0-Perf] {"corr":"bb5b4eac-1b57-444d-898b-935dcdf9b4f6","stage":"sse.event","t":1786779516667,"d":107510,"surface":"extension","span":"end","dur":0,"eventType":"session.turn.open","dir":"/private/var/folders/9v/733tfwtj2jvgwygmtrbwj9gm0000gn/T/kilo-e2e-8ANOTU/workspace"}
[Kilo New][P0-Perf] {"corr":"bb5b4eac-1b57-444d-898b-935dcdf9b4f6","stage":"sse.event","t":1786779516691,"d":107534,"surface":"extension","span":"start","eventType":"session.status","dir":"/private/var/folders/9v/733tfwtj2jvgwygmtrbwj9gm0000gn/T/kilo-e2e-8ANOTU/workspace"}
[Kilo New][P0-Perf] {"corr":"bb5b4eac-1b57-444d-898b-935dcdf9b4f6","stage":"sse.event","t":1786779516692,"d":107535,"surface":"extension","span":"end","dur":1,"eventType":"session.status","dir":"/private/var/folders/9v/733tfwtj2jvgwygmtrbwj9gm0000gn/T/kilo-e2e-8ANOTU/workspace"}
[Kilo New][P0-Perf] {"corr":"bb5b4eac-1b57-444d-898b-935dcdf9b4f6","stage":"sse.event","t":1786779516692,"d":107535,"surface":"extension","span":"start","eventType":"message.updated","dir":"/private/var/folders/9v/733tfwtj2jvgwygmtrbwj9gm0000gn/T/kilo-e2e-8ANOTU/workspace"}
[Kilo New][P0-Perf] {"corr":"bb5b4eac-1b57-444d-898b-935dcdf9b4f6","stage":"sse.event","t":1786779516692,"d":107535,"surface":"extension","span":"end","dur":0,"eventType":"message.updated","dir":"/private/var/folders/9v/733tfwtj2jvgwygmtrbwj9gm0000gn/T/kilo-e2e-8ANOTU/workspace"}
[Kilo New][P0-Perf] {"corr":"bb5b4eac-1b57-444d-898b-935dcdf9b4f6","stage":"sse.event","t":1786779516692,"d":107535,"surface":"extension","span":"start","eventType":"message.updated.1","dir":"/private/var/folders/9v/733tfwtj2jvgwygmtrbwj9gm0000gn/T/kilo-e2e-8ANOTU/workspace"}
[Kilo New][P0-Perf] {"corr":"bb5b4eac-1b57-444d-898b-935dcdf9b4f6","stage":"model.firstEvent","t":1786779516693,"d":107536,"surface":"extension","sessionID":"ses_ffba5a668ffeP77RqCa6WauoqE","messageID":"msg_0045bbef5001TDvSoIzPmTsIcl","parentID":"msg_0045bbea8001SrFD69Shx90ObG","dir":"/private/var/folders/9v/733tfwtj2jvgwygmtrbwj9gm0000gn/T/kilo-e2e-8ANOTU/workspace"}
[Kilo New][P0-Perf] {"corr":"bb5b4eac-1b57-444d-898b-935dcdf9b4f6","stage":"sse.event","t":1786779516693,"d":107536,"surface":"extension","span":"end","dur":1,"eventType":"message.updated.1","dir":"/private/var/folders/9v/733tfwtj2jvgwygmtrbwj9gm0000gn/T/kilo-e2e-8ANOTU/workspace"}
[probe] sent prompt via real prompt input: E2E_ROLLBACK_SUMMARY: summarize the edit
[Kilo New] ServerManager: ⚠️ CLI Server stderr: INFO  2026-08-15T07:38:37 +766ms service=model-cache providerID=apertis refreshing models
[Kilo New][P0-Perf] {"corr":"bb5b4eac-1b57-444d-898b-935dcdf9b4f6","stage":"sse.event","t":1786779517440,"d":108283,"surface":"extension","span":"start","eventType":"message.part.updated","dir":"/private/var/folders/9v/733tfwtj2jvgwygmtrbwj9gm0000gn/T/kilo-e2e-8ANOTU/workspace"}
[Kilo New][P0-Perf] {"corr":"bb5b4eac-1b57-444d-898b-935dcdf9b4f6","stage":"sse.event","t":1786779517440,"d":108283,"surface":"extension","span":"end","dur":0,"eventType":"message.part.updated","dir":"/private/var/folders/9v/733tfwtj2jvgwygmtrbwj9gm0000gn/T/kilo-e2e-8ANOTU/workspace"}
[Kilo New][P0-Perf] {"corr":"bb5b4eac-1b57-444d-898b-935dcdf9b4f6","stage":"sse.event","t":1786779517440,"d":108283,"surface":"extension","span":"start","eventType":"message.part.updated.1","dir":"/private/var/folders/9v/733tfwtj2jvgwygmtrbwj9gm0000gn/T/kilo-e2e-8ANOTU/workspace"}
[Kilo New][P0-Perf] {"corr":"bb5b4eac-1b57-444d-898b-935dcdf9b4f6","stage":"sse.event","t":1786779517440,"d":108283,"surface":"extension","span":"end","dur":0,"eventType":"message.part.updated.1","dir":"/private/var/folders/9v/733tfwtj2jvgwygmtrbwj9gm0000gn/T/kilo-e2e-8ANOTU/workspace"}
[Kilo New] ServerManager: ⚠️ CLI Server stderr: INFO  2026-08-15T07:38:37 +10ms service=model-cache providerID=apertis count=0 models fetched and cached
[Kilo New] ServerManager: ⚠️ CLI Server stderr: INFO  2026-08-15T07:38:37 +72ms service=snapshot hash=d2c91e170953000414b41a6cd254bc66a6474045 cwd=/private/var/folders/9v/733tfwtj2jvgwygmtrbwj9gm0000gn/T/kilo-e2e-8ANOTU/workspace git=/var/folders/9v/733tfwtj2jvgwygmtrbwj9gm0000gn/T/kilo-e2e-8ANOTU/xdg-data/kilo/snapshot/4d5c11ef39f7bccd8f64aa9c9ec14e4525f1d947/5d37ceabbbc88c4e2710ab78dda38cac193e4bd0 tracking
[Kilo New] ServerManager: ⚠️ CLI Server stderr: INFO  2026-08-15T07:38:37 +3ms service=session.tools status=started resolveTools
[Kilo New][P0-Perf] {"corr":"bb5b4eac-1b57-444d-898b-935dcdf9b4f6","stage":"sse.event","t":1786779517520,"d":108363,"surface":"extension","span":"start","eventType":"message.part.removed","dir":"/private/var/folders/9v/733tfwtj2jvgwygmtrbwj9gm0000gn/T/kilo-e2e-8ANOTU/workspace"}
[Kilo New][P0-Perf] {"corr":"bb5b4eac-1b57-444d-898b-935dcdf9b4f6","stage":"sse.event","t":1786779517521,"d":108364,"surface":"extension","span":"end","dur":1,"eventType":"message.part.removed","dir":"/private/var/folders/9v/733tfwtj2jvgwygmtrbwj9gm0000gn/T/kilo-e2e-8ANOTU/workspace"}
[Kilo New][P0-Perf] {"corr":"bb5b4eac-1b57-444d-898b-935dcdf9b4f6","stage":"sse.event","t":1786779517521,"d":108364,"surface":"extension","span":"start","eventType":"message.part.removed.1","dir":"/private/var/folders/9v/733tfwtj2jvgwygmtrbwj9gm0000gn/T/kilo-e2e-8ANOTU/workspace"}
[Kilo New][P0-Perf] {"corr":"bb5b4eac-1b57-444d-898b-935dcdf9b4f6","stage":"sse.event","t":1786779517521,"d":108364,"surface":"extension","span":"end","dur":0,"eventType":"message.part.removed.1","dir":"/private/var/folders/9v/733tfwtj2jvgwygmtrbwj9gm0000gn/T/kilo-e2e-8ANOTU/workspace"}
[Kilo New] ServerManager: ⚠️ CLI Server stderr: INFO  2026-08-15T07:38:37 +65ms service=tool.registry status=started invalid
[Kilo New] ServerManager: ⚠️ CLI Server stderr: INFO  2026-08-15T07:38:37 +0ms service=tool.registry status=completed duration=0 invalid
[Kilo New] ServerManager: ⚠️ CLI Server stderr: INFO  2026-08-15T07:38:37 +0ms service=tool.registry status=started question
[Kilo New] ServerManager: ⚠️ CLI Server stderr: INFO  2026-08-15T07:38:37 +0ms service=tool.registry status=completed duration=0 question
[Kilo New] ServerManager: ⚠️ CLI Server stderr: INFO  2026-08-15T07:38:37 +0ms service=tool.registry status=started bash
[Kilo New] ServerManager: ⚠️ CLI Server stderr: INFO  2026-08-15T07:38:37 +0ms service=tool.registry status=completed duration=0 bash
[Kilo New] ServerManager: ⚠️ CLI Server stderr: INFO  2026-08-15T07:38:37 +0ms service=tool.registry status=started read
[Kilo New] ServerManager: ⚠️ CLI Server stderr: INFO  2026-08-15T07:38:37 +0ms service=tool.registry status=completed duration=0 read
[Kilo New] ServerManager: ⚠️ CLI Server stderr: INFO  2026-08-15T07:38:37 +0ms service=tool.registry status=started glob
[Kilo New] ServerManager: ⚠️ CLI Server stderr: INFO  2026-08-15T07:38:37 +0ms service=tool.registry status=completed duration=0 glob
[Kilo New] ServerManager: ⚠️ CLI Server stderr: INFO  2026-08-15T07:38:37 +0ms service=tool.registry status=started grep
[Kilo New] ServerManager: ⚠️ CLI Server stderr: INFO  2026-08-15T07:38:37 +0ms service=tool.registry status=completed duration=0 grep
[Kilo New] ServerManager: ⚠️ CLI Server stderr: INFO  2026-08-15T07:38:37 +0ms service=tool.registry status=started edit
[Kilo New] ServerManager: ⚠️ CLI Server stderr: INFO  2026-08-15T07:38:37 +0ms service=tool.registry status=completed duration=0 edit
[Kilo New] ServerManager: ⚠️ CLI Server stderr: INFO  2026-08-15T07:38:37 +0ms service=tool.registry status=started write
[Kilo New] ServerManager: ⚠️ CLI Server stderr: INFO  2026-08-15T07:38:37 +0ms service=tool.registry status=completed duration=0 write
[Kilo New] ServerManager: ⚠️ CLI Server stderr: INFO  2026-08-15T07:38:37 +0ms service=tool.registry status=started task
[Kilo New] ServerManager: ⚠️ CLI Server stderr: INFO  2026-08-15T07:38:37 +1ms service=tool.registry status=completed duration=1 task
[Kilo New] ServerManager: ⚠️ CLI Server stderr: INFO  2026-08-15T07:38:37 +0ms service=tool.registry status=started webfetch
[Kilo New] ServerManager: ⚠️ CLI Server stderr: INFO  2026-08-15T07:38:37 +0ms service=tool.registry status=completed duration=0 webfetch
[Kilo New] ServerManager: ⚠️ CLI Server stderr: INFO  2026-08-15T07:38:37 +0ms service=tool.registry status=started todowrite
[Kilo New] ServerManager: ⚠️ CLI Server stderr: INFO  2026-08-15T07:38:37 +0ms service=tool.registry status=completed duration=0 todowrite
[Kilo New] ServerManager: ⚠️ CLI Server stderr: INFO  2026-08-15T07:38:37 +0ms service=tool.registry status=started skill
[Kilo New] ServerManager: ⚠️ CLI Server stderr: INFO  2026-08-15T07:38:37 +0ms service=tool.registry status=completed duration=0 skill
[Kilo New] ServerManager: ⚠️ CLI Server stderr: INFO  2026-08-15T07:38:37 +0ms service=tool.registry status=started plan_exit
[Kilo New] ServerManager: ⚠️ CLI Server stderr: INFO  2026-08-15T07:38:37 +1ms service=tool.registry status=completed duration=1 plan_exit
[Kilo New] ServerManager: ⚠️ CLI Server stderr: INFO  2026-08-15T07:38:37 +0ms service=tool.registry status=started kilo_local_recall
[Kilo New] ServerManager: ⚠️ CLI Server stderr: INFO  2026-08-15T07:38:37 +0ms service=tool.registry status=completed duration=0 kilo_local_recall
[Kilo New] ServerManager: ⚠️ CLI Server stderr: INFO  2026-08-15T07:38:37 +0ms service=tool.registry status=started background_process
[Kilo New] ServerManager: ⚠️ CLI Server stderr: INFO  2026-08-15T07:38:37 +0ms service=tool.registry status=completed duration=0 background_process
[Kilo New] ServerManager: ⚠️ CLI Server stderr: INFO  2026-08-15T07:38:37 +0ms service=tool.registry status=started agent_manager_models
[Kilo New] ServerManager: ⚠️ CLI Server stderr: INFO  2026-08-15T07:38:37 +0ms service=tool.registry status=completed duration=0 agent_manager_models
[Kilo New] ServerManager: ⚠️ CLI Server stderr: INFO  2026-08-15T07:38:37 +0ms service=tool.registry status=started agent_manager
[Kilo New] ServerManager: ⚠️ CLI Server stderr: INFO  2026-08-15T07:38:37 +0ms service=tool.registry status=completed duration=0 agent_manager
[Kilo New] ServerManager: ⚠️ CLI Server stderr: INFO  2026-08-15T07:38:37 +0ms service=tool.registry status=started e2e_marker
[Kilo New] ServerManager: ⚠️ CLI Server stderr: INFO  2026-08-15T07:38:37 +0ms service=tool.registry status=completed duration=0 e2e_marker
[Kilo New] ServerManager: ⚠️ CLI Server stderr: INFO  2026-08-15T07:38:37 +0ms service=session.tools status=completed duration=67 resolveTools
[Kilo New] ServerManager: ⚠️ CLI Server stderr: INFO  2026-08-15T07:38:37 +99ms service=session.processor session.id=ses_ffba5a668ffeP77RqCa6WauoqE messageID=msg_0045bbef5001TDvSoIzPmTsIcl process
[Kilo New] ServerManager: ⚠️ CLI Server stderr: INFO  2026-08-15T07:38:37 +3ms service=llm providerID=e2e-local modelID=e2e-model session.id=ses_ffba5a668ffeP77RqCa6WauoqE small=false agent=e2e-agent mode=primary stream
[Kilo New] ServerManager: ⚠️ CLI Server stderr: INFO  2026-08-15T07:38:37 +4ms service=default llm.runtime=ai-sdk llm.provider=e2e-local llm.model=e2e-model llm runtime selected
[Kilo New][P0-Perf] {"corr":"bb5b4eac-1b57-444d-898b-935dcdf9b4f6","stage":"sse.event","t":1786779517695,"d":108538,"surface":"extension","span":"start","eventType":"session.updated","dir":"/private/var/folders/9v/733tfwtj2jvgwygmtrbwj9gm0000gn/T/kilo-e2e-8ANOTU/workspace"}
[Kilo New][P0-Perf] {"corr":"bb5b4eac-1b57-444d-898b-935dcdf9b4f6","stage":"sse.event","t":1786779517695,"d":108538,"surface":"extension","span":"end","dur":0,"eventType":"session.updated","dir":"/private/var/folders/9v/733tfwtj2jvgwygmtrbwj9gm0000gn/T/kilo-e2e-8ANOTU/workspace"}
[Kilo New][P0-Perf] {"corr":"bb5b4eac-1b57-444d-898b-935dcdf9b4f6","stage":"sse.event","t":1786779517695,"d":108538,"surface":"extension","span":"start","eventType":"session.updated.1","dir":"/private/var/folders/9v/733tfwtj2jvgwygmtrbwj9gm0000gn/T/kilo-e2e-8ANOTU/workspace"}
[Kilo New][P0-Perf] {"corr":"bb5b4eac-1b57-444d-898b-935dcdf9b4f6","stage":"sse.event","t":1786779517695,"d":108538,"surface":"extension","span":"end","dur":0,"eventType":"session.updated.1","dir":"/private/var/folders/9v/733tfwtj2jvgwygmtrbwj9gm0000gn/T/kilo-e2e-8ANOTU/workspace"}
[Kilo New][P0-Perf] {"corr":"bb5b4eac-1b57-444d-898b-935dcdf9b4f6","stage":"sse.event","t":1786779517696,"d":108539,"surface":"extension","span":"start","eventType":"session.diff","dir":"/private/var/folders/9v/733tfwtj2jvgwygmtrbwj9gm0000gn/T/kilo-e2e-8ANOTU/workspace"}
[Kilo New][P0-Perf] {"corr":"bb5b4eac-1b57-444d-898b-935dcdf9b4f6","stage":"sse.event","t":1786779517696,"d":108539,"surface":"extension","span":"end","dur":0,"eventType":"session.diff","dir":"/private/var/folders/9v/733tfwtj2jvgwygmtrbwj9gm0000gn/T/kilo-e2e-8ANOTU/workspace"}
[Kilo New][P0-Perf] {"corr":"bb5b4eac-1b57-444d-898b-935dcdf9b4f6","stage":"sse.event","t":1786779517696,"d":108539,"surface":"extension","span":"start","eventType":"message.updated","dir":"/private/var/folders/9v/733tfwtj2jvgwygmtrbwj9gm0000gn/T/kilo-e2e-8ANOTU/workspace"}
[Kilo New][P0-Perf] {"corr":"bb5b4eac-1b57-444d-898b-935dcdf9b4f6","stage":"sse.event","t":1786779517696,"d":108539,"surface":"extension","span":"end","dur":0,"eventType":"message.updated","dir":"/private/var/folders/9v/733tfwtj2jvgwygmtrbwj9gm0000gn/T/kilo-e2e-8ANOTU/workspace"}
[Kilo New][P0-Perf] {"corr":"bb5b4eac-1b57-444d-898b-935dcdf9b4f6","stage":"sse.event","t":1786779517696,"d":108539,"surface":"extension","span":"start","eventType":"message.updated.1","dir":"/private/var/folders/9v/733tfwtj2jvgwygmtrbwj9gm0000gn/T/kilo-e2e-8ANOTU/workspace"}
[Kilo New][P0-Perf] {"corr":"bb5b4eac-1b57-444d-898b-935dcdf9b4f6","stage":"sse.event","t":1786779517696,"d":108539,"surface":"extension","span":"end","dur":0,"eventType":"message.updated.1","dir":"/private/var/folders/9v/733tfwtj2jvgwygmtrbwj9gm0000gn/T/kilo-e2e-8ANOTU/workspace"}
[Kilo New][P0-Perf] {"corr":"bb5b4eac-1b57-444d-898b-935dcdf9b4f6","stage":"sse.event","t":1786779517696,"d":108539,"surface":"extension","span":"start","eventType":"session.status","dir":"/private/var/folders/9v/733tfwtj2jvgwygmtrbwj9gm0000gn/T/kilo-e2e-8ANOTU/workspace"}
[Kilo New][P0-Perf] {"corr":"bb5b4eac-1b57-444d-898b-935dcdf9b4f6","stage":"sse.event","t":1786779517697,"d":108540,"surface":"extension","span":"end","dur":1,"eventType":"session.status","dir":"/private/var/folders/9v/733tfwtj2jvgwygmtrbwj9gm0000gn/T/kilo-e2e-8ANOTU/workspace"}
[Kilo New][P0-Perf] {"corr":"bb5b4eac-1b57-444d-898b-935dcdf9b4f6","stage":"sse.event","t":1786779517743,"d":108586,"surface":"extension","span":"start","eventType":"message.part.updated","dir":"/private/var/folders/9v/733tfwtj2jvgwygmtrbwj9gm0000gn/T/kilo-e2e-8ANOTU/workspace"}
[Kilo New][P0-Perf] {"corr":"bb5b4eac-1b57-444d-898b-935dcdf9b4f6","stage":"sse.event","t":1786779517744,"d":108587,"surface":"extension","span":"end","dur":1,"eventType":"message.part.updated","dir":"/private/var/folders/9v/733tfwtj2jvgwygmtrbwj9gm0000gn/T/kilo-e2e-8ANOTU/workspace"}
[Kilo New][P0-Perf] {"corr":"bb5b4eac-1b57-444d-898b-935dcdf9b4f6","stage":"sse.event","t":1786779517744,"d":108587,"surface":"extension","span":"start","eventType":"message.part.updated.1","dir":"/private/var/folders/9v/733tfwtj2jvgwygmtrbwj9gm0000gn/T/kilo-e2e-8ANOTU/workspace"}
[Kilo New][P0-Perf] {"corr":"bb5b4eac-1b57-444d-898b-935dcdf9b4f6","stage":"sse.event","t":1786779517744,"d":108587,"surface":"extension","span":"end","dur":0,"eventType":"message.part.updated.1","dir":"/private/var/folders/9v/733tfwtj2jvgwygmtrbwj9gm0000gn/T/kilo-e2e-8ANOTU/workspace"}
[Kilo New][P0-Perf] {"corr":"bb5b4eac-1b57-444d-898b-935dcdf9b4f6","stage":"sse.event","t":1786779517744,"d":108587,"surface":"extension","span":"start","eventType":"message.part.updated","dir":"/private/var/folders/9v/733tfwtj2jvgwygmtrbwj9gm0000gn/T/kilo-e2e-8ANOTU/workspace"}
[Kilo New][P0-Perf] {"corr":"bb5b4eac-1b57-444d-898b-935dcdf9b4f6","stage":"sse.event","t":1786779517744,"d":108587,"surface":"extension","span":"end","dur":0,"eventType":"message.part.updated","dir":"/private/var/folders/9v/733tfwtj2jvgwygmtrbwj9gm0000gn/T/kilo-e2e-8ANOTU/workspace"}
[Kilo New][P0-Perf] {"corr":"bb5b4eac-1b57-444d-898b-935dcdf9b4f6","stage":"sse.event","t":1786779517744,"d":108587,"surface":"extension","span":"start","eventType":"message.part.updated.1","dir":"/private/var/folders/9v/733tfwtj2jvgwygmtrbwj9gm0000gn/T/kilo-e2e-8ANOTU/workspace"}
[Kilo New][P0-Perf] {"corr":"bb5b4eac-1b57-444d-898b-935dcdf9b4f6","stage":"sse.event","t":1786779517744,"d":108587,"surface":"extension","span":"end","dur":0,"eventType":"message.part.updated.1","dir":"/private/var/folders/9v/733tfwtj2jvgwygmtrbwj9gm0000gn/T/kilo-e2e-8ANOTU/workspace"}
[Kilo New][P0-Perf] {"corr":"bb5b4eac-1b57-444d-898b-935dcdf9b4f6","stage":"sse.event","t":1786779517744,"d":108587,"surface":"extension","span":"start","eventType":"message.part.delta","dir":"/private/var/folders/9v/733tfwtj2jvgwygmtrbwj9gm0000gn/T/kilo-e2e-8ANOTU/workspace"}
[Kilo New][P0-Perf] {"corr":"bb5b4eac-1b57-444d-898b-935dcdf9b4f6","stage":"sse.event","t":1786779517745,"d":108588,"surface":"extension","span":"end","dur":1,"eventType":"message.part.delta","dir":"/private/var/folders/9v/733tfwtj2jvgwygmtrbwj9gm0000gn/T/kilo-e2e-8ANOTU/workspace"}
[Kilo New][P0-Perf] {"corr":"bb5b4eac-1b57-444d-898b-935dcdf9b4f6","stage":"sse.event","t":1786779517745,"d":108588,"surface":"extension","span":"start","eventType":"message.part.updated","dir":"/private/var/folders/9v/733tfwtj2jvgwygmtrbwj9gm0000gn/T/kilo-e2e-8ANOTU/workspace"}
[Kilo New][P0-Perf] {"corr":"bb5b4eac-1b57-444d-898b-935dcdf9b4f6","stage":"sse.event","t":1786779517745,"d":108588,"surface":"extension","span":"end","dur":0,"eventType":"message.part.updated","dir":"/private/var/folders/9v/733tfwtj2jvgwygmtrbwj9gm0000gn/T/kilo-e2e-8ANOTU/workspace"}
[Kilo New][P0-Perf] {"corr":"bb5b4eac-1b57-444d-898b-935dcdf9b4f6","stage":"sse.event","t":1786779517745,"d":108588,"surface":"extension","span":"start","eventType":"message.part.updated.1","dir":"/private/var/folders/9v/733tfwtj2jvgwygmtrbwj9gm0000gn/T/kilo-e2e-8ANOTU/workspace"}
[Kilo New][P0-Perf] {"corr":"bb5b4eac-1b57-444d-898b-935dcdf9b4f6","stage":"sse.event","t":1786779517745,"d":108588,"surface":"extension","span":"end","dur":0,"eventType":"message.part.updated.1","dir":"/private/var/folders/9v/733tfwtj2jvgwygmtrbwj9gm0000gn/T/kilo-e2e-8ANOTU/workspace"}
[Kilo New] ServerManager: ⚠️ CLI Server stderr: INFO  2026-08-15T07:38:37 +240ms service=snapshot hash=d2c91e170953000414b41a6cd254bc66a6474045 cwd=/private/var/folders/9v/733tfwtj2jvgwygmtrbwj9gm0000gn/T/kilo-e2e-8ANOTU/workspace git=/var/folders/9v/733tfwtj2jvgwygmtrbwj9gm0000gn/T/kilo-e2e-8ANOTU/xdg-data/kilo/snapshot/4d5c11ef39f7bccd8f64aa9c9ec14e4525f1d947/5d37ceabbbc88c4e2710ab78dda38cac193e4bd0 tracking
[Kilo New][P0-Perf] {"corr":"bb5b4eac-1b57-444d-898b-935dcdf9b4f6","stage":"sse.event","t":1786779517938,"d":108781,"surface":"extension","span":"start","eventType":"message.part.updated","dir":"/private/var/folders/9v/733tfwtj2jvgwygmtrbwj9gm0000gn/T/kilo-e2e-8ANOTU/workspace"}
[Kilo New][P0-Perf] {"corr":"bb5b4eac-1b57-444d-898b-935dcdf9b4f6","stage":"sse.event","t":1786779517939,"d":108782,"surface":"extension","span":"end","dur":1,"eventType":"message.part.updated","dir":"/private/var/folders/9v/733tfwtj2jvgwygmtrbwj9gm0000gn/T/kilo-e2e-8ANOTU/workspace"}
[Kilo New][P0-Perf] {"corr":"bb5b4eac-1b57-444d-898b-935dcdf9b4f6","stage":"sse.event","t":1786779517939,"d":108782,"surface":"extension","span":"start","eventType":"message.part.updated.1","dir":"/private/var/folders/9v/733tfwtj2jvgwygmtrbwj9gm0000gn/T/kilo-e2e-8ANOTU/workspace"}
[Kilo New][P0-Perf] {"corr":"bb5b4eac-1b57-444d-898b-935dcdf9b4f6","stage":"sse.event","t":1786779517939,"d":108782,"surface":"extension","span":"end","dur":0,"eventType":"message.part.updated.1","dir":"/private/var/folders/9v/733tfwtj2jvgwygmtrbwj9gm0000gn/T/kilo-e2e-8ANOTU/workspace"}
[Kilo New][P0-Perf] {"corr":"bb5b4eac-1b57-444d-898b-935dcdf9b4f6","stage":"sse.event","t":1786779517939,"d":108782,"surface":"extension","span":"start","eventType":"message.updated","dir":"/private/var/folders/9v/733tfwtj2jvgwygmtrbwj9gm0000gn/T/kilo-e2e-8ANOTU/workspace"}
[Kilo New][P0-Perf] {"corr":"bb5b4eac-1b57-444d-898b-935dcdf9b4f6","stage":"sse.event","t":1786779517939,"d":108782,"surface":"extension","span":"end","dur":0,"eventType":"message.updated","dir":"/private/var/folders/9v/733tfwtj2jvgwygmtrbwj9gm0000gn/T/kilo-e2e-8ANOTU/workspace"}
[Kilo New][P0-Perf] {"corr":"bb5b4eac-1b57-444d-898b-935dcdf9b4f6","stage":"sse.event","t":1786779517939,"d":108782,"surface":"extension","span":"start","eventType":"message.updated.1","dir":"/private/var/folders/9v/733tfwtj2jvgwygmtrbwj9gm0000gn/T/kilo-e2e-8ANOTU/workspace"}
[Kilo New][P0-Perf] {"corr":"bb5b4eac-1b57-444d-898b-935dcdf9b4f6","stage":"sse.event","t":1786779517939,"d":108782,"surface":"extension","span":"end","dur":0,"eventType":"message.updated.1","dir":"/private/var/folders/9v/733tfwtj2jvgwygmtrbwj9gm0000gn/T/kilo-e2e-8ANOTU/workspace"}
[Kilo New] ServerManager: ⚠️ CLI Server stderr: INFO  2026-08-15T07:38:38 +234ms service=session.prompt session.id=ses_ffba5a668ffeP77RqCa6WauoqE step=1 loop
[Kilo New] ServerManager: ⚠️ CLI Server stderr: INFO  2026-08-15T07:38:38 +17ms service=session.prompt session.id=ses_ffba5a668ffeP77RqCa6WauoqE exiting loop
[Kilo New] ServerManager: ⚠️ CLI Server stderr: INFO  2026-08-15T07:38:38 +22ms service=bus type=session.turn.close publishing
[Kilo New][P0-Perf] {"corr":"bb5b4eac-1b57-444d-898b-935dcdf9b4f6","stage":"sse.event","t":1786779518211,"d":109054,"surface":"extension","span":"start","eventType":"message.updated","dir":"/private/var/folders/9v/733tfwtj2jvgwygmtrbwj9gm0000gn/T/kilo-e2e-8ANOTU/workspace"}
[Kilo New][P0-Perf] {"corr":"bb5b4eac-1b57-444d-898b-935dcdf9b4f6","stage":"sse.event","t":1786779518211,"d":109054,"surface":"extension","span":"end","dur":0,"eventType":"message.updated","dir":"/private/var/folders/9v/733tfwtj2jvgwygmtrbwj9gm0000gn/T/kilo-e2e-8ANOTU/workspace"}
[Kilo New][P0-Perf] {"corr":"bb5b4eac-1b57-444d-898b-935dcdf9b4f6","stage":"sse.event","t":1786779518211,"d":109054,"surface":"extension","span":"start","eventType":"message.updated.1","dir":"/private/var/folders/9v/733tfwtj2jvgwygmtrbwj9gm0000gn/T/kilo-e2e-8ANOTU/workspace"}
[Kilo New][P0-Perf] {"corr":"bb5b4eac-1b57-444d-898b-935dcdf9b4f6","stage":"sse.event","t":1786779518211,"d":109054,"surface":"extension","span":"end","dur":0,"eventType":"message.updated.1","dir":"/private/var/folders/9v/733tfwtj2jvgwygmtrbwj9gm0000gn/T/kilo-e2e-8ANOTU/workspace"}
[Kilo New][P0-Perf] {"corr":"bb5b4eac-1b57-444d-898b-935dcdf9b4f6","stage":"sse.event","t":1786779518211,"d":109054,"surface":"extension","span":"start","eventType":"session.status","dir":"/private/var/folders/9v/733tfwtj2jvgwygmtrbwj9gm0000gn/T/kilo-e2e-8ANOTU/workspace"}
[Kilo New][P0-Perf] {"corr":"bb5b4eac-1b57-444d-898b-935dcdf9b4f6","stage":"sse.event","t":1786779518212,"d":109055,"surface":"extension","span":"end","dur":1,"eventType":"session.status","dir":"/private/var/folders/9v/733tfwtj2jvgwygmtrbwj9gm0000gn/T/kilo-e2e-8ANOTU/workspace"}
[Kilo New][P0-Perf] {"corr":"bb5b4eac-1b57-444d-898b-935dcdf9b4f6","stage":"sse.event","t":1786779518212,"d":109055,"surface":"extension","span":"start","eventType":"session.status","dir":"/private/var/folders/9v/733tfwtj2jvgwygmtrbwj9gm0000gn/T/kilo-e2e-8ANOTU/workspace"}
[Kilo New][P0-Perf] {"corr":"bb5b4eac-1b57-444d-898b-935dcdf9b4f6","stage":"sse.event","t":1786779518212,"d":109055,"surface":"extension","span":"end","dur":0,"eventType":"session.status","dir":"/private/var/folders/9v/733tfwtj2jvgwygmtrbwj9gm0000gn/T/kilo-e2e-8ANOTU/workspace"}
[Kilo New][P0-Perf] {"corr":"bb5b4eac-1b57-444d-898b-935dcdf9b4f6","stage":"sse.event","t":1786779518212,"d":109055,"surface":"extension","span":"start","eventType":"session.idle","dir":"/private/var/folders/9v/733tfwtj2jvgwygmtrbwj9gm0000gn/T/kilo-e2e-8ANOTU/workspace"}
[Kilo New][P0-Perf] {"corr":"bb5b4eac-1b57-444d-898b-935dcdf9b4f6","stage":"sse.event","t":1786779518212,"d":109055,"surface":"extension","span":"end","dur":0,"eventType":"session.idle","dir":"/private/var/folders/9v/733tfwtj2jvgwygmtrbwj9gm0000gn/T/kilo-e2e-8ANOTU/workspace"}
[Kilo New][P0-Perf] {"corr":"bb5b4eac-1b57-444d-898b-935dcdf9b4f6","stage":"sse.event","t":1786779518212,"d":109055,"surface":"extension","span":"start","eventType":"session.turn.close","dir":"/private/var/folders/9v/733tfwtj2jvgwygmtrbwj9gm0000gn/T/kilo-e2e-8ANOTU/workspace"}
[Kilo New][P0-Perf] {"corr":"bb5b4eac-1b57-444d-898b-935dcdf9b4f6","stage":"sse.event","t":1786779518213,"d":109056,"surface":"extension","span":"end","dur":1,"eventType":"session.turn.close","dir":"/private/var/folders/9v/733tfwtj2jvgwygmtrbwj9gm0000gn/T/kilo-e2e-8ANOTU/workspace"}
[Kilo New][P0-Perf] {"corr":"bb5b4eac-1b57-444d-898b-935dcdf9b4f6","stage":"sse.event","t":1786779518244,"d":109087,"surface":"extension","span":"start","eventType":"session.updated","dir":"/private/var/folders/9v/733tfwtj2jvgwygmtrbwj9gm0000gn/T/kilo-e2e-8ANOTU/workspace"}
[Kilo New][P0-Perf] {"corr":"bb5b4eac-1b57-444d-898b-935dcdf9b4f6","stage":"sse.event","t":1786779518244,"d":109087,"surface":"extension","span":"end","dur":0,"eventType":"session.updated","dir":"/private/var/folders/9v/733tfwtj2jvgwygmtrbwj9gm0000gn/T/kilo-e2e-8ANOTU/workspace"}
[Kilo New][P0-Perf] {"corr":"bb5b4eac-1b57-444d-898b-935dcdf9b4f6","stage":"sse.event","t":1786779518244,"d":109087,"surface":"extension","span":"start","eventType":"session.updated.1","dir":"/private/var/folders/9v/733tfwtj2jvgwygmtrbwj9gm0000gn/T/kilo-e2e-8ANOTU/workspace"}
[Kilo New][P0-Perf] {"corr":"bb5b4eac-1b57-444d-898b-935dcdf9b4f6","stage":"sse.event","t":1786779518244,"d":109087,"surface":"extension","span":"end","dur":0,"eventType":"session.updated.1","dir":"/private/var/folders/9v/733tfwtj2jvgwygmtrbwj9gm0000gn/T/kilo-e2e-8ANOTU/workspace"}
[Kilo New][P0-Perf] {"corr":"bb5b4eac-1b57-444d-898b-935dcdf9b4f6","stage":"sse.event","t":1786779518269,"d":109112,"surface":"extension","span":"start","eventType":"session.diff","dir":"/private/var/folders/9v/733tfwtj2jvgwygmtrbwj9gm0000gn/T/kilo-e2e-8ANOTU/workspace"}
[Kilo New][P0-Perf] {"corr":"bb5b4eac-1b57-444d-898b-935dcdf9b4f6","stage":"sse.event","t":1786779518269,"d":109112,"surface":"extension","span":"end","dur":0,"eventType":"session.diff","dir":"/private/var/folders/9v/733tfwtj2jvgwygmtrbwj9gm0000gn/T/kilo-e2e-8ANOTU/workspace"}
[Kilo New][P0-Perf] {"corr":"bb5b4eac-1b57-444d-898b-935dcdf9b4f6","stage":"sse.event","t":1786779518269,"d":109112,"surface":"extension","span":"start","eventType":"message.updated","dir":"/private/var/folders/9v/733tfwtj2jvgwygmtrbwj9gm0000gn/T/kilo-e2e-8ANOTU/workspace"}
[Kilo New][P0-Perf] {"corr":"bb5b4eac-1b57-444d-898b-935dcdf9b4f6","stage":"sse.event","t":1786779518270,"d":109113,"surface":"extension","span":"end","dur":1,"eventType":"message.updated","dir":"/private/var/folders/9v/733tfwtj2jvgwygmtrbwj9gm0000gn/T/kilo-e2e-8ANOTU/workspace"}
[Kilo New][P0-Perf] {"corr":"bb5b4eac-1b57-444d-898b-935dcdf9b4f6","stage":"sse.event","t":1786779518270,"d":109113,"surface":"extension","span":"start","eventType":"message.updated.1","dir":"/private/var/folders/9v/733tfwtj2jvgwygmtrbwj9gm0000gn/T/kilo-e2e-8ANOTU/workspace"}
[Kilo New][P0-Perf] {"corr":"bb5b4eac-1b57-444d-898b-935dcdf9b4f6","stage":"sse.event","t":1786779518270,"d":109113,"surface":"extension","span":"end","dur":0,"eventType":"message.updated.1","dir":"/private/var/folders/9v/733tfwtj2jvgwygmtrbwj9gm0000gn/T/kilo-e2e-8ANOTU/workspace"}
[Kilo New][P0-Perf] {"corr":"bb5b4eac-1b57-444d-898b-935dcdf9b4f6","stage":"sse.event","t":1786779518346,"d":109189,"surface":"extension","span":"start","eventType":"server.heartbeat"}
[Kilo New][P0-Perf] {"corr":"bb5b4eac-1b57-444d-898b-935dcdf9b4f6","stage":"sse.event","t":1786779518346,"d":109189,"surface":"extension","span":"end","dur":0,"eventType":"server.heartbeat"}
[Kilo New] ServerManager: ⚠️ CLI Server stderr: INFO  2026-08-15T07:38:39 +823ms service=model-cache providerID=apertis refreshing models
[Kilo New] ServerManager: ⚠️ CLI Server stderr: INFO  2026-08-15T07:38:39 +3ms service=model-cache providerID=apertis count=0 models fetched and cached
[probe] PASS H-12 summary: second user turn completes and the session is idle (attempt 1)
[probe] PASS H-12 panel shows the summary text: transcript text present
[probe] H-12 revert boundary user message: msg_0045b9d65001KTlyBIsshZrFkz
[probe] clicked production Revert-to-here on user message msg_0045b9d65001KTlyBIsshZrFkz
[Kilo New] ServerManager: ⚠️ CLI Server stderr: INFO  2026-08-15T07:38:40 +1216ms service=model-cache providerID=apertis refreshing models
[Kilo New] ServerManager: ⚠️ CLI Server stderr: INFO  2026-08-15T07:38:40 +38ms service=model-cache providerID=apertis count=0 models fetched and cached
[Kilo New] ServerManager: ⚠️ CLI Server stderr: INFO  2026-08-15T07:38:40 +114ms service=snapshot hash=d2c91e170953000414b41a6cd254bc66a6474045 cwd=/private/var/folders/9v/733tfwtj2jvgwygmtrbwj9gm0000gn/T/kilo-e2e-8ANOTU/workspace git=/var/folders/9v/733tfwtj2jvgwygmtrbwj9gm0000gn/T/kilo-e2e-8ANOTU/xdg-data/kilo/snapshot/4d5c11ef39f7bccd8f64aa9c9ec14e4525f1d947/5d37ceabbbc88c4e2710ab78dda38cac193e4bd0 tracking
[Kilo New] ServerManager: ⚠️ CLI Server stderr: INFO  2026-08-15T07:38:40 +93ms service=snapshot file=/private/var/folders/9v/733tfwtj2jvgwygmtrbwj9gm0000gn/T/kilo-e2e-8ANOTU/workspace/rollback.txt hash=dfb8ce3f262ad0124c6cf4d78ca7bbc50c3dd9a2 reverting
[Kilo New][P0-Perf] {"corr":"bb5b4eac-1b57-444d-898b-935dcdf9b4f6","stage":"sse.event","t":1786779520658,"d":111501,"surface":"extension","span":"start","eventType":"session.diff","dir":"/private/var/folders/9v/733tfwtj2jvgwygmtrbwj9gm0000gn/T/kilo-e2e-8ANOTU/workspace"}
[Kilo New][P0-Perf] {"corr":"bb5b4eac-1b57-444d-898b-935dcdf9b4f6","stage":"sse.event","t":1786779520659,"d":111502,"surface":"extension","span":"end","dur":1,"eventType":"session.diff","dir":"/private/var/folders/9v/733tfwtj2jvgwygmtrbwj9gm0000gn/T/kilo-e2e-8ANOTU/workspace"}
[Kilo New][P0-Perf] {"corr":"bb5b4eac-1b57-444d-898b-935dcdf9b4f6","stage":"sse.event","t":1786779520659,"d":111502,"surface":"extension","span":"start","eventType":"session.updated","dir":"/private/var/folders/9v/733tfwtj2jvgwygmtrbwj9gm0000gn/T/kilo-e2e-8ANOTU/workspace"}
[Kilo New][P0-Perf] {"corr":"bb5b4eac-1b57-444d-898b-935dcdf9b4f6","stage":"sse.event","t":1786779520659,"d":111502,"surface":"extension","span":"end","dur":0,"eventType":"session.updated","dir":"/private/var/folders/9v/733tfwtj2jvgwygmtrbwj9gm0000gn/T/kilo-e2e-8ANOTU/workspace"}
[Kilo New][P0-Perf] {"corr":"bb5b4eac-1b57-444d-898b-935dcdf9b4f6","stage":"sse.event","t":1786779520659,"d":111502,"surface":"extension","span":"start","eventType":"session.updated.1","dir":"/private/var/folders/9v/733tfwtj2jvgwygmtrbwj9gm0000gn/T/kilo-e2e-8ANOTU/workspace"}
[Kilo New][P0-Perf] {"corr":"bb5b4eac-1b57-444d-898b-935dcdf9b4f6","stage":"sse.event","t":1786779520659,"d":111502,"surface":"extension","span":"end","dur":0,"eventType":"session.updated.1","dir":"/private/var/folders/9v/733tfwtj2jvgwygmtrbwj9gm0000gn/T/kilo-e2e-8ANOTU/workspace"}
[Kilo New] ServerManager: ⚠️ CLI Server stderr: INFO  2026-08-15T07:38:41 +1355ms service=model-cache providerID=apertis refreshing models
[Kilo New] ServerManager: ⚠️ CLI Server stderr: INFO  2026-08-15T07:38:41 +3ms service=model-cache providerID=apertis count=0 models fetched and cached
[probe] PASS H-12 backend revert/checkpoint fact + summary diff
[probe] PASS H-12 exact initial bytes restored
[probe] PASS H-12 restored bytes: /var/folders/9v/733tfwtj2jvgwygmtrbwj9gm0000gn/T/kilo-e2e-8ANOTU/workspace/rollback.txt = "E2E_ROLLBACK_ORIGINAL\n"
[probe] PASS H-12 RevertBanner visible
[probe] PASS H-12 RevertBanner lists the reverted file: banner lists "rollback.txt"
[Kilo New] ServerManager: ⚠️ CLI Server stderr: INFO  2026-08-15T07:38:42 +424ms service=session.revert sessionID=ses_ffba5a668ffeP77RqCa6WauoqE unreverting
[probe] clicked RevertBanner Redo All (production unrevert path)
[Kilo New] ServerManager: ⚠️ CLI Server stderr: INFO  2026-08-15T07:38:42 +103ms service=snapshot commit=d2c91e170953000414b41a6cd254bc66a6474045 restore
[Kilo New][P0-Perf] {"corr":"bb5b4eac-1b57-444d-898b-935dcdf9b4f6","stage":"sse.event","t":1786779522538,"d":113381,"surface":"extension","span":"start","eventType":"session.updated","dir":"/private/var/folders/9v/733tfwtj2jvgwygmtrbwj9gm0000gn/T/kilo-e2e-8ANOTU/workspace"}
[Kilo New][P0-Perf] {"corr":"bb5b4eac-1b57-444d-898b-935dcdf9b4f6","stage":"sse.event","t":1786779522538,"d":113381,"surface":"extension","span":"end","dur":0,"eventType":"session.updated","dir":"/private/var/folders/9v/733tfwtj2jvgwygmtrbwj9gm0000gn/T/kilo-e2e-8ANOTU/workspace"}
[Kilo New][P0-Perf] {"corr":"bb5b4eac-1b57-444d-898b-935dcdf9b4f6","stage":"sse.event","t":1786779522539,"d":113382,"surface":"extension","span":"start","eventType":"session.updated.1","dir":"/private/var/folders/9v/733tfwtj2jvgwygmtrbwj9gm0000gn/T/kilo-e2e-8ANOTU/workspace"}
[Kilo New][P0-Perf] {"corr":"bb5b4eac-1b57-444d-898b-935dcdf9b4f6","stage":"sse.event","t":1786779522539,"d":113382,"surface":"extension","span":"end","dur":0,"eventType":"session.updated.1","dir":"/private/var/folders/9v/733tfwtj2jvgwygmtrbwj9gm0000gn/T/kilo-e2e-8ANOTU/workspace"}
[Kilo New] ServerManager: ⚠️ CLI Server stderr: INFO  2026-08-15T07:38:43 +840ms service=model-cache providerID=apertis refreshing models
[Kilo New] ServerManager: ⚠️ CLI Server stderr: INFO  2026-08-15T07:38:43 +7ms service=model-cache providerID=apertis count=0 models fetched and cached
[Kilo New] ServerManager: ⚠️ CLI Server stderr: INFO  2026-08-15T07:38:44 +1261ms service=model-cache providerID=apertis refreshing models
[Kilo New] ServerManager: ⚠️ CLI Server stderr: INFO  2026-08-15T07:38:44 +4ms service=model-cache providerID=apertis count=0 models fetched and cached
[probe] PASS H-12 Redo All clears the backend checkpoint and the session stays idle
[probe] PASS H-12 edited bytes restored by Redo All
[probe] PASS H-12 RevertBanner gone after Redo All
[probe] PASS H-12 reverted turns re-shown in the transcript: transcript text present
[probe] PASS H-12 rollback lifecycle passed
[Kilo New] ServerManager: ⚠️ CLI Server stderr: INFO  2026-08-15T07:38:45 +925ms service=model-cache providerID=apertis refreshing models
[Kilo New] ServerManager: ⚠️ CLI Server stderr: INFO  2026-08-15T07:38:45 +5ms service=model-cache providerID=apertis count=0 models fetched and cached
[probe] PIN EVIDENCE: [
  {
    "prompt": "E2E_TASK_DELEGATE: delegate one read-only sub-task that only replies with a fixed text string, wait for it, and report its reply verbatim",
    "expected": {
      "agent": "e2e-agent",
      "model": "e2e-local/e2e-model",
      "variant": "low"
    },
    "users": [
      {
        "id": "msg_0045a5947001ATE7cWvF2GvcmJ",
        "agent": "e2e-agent",
        "model": "e2e-local/e2e-model/low",
        "pass": true
      }
    ]
  },
  {
    "prompt": "E2E_USER_TOOL: call the user-defined tool",
    "expected": {
      "agent": "e2e-agent",
      "model": "e2e-local/e2e-model",
      "variant": "low"
    },
    "users": [
      {
        "id": "msg_0045ac719001dbQXeak8fixpla",
        "agent": "e2e-agent",
        "model": "e2e-local/e2e-model/low",
        "pass": true
      }
    ]
  },
  {
    "prompt": "E2E_SKILL: load the e2e skill",
    "expected": {
      "agent": "e2e-agent",
      "model": "e2e-local/e2e-model",
      "variant": "low"
    },
    "users": [
      {
        "id": "msg_0045ae762001oMokStBzdGNJw6",
        "agent": "e2e-agent",
        "model": "e2e-local/e2e-model/low",
        "pass": true
      }
    ]
  },
  {
    "prompt": "E2E_MCP_TOOL: call the mcp echo tool",
    "expected": {
      "agent": "e2e-agent",
      "model": "e2e-local/e2e-model",
      "variant": "low"
    },
    "users": [
      {
        "id": "msg_0045afdad001ccYjnaAfo8itNW",
        "agent": "e2e-agent",
        "model": "e2e-local/e2e-model/low",
        "pass": true
      }
    ]
  },
  {
    "prompt": "E2E_PERMISSION_READ: read the ask.txt file",
    "expected": {
      "agent": "e2e-agent",
      "model": "e2e-local/e2e-model",
      "variant": "low"
    },
    "users": [
      {
        "id": "msg_0045b17960017S4Y538aQktitL",
        "agent": "e2e-agent",
        "model": "e2e-local/e2e-model/low",
        "pass": true
      }
    ]
  },
  {
    "prompt": "E2E_QUESTION: ask me a question",
    "expected": {
      "agent": "e2e-agent",
      "model": "e2e-local/e2e-model",
      "variant": "low"
    },
    "users": [
      {
        "id": "msg_0045b4ea00019ZgmNE63Dwh5TZ",
        "agent": "e2e-agent",
        "model": "e2e-local/e2e-model/low",
        "pass": true
      }
    ]
  },
  {
    "prompt": "E2E_ROLLBACK_EDIT: edit the tracked file",
    "expected": {
      "agent": "e2e-agent",
      "model": "e2e-local/e2e-model",
      "variant": "low"
    },
    "users": [
      {
        "id": "msg_0045b9d65001KTlyBIsshZrFkz",
        "agent": "e2e-agent",
        "model": "e2e-local/e2e-model/low",
        "pass": true
      }
    ]
  },
  {
    "prompt": "E2E_ROLLBACK_SUMMARY: summarize the edit",
    "expected": {
      "agent": "e2e-agent",
      "model": "e2e-local/e2e-model",
      "variant": "low"
    },
    "users": [
      {
        "id": "msg_0045bbea8001SrFD69Shx90ObG",
        "agent": "e2e-agent",
        "model": "e2e-local/e2e-model/low",
        "pass": true
      }
    ]
  }
]
[probe] PASS real-completed-final: 17 generation request(s), all e2e-local/e2e-model (matrix={
  "total": 17,
  "runOwned": 17,
  "violations": [],
  "byModel": {
    "e2e-local/e2e-model": 17
  },
  "byAgent": {
    "title": 1,
    "e2e-agent": 15,
    "general": 1
  },
  "small": 1,
  "nonSmall": 16,
  "bySession": {
    "title-ses_ffba5a668ffeP77RqCa6WauoqE": 1,
    "ses_ffba5a668ffeP77RqCa6WauoqE": 15,
    "ses_ffba56b8effeAJiTBv4ngT59CM": 1
  }
})
[probe] real-completed lifecycle passed
[probe] real-completed lifecycle assertion passed
[90m[main 2026-08-15T07:38:45.810Z][0m Extension host with pid 35450 exited with code: 0, signal: unknown.
Exit code:   0
[probe] VS Code exited (code 0)
[probe] cleanup: no owned VS Code process remains
[probe] cleanup: CDP port 49588 released
[probe] cleanup: scratch dir removed: true
[probe] total elapsed: 147s
E2E_RUN_EXIT=0
