$ KILO_E2E_SCENARIO=real-completed node script/e2e-probe-launch.mjs
[probe] scenarios: real-completed (real-completed)
[probe] Building extension + webview bundles via node esbuild.js
[watch] build started
[watch] build started
[watch] build started
[watch] build started
[watch] build started
[watch] build started
[watch] build started
[watch] build started
[watch] build finished
[watch] build finished
[watch] build finished
[watch] build finished
[watch] build finished
[watch] build finished
[watch] build finished
[watch] build finished
[probe] Build complete
[probe] fixture id: e2e-probe-f618e751
[probe] cdp port:   60559
[probe] scratch:    /var/folders/9v/733tfwtj2jvgwygmtrbwj9gm0000gn/T/kilo-e2e-ZPnvgH
[probe] real-completed seed: /var/folders/9v/733tfwtj2jvgwygmtrbwj9gm0000gn/T/kilo-e2e-ZPnvgH/workspace/.kilo/kilo.json (scripted model port 60560)
[probe] runner bundled: /var/folders/9v/733tfwtj2jvgwygmtrbwj9gm0000gn/T/kilo-e2e-ZPnvgH/runner.cjs
[probe] VS Code executable: /Users/jorkeyliu/workspace/repos/kilocode/packages/kilo-vscode/.vscode-test/vscode-darwin-arm64-1.133.0/Visual Studio Code.app/Contents/MacOS/Code

DevTools listening on ws://127.0.0.1:60559/devtools/browser/dedfbcec-243d-4c79-b9de-a98cb0ab848b
[probe] CDP endpoint reachable, connecting Playwright
Warning: 'remote-debugging-port' is not in the list of known options, but still passed to Electron/Chromium.
Warning: 'remote-allow-origins' is not in the list of known options, but still passed to Electron/Chromium.
[90m[main 2026-08-15T06:26:05.280Z][0m StorageMainService: creating application shared storage
[90m[main 2026-08-15T06:26:05.468Z][0m [shared storage] Creating shared storage database at ':memory:' (wasCreated: true)
[90m[main 2026-08-15T06:26:05.472Z][0m [shared storage] Initializing fallback application storage (path: in-memory)
[90m[main 2026-08-15T06:26:05.703Z][0m [shared storage] Fallback application storage initialized with 3 items
[90m[main 2026-08-15T06:26:05.704Z][0m update#setState disabled
[90m[main 2026-08-15T06:26:05.705Z][0m update#ctor - updates are disabled by the environment
[AgentHost:renderer] Acquiring MessagePort to agent host...
2026-08-15 14:26:08.485 Code[6396:17199452] error messaging the mach port for IMKCFRunLoopWakeUpReliable
Started initializing default profile extensions in extensions installation folder. file:///var/folders/9v/733tfwtj2jvgwygmtrbwj9gm0000gn/T/kilo-e2e-ZPnvgH/extensions
Completed initializing default profile extensions in extensions installation folder. file:///var/folders/9v/733tfwtj2jvgwygmtrbwj9gm0000gn/T/kilo-e2e-ZPnvgH/extensions
[AccountPolicyGate] apply: state=inactive, reason=undefined, isRestricted=false
Loading development extension at /Users/jorkeyliu/workspace/repos/kilocode/packages/kilo-vscode
[vscode.mermaid-markdown-features]: Extension 'vscode.mermaid-markdown-features' CANNOT use 'legacyToolReferenceFullNames' without the 'chatParticipantPrivate' API proposal enabled
Settings Sync: Account status changed from uninitialized to unavailable
[90m[main 2026-08-15T06:26:09.768Z][0m AgentHostProcessManager: agent host started
[AgentHost:renderer] MessagePort acquired, creating client...
Started local extension host with pid 7009.
[AgentHost:renderer] Protocol connection established; clientId=d2ea16fc-e6b0-469b-994a-cf8823029270
[91m[main 2026-08-15T06:26:10.842Z][0m [AgentHost:stderr] (node:7008) [DEP0169] DeprecationWarning: `url.parse()` behavior is not standardized and prone to errors that have security implications. Use the WHATWG URL API instead. CVEs are not issued for `url.parse()` vulnerabilities.
(Use `Code Helper --trace-deprecation ...` to show where the warning was created)

[AgentHost] No token resolved for resource: https://api.github.com
[AgentHost] No token resolved for resource: https://api.github.com
[AgentHost] No token resolved for resource: https://api.github.com
[AgentHost] No token resolved for resource: https://api.github.com
[AgentHost] No token resolved for resource: https://api.github.com
[AgentHost] No token resolved for resource: https://api.github.com
[AgentHost] No token resolved for resource: https://api.github.com
[AgentHost] No token resolved for resource: https://api.github.com
[AgentHost] No token resolved for resource: https://api.github.com
[AgentHost] No token resolved for resource: https://api.github.com
[AgentHost] No token resolved for resource: https://api.github.com
[AgentHost] No token resolved for resource: https://api.github.com
[AgentHost] No token resolved for resource: https://api.github.com
[AgentHost] No token resolved for resource: https://api.github.com
[AgentHost] No token resolved for resource: https://api.github.com
[AgentHost] No token resolved for resource: https://api.github.com
[AgentHost] No token resolved for resource: https://api.github.com/repos
[AgentHost] No token resolved for resource: https://api.github.com/repos
[AgentHost] No token resolved for resource: https://api.github.com/repos
[AgentHost] No token resolved for resource: https://api.github.com/repos
[AgentHost] No token resolved for resource: https://api.github.com/repos
[AgentHost] No token resolved for resource: https://api.github.com/repos
[AgentHost] No token resolved for resource: https://api.github.com/repos
[AgentHost] No token resolved for resource: https://api.github.com/repos
[AgentHost] No token resolved for resource: https://api.github.com/repos
[AgentHost] No token resolved for resource: https://api.github.com/repos
[AgentHost] No token resolved for resource: https://api.github.com/repos
[AgentHost] No token resolved for resource: https://api.github.com/repos
[AgentHost] No token resolved for resource: https://api.github.com/repos
[AgentHost] No token resolved for resource: https://api.github.com/repos
[AgentHost] No token resolved for resource: https://api.github.com/repos
[AgentHost] No token resolved for resource: https://api.github.com/repos
[AgentHost] No token resolved for resource: https://api.github.com
[AgentHost] No token resolved for resource: https://api.github.com
[AgentHost] No token resolved for resource: https://api.github.com
[AgentHost] No token resolved for resource: https://api.github.com
[AgentHost] No token resolved for resource: https://api.github.com
[AgentHost] No token resolved for resource: https://api.github.com
[AgentHost] No token resolved for resource: https://api.github.com
[AgentHost] No token resolved for resource: https://api.github.com
[AgentHost] No token resolved for resource: https://api.github.com
[AgentHost] No token resolved for resource: https://api.github.com
[AgentHost] No token resolved for resource: https://api.github.com
[AgentHost] No token resolved for resource: https://api.github.com
[AgentHost] No token resolved for resource: https://api.github.com
[AgentHost] No token resolved for resource: https://api.github.com
[AgentHost] No token resolved for resource: https://api.github.com
[AgentHost] No token resolved for resource: https://api.github.com
[AgentHost] No token resolved for resource: https://api.github.com/repos
[AgentHost] No token resolved for resource: https://api.github.com/repos
[AgentHost] No token resolved for resource: https://api.github.com/repos
[AgentHost] No token resolved for resource: https://api.github.com/repos
[AgentHost] No token resolved for resource: https://api.github.com/repos
[AgentHost] No token resolved for resource: https://api.github.com/repos
[AgentHost] No token resolved for resource: https://api.github.com/repos
[AgentHost] No token resolved for resource: https://api.github.com/repos
[AgentHost] No token resolved for resource: https://api.github.com/repos
[AgentHost] No token resolved for resource: https://api.github.com/repos
[AgentHost] No token resolved for resource: https://api.github.com/repos
[AgentHost] No token resolved for resource: https://api.github.com/repos
[AgentHost] No token resolved for resource: https://api.github.com/repos
[AgentHost] No token resolved for resource: https://api.github.com/repos
[AgentHost] No token resolved for resource: https://api.github.com/repos
[AgentHost] No token resolved for resource: https://api.github.com/repos
Kilo Code extension is now active
[Kilo New][P0-Perf] {"corr":"d2181c65-d721-402a-a10f-d3578a4d15ed","stage":"activate.start","t":1786775171356,"d":0,"surface":"extension"}
[Kilo New][P0-Perf] {"corr":"d2181c65-d721-402a-a10f-d3578a4d15ed","stage":"connect.start","t":1786775171363,"d":7,"surface":"extension"}
[Kilo New] ServerManager: 🔍 getServer called
[Kilo New] ServerManager: 🚀 Starting new server instance...
[Kilo New] ServerManager: 📦 Using CLI path: /Users/jorkeyliu/workspace/repos/kilocode/packages/kilo-vscode/bin/kilo
[Kilo New] ServerManager: 📍 CLI path: /Users/jorkeyliu/workspace/repos/kilocode/packages/kilo-vscode/bin/kilo
[Kilo New] ServerManager: 🔐 Generated password (length): 64
[Kilo New] ServerManager: 📄 CLI isFile: true
[Kilo New] ServerManager: 📄 CLI mode (octal): 755
[Kilo New] ServerManager: 🎬 Spawning CLI process: /Users/jorkeyliu/workspace/repos/kilocode/packages/kilo-vscode/bin/kilo [ 'serve', '--port', '0' ]
[Kilo New][P0-Perf] {"corr":"d2181c65-d721-402a-a10f-d3578a4d15ed","stage":"spawn.start","t":1786775171365,"d":9,"surface":"extension"}
[Kilo New] ServerManager: 📦 Process spawned with PID: 7379
[Kilo New][P0-Perf] {"corr":"d2181c65-d721-402a-a10f-d3578a4d15ed","stage":"spawn.done","t":1786775171369,"d":13,"surface":"extension","pid":7379}
[Kilo New][P0-Perf] {"corr":"d2181c65-d721-402a-a10f-d3578a4d15ed","stage":"activate.done","t":1786775171378,"d":22,"surface":"extension"}
[telemetry] Agent Manager Opened { source: 'agent-manager' }
[Kilo New] KiloProvider: 🔧 Starting initializeConnection...
(node:7009) [DEP0169] DeprecationWarning: `url.parse()` behavior is not standardized and prone to errors that have security implications. Use the WHATWG URL API instead. CVEs are not issued for `url.parse()` vulnerabilities.
(Use `Code Helper (Plugin) --trace-deprecation ...` to show where the warning was created)
Unknown channel: agentHostClientProxy
Unknown channel: agentHostClientProxy
[Kilo New][P0-Perf] {"corr":"d2181c65-d721-402a-a10f-d3578a4d15ed","stage":"webview.load","t":1786775173018,"d":1662,"surface":"webview","wd":203}
[Kilo New][P0-Perf] {"corr":"d2181c65-d721-402a-a10f-d3578a4d15ed","stage":"webview.mount","t":1786775173052,"d":1696,"surface":"webview","wd":237}
Unknown channel: agentHostClientProxy
[AccountPolicyGate] apply: state=inactive, reason=undefined, isRestricted=false
[Kilo New] KiloProvider: ✅ webviewReady received
[Kilo New][P0-Perf] {"corr":"d2181c65-d721-402a-a10f-d3578a4d15ed","stage":"webview.ready","t":1786775173971,"d":2615,"surface":"extension"}
[Kilo New] KiloProvider: 🔄 syncWebviewState() {
  reason: 'webviewReady',
  isWebviewReady: true,
  connectionState: 'connecting',
  hasClient: false,
  hasServerInfo: false
}
[Kilo New][P0-Perf] {"corr":"d2181c65-d721-402a-a10f-d3578a4d15ed","stage":"webview.render","t":1786775174055,"d":2699,"surface":"webview","wd":1240}
[Kilo New][P0-Perf] {"corr":"d2181c65-d721-402a-a10f-d3578a4d15ed","stage":"webview.paint","t":1786775174133,"d":2777,"surface":"webview","wd":1318}
[Kilo New] ServerManager: ⚠️ CLI Server stderr: INFO  2026-08-15T06:26:15 +112ms service=p0-perf event=p0.start stage=app_layer_define ts=1786775175787 app_layer_define
[Kilo New] ServerManager: ⚠️ CLI Server stderr: INFO  2026-08-15T06:26:15 +1ms service=p0-perf event=p0.end stage=app_layer_define ts=1786775175789 duration=1 app_layer_define
[Kilo New] ServerManager: ⚠️ CLI Server stderr: INFO  2026-08-15T06:26:15 +0ms service=p0-perf event=p0.start stage=app_runtime_make ts=1786775175789 app_runtime_make
[Kilo New] ServerManager: ⚠️ CLI Server stderr: INFO  2026-08-15T06:26:15 +0ms service=p0-perf event=p0.end stage=app_runtime_make ts=1786775175789 duration=1 app_runtime_make
[Kilo New] ServerManager: ⚠️ CLI Server stderr: INFO  2026-08-15T06:26:15 +48ms service=default version=0.0.0-jorkey-refactor-vscode-agent-orchestrator-202608141823 args=["serve","--port","0","--print-logs"] process_role=main run_id=bef49d26-7790-423f-a34e-14a8c8b2cb15 opencode
[Kilo New] ServerManager: ⚠️ CLI Server stderr: Performing one time database migration, may take a few minutes...
[Kilo New] ServerManager: ⚠️ CLI Server stderr: INFO  2026-08-15T06:26:15 +156ms service=json-migration storage directory does not exist, skipping migration
[Kilo New] ServerManager: ⚠️ CLI Server stderr: sqlite-migration:done
[Kilo New] ServerManager: ⚠️ CLI Server stderr: Database migration complete.
[Kilo New] ServerManager: ⚠️ CLI Server stderr: INFO  2026-08-15T06:26:16 +360ms service=config path=/var/folders/9v/733tfwtj2jvgwygmtrbwj9gm0000gn/T/kilo-e2e-ZPnvgH/xdg-config/kilo/config.json loading
[Kilo New] ServerManager: ⚠️ CLI Server stderr: INFO  2026-08-15T06:26:16 +1ms service=config path=/var/folders/9v/733tfwtj2jvgwygmtrbwj9gm0000gn/T/kilo-e2e-ZPnvgH/xdg-config/kilo/kilo.json loading
[Kilo New] ServerManager: ⚠️ CLI Server stderr: INFO  2026-08-15T06:26:16 +1ms service=config path=/var/folders/9v/733tfwtj2jvgwygmtrbwj9gm0000gn/T/kilo-e2e-ZPnvgH/xdg-config/kilo/kilo.jsonc loading
[Kilo New] ServerManager: ⚠️ CLI Server stderr: INFO  2026-08-15T06:26:16 +8ms service=config path=/var/folders/9v/733tfwtj2jvgwygmtrbwj9gm0000gn/T/kilo-e2e-ZPnvgH/xdg-config/kilo/opencode.json loading
[Kilo New] ServerManager: ⚠️ CLI Server stderr: INFO  2026-08-15T06:26:16 +0ms service=config path=/var/folders/9v/733tfwtj2jvgwygmtrbwj9gm0000gn/T/kilo-e2e-ZPnvgH/xdg-config/kilo/opencode.jsonc loading
[Kilo New] ServerManager: ⚠️ CLI Server stderr: INFO  2026-08-15T06:26:16 +107ms service=p0-perf event=p0.mark stage=serve_cli_entry ts=1786775176470 id=7379 serve_cli_entry
[Kilo New] ServerManager: ⚠️ CLI Server stderr: INFO  2026-08-15T06:26:16 +131ms service=p0-perf event=p0.start stage=listener ts=1786775176601 id=127.0.0.1:0 listener
[Kilo New] ServerManager: ⚠️ CLI Server stderr: INFO  2026-08-15T06:26:17 +611ms service=p0-perf event=p0.end stage=listener ts=1786775177212 duration=610 id=127.0.0.1:0 meta={"hostname":"127.0.0.1","port":60591} listener
[Kilo New] ServerManager: 📥 CLI Server stdout: kilo server listening on http://127.0.0.1:60591

[Kilo New] ServerManager: 🎯 Port detected: 60591
[Kilo New][P0-Perf] {"corr":"d2181c65-d721-402a-a10f-d3578a4d15ed","stage":"port.detected","t":1786775177213,"d":5857,"surface":"extension","port":60591}
[Kilo New] ServerManager: ✅ Server started successfully: { port: 60591 }
[Kilo New] SSE: 🔌 connect() called
[Kilo New][P0-Perf] {"corr":"d2181c65-d721-402a-a10f-d3578a4d15ed","stage":"sse.connect","t":1786775177214,"d":5858,"surface":"extension"}
[Kilo New] SSE: 🔄 Setting state to "connecting"
[Kilo New] SSE: 🎬 Calling SDK global.event()...
[Kilo New] SSE: ⏳ Waiting for first stream event
[Kilo New] ServerManager: ⚠️ CLI Server stderr: INFO  2026-08-15T06:26:17 +1ms service=parent-watchdog parent=7009 ppid=7009 intervalMs=1000 watching parent process
[Kilo New] ServerManager: ⚠️ CLI Server stderr: INFO  2026-08-15T06:26:17 +37ms service=server global event connected
[Kilo New] SSE: ✅ Stream opened successfully
[Kilo New][P0-Perf] {"corr":"d2181c65-d721-402a-a10f-d3578a4d15ed","stage":"sse.connected","t":1786775177262,"d":5906,"surface":"extension"}
[Kilo New] CLI connected, calling remoteService.refresh()
[Kilo New][P0-Perf] {"corr":"d2181c65-d721-402a-a10f-d3578a4d15ed","stage":"sse.event","t":1786775177265,"d":5909,"surface":"extension","span":"start","eventType":"server.connected"}
[Kilo New][P0-Perf] {"corr":"d2181c65-d721-402a-a10f-d3578a4d15ed","stage":"sse.event","t":1786775177265,"d":5909,"surface":"extension","span":"end","dur":0,"eventType":"server.connected"}
[Kilo New] KiloProvider: checking config warnings {
  from: 'init',
  dir: '/var/folders/9v/733tfwtj2jvgwygmtrbwj9gm0000gn/T/kilo-e2e-ZPnvgH/workspace'
}
[Kilo New] KiloProvider: 🔄 syncWebviewState() {
  reason: 'initializeConnection',
  isWebviewReady: true,
  connectionState: 'connected',
  hasClient: true,
  hasServerInfo: true
}
[Kilo New] KiloProvider: 👤 syncWebviewState fetching profile...
[Kilo New] KiloProvider: 🔄 Flushing deferred sessions refresh { reason: 'refreshSessions' }
[Kilo New] ServerManager: ⚠️ CLI Server stderr: INFO  2026-08-15T06:26:17 +88ms service=default directory=/private/var/folders/9v/733tfwtj2jvgwygmtrbwj9gm0000gn/T/kilo-e2e-ZPnvgH/workspace creating instance
[Kilo New] ServerManager: ⚠️ CLI Server stderr: INFO  2026-08-15T06:26:17 +3ms service=project directory=/private/var/folders/9v/733tfwtj2jvgwygmtrbwj9gm0000gn/T/kilo-e2e-ZPnvgH/workspace fromDirectory
[Kilo New][P0-Perf] {"corr":"d2181c65-d721-402a-a10f-d3578a4d15ed","stage":"sse.event","t":1786775177777,"d":6421,"surface":"extension","span":"start","eventType":"project.updated","dir":"global"}
[Kilo New][P0-Perf] {"corr":"d2181c65-d721-402a-a10f-d3578a4d15ed","stage":"sse.event","t":1786775177779,"d":6423,"surface":"extension","span":"end","dur":2,"eventType":"project.updated","dir":"global"}
[Kilo New] ServerManager: ⚠️ CLI Server stderr: INFO  2026-08-15T06:26:17 +437ms service=p0-perf event=p0.start stage=instance_bootstrap ts=1786775177778 dir=/private/var/folders/9v/733tfwtj2jvgwygmtrbwj9gm0000gn/T/kilo-e2e-ZPnvgH/workspace instance_bootstrap
[Kilo New] ServerManager: ⚠️ CLI Server stderr: INFO  2026-08-15T06:26:17 +13ms service=p0-perf event=p0.start stage=config_load ts=1786775177791 dir=/private/var/folders/9v/733tfwtj2jvgwygmtrbwj9gm0000gn/T/kilo-e2e-ZPnvgH/workspace config_load
[Kilo New] ServerManager: ⚠️ CLI Server stderr: INFO  2026-08-15T06:26:17 +108ms service=config path=/var/folders/9v/733tfwtj2jvgwygmtrbwj9gm0000gn/T/kilo-e2e-ZPnvgH/xdg-config/kilo/config.json loading
[Kilo New] ServerManager: ⚠️ CLI Server stderr: INFO  2026-08-15T06:26:17 +1ms service=config path=/var/folders/9v/733tfwtj2jvgwygmtrbwj9gm0000gn/T/kilo-e2e-ZPnvgH/xdg-config/kilo/kilo.json loading
[Kilo New] ServerManager: ⚠️ CLI Server stderr: INFO  2026-08-15T06:26:17 +0ms service=config path=/var/folders/9v/733tfwtj2jvgwygmtrbwj9gm0000gn/T/kilo-e2e-ZPnvgH/xdg-config/kilo/kilo.jsonc loading
[Kilo New] ServerManager: ⚠️ CLI Server stderr: INFO  2026-08-15T06:26:17 +2ms service=config path=/var/folders/9v/733tfwtj2jvgwygmtrbwj9gm0000gn/T/kilo-e2e-ZPnvgH/xdg-config/kilo/opencode.json loading
[Kilo New] ServerManager: ⚠️ CLI Server stderr: INFO  2026-08-15T06:26:17 +0ms service=config path=/var/folders/9v/733tfwtj2jvgwygmtrbwj9gm0000gn/T/kilo-e2e-ZPnvgH/xdg-config/kilo/opencode.jsonc loading
[Kilo New] ServerManager: ⚠️ CLI Server stderr: INFO  2026-08-15T06:26:18 +371ms service=config path=/private/var/folders/9v/733tfwtj2jvgwygmtrbwj9gm0000gn/T/kilo-e2e-ZPnvgH/workspace/.kilo/kilo.jsonc loading
[Kilo New] ServerManager: ⚠️ CLI Server stderr: INFO  2026-08-15T06:26:18 +6ms service=config path=/private/var/folders/9v/733tfwtj2jvgwygmtrbwj9gm0000gn/T/kilo-e2e-ZPnvgH/workspace/.kilo/kilo.json loading
[Kilo New] ServerManager: ⚠️ CLI Server stderr: INFO  2026-08-15T06:26:18 +7ms service=config path=/private/var/folders/9v/733tfwtj2jvgwygmtrbwj9gm0000gn/T/kilo-e2e-ZPnvgH/workspace/.kilo/opencode.jsonc loading
[Kilo New] ServerManager: ⚠️ CLI Server stderr: INFO  2026-08-15T06:26:18 +5ms service=config path=/private/var/folders/9v/733tfwtj2jvgwygmtrbwj9gm0000gn/T/kilo-e2e-ZPnvgH/workspace/.kilo/opencode.json loading
[Kilo New] ServerManager: ⚠️ CLI Server stderr: INFO  2026-08-15T06:26:18 +34ms service=config path=/Users/jorkeyliu/.kilo/kilo.jsonc loading
[Kilo New] ServerManager: ⚠️ CLI Server stderr: INFO  2026-08-15T06:26:18 +1ms service=config path=/Users/jorkeyliu/.kilo/kilo.json loading
[Kilo New] ServerManager: ⚠️ CLI Server stderr: INFO  2026-08-15T06:26:18 +1ms service=config path=/Users/jorkeyliu/.kilo/opencode.jsonc loading
[Kilo New] ServerManager: ⚠️ CLI Server stderr: INFO  2026-08-15T06:26:18 +0ms service=config path=/Users/jorkeyliu/.kilo/opencode.json loading
[Kilo New] ServerManager: ⚠️ CLI Server stderr: INFO  2026-08-15T06:26:18 +33ms service=p0-perf event=p0.end stage=config_load ts=1786775178360 duration=569 dir=/private/var/folders/9v/733tfwtj2jvgwygmtrbwj9gm0000gn/T/kilo-e2e-ZPnvgH/workspace config_load
[Kilo New] ServerManager: ⚠️ CLI Server stderr: INFO  2026-08-15T06:26:18 +4ms service=plugin name=SH6 loading internal plugin
[Kilo New] ServerManager: ⚠️ CLI Server stderr: INFO  2026-08-15T06:26:18 +1ms service=plugin name=Fo6 loading internal plugin
[Kilo New] ServerManager: ⚠️ CLI Server stderr: INFO  2026-08-15T06:26:18 +0ms service=plugin name=fW_ loading internal plugin
[Kilo New] ServerManager: ⚠️ CLI Server stderr: INFO  2026-08-15T06:26:18 +0ms service=plugin name= loading internal plugin
[Kilo New] ServerManager: ⚠️ CLI Server stderr: INFO  2026-08-15T06:26:18 +1ms service=plugin name=SF_ loading internal plugin
[Kilo New] ServerManager: ⚠️ CLI Server stderr: INFO  2026-08-15T06:26:18 +2ms service=plugin name=nX_ loading internal plugin
[Kilo New] ServerManager: ⚠️ CLI Server stderr: INFO  2026-08-15T06:26:18 +1ms service=plugin name=yW1 loading internal plugin
[Kilo New] ServerManager: ⚠️ CLI Server stderr: INFO  2026-08-15T06:26:18 +0ms service=plugin name=_K_ loading internal plugin
[Kilo New] ServerManager: ⚠️ CLI Server stderr: INFO  2026-08-15T06:26:18 +0ms service=plugin name=qK_ loading internal plugin
[Kilo New] ServerManager: ⚠️ CLI Server stderr: INFO  2026-08-15T06:26:18 +1ms service=plugin name=TK_ loading internal plugin
[Kilo New] ServerManager: ⚠️ CLI Server stderr: INFO  2026-08-15T06:26:18 +0ms service=plugin name=RK_ loading internal plugin
[Kilo New] ServerManager: ⚠️ CLI Server stderr: INFO  2026-08-15T06:26:18 +1ms service=plugin name=WK_ loading internal plugin
[Kilo New] ServerManager: ⚠️ CLI Server stderr: INFO  2026-08-15T06:26:18 +7ms service=bus type=session.turn.open subscribing
[Kilo New] ServerManager: ⚠️ CLI Server stderr: INFO  2026-08-15T06:26:18 +0ms service=bus type=session.turn.close subscribing
[Kilo New] ServerManager: ⚠️ CLI Server stderr: INFO  2026-08-15T06:26:18 +1ms service=bus type=memory.status subscribing
[Kilo New] ServerManager: ⚠️ CLI Server stderr: INFO  2026-08-15T06:26:18 +0ms service=bus type=memory.updated subscribing
[Kilo New] ServerManager: ⚠️ CLI Server stderr: INFO  2026-08-15T06:26:18 +12ms service=lsp all LSPs are disabled
[Kilo New] ServerManager: ⚠️ CLI Server stderr: INFO  2026-08-15T06:26:18 +0ms service=format all formatters are disabled
[Kilo New] ServerManager: ⚠️ CLI Server stderr: INFO  2026-08-15T06:26:18 +0ms service=format init
[Kilo New] ServerManager: ⚠️ CLI Server stderr: INFO  2026-08-15T06:26:18 +0ms service=p0-perf event=p0.end stage=instance_bootstrap ts=1786775178391 duration=613 dir=/private/var/folders/9v/733tfwtj2jvgwygmtrbwj9gm0000gn/T/kilo-e2e-ZPnvgH/workspace instance_bootstrap
[Kilo New] KiloProvider: config warnings fetched { from: 'init', count: 0 }
[Kilo New] KiloProvider: 👤 syncWebviewState profile: null
[probe] runner ready, plan: source=e2e-probe-f618e751-A sibling=e2e-probe-f618e751-B child=e2e-probe-f618e751-C variant=e2e-probe-f618e751-D tabA=e2e-probe-f618e751-TA tabB=e2e-probe-f618e751-TB tabC=e2e-probe-f618e751-TC topicRoot=e2e-probe-f618e751-T1 topicChild=e2e-probe-f618e751-T1C topicSibling=e2e-probe-f618e751-T2 realAgent=e2e-agent realAgentB=e2e-agent-b realModel=e2e-local/e2e-model
[Kilo New] ServerManager: ⚠️ CLI Server stderr: INFO  2026-08-15T06:26:18 +239ms service=vcs branch=main default_branch=main initialized
[Kilo New] KiloProvider: 🔄 Flushing deferred sessions refresh { reason: 'initializeConnection' }
[Kilo New][P0-Perf] {"corr":"d2181c65-d721-402a-a10f-d3578a4d15ed","stage":"dataReady.start","t":1786775178635,"d":7279,"surface":"extension"}
[Kilo New] ServerManager: ⚠️ CLI Server stderr: INFO  2026-08-15T06:26:18 +114ms service=p0-perf event=p0.start stage=config_load ts=1786775178744 dir=/private/var/folders/9v/733tfwtj2jvgwygmtrbwj9gm0000gn/T/kilo-e2e-ZPnvgH/workspace config_load
[Kilo New] ServerManager: ⚠️ CLI Server stderr: INFO  2026-08-15T06:26:18 +49ms service=model-cache providerID=kilo fetching models
[Kilo New] ServerManager: ⚠️ CLI Server stderr: INFO  2026-08-15T06:26:18 +58ms service=mcp key=e2e-fixture type=local found
[Kilo New] ServerManager: ⚠️ CLI Server stderr: INFO  2026-08-15T06:26:19 +425ms service=skill count=6 init
[Kilo New] ServerManager: ⚠️ CLI Server stderr: INFO  2026-08-15T06:26:19 +11ms service=mcp key=e2e-fixture toolCount=1 create() successfully created client
[Kilo New] ServerManager: ⚠️ CLI Server stderr: ERROR 2026-08-15T06:26:19 +24ms service=mcp clientName=e2e-fixture error=MCP error -32601: Method not found failed to get prompts
[Kilo New] ServerManager: ⚠️ CLI Server stderr: INFO  2026-08-15T06:26:19 +70ms service=config path=/private/var/folders/9v/733tfwtj2jvgwygmtrbwj9gm0000gn/T/kilo-e2e-ZPnvgH/workspace/.kilo/kilo.jsonc loading
[Kilo New] ServerManager: ⚠️ CLI Server stderr: INFO  2026-08-15T06:26:19 +12ms service=config path=/private/var/folders/9v/733tfwtj2jvgwygmtrbwj9gm0000gn/T/kilo-e2e-ZPnvgH/workspace/.kilo/kilo.json loading
[Kilo New] ServerManager: ⚠️ CLI Server stderr: INFO  2026-08-15T06:26:19 +3ms service=config path=/private/var/folders/9v/733tfwtj2jvgwygmtrbwj9gm0000gn/T/kilo-e2e-ZPnvgH/workspace/.kilo/opencode.jsonc loading
[Kilo New] ServerManager: ⚠️ CLI Server stderr: INFO  2026-08-15T06:26:19 +0ms service=config path=/private/var/folders/9v/733tfwtj2jvgwygmtrbwj9gm0000gn/T/kilo-e2e-ZPnvgH/workspace/.kilo/opencode.json loading
[Kilo New] ServerManager: ⚠️ CLI Server stderr: INFO  2026-08-15T06:26:19 +41ms service=config path=/Users/jorkeyliu/.kilo/kilo.jsonc loading
[Kilo New] ServerManager: ⚠️ CLI Server stderr: INFO  2026-08-15T06:26:19 +2ms service=config path=/Users/jorkeyliu/.kilo/kilo.json loading
[Kilo New] ServerManager: ⚠️ CLI Server stderr: INFO  2026-08-15T06:26:19 +13ms service=config path=/Users/jorkeyliu/.kilo/opencode.jsonc loading
[Kilo New] ServerManager: ⚠️ CLI Server stderr: INFO  2026-08-15T06:26:19 +1ms service=config path=/Users/jorkeyliu/.kilo/opencode.json loading
[Kilo New] ServerManager: ⚠️ CLI Server stderr: INFO  2026-08-15T06:26:19 +26ms service=p0-perf event=p0.end stage=config_load ts=1786775179479 duration=735 dir=/private/var/folders/9v/733tfwtj2jvgwygmtrbwj9gm0000gn/T/kilo-e2e-ZPnvgH/workspace config_load
[Kilo New] ServerManager: ⚠️ CLI Server stderr: INFO  2026-08-15T06:26:19 +1ms service=kilocode-indexing workspacePath=/private/var/folders/9v/733tfwtj2jvgwygmtrbwj9gm0000gn/T/kilo-e2e-ZPnvgH/workspace initializing project indexing
[Kilo New] ServerManager: ⚠️ CLI Server stderr: INFO  2026-08-15T06:26:19 +5ms service=bus type=indexing.status publishing
[Kilo New] ServerManager: ⚠️ CLI Server stderr: INFO  2026-08-15T06:26:19 +2ms service=bus type=indexing.status publishing
[Kilo New][P0-Perf] {"corr":"d2181c65-d721-402a-a10f-d3578a4d15ed","stage":"sse.event","t":1786775179489,"d":8133,"surface":"extension","span":"start","eventType":"indexing.status","dir":"/private/var/folders/9v/733tfwtj2jvgwygmtrbwj9gm0000gn/T/kilo-e2e-ZPnvgH/workspace"}
[Kilo New][P0-Perf] {"corr":"d2181c65-d721-402a-a10f-d3578a4d15ed","stage":"sse.event","t":1786775179489,"d":8133,"surface":"extension","span":"end","dur":0,"eventType":"indexing.status","dir":"/private/var/folders/9v/733tfwtj2jvgwygmtrbwj9gm0000gn/T/kilo-e2e-ZPnvgH/workspace"}
[Kilo New][P0-Perf] {"corr":"d2181c65-d721-402a-a10f-d3578a4d15ed","stage":"sse.event","t":1786775179490,"d":8134,"surface":"extension","span":"start","eventType":"indexing.status","dir":"/private/var/folders/9v/733tfwtj2jvgwygmtrbwj9gm0000gn/T/kilo-e2e-ZPnvgH/workspace"}
[Kilo New][P0-Perf] {"corr":"d2181c65-d721-402a-a10f-d3578a4d15ed","stage":"sse.event","t":1786775179490,"d":8134,"surface":"extension","span":"end","dur":0,"eventType":"indexing.status","dir":"/private/var/folders/9v/733tfwtj2jvgwygmtrbwj9gm0000gn/T/kilo-e2e-ZPnvgH/workspace"}
[Kilo New] ServerManager: ⚠️ CLI Server stderr: WARN  2026-08-15T06:26:19 +242ms service=config dir=/var/folders/9v/733tfwtj2jvgwygmtrbwj9gm0000gn/T/kilo-e2e-ZPnvgH/xdg-config/kilo error=Cause([Fail(NpmInstallFailedError (cause: @kilocode/plugin: No matching version found for @kilocode/plugin@0.0.0-jorkey-refactor-vscode-agent-orchestrator-202608141823.))]) background dependency install failed
[Kilo New] ServerManager: ⚠️ CLI Server stderr: INFO  2026-08-15T06:26:19 +194ms service=model-cache providerID=kilo count=291 models fetched and cached
[Kilo New] ServerManager: ⚠️ CLI Server stderr: INFO  2026-08-15T06:26:19 +1ms service=model-cache providerID=apertis fetching models
[probe] PASS custom agent served in ModeSwitcher: "E2E Agent"
[Kilo New] ServerManager: ⚠️ CLI Server stderr: INFO  2026-08-15T06:26:20 +85ms service=model-cache providerID=apertis count=0 models fetched and cached
[Kilo New] ServerManager: ⚠️ CLI Server stderr: INFO  2026-08-15T06:26:20 +35ms service=provider status=started state
[Kilo New] ServerManager: ⚠️ CLI Server stderr: INFO  2026-08-15T06:26:20 +0ms service=p0-perf event=p0.start stage=provider_state_init ts=1786775180044 dir=/private/var/folders/9v/733tfwtj2jvgwygmtrbwj9gm0000gn/T/kilo-e2e-ZPnvgH/workspace provider_state_init
[Kilo New] ServerManager: ⚠️ CLI Server stderr: INFO  2026-08-15T06:26:20 +4ms service=model-cache providerID=apertis refreshing models
[probe] picked "E2E Agent" from agent picker
[probe] PASS custom agent selected: "E2E Agent"
[Kilo New] ServerManager: ⚠️ CLI Server stderr: INFO  2026-08-15T06:26:20 +250ms service=provider init
[Kilo New] ServerManager: ⚠️ CLI Server stderr: INFO  2026-08-15T06:26:20 +5ms service=model-cache providerID=apertis count=0 models fetched and cached
[Kilo New] ServerManager: ⚠️ CLI Server stderr: INFO  2026-08-15T06:26:20 +2ms service=model-cache providerID=apertis refreshing models
[Kilo New] ServerManager: ⚠️ CLI Server stderr: INFO  2026-08-15T06:26:20 +10ms service=model-cache providerID=apertis count=0 models fetched and cached
[Kilo New] ServerManager: ⚠️ CLI Server stderr: ERROR 2026-08-15T06:26:20 +46ms service=provider Provider does not exist in model list github-copilot-enterprise
[Kilo New] ServerManager: ⚠️ CLI Server stderr: INFO  2026-08-15T06:26:20 +1ms service=provider providerID=kilo found
[Kilo New] ServerManager: ⚠️ CLI Server stderr: INFO  2026-08-15T06:26:20 +1ms service=provider providerID=e2e-local found
[Kilo New] ServerManager: ⚠️ CLI Server stderr: INFO  2026-08-15T06:26:20 +0ms service=p0-perf event=p0.end stage=provider_state_init ts=1786775180363 duration=318 dir=/private/var/folders/9v/733tfwtj2jvgwygmtrbwj9gm0000gn/T/kilo-e2e-ZPnvgH/workspace provider_state_init
[Kilo New] ServerManager: ⚠️ CLI Server stderr: INFO  2026-08-15T06:26:20 +0ms service=provider status=completed duration=319 state
[Kilo New] ServerManager: ⚠️ CLI Server stderr: WARN  2026-08-15T06:26:22 +1769ms service=config dir=/var/folders/9v/733tfwtj2jvgwygmtrbwj9gm0000gn/T/kilo-e2e-ZPnvgH/xdg-config/kilo error=Cause([Fail(NpmInstallFailedError (cause: @kilocode/plugin: No matching version found for @kilocode/plugin@0.0.0-jorkey-refactor-vscode-agent-orchestrator-202608141823.))]) background dependency install failed
[Kilo New][P0-Perf] {"corr":"d2181c65-d721-402a-a10f-d3578a4d15ed","stage":"dataReady.done","t":1786775182292,"d":10936,"surface":"extension"}
[Kilo New] KiloProvider: ✅ initializeConnection completed successfully
[probe] picked "Low" from variant picker
[probe] PASS variant Low selected: "Low"
[probe] PASS custom model visibly selected: "E2E Local / E2E Model"
[probe] sent prompt via real prompt input: E2E_TASK_DELEGATE: delegate one read-only sub-task that only replies with a fixed text string, wait for it, and report its reply verbatim
[Kilo New] ServerManager: ⚠️ CLI Server stderr: INFO  2026-08-15T06:26:24 +2401ms service=session id=ses_ffbe65b6affeWMAe9X7ERomdq3 slug=mighty-nebula version=0.0.0-jorkey-refactor-vscode-agent-orchestrator-202608141823 projectID=b289fb45de8da4fa44e139efaaf8b5478551cab5 directory=/private/var/folders/9v/733tfwtj2jvgwygmtrbwj9gm0000gn/T/kilo-e2e-ZPnvgH/workspace path= title=New session - 2026-08-15T06:26:24.533Z metadata={"kilocode.sandbox":{"enabled":false,"version":0}} cost=0 tokens={"input":0,"output":0,"reasoning":0,"cache":{"read":0,"write":0}} time={"created":1786775184533,"updated":1786775184533} created
[Kilo New] ServerManager: ⚠️ CLI Server stderr: INFO  2026-08-15T06:26:24 +76ms service=kilo-sessions sessionId=ses_ffbe65b6affeWMAe9X7ERomdq3 session bootstrap skipped: no client
[Kilo New][P0-Perf] {"corr":"d2181c65-d721-402a-a10f-d3578a4d15ed","stage":"sse.event","t":1786775184625,"d":13269,"surface":"extension","span":"start","eventType":"session.created","dir":"/private/var/folders/9v/733tfwtj2jvgwygmtrbwj9gm0000gn/T/kilo-e2e-ZPnvgH/workspace"}
[Kilo New][P0-Perf] {"corr":"d2181c65-d721-402a-a10f-d3578a4d15ed","stage":"sse.event","t":1786775184626,"d":13270,"surface":"extension","span":"end","dur":1,"eventType":"session.created","dir":"/private/var/folders/9v/733tfwtj2jvgwygmtrbwj9gm0000gn/T/kilo-e2e-ZPnvgH/workspace"}
[Kilo New][P0-Perf] {"corr":"d2181c65-d721-402a-a10f-d3578a4d15ed","stage":"sse.event","t":1786775184626,"d":13270,"surface":"extension","span":"start","eventType":"session.created.1","dir":"/private/var/folders/9v/733tfwtj2jvgwygmtrbwj9gm0000gn/T/kilo-e2e-ZPnvgH/workspace"}
[Kilo New][P0-Perf] {"corr":"d2181c65-d721-402a-a10f-d3578a4d15ed","stage":"sse.event","t":1786775184626,"d":13270,"surface":"extension","span":"end","dur":0,"eventType":"session.created.1","dir":"/private/var/folders/9v/733tfwtj2jvgwygmtrbwj9gm0000gn/T/kilo-e2e-ZPnvgH/workspace"}
[Kilo New][P0-Perf] {"corr":"d2181c65-d721-402a-a10f-d3578a4d15ed","stage":"prompt.submit","t":1786775184662,"d":13306,"surface":"extension","sessionID":"ses_ffbe65b6affeWMAe9X7ERomdq3","messageID":"msg_00419a466001esUIhqEdQxw3zl","draftID":"pending:6eeded4c-edf3-4a28-991e-46c7906cf17c","dir":"/var/folders/9v/733tfwtj2jvgwygmtrbwj9gm0000gn/T/kilo-e2e-ZPnvgH/workspace"}
[Kilo New][P0-Perf] {"corr":"d2181c65-d721-402a-a10f-d3578a4d15ed","stage":"sse.event","t":1786775184805,"d":13449,"surface":"extension","span":"start","eventType":"session.next.agent.switched","dir":"/private/var/folders/9v/733tfwtj2jvgwygmtrbwj9gm0000gn/T/kilo-e2e-ZPnvgH/workspace"}
[Kilo New][P0-Perf] {"corr":"d2181c65-d721-402a-a10f-d3578a4d15ed","stage":"sse.event","t":1786775184805,"d":13449,"surface":"extension","span":"end","dur":0,"eventType":"session.next.agent.switched","dir":"/private/var/folders/9v/733tfwtj2jvgwygmtrbwj9gm0000gn/T/kilo-e2e-ZPnvgH/workspace"}
[Kilo New][P0-Perf] {"corr":"d2181c65-d721-402a-a10f-d3578a4d15ed","stage":"sse.event","t":1786775184805,"d":13449,"surface":"extension","span":"start","eventType":"session.next.agent.switched.1","dir":"/private/var/folders/9v/733tfwtj2jvgwygmtrbwj9gm0000gn/T/kilo-e2e-ZPnvgH/workspace"}
[Kilo New][P0-Perf] {"corr":"d2181c65-d721-402a-a10f-d3578a4d15ed","stage":"sse.event","t":1786775184805,"d":13449,"surface":"extension","span":"end","dur":0,"eventType":"session.next.agent.switched.1","dir":"/private/var/folders/9v/733tfwtj2jvgwygmtrbwj9gm0000gn/T/kilo-e2e-ZPnvgH/workspace"}
[Kilo New][P0-Perf] {"corr":"d2181c65-d721-402a-a10f-d3578a4d15ed","stage":"sse.event","t":1786775184805,"d":13449,"surface":"extension","span":"start","eventType":"session.next.model.switched","dir":"/private/var/folders/9v/733tfwtj2jvgwygmtrbwj9gm0000gn/T/kilo-e2e-ZPnvgH/workspace"}
[Kilo New][P0-Perf] {"corr":"d2181c65-d721-402a-a10f-d3578a4d15ed","stage":"sse.event","t":1786775184805,"d":13449,"surface":"extension","span":"end","dur":0,"eventType":"session.next.model.switched","dir":"/private/var/folders/9v/733tfwtj2jvgwygmtrbwj9gm0000gn/T/kilo-e2e-ZPnvgH/workspace"}
[Kilo New][P0-Perf] {"corr":"d2181c65-d721-402a-a10f-d3578a4d15ed","stage":"sse.event","t":1786775184805,"d":13449,"surface":"extension","span":"start","eventType":"session.next.model.switched.1","dir":"/private/var/folders/9v/733tfwtj2jvgwygmtrbwj9gm0000gn/T/kilo-e2e-ZPnvgH/workspace"}
[Kilo New][P0-Perf] {"corr":"d2181c65-d721-402a-a10f-d3578a4d15ed","stage":"sse.event","t":1786775184806,"d":13450,"surface":"extension","span":"end","dur":1,"eventType":"session.next.model.switched.1","dir":"/private/var/folders/9v/733tfwtj2jvgwygmtrbwj9gm0000gn/T/kilo-e2e-ZPnvgH/workspace"}
[Kilo New] ServerManager: ⚠️ CLI Server stderr: ERROR 2026-08-15T06:26:24 +355ms service=kilo-sessions type=message.updated cause=InstanceRef not provided subscriber failed
[Kilo New] ServerManager: ⚠️ CLI Server stderr: INFO  2026-08-15T06:26:24 +8ms service=bus type=session.turn.open publishing
[Kilo New] ServerManager: ⚠️ CLI Server stderr: INFO  2026-08-15T06:26:24 +12ms service=session.prompt session.id=ses_ffbe65b6affeWMAe9X7ERomdq3 step=0 loop
[Kilo New] ServerManager: ⚠️ CLI Server stderr: INFO  2026-08-15T06:26:24 +10ms service=p0-perf event=p0.mark stage=processor_entry ts=1786775184994 id=ses_ffbe65b6affeWMAe9X7ERomdq3 meta={"messageID":"msg_00419a65d001i3X1LCUFA9CLi0","parentID":"msg_00419a466001esUIhqEdQxw3zl","model":"e2e-model","provider":"e2e-local"} processor_entry
[Kilo New][P0-Perf] {"corr":"d2181c65-d721-402a-a10f-d3578a4d15ed","stage":"sse.event","t":1786775184999,"d":13643,"surface":"extension","span":"start","eventType":"message.updated","dir":"/private/var/folders/9v/733tfwtj2jvgwygmtrbwj9gm0000gn/T/kilo-e2e-ZPnvgH/workspace"}
[Kilo New][P0-Perf] {"corr":"d2181c65-d721-402a-a10f-d3578a4d15ed","stage":"sse.event","t":1786775184999,"d":13643,"surface":"extension","span":"end","dur":0,"eventType":"message.updated","dir":"/private/var/folders/9v/733tfwtj2jvgwygmtrbwj9gm0000gn/T/kilo-e2e-ZPnvgH/workspace"}
[Kilo New][P0-Perf] {"corr":"d2181c65-d721-402a-a10f-d3578a4d15ed","stage":"sse.event","t":1786775185000,"d":13644,"surface":"extension","span":"start","eventType":"message.updated.1","dir":"/private/var/folders/9v/733tfwtj2jvgwygmtrbwj9gm0000gn/T/kilo-e2e-ZPnvgH/workspace"}
[Kilo New][P0-Perf] {"corr":"d2181c65-d721-402a-a10f-d3578a4d15ed","stage":"sse.event","t":1786775185000,"d":13644,"surface":"extension","span":"end","dur":0,"eventType":"message.updated.1","dir":"/private/var/folders/9v/733tfwtj2jvgwygmtrbwj9gm0000gn/T/kilo-e2e-ZPnvgH/workspace"}
[Kilo New][P0-Perf] {"corr":"d2181c65-d721-402a-a10f-d3578a4d15ed","stage":"sse.event","t":1786775185000,"d":13644,"surface":"extension","span":"start","eventType":"message.part.updated","dir":"/private/var/folders/9v/733tfwtj2jvgwygmtrbwj9gm0000gn/T/kilo-e2e-ZPnvgH/workspace"}
[Kilo New][P0-Perf] {"corr":"d2181c65-d721-402a-a10f-d3578a4d15ed","stage":"sse.event","t":1786775185000,"d":13644,"surface":"extension","span":"end","dur":0,"eventType":"message.part.updated","dir":"/private/var/folders/9v/733tfwtj2jvgwygmtrbwj9gm0000gn/T/kilo-e2e-ZPnvgH/workspace"}
[Kilo New][P0-Perf] {"corr":"d2181c65-d721-402a-a10f-d3578a4d15ed","stage":"sse.event","t":1786775185001,"d":13645,"surface":"extension","span":"start","eventType":"message.part.updated.1","dir":"/private/var/folders/9v/733tfwtj2jvgwygmtrbwj9gm0000gn/T/kilo-e2e-ZPnvgH/workspace"}
[Kilo New][P0-Perf] {"corr":"d2181c65-d721-402a-a10f-d3578a4d15ed","stage":"sse.event","t":1786775185001,"d":13645,"surface":"extension","span":"end","dur":0,"eventType":"message.part.updated.1","dir":"/private/var/folders/9v/733tfwtj2jvgwygmtrbwj9gm0000gn/T/kilo-e2e-ZPnvgH/workspace"}
[Kilo New][P0-Perf] {"corr":"d2181c65-d721-402a-a10f-d3578a4d15ed","stage":"sse.event","t":1786775185001,"d":13645,"surface":"extension","span":"start","eventType":"session.updated","dir":"/private/var/folders/9v/733tfwtj2jvgwygmtrbwj9gm0000gn/T/kilo-e2e-ZPnvgH/workspace"}
[Kilo New][P0-Perf] {"corr":"d2181c65-d721-402a-a10f-d3578a4d15ed","stage":"sse.event","t":1786775185001,"d":13645,"surface":"extension","span":"end","dur":0,"eventType":"session.updated","dir":"/private/var/folders/9v/733tfwtj2jvgwygmtrbwj9gm0000gn/T/kilo-e2e-ZPnvgH/workspace"}
[Kilo New][P0-Perf] {"corr":"d2181c65-d721-402a-a10f-d3578a4d15ed","stage":"sse.event","t":1786775185001,"d":13645,"surface":"extension","span":"start","eventType":"session.updated.1","dir":"/private/var/folders/9v/733tfwtj2jvgwygmtrbwj9gm0000gn/T/kilo-e2e-ZPnvgH/workspace"}
[Kilo New][P0-Perf] {"corr":"d2181c65-d721-402a-a10f-d3578a4d15ed","stage":"sse.event","t":1786775185001,"d":13645,"surface":"extension","span":"end","dur":0,"eventType":"session.updated.1","dir":"/private/var/folders/9v/733tfwtj2jvgwygmtrbwj9gm0000gn/T/kilo-e2e-ZPnvgH/workspace"}
[Kilo New][P0-Perf] {"corr":"d2181c65-d721-402a-a10f-d3578a4d15ed","stage":"sse.event","t":1786775185001,"d":13645,"surface":"extension","span":"start","eventType":"session.turn.open","dir":"/private/var/folders/9v/733tfwtj2jvgwygmtrbwj9gm0000gn/T/kilo-e2e-ZPnvgH/workspace"}
[Kilo New][P0-Perf] {"corr":"d2181c65-d721-402a-a10f-d3578a4d15ed","stage":"sse.event","t":1786775185002,"d":13646,"surface":"extension","span":"end","dur":1,"eventType":"session.turn.open","dir":"/private/var/folders/9v/733tfwtj2jvgwygmtrbwj9gm0000gn/T/kilo-e2e-ZPnvgH/workspace"}
[Kilo New] ServerManager: ⚠️ CLI Server stderr: INFO  2026-08-15T06:26:26 +1815ms service=llm providerID=kilo modelID=kilo-auto/small session.id=title-ses_ffbe65b6affeWMAe9X7ERomdq3 small=true agent=title mode=primary stream
[Kilo New] ServerManager: ⚠️ CLI Server stderr: INFO  2026-08-15T06:26:26 +32ms service=provider status=started providerID=kilo getSDK
[Kilo New] ServerManager: ⚠️ CLI Server stderr: INFO  2026-08-15T06:26:26 +6ms service=provider providerID=kilo pkg=@kilocode/kilo-gateway using bundled provider
[Kilo New] ServerManager: ⚠️ CLI Server stderr: INFO  2026-08-15T06:26:26 +16ms service=provider status=completed duration=22 providerID=kilo getSDK
[Kilo New] ServerManager: ⚠️ CLI Server stderr: INFO  2026-08-15T06:26:26 +2ms service=model-cache providerID=apertis refreshing models
[Kilo New][P0-Perf] {"corr":"d2181c65-d721-402a-a10f-d3578a4d15ed","stage":"sse.event","t":1786775186908,"d":15552,"surface":"extension","span":"start","eventType":"session.status","dir":"/private/var/folders/9v/733tfwtj2jvgwygmtrbwj9gm0000gn/T/kilo-e2e-ZPnvgH/workspace"}
[Kilo New][P0-Perf] {"corr":"d2181c65-d721-402a-a10f-d3578a4d15ed","stage":"sse.event","t":1786775186909,"d":15553,"surface":"extension","span":"end","dur":1,"eventType":"session.status","dir":"/private/var/folders/9v/733tfwtj2jvgwygmtrbwj9gm0000gn/T/kilo-e2e-ZPnvgH/workspace"}
[Kilo New][P0-Perf] {"corr":"d2181c65-d721-402a-a10f-d3578a4d15ed","stage":"sse.event","t":1786775186909,"d":15553,"surface":"extension","span":"start","eventType":"message.updated","dir":"/private/var/folders/9v/733tfwtj2jvgwygmtrbwj9gm0000gn/T/kilo-e2e-ZPnvgH/workspace"}
[Kilo New][P0-Perf] {"corr":"d2181c65-d721-402a-a10f-d3578a4d15ed","stage":"sse.event","t":1786775186910,"d":15554,"surface":"extension","span":"end","dur":1,"eventType":"message.updated","dir":"/private/var/folders/9v/733tfwtj2jvgwygmtrbwj9gm0000gn/T/kilo-e2e-ZPnvgH/workspace"}
[Kilo New][P0-Perf] {"corr":"d2181c65-d721-402a-a10f-d3578a4d15ed","stage":"sse.event","t":1786775186910,"d":15554,"surface":"extension","span":"start","eventType":"message.updated.1","dir":"/private/var/folders/9v/733tfwtj2jvgwygmtrbwj9gm0000gn/T/kilo-e2e-ZPnvgH/workspace"}
[Kilo New][P0-Perf] {"corr":"d2181c65-d721-402a-a10f-d3578a4d15ed","stage":"model.firstEvent","t":1786775186910,"d":15554,"surface":"extension","sessionID":"ses_ffbe65b6affeWMAe9X7ERomdq3","messageID":"msg_00419a65d001i3X1LCUFA9CLi0","parentID":"msg_00419a466001esUIhqEdQxw3zl","dir":"/private/var/folders/9v/733tfwtj2jvgwygmtrbwj9gm0000gn/T/kilo-e2e-ZPnvgH/workspace"}
[Kilo New][P0-Perf] {"corr":"d2181c65-d721-402a-a10f-d3578a4d15ed","stage":"sse.event","t":1786775186910,"d":15554,"surface":"extension","span":"end","dur":0,"eventType":"message.updated.1","dir":"/private/var/folders/9v/733tfwtj2jvgwygmtrbwj9gm0000gn/T/kilo-e2e-ZPnvgH/workspace"}
[Kilo New] ServerManager: ⚠️ CLI Server stderr: INFO  2026-08-15T06:26:26 +88ms service=model-cache providerID=apertis count=0 models fetched and cached
[Kilo New] ServerManager: ⚠️ CLI Server stderr: INFO  2026-08-15T06:26:27 +87ms service=default llm.runtime=ai-sdk llm.provider=kilo llm.model=kilo-auto/small llm runtime selected
[Kilo New][P0-Perf] {"corr":"d2181c65-d721-402a-a10f-d3578a4d15ed","stage":"sse.event","t":1786775187329,"d":15973,"surface":"extension","span":"start","eventType":"server.heartbeat"}
[Kilo New][P0-Perf] {"corr":"d2181c65-d721-402a-a10f-d3578a4d15ed","stage":"sse.event","t":1786775187329,"d":15973,"surface":"extension","span":"end","dur":0,"eventType":"server.heartbeat"}
[Kilo New][P0-Perf] {"corr":"d2181c65-d721-402a-a10f-d3578a4d15ed","stage":"sse.event","t":1786775187396,"d":16040,"surface":"extension","span":"start","eventType":"message.part.updated","dir":"/private/var/folders/9v/733tfwtj2jvgwygmtrbwj9gm0000gn/T/kilo-e2e-ZPnvgH/workspace"}
[Kilo New][P0-Perf] {"corr":"d2181c65-d721-402a-a10f-d3578a4d15ed","stage":"sse.event","t":1786775187396,"d":16040,"surface":"extension","span":"end","dur":0,"eventType":"message.part.updated","dir":"/private/var/folders/9v/733tfwtj2jvgwygmtrbwj9gm0000gn/T/kilo-e2e-ZPnvgH/workspace"}
[Kilo New][P0-Perf] {"corr":"d2181c65-d721-402a-a10f-d3578a4d15ed","stage":"sse.event","t":1786775187396,"d":16040,"surface":"extension","span":"start","eventType":"message.part.updated.1","dir":"/private/var/folders/9v/733tfwtj2jvgwygmtrbwj9gm0000gn/T/kilo-e2e-ZPnvgH/workspace"}
[Kilo New][P0-Perf] {"corr":"d2181c65-d721-402a-a10f-d3578a4d15ed","stage":"sse.event","t":1786775187396,"d":16040,"surface":"extension","span":"end","dur":0,"eventType":"message.part.updated.1","dir":"/private/var/folders/9v/733tfwtj2jvgwygmtrbwj9gm0000gn/T/kilo-e2e-ZPnvgH/workspace"}
[Kilo New][P0-Perf] {"corr":"d2181c65-d721-402a-a10f-d3578a4d15ed","stage":"sse.event","t":1786775187573,"d":16217,"surface":"extension","span":"start","eventType":"message.part.updated","dir":"/private/var/folders/9v/733tfwtj2jvgwygmtrbwj9gm0000gn/T/kilo-e2e-ZPnvgH/workspace"}
[Kilo New][P0-Perf] {"corr":"d2181c65-d721-402a-a10f-d3578a4d15ed","stage":"sse.event","t":1786775187573,"d":16217,"surface":"extension","span":"end","dur":0,"eventType":"message.part.updated","dir":"/private/var/folders/9v/733tfwtj2jvgwygmtrbwj9gm0000gn/T/kilo-e2e-ZPnvgH/workspace"}
[Kilo New][P0-Perf] {"corr":"d2181c65-d721-402a-a10f-d3578a4d15ed","stage":"sse.event","t":1786775187573,"d":16217,"surface":"extension","span":"start","eventType":"message.part.updated.1","dir":"/private/var/folders/9v/733tfwtj2jvgwygmtrbwj9gm0000gn/T/kilo-e2e-ZPnvgH/workspace"}
[Kilo New][P0-Perf] {"corr":"d2181c65-d721-402a-a10f-d3578a4d15ed","stage":"sse.event","t":1786775187574,"d":16218,"surface":"extension","span":"end","dur":1,"eventType":"message.part.updated.1","dir":"/private/var/folders/9v/733tfwtj2jvgwygmtrbwj9gm0000gn/T/kilo-e2e-ZPnvgH/workspace"}
[Kilo New][P0-Perf] {"corr":"d2181c65-d721-402a-a10f-d3578a4d15ed","stage":"sse.event","t":1786775187707,"d":16351,"surface":"extension","span":"start","eventType":"message.part.updated","dir":"/private/var/folders/9v/733tfwtj2jvgwygmtrbwj9gm0000gn/T/kilo-e2e-ZPnvgH/workspace"}
[Kilo New][P0-Perf] {"corr":"d2181c65-d721-402a-a10f-d3578a4d15ed","stage":"sse.event","t":1786775187707,"d":16351,"surface":"extension","span":"end","dur":0,"eventType":"message.part.updated","dir":"/private/var/folders/9v/733tfwtj2jvgwygmtrbwj9gm0000gn/T/kilo-e2e-ZPnvgH/workspace"}
[Kilo New][P0-Perf] {"corr":"d2181c65-d721-402a-a10f-d3578a4d15ed","stage":"sse.event","t":1786775187707,"d":16351,"surface":"extension","span":"start","eventType":"message.part.updated.1","dir":"/private/var/folders/9v/733tfwtj2jvgwygmtrbwj9gm0000gn/T/kilo-e2e-ZPnvgH/workspace"}
[Kilo New][P0-Perf] {"corr":"d2181c65-d721-402a-a10f-d3578a4d15ed","stage":"sse.event","t":1786775187707,"d":16351,"surface":"extension","span":"end","dur":0,"eventType":"message.part.updated.1","dir":"/private/var/folders/9v/733tfwtj2jvgwygmtrbwj9gm0000gn/T/kilo-e2e-ZPnvgH/workspace"}
[Kilo New] ServerManager: ⚠️ CLI Server stderr: INFO  2026-08-15T06:26:28 +1677ms service=model-cache providerID=apertis refreshing models
[Kilo New] ServerManager: ⚠️ CLI Server stderr: INFO  2026-08-15T06:26:28 +76ms service=model-cache providerID=apertis count=0 models fetched and cached
[Kilo New][P0-Perf] {"corr":"d2181c65-d721-402a-a10f-d3578a4d15ed","stage":"sse.event","t":1786775188795,"d":17439,"surface":"extension","span":"start","eventType":"message.part.updated","dir":"/private/var/folders/9v/733tfwtj2jvgwygmtrbwj9gm0000gn/T/kilo-e2e-ZPnvgH/workspace"}
[Kilo New][P0-Perf] {"corr":"d2181c65-d721-402a-a10f-d3578a4d15ed","stage":"sse.event","t":1786775188795,"d":17439,"surface":"extension","span":"end","dur":0,"eventType":"message.part.updated","dir":"/private/var/folders/9v/733tfwtj2jvgwygmtrbwj9gm0000gn/T/kilo-e2e-ZPnvgH/workspace"}
[Kilo New][P0-Perf] {"corr":"d2181c65-d721-402a-a10f-d3578a4d15ed","stage":"sse.event","t":1786775188796,"d":17440,"surface":"extension","span":"start","eventType":"message.part.updated.1","dir":"/private/var/folders/9v/733tfwtj2jvgwygmtrbwj9gm0000gn/T/kilo-e2e-ZPnvgH/workspace"}
[Kilo New][P0-Perf] {"corr":"d2181c65-d721-402a-a10f-d3578a4d15ed","stage":"sse.event","t":1786775188796,"d":17440,"surface":"extension","span":"end","dur":0,"eventType":"message.part.updated.1","dir":"/private/var/folders/9v/733tfwtj2jvgwygmtrbwj9gm0000gn/T/kilo-e2e-ZPnvgH/workspace"}
[Kilo New][P0-Perf] {"corr":"d2181c65-d721-402a-a10f-d3578a4d15ed","stage":"sse.event","t":1786775188961,"d":17605,"surface":"extension","span":"start","eventType":"message.part.updated","dir":"/private/var/folders/9v/733tfwtj2jvgwygmtrbwj9gm0000gn/T/kilo-e2e-ZPnvgH/workspace"}
[Kilo New][P0-Perf] {"corr":"d2181c65-d721-402a-a10f-d3578a4d15ed","stage":"sse.event","t":1786775188961,"d":17605,"surface":"extension","span":"end","dur":0,"eventType":"message.part.updated","dir":"/private/var/folders/9v/733tfwtj2jvgwygmtrbwj9gm0000gn/T/kilo-e2e-ZPnvgH/workspace"}
[Kilo New][P0-Perf] {"corr":"d2181c65-d721-402a-a10f-d3578a4d15ed","stage":"sse.event","t":1786775188962,"d":17606,"surface":"extension","span":"start","eventType":"message.part.updated.1","dir":"/private/var/folders/9v/733tfwtj2jvgwygmtrbwj9gm0000gn/T/kilo-e2e-ZPnvgH/workspace"}
[Kilo New][P0-Perf] {"corr":"d2181c65-d721-402a-a10f-d3578a4d15ed","stage":"sse.event","t":1786775188962,"d":17606,"surface":"extension","span":"end","dur":0,"eventType":"message.part.updated.1","dir":"/private/var/folders/9v/733tfwtj2jvgwygmtrbwj9gm0000gn/T/kilo-e2e-ZPnvgH/workspace"}
[Kilo New][P0-Perf] {"corr":"d2181c65-d721-402a-a10f-d3578a4d15ed","stage":"sse.event","t":1786775189089,"d":17733,"surface":"extension","span":"start","eventType":"message.part.updated","dir":"/private/var/folders/9v/733tfwtj2jvgwygmtrbwj9gm0000gn/T/kilo-e2e-ZPnvgH/workspace"}
[Kilo New][P0-Perf] {"corr":"d2181c65-d721-402a-a10f-d3578a4d15ed","stage":"sse.event","t":1786775189089,"d":17733,"surface":"extension","span":"end","dur":0,"eventType":"message.part.updated","dir":"/private/var/folders/9v/733tfwtj2jvgwygmtrbwj9gm0000gn/T/kilo-e2e-ZPnvgH/workspace"}
[Kilo New][P0-Perf] {"corr":"d2181c65-d721-402a-a10f-d3578a4d15ed","stage":"sse.event","t":1786775189089,"d":17733,"surface":"extension","span":"start","eventType":"message.part.updated.1","dir":"/private/var/folders/9v/733tfwtj2jvgwygmtrbwj9gm0000gn/T/kilo-e2e-ZPnvgH/workspace"}
[Kilo New][P0-Perf] {"corr":"d2181c65-d721-402a-a10f-d3578a4d15ed","stage":"sse.event","t":1786775189090,"d":17734,"surface":"extension","span":"end","dur":1,"eventType":"message.part.updated.1","dir":"/private/var/folders/9v/733tfwtj2jvgwygmtrbwj9gm0000gn/T/kilo-e2e-ZPnvgH/workspace"}
[Kilo New] ServerManager: ⚠️ CLI Server stderr: INFO  2026-08-15T06:26:29 +338ms service=snapshot.seed paths=7 dropped=1 ignored=1 large=0 duration=1757 snapshot seed complete
[Kilo New] ServerManager: ⚠️ CLI Server stderr: INFO  2026-08-15T06:26:29 +0ms service=snapshot initialized
[Kilo New][P0-Perf] {"corr":"d2181c65-d721-402a-a10f-d3578a4d15ed","stage":"sse.event","t":1786775189207,"d":17851,"surface":"extension","span":"start","eventType":"message.part.updated","dir":"/private/var/folders/9v/733tfwtj2jvgwygmtrbwj9gm0000gn/T/kilo-e2e-ZPnvgH/workspace"}
[Kilo New][P0-Perf] {"corr":"d2181c65-d721-402a-a10f-d3578a4d15ed","stage":"sse.event","t":1786775189208,"d":17852,"surface":"extension","span":"end","dur":1,"eventType":"message.part.updated","dir":"/private/var/folders/9v/733tfwtj2jvgwygmtrbwj9gm0000gn/T/kilo-e2e-ZPnvgH/workspace"}
[Kilo New][P0-Perf] {"corr":"d2181c65-d721-402a-a10f-d3578a4d15ed","stage":"sse.event","t":1786775189208,"d":17852,"surface":"extension","span":"start","eventType":"message.part.updated.1","dir":"/private/var/folders/9v/733tfwtj2jvgwygmtrbwj9gm0000gn/T/kilo-e2e-ZPnvgH/workspace"}
[Kilo New][P0-Perf] {"corr":"d2181c65-d721-402a-a10f-d3578a4d15ed","stage":"sse.event","t":1786775189208,"d":17852,"surface":"extension","span":"end","dur":0,"eventType":"message.part.updated.1","dir":"/private/var/folders/9v/733tfwtj2jvgwygmtrbwj9gm0000gn/T/kilo-e2e-ZPnvgH/workspace"}
[Kilo New][P0-Perf] {"corr":"d2181c65-d721-402a-a10f-d3578a4d15ed","stage":"sse.event","t":1786775189314,"d":17958,"surface":"extension","span":"start","eventType":"message.part.updated","dir":"/private/var/folders/9v/733tfwtj2jvgwygmtrbwj9gm0000gn/T/kilo-e2e-ZPnvgH/workspace"}
[Kilo New][P0-Perf] {"corr":"d2181c65-d721-402a-a10f-d3578a4d15ed","stage":"sse.event","t":1786775189314,"d":17958,"surface":"extension","span":"end","dur":0,"eventType":"message.part.updated","dir":"/private/var/folders/9v/733tfwtj2jvgwygmtrbwj9gm0000gn/T/kilo-e2e-ZPnvgH/workspace"}
[Kilo New][P0-Perf] {"corr":"d2181c65-d721-402a-a10f-d3578a4d15ed","stage":"sse.event","t":1786775189314,"d":17958,"surface":"extension","span":"start","eventType":"message.part.updated.1","dir":"/private/var/folders/9v/733tfwtj2jvgwygmtrbwj9gm0000gn/T/kilo-e2e-ZPnvgH/workspace"}
[Kilo New][P0-Perf] {"corr":"d2181c65-d721-402a-a10f-d3578a4d15ed","stage":"sse.event","t":1786775189314,"d":17958,"surface":"extension","span":"end","dur":0,"eventType":"message.part.updated.1","dir":"/private/var/folders/9v/733tfwtj2jvgwygmtrbwj9gm0000gn/T/kilo-e2e-ZPnvgH/workspace"}
[Kilo New][P0-Perf] {"corr":"d2181c65-d721-402a-a10f-d3578a4d15ed","stage":"sse.event","t":1786775189445,"d":18089,"surface":"extension","span":"start","eventType":"message.part.updated","dir":"/private/var/folders/9v/733tfwtj2jvgwygmtrbwj9gm0000gn/T/kilo-e2e-ZPnvgH/workspace"}
[Kilo New][P0-Perf] {"corr":"d2181c65-d721-402a-a10f-d3578a4d15ed","stage":"sse.event","t":1786775189445,"d":18089,"surface":"extension","span":"end","dur":0,"eventType":"message.part.updated","dir":"/private/var/folders/9v/733tfwtj2jvgwygmtrbwj9gm0000gn/T/kilo-e2e-ZPnvgH/workspace"}
[Kilo New][P0-Perf] {"corr":"d2181c65-d721-402a-a10f-d3578a4d15ed","stage":"sse.event","t":1786775189445,"d":18089,"surface":"extension","span":"start","eventType":"message.part.updated.1","dir":"/private/var/folders/9v/733tfwtj2jvgwygmtrbwj9gm0000gn/T/kilo-e2e-ZPnvgH/workspace"}
[Kilo New][P0-Perf] {"corr":"d2181c65-d721-402a-a10f-d3578a4d15ed","stage":"sse.event","t":1786775189445,"d":18089,"surface":"extension","span":"end","dur":0,"eventType":"message.part.updated.1","dir":"/private/var/folders/9v/733tfwtj2jvgwygmtrbwj9gm0000gn/T/kilo-e2e-ZPnvgH/workspace"}
[Kilo New][P0-Perf] {"corr":"d2181c65-d721-402a-a10f-d3578a4d15ed","stage":"sse.event","t":1786775189579,"d":18223,"surface":"extension","span":"start","eventType":"message.part.updated","dir":"/private/var/folders/9v/733tfwtj2jvgwygmtrbwj9gm0000gn/T/kilo-e2e-ZPnvgH/workspace"}
[Kilo New][P0-Perf] {"corr":"d2181c65-d721-402a-a10f-d3578a4d15ed","stage":"sse.event","t":1786775189579,"d":18223,"surface":"extension","span":"end","dur":0,"eventType":"message.part.updated","dir":"/private/var/folders/9v/733tfwtj2jvgwygmtrbwj9gm0000gn/T/kilo-e2e-ZPnvgH/workspace"}
[Kilo New][P0-Perf] {"corr":"d2181c65-d721-402a-a10f-d3578a4d15ed","stage":"sse.event","t":1786775189579,"d":18223,"surface":"extension","span":"start","eventType":"message.part.updated.1","dir":"/private/var/folders/9v/733tfwtj2jvgwygmtrbwj9gm0000gn/T/kilo-e2e-ZPnvgH/workspace"}
[Kilo New][P0-Perf] {"corr":"d2181c65-d721-402a-a10f-d3578a4d15ed","stage":"sse.event","t":1786775189580,"d":18224,"surface":"extension","span":"end","dur":1,"eventType":"message.part.updated.1","dir":"/private/var/folders/9v/733tfwtj2jvgwygmtrbwj9gm0000gn/T/kilo-e2e-ZPnvgH/workspace"}
[Kilo New] ServerManager: ⚠️ CLI Server stderr: INFO  2026-08-15T06:26:29 +587ms service=snapshot hash=ed682caf0e72b382e8fdace1f3d116e3344d08ef cwd=/private/var/folders/9v/733tfwtj2jvgwygmtrbwj9gm0000gn/T/kilo-e2e-ZPnvgH/workspace git=/var/folders/9v/733tfwtj2jvgwygmtrbwj9gm0000gn/T/kilo-e2e-ZPnvgH/xdg-data/kilo/snapshot/b289fb45de8da4fa44e139efaaf8b5478551cab5/9d6abdc242d21a47adc2bd681ec53d69051777f4 tracking
[Kilo New][P0-Perf] {"corr":"d2181c65-d721-402a-a10f-d3578a4d15ed","stage":"sse.event","t":1786775189722,"d":18366,"surface":"extension","span":"start","eventType":"message.part.updated","dir":"/private/var/folders/9v/733tfwtj2jvgwygmtrbwj9gm0000gn/T/kilo-e2e-ZPnvgH/workspace"}
[Kilo New][P0-Perf] {"corr":"d2181c65-d721-402a-a10f-d3578a4d15ed","stage":"sse.event","t":1786775189722,"d":18366,"surface":"extension","span":"end","dur":0,"eventType":"message.part.updated","dir":"/private/var/folders/9v/733tfwtj2jvgwygmtrbwj9gm0000gn/T/kilo-e2e-ZPnvgH/workspace"}
[Kilo New][P0-Perf] {"corr":"d2181c65-d721-402a-a10f-d3578a4d15ed","stage":"sse.event","t":1786775189722,"d":18366,"surface":"extension","span":"start","eventType":"message.part.updated.1","dir":"/private/var/folders/9v/733tfwtj2jvgwygmtrbwj9gm0000gn/T/kilo-e2e-ZPnvgH/workspace"}
[Kilo New][P0-Perf] {"corr":"d2181c65-d721-402a-a10f-d3578a4d15ed","stage":"sse.event","t":1786775189722,"d":18366,"surface":"extension","span":"end","dur":0,"eventType":"message.part.updated.1","dir":"/private/var/folders/9v/733tfwtj2jvgwygmtrbwj9gm0000gn/T/kilo-e2e-ZPnvgH/workspace"}
[Kilo New] ServerManager: ⚠️ CLI Server stderr: INFO  2026-08-15T06:26:29 +60ms service=session.tools status=started resolveTools
[Kilo New] ServerManager: ⚠️ CLI Server stderr: INFO  2026-08-15T06:26:29 +204ms service=shell-tool shell=/bin/zsh shell tool using shell
[Kilo New][P0-Perf] {"corr":"d2181c65-d721-402a-a10f-d3578a4d15ed","stage":"sse.event","t":1786775190044,"d":18688,"surface":"extension","span":"start","eventType":"message.part.removed","dir":"/private/var/folders/9v/733tfwtj2jvgwygmtrbwj9gm0000gn/T/kilo-e2e-ZPnvgH/workspace"}
[Kilo New][P0-Perf] {"corr":"d2181c65-d721-402a-a10f-d3578a4d15ed","stage":"sse.event","t":1786775190045,"d":18689,"surface":"extension","span":"end","dur":1,"eventType":"message.part.removed","dir":"/private/var/folders/9v/733tfwtj2jvgwygmtrbwj9gm0000gn/T/kilo-e2e-ZPnvgH/workspace"}
[Kilo New][P0-Perf] {"corr":"d2181c65-d721-402a-a10f-d3578a4d15ed","stage":"sse.event","t":1786775190045,"d":18689,"surface":"extension","span":"start","eventType":"message.part.removed.1","dir":"/private/var/folders/9v/733tfwtj2jvgwygmtrbwj9gm0000gn/T/kilo-e2e-ZPnvgH/workspace"}
[Kilo New][P0-Perf] {"corr":"d2181c65-d721-402a-a10f-d3578a4d15ed","stage":"sse.event","t":1786775190045,"d":18689,"surface":"extension","span":"end","dur":0,"eventType":"message.part.removed.1","dir":"/private/var/folders/9v/733tfwtj2jvgwygmtrbwj9gm0000gn/T/kilo-e2e-ZPnvgH/workspace"}
[Kilo New][P0-Perf] {"corr":"d2181c65-d721-402a-a10f-d3578a4d15ed","stage":"sse.event","t":1786775190045,"d":18689,"surface":"extension","span":"start","eventType":"session.updated","dir":"/private/var/folders/9v/733tfwtj2jvgwygmtrbwj9gm0000gn/T/kilo-e2e-ZPnvgH/workspace"}
[Kilo New][P0-Perf] {"corr":"d2181c65-d721-402a-a10f-d3578a4d15ed","stage":"sse.event","t":1786775190045,"d":18689,"surface":"extension","span":"end","dur":0,"eventType":"session.updated","dir":"/private/var/folders/9v/733tfwtj2jvgwygmtrbwj9gm0000gn/T/kilo-e2e-ZPnvgH/workspace"}
[Kilo New][P0-Perf] {"corr":"d2181c65-d721-402a-a10f-d3578a4d15ed","stage":"sse.event","t":1786775190045,"d":18689,"surface":"extension","span":"start","eventType":"session.updated.1","dir":"/private/var/folders/9v/733tfwtj2jvgwygmtrbwj9gm0000gn/T/kilo-e2e-ZPnvgH/workspace"}
[Kilo New][P0-Perf] {"corr":"d2181c65-d721-402a-a10f-d3578a4d15ed","stage":"sse.event","t":1786775190045,"d":18689,"surface":"extension","span":"end","dur":0,"eventType":"session.updated.1","dir":"/private/var/folders/9v/733tfwtj2jvgwygmtrbwj9gm0000gn/T/kilo-e2e-ZPnvgH/workspace"}
[Kilo New] ServerManager: ⚠️ CLI Server stderr: INFO  2026-08-15T06:26:30 +156ms service=tool.registry status=started invalid
[Kilo New] ServerManager: ⚠️ CLI Server stderr: INFO  2026-08-15T06:26:30 +0ms service=tool.registry status=completed duration=0 invalid
[Kilo New] ServerManager: ⚠️ CLI Server stderr: INFO  2026-08-15T06:26:30 +0ms service=tool.registry status=started question
[Kilo New] ServerManager: ⚠️ CLI Server stderr: INFO  2026-08-15T06:26:30 +2ms service=tool.registry status=completed duration=2 question
[Kilo New] ServerManager: ⚠️ CLI Server stderr: INFO  2026-08-15T06:26:30 +1ms service=tool.registry status=started bash
[Kilo New] ServerManager: ⚠️ CLI Server stderr: INFO  2026-08-15T06:26:30 +0ms service=tool.registry status=completed duration=0 bash
[Kilo New] ServerManager: ⚠️ CLI Server stderr: INFO  2026-08-15T06:26:30 +0ms service=tool.registry status=started read
[Kilo New] ServerManager: ⚠️ CLI Server stderr: INFO  2026-08-15T06:26:30 +0ms service=tool.registry status=completed duration=0 read
[Kilo New] ServerManager: ⚠️ CLI Server stderr: INFO  2026-08-15T06:26:30 +0ms service=tool.registry status=started glob
[Kilo New] ServerManager: ⚠️ CLI Server stderr: INFO  2026-08-15T06:26:30 +0ms service=tool.registry status=completed duration=0 glob
[Kilo New] ServerManager: ⚠️ CLI Server stderr: INFO  2026-08-15T06:26:30 +0ms service=tool.registry status=started grep
[Kilo New] ServerManager: ⚠️ CLI Server stderr: INFO  2026-08-15T06:26:30 +3ms service=tool.registry status=completed duration=3 grep
[Kilo New] ServerManager: ⚠️ CLI Server stderr: INFO  2026-08-15T06:26:30 +0ms service=tool.registry status=started edit
[Kilo New] ServerManager: ⚠️ CLI Server stderr: INFO  2026-08-15T06:26:30 +3ms service=tool.registry status=completed duration=2 edit
[Kilo New] ServerManager: ⚠️ CLI Server stderr: INFO  2026-08-15T06:26:30 +0ms service=tool.registry status=started write
[Kilo New] ServerManager: ⚠️ CLI Server stderr: INFO  2026-08-15T06:26:30 +4ms service=tool.registry status=completed duration=4 write
[Kilo New] ServerManager: ⚠️ CLI Server stderr: INFO  2026-08-15T06:26:30 +1ms service=tool.registry status=started task
[Kilo New] ServerManager: ⚠️ CLI Server stderr: INFO  2026-08-15T06:26:30 +3ms service=tool.registry status=completed duration=4 task
[Kilo New] ServerManager: ⚠️ CLI Server stderr: INFO  2026-08-15T06:26:30 +0ms service=tool.registry status=started webfetch
[Kilo New] ServerManager: ⚠️ CLI Server stderr: INFO  2026-08-15T06:26:30 +0ms service=tool.registry status=completed duration=0 webfetch
[Kilo New] ServerManager: ⚠️ CLI Server stderr: INFO  2026-08-15T06:26:30 +0ms service=tool.registry status=started todowrite
[Kilo New] ServerManager: ⚠️ CLI Server stderr: INFO  2026-08-15T06:26:30 +0ms service=tool.registry status=completed duration=0 todowrite
[Kilo New] ServerManager: ⚠️ CLI Server stderr: INFO  2026-08-15T06:26:30 +0ms service=tool.registry status=started skill
[Kilo New] ServerManager: ⚠️ CLI Server stderr: INFO  2026-08-15T06:26:30 +3ms service=tool.registry status=completed duration=3 skill
[Kilo New] ServerManager: ⚠️ CLI Server stderr: INFO  2026-08-15T06:26:30 +0ms service=tool.registry status=started plan_exit
[Kilo New] ServerManager: ⚠️ CLI Server stderr: INFO  2026-08-15T06:26:30 +0ms service=tool.registry status=completed duration=0 plan_exit
[Kilo New] ServerManager: ⚠️ CLI Server stderr: INFO  2026-08-15T06:26:30 +0ms service=tool.registry status=started kilo_local_recall
[Kilo New] ServerManager: ⚠️ CLI Server stderr: INFO  2026-08-15T06:26:30 +0ms service=tool.registry status=completed duration=0 kilo_local_recall
[Kilo New] ServerManager: ⚠️ CLI Server stderr: INFO  2026-08-15T06:26:30 +0ms service=tool.registry status=started background_process
[Kilo New] ServerManager: ⚠️ CLI Server stderr: INFO  2026-08-15T06:26:30 +1ms service=tool.registry status=completed duration=1 background_process
[Kilo New] ServerManager: ⚠️ CLI Server stderr: INFO  2026-08-15T06:26:30 +0ms service=tool.registry status=started agent_manager_models
[Kilo New] ServerManager: ⚠️ CLI Server stderr: INFO  2026-08-15T06:26:30 +0ms service=tool.registry status=completed duration=0 agent_manager_models
[Kilo New] ServerManager: ⚠️ CLI Server stderr: INFO  2026-08-15T06:26:30 +0ms service=tool.registry status=started agent_manager
[Kilo New] ServerManager: ⚠️ CLI Server stderr: INFO  2026-08-15T06:26:30 +0ms service=tool.registry status=completed duration=0 agent_manager
[Kilo New] ServerManager: ⚠️ CLI Server stderr: INFO  2026-08-15T06:26:30 +0ms service=tool.registry status=started e2e_marker
[Kilo New] ServerManager: ⚠️ CLI Server stderr: INFO  2026-08-15T06:26:30 +1ms service=tool.registry status=completed duration=1 e2e_marker
[Kilo New] ServerManager: ⚠️ CLI Server stderr: INFO  2026-08-15T06:26:30 +9ms service=session.tools status=completed duration=391 resolveTools
[Kilo New] ServerManager: ⚠️ CLI Server stderr: INFO  2026-08-15T06:26:30 +35ms service=storage index=0 running migration
[Kilo New] ServerManager: ⚠️ CLI Server stderr: INFO  2026-08-15T06:26:30 +15ms service=session.processor session.id=ses_ffbe65b6affeWMAe9X7ERomdq3 messageID=msg_00419a65d001i3X1LCUFA9CLi0 process
[Kilo New] ServerManager: ⚠️ CLI Server stderr: INFO  2026-08-15T06:26:30 +6ms service=llm providerID=e2e-local modelID=e2e-model session.id=ses_ffbe65b6affeWMAe9X7ERomdq3 small=false agent=e2e-agent mode=primary stream
[Kilo New] ServerManager: ⚠️ CLI Server stderr: INFO  2026-08-15T06:26:30 +0ms service=provider status=started providerID=e2e-local getSDK
[Kilo New] ServerManager: ⚠️ CLI Server stderr: INFO  2026-08-15T06:26:30 +0ms service=provider providerID=e2e-local pkg=@ai-sdk/openai-compatible using bundled provider
[Kilo New] ServerManager: ⚠️ CLI Server stderr: INFO  2026-08-15T06:26:30 +1ms service=provider status=completed duration=1 providerID=e2e-local getSDK
[Kilo New] ServerManager: ⚠️ CLI Server stderr: INFO  2026-08-15T06:26:30 +10ms service=default llm.runtime=ai-sdk llm.provider=e2e-local llm.model=e2e-model llm runtime selected
[Kilo New][P0-Perf] {"corr":"d2181c65-d721-402a-a10f-d3578a4d15ed","stage":"sse.event","t":1786775190246,"d":18890,"surface":"extension","span":"start","eventType":"session.status","dir":"/private/var/folders/9v/733tfwtj2jvgwygmtrbwj9gm0000gn/T/kilo-e2e-ZPnvgH/workspace"}
[Kilo New][P0-Perf] {"corr":"d2181c65-d721-402a-a10f-d3578a4d15ed","stage":"sse.event","t":1786775190246,"d":18890,"surface":"extension","span":"end","dur":0,"eventType":"session.status","dir":"/private/var/folders/9v/733tfwtj2jvgwygmtrbwj9gm0000gn/T/kilo-e2e-ZPnvgH/workspace"}
[Kilo New] ServerManager: ⚠️ CLI Server stderr: INFO  2026-08-15T06:26:30 +13ms service=vcs branch=main default_branch=main initialized
[Kilo New] ServerManager: ⚠️ CLI Server stderr: INFO  2026-08-15T06:26:30 +9ms service=storage index=1 running migration
[Kilo New] ServerManager: ⚠️ CLI Server stderr: INFO  2026-08-15T06:26:30 +51ms service=p0-perf event=p0.start stage=tool_execute ts=1786775190309 id=ses_ffbe65b6affeWMAe9X7ERomdq3 meta={"tool":"task","callID":"call_e2e_task_1","messageID":"msg_00419a65d001i3X1LCUFA9CLi0"} tool_execute
[Kilo New] ServerManager: ⚠️ CLI Server stderr: INFO  2026-08-15T06:26:30 +8ms service=permission permission=task pattern=general action={"permission":"*","action":"allow","pattern":"*"} evaluated
[Kilo New] ServerManager: ⚠️ CLI Server stderr: INFO  2026-08-15T06:26:30 +3ms service=session id=ses_ffbe644cfffeVzsT19uQV3hmQN slug=stellar-wolf version=0.0.0-jorkey-refactor-vscode-agent-orchestrator-202608141823 projectID=b289fb45de8da4fa44e139efaaf8b5478551cab5 directory=/private/var/folders/9v/733tfwtj2jvgwygmtrbwj9gm0000gn/T/kilo-e2e-ZPnvgH/workspace path= parentID=ses_ffbe65b6affeWMAe9X7ERomdq3 title=E2E read-only reply sub-task (@general subagent) agent=general permission=[{"permission":"task","pattern":"*","action":"deny"},{"permission":"question","pattern":"*","action":"deny"},{"permission":"interactive_terminal","pattern":"*","action":"deny"}] cost=0 tokens={"input":0,"output":0,"reasoning":0,"cache":{"read":0,"write":0}} time={"created":1786775190320,"updated":1786775190320} created
[Kilo New] ServerManager: ⚠️ CLI Server stderr: INFO  2026-08-15T06:26:31 +980ms service=model-cache providerID=apertis refreshing models
[Kilo New][P0-Perf] {"corr":"d2181c65-d721-402a-a10f-d3578a4d15ed","stage":"sse.event","t":1786775191303,"d":19947,"surface":"extension","span":"start","eventType":"message.part.updated","dir":"/private/var/folders/9v/733tfwtj2jvgwygmtrbwj9gm0000gn/T/kilo-e2e-ZPnvgH/workspace"}
[Kilo New][P0-Perf] {"corr":"d2181c65-d721-402a-a10f-d3578a4d15ed","stage":"sse.event","t":1786775191303,"d":19947,"surface":"extension","span":"end","dur":0,"eventType":"message.part.updated","dir":"/private/var/folders/9v/733tfwtj2jvgwygmtrbwj9gm0000gn/T/kilo-e2e-ZPnvgH/workspace"}
[Kilo New][P0-Perf] {"corr":"d2181c65-d721-402a-a10f-d3578a4d15ed","stage":"sse.event","t":1786775191303,"d":19947,"surface":"extension","span":"start","eventType":"message.part.updated.1","dir":"/private/var/folders/9v/733tfwtj2jvgwygmtrbwj9gm0000gn/T/kilo-e2e-ZPnvgH/workspace"}
[Kilo New][P0-Perf] {"corr":"d2181c65-d721-402a-a10f-d3578a4d15ed","stage":"sse.event","t":1786775191303,"d":19947,"surface":"extension","span":"end","dur":0,"eventType":"message.part.updated.1","dir":"/private/var/folders/9v/733tfwtj2jvgwygmtrbwj9gm0000gn/T/kilo-e2e-ZPnvgH/workspace"}
[Kilo New][P0-Perf] {"corr":"d2181c65-d721-402a-a10f-d3578a4d15ed","stage":"sse.event","t":1786775191303,"d":19947,"surface":"extension","span":"start","eventType":"message.part.updated","dir":"/private/var/folders/9v/733tfwtj2jvgwygmtrbwj9gm0000gn/T/kilo-e2e-ZPnvgH/workspace"}
[Kilo New][P0-Perf] {"corr":"d2181c65-d721-402a-a10f-d3578a4d15ed","stage":"sse.event","t":1786775191303,"d":19947,"surface":"extension","span":"end","dur":0,"eventType":"message.part.updated","dir":"/private/var/folders/9v/733tfwtj2jvgwygmtrbwj9gm0000gn/T/kilo-e2e-ZPnvgH/workspace"}
[Kilo New][P0-Perf] {"corr":"d2181c65-d721-402a-a10f-d3578a4d15ed","stage":"sse.event","t":1786775191303,"d":19947,"surface":"extension","span":"start","eventType":"message.part.updated.1","dir":"/private/var/folders/9v/733tfwtj2jvgwygmtrbwj9gm0000gn/T/kilo-e2e-ZPnvgH/workspace"}
[Kilo New][P0-Perf] {"corr":"d2181c65-d721-402a-a10f-d3578a4d15ed","stage":"sse.event","t":1786775191303,"d":19947,"surface":"extension","span":"end","dur":0,"eventType":"message.part.updated.1","dir":"/private/var/folders/9v/733tfwtj2jvgwygmtrbwj9gm0000gn/T/kilo-e2e-ZPnvgH/workspace"}
[Kilo New][P0-Perf] {"corr":"d2181c65-d721-402a-a10f-d3578a4d15ed","stage":"sse.event","t":1786775191303,"d":19947,"surface":"extension","span":"start","eventType":"message.part.updated","dir":"/private/var/folders/9v/733tfwtj2jvgwygmtrbwj9gm0000gn/T/kilo-e2e-ZPnvgH/workspace"}
[Kilo New][P0-Perf] {"corr":"d2181c65-d721-402a-a10f-d3578a4d15ed","stage":"sse.event","t":1786775191304,"d":19948,"surface":"extension","span":"end","dur":1,"eventType":"message.part.updated","dir":"/private/var/folders/9v/733tfwtj2jvgwygmtrbwj9gm0000gn/T/kilo-e2e-ZPnvgH/workspace"}
[Kilo New][P0-Perf] {"corr":"d2181c65-d721-402a-a10f-d3578a4d15ed","stage":"sse.event","t":1786775191304,"d":19948,"surface":"extension","span":"start","eventType":"message.part.updated.1","dir":"/private/var/folders/9v/733tfwtj2jvgwygmtrbwj9gm0000gn/T/kilo-e2e-ZPnvgH/workspace"}
[Kilo New][P0-Perf] {"corr":"d2181c65-d721-402a-a10f-d3578a4d15ed","stage":"sse.event","t":1786775191304,"d":19948,"surface":"extension","span":"end","dur":0,"eventType":"message.part.updated.1","dir":"/private/var/folders/9v/733tfwtj2jvgwygmtrbwj9gm0000gn/T/kilo-e2e-ZPnvgH/workspace"}
[Kilo New] ServerManager: ⚠️ CLI Server stderr: INFO  2026-08-15T06:26:31 +97ms service=model-cache providerID=apertis count=0 models fetched and cached
[Kilo New] ServerManager: ⚠️ CLI Server stderr: INFO  2026-08-15T06:26:31 +0ms service=kilo-sessions sessionId=ses_ffbe644cfffeVzsT19uQV3hmQN session bootstrap skipped: no client
[Kilo New] ServerManager: ⚠️ CLI Server stderr: INFO  2026-08-15T06:26:31 +84ms service=bus type=session.turn.open publishing
[Kilo New] ServerManager: ⚠️ CLI Server stderr: INFO  2026-08-15T06:26:31 +7ms service=provider status=started state
[Kilo New] ServerManager: ⚠️ CLI Server stderr: INFO  2026-08-15T06:26:31 +0ms service=p0-perf event=p0.start stage=provider_state_init ts=1786775191488 dir=/private/var/folders/9v/733tfwtj2jvgwygmtrbwj9gm0000gn/T/kilo-e2e-ZPnvgH/workspace provider_state_init
[Kilo New][P0-Perf] {"corr":"d2181c65-d721-402a-a10f-d3578a4d15ed","stage":"sse.event","t":1786775191499,"d":20143,"surface":"extension","span":"start","eventType":"session.updated","dir":"/private/var/folders/9v/733tfwtj2jvgwygmtrbwj9gm0000gn/T/kilo-e2e-ZPnvgH/workspace"}
[Kilo New][P0-Perf] {"corr":"d2181c65-d721-402a-a10f-d3578a4d15ed","stage":"sse.event","t":1786775191499,"d":20143,"surface":"extension","span":"end","dur":0,"eventType":"session.updated","dir":"/private/var/folders/9v/733tfwtj2jvgwygmtrbwj9gm0000gn/T/kilo-e2e-ZPnvgH/workspace"}
[Kilo New][P0-Perf] {"corr":"d2181c65-d721-402a-a10f-d3578a4d15ed","stage":"sse.event","t":1786775191499,"d":20143,"surface":"extension","span":"start","eventType":"session.updated.1","dir":"/private/var/folders/9v/733tfwtj2jvgwygmtrbwj9gm0000gn/T/kilo-e2e-ZPnvgH/workspace"}
[Kilo New][P0-Perf] {"corr":"d2181c65-d721-402a-a10f-d3578a4d15ed","stage":"sse.event","t":1786775191500,"d":20144,"surface":"extension","span":"end","dur":1,"eventType":"session.updated.1","dir":"/private/var/folders/9v/733tfwtj2jvgwygmtrbwj9gm0000gn/T/kilo-e2e-ZPnvgH/workspace"}
[Kilo New][P0-Perf] {"corr":"d2181c65-d721-402a-a10f-d3578a4d15ed","stage":"sse.event","t":1786775191500,"d":20144,"surface":"extension","span":"start","eventType":"session.created","dir":"/private/var/folders/9v/733tfwtj2jvgwygmtrbwj9gm0000gn/T/kilo-e2e-ZPnvgH/workspace"}
[Kilo New][P0-Perf] {"corr":"d2181c65-d721-402a-a10f-d3578a4d15ed","stage":"sse.event","t":1786775191500,"d":20144,"surface":"extension","span":"end","dur":0,"eventType":"session.created","dir":"/private/var/folders/9v/733tfwtj2jvgwygmtrbwj9gm0000gn/T/kilo-e2e-ZPnvgH/workspace"}
[Kilo New][P0-Perf] {"corr":"d2181c65-d721-402a-a10f-d3578a4d15ed","stage":"sse.event","t":1786775191500,"d":20144,"surface":"extension","span":"start","eventType":"session.created.1","dir":"/private/var/folders/9v/733tfwtj2jvgwygmtrbwj9gm0000gn/T/kilo-e2e-ZPnvgH/workspace"}
[Kilo New][P0-Perf] {"corr":"d2181c65-d721-402a-a10f-d3578a4d15ed","stage":"sse.event","t":1786775191500,"d":20144,"surface":"extension","span":"end","dur":0,"eventType":"session.created.1","dir":"/private/var/folders/9v/733tfwtj2jvgwygmtrbwj9gm0000gn/T/kilo-e2e-ZPnvgH/workspace"}
[Kilo New][P0-Perf] {"corr":"d2181c65-d721-402a-a10f-d3578a4d15ed","stage":"sse.event","t":1786775191500,"d":20144,"surface":"extension","span":"start","eventType":"message.part.updated","dir":"/private/var/folders/9v/733tfwtj2jvgwygmtrbwj9gm0000gn/T/kilo-e2e-ZPnvgH/workspace"}
[Kilo New] KiloProvider: 🔗 Auto-adopting child session from task tool { childId: 'ses_ffbe644cfffeVzsT19uQV3hmQN' }
[Kilo New][P0-Perf] {"corr":"d2181c65-d721-402a-a10f-d3578a4d15ed","stage":"sse.event","t":1786775191501,"d":20145,"surface":"extension","span":"end","dur":1,"eventType":"message.part.updated","dir":"/private/var/folders/9v/733tfwtj2jvgwygmtrbwj9gm0000gn/T/kilo-e2e-ZPnvgH/workspace"}
[Kilo New][P0-Perf] {"corr":"d2181c65-d721-402a-a10f-d3578a4d15ed","stage":"sse.event","t":1786775191503,"d":20147,"surface":"extension","span":"start","eventType":"message.part.updated.1","dir":"/private/var/folders/9v/733tfwtj2jvgwygmtrbwj9gm0000gn/T/kilo-e2e-ZPnvgH/workspace"}
[Kilo New][P0-Perf] {"corr":"d2181c65-d721-402a-a10f-d3578a4d15ed","stage":"sse.event","t":1786775191503,"d":20147,"surface":"extension","span":"end","dur":0,"eventType":"message.part.updated.1","dir":"/private/var/folders/9v/733tfwtj2jvgwygmtrbwj9gm0000gn/T/kilo-e2e-ZPnvgH/workspace"}
[Kilo New][P0-Perf] {"corr":"d2181c65-d721-402a-a10f-d3578a4d15ed","stage":"sse.event","t":1786775191503,"d":20147,"surface":"extension","span":"start","eventType":"session.next.model.switched","dir":"/private/var/folders/9v/733tfwtj2jvgwygmtrbwj9gm0000gn/T/kilo-e2e-ZPnvgH/workspace"}
[Kilo New][P0-Perf] {"corr":"d2181c65-d721-402a-a10f-d3578a4d15ed","stage":"sse.event","t":1786775191503,"d":20147,"surface":"extension","span":"end","dur":0,"eventType":"session.next.model.switched","dir":"/private/var/folders/9v/733tfwtj2jvgwygmtrbwj9gm0000gn/T/kilo-e2e-ZPnvgH/workspace"}
[Kilo New][P0-Perf] {"corr":"d2181c65-d721-402a-a10f-d3578a4d15ed","stage":"sse.event","t":1786775191504,"d":20148,"surface":"extension","span":"start","eventType":"session.next.model.switched.1","dir":"/private/var/folders/9v/733tfwtj2jvgwygmtrbwj9gm0000gn/T/kilo-e2e-ZPnvgH/workspace"}
[Kilo New][P0-Perf] {"corr":"d2181c65-d721-402a-a10f-d3578a4d15ed","stage":"sse.event","t":1786775191504,"d":20148,"surface":"extension","span":"end","dur":0,"eventType":"session.next.model.switched.1","dir":"/private/var/folders/9v/733tfwtj2jvgwygmtrbwj9gm0000gn/T/kilo-e2e-ZPnvgH/workspace"}
[Kilo New][P0-Perf] {"corr":"d2181c65-d721-402a-a10f-d3578a4d15ed","stage":"sse.event","t":1786775191504,"d":20148,"surface":"extension","span":"start","eventType":"message.updated","dir":"/private/var/folders/9v/733tfwtj2jvgwygmtrbwj9gm0000gn/T/kilo-e2e-ZPnvgH/workspace"}
[Kilo New][P0-Perf] {"corr":"d2181c65-d721-402a-a10f-d3578a4d15ed","stage":"sse.event","t":1786775191504,"d":20148,"surface":"extension","span":"end","dur":0,"eventType":"message.updated","dir":"/private/var/folders/9v/733tfwtj2jvgwygmtrbwj9gm0000gn/T/kilo-e2e-ZPnvgH/workspace"}
[Kilo New][P0-Perf] {"corr":"d2181c65-d721-402a-a10f-d3578a4d15ed","stage":"sse.event","t":1786775191504,"d":20148,"surface":"extension","span":"start","eventType":"message.updated.1","dir":"/private/var/folders/9v/733tfwtj2jvgwygmtrbwj9gm0000gn/T/kilo-e2e-ZPnvgH/workspace"}
[Kilo New][P0-Perf] {"corr":"d2181c65-d721-402a-a10f-d3578a4d15ed","stage":"sse.event","t":1786775191505,"d":20149,"surface":"extension","span":"end","dur":1,"eventType":"message.updated.1","dir":"/private/var/folders/9v/733tfwtj2jvgwygmtrbwj9gm0000gn/T/kilo-e2e-ZPnvgH/workspace"}
[Kilo New][P0-Perf] {"corr":"d2181c65-d721-402a-a10f-d3578a4d15ed","stage":"sse.event","t":1786775191505,"d":20149,"surface":"extension","span":"start","eventType":"message.part.updated","dir":"/private/var/folders/9v/733tfwtj2jvgwygmtrbwj9gm0000gn/T/kilo-e2e-ZPnvgH/workspace"}
[Kilo New][P0-Perf] {"corr":"d2181c65-d721-402a-a10f-d3578a4d15ed","stage":"sse.event","t":1786775191505,"d":20149,"surface":"extension","span":"end","dur":0,"eventType":"message.part.updated","dir":"/private/var/folders/9v/733tfwtj2jvgwygmtrbwj9gm0000gn/T/kilo-e2e-ZPnvgH/workspace"}
[Kilo New][P0-Perf] {"corr":"d2181c65-d721-402a-a10f-d3578a4d15ed","stage":"sse.event","t":1786775191505,"d":20149,"surface":"extension","span":"start","eventType":"message.part.updated.1","dir":"/private/var/folders/9v/733tfwtj2jvgwygmtrbwj9gm0000gn/T/kilo-e2e-ZPnvgH/workspace"}
[Kilo New][P0-Perf] {"corr":"d2181c65-d721-402a-a10f-d3578a4d15ed","stage":"sse.event","t":1786775191505,"d":20149,"surface":"extension","span":"end","dur":0,"eventType":"message.part.updated.1","dir":"/private/var/folders/9v/733tfwtj2jvgwygmtrbwj9gm0000gn/T/kilo-e2e-ZPnvgH/workspace"}
[Kilo New][P0-Perf] {"corr":"d2181c65-d721-402a-a10f-d3578a4d15ed","stage":"sse.event","t":1786775191505,"d":20149,"surface":"extension","span":"start","eventType":"session.updated","dir":"/private/var/folders/9v/733tfwtj2jvgwygmtrbwj9gm0000gn/T/kilo-e2e-ZPnvgH/workspace"}
[Kilo New][P0-Perf] {"corr":"d2181c65-d721-402a-a10f-d3578a4d15ed","stage":"sse.event","t":1786775191506,"d":20150,"surface":"extension","span":"end","dur":1,"eventType":"session.updated","dir":"/private/var/folders/9v/733tfwtj2jvgwygmtrbwj9gm0000gn/T/kilo-e2e-ZPnvgH/workspace"}
[Kilo New][P0-Perf] {"corr":"d2181c65-d721-402a-a10f-d3578a4d15ed","stage":"sse.event","t":1786775191506,"d":20150,"surface":"extension","span":"start","eventType":"session.updated.1","dir":"/private/var/folders/9v/733tfwtj2jvgwygmtrbwj9gm0000gn/T/kilo-e2e-ZPnvgH/workspace"}
[Kilo New][P0-Perf] {"corr":"d2181c65-d721-402a-a10f-d3578a4d15ed","stage":"sse.event","t":1786775191506,"d":20150,"surface":"extension","span":"end","dur":0,"eventType":"session.updated.1","dir":"/private/var/folders/9v/733tfwtj2jvgwygmtrbwj9gm0000gn/T/kilo-e2e-ZPnvgH/workspace"}
[Kilo New][P0-Perf] {"corr":"d2181c65-d721-402a-a10f-d3578a4d15ed","stage":"sse.event","t":1786775191506,"d":20150,"surface":"extension","span":"start","eventType":"session.updated","dir":"/private/var/folders/9v/733tfwtj2jvgwygmtrbwj9gm0000gn/T/kilo-e2e-ZPnvgH/workspace"}
[Kilo New][P0-Perf] {"corr":"d2181c65-d721-402a-a10f-d3578a4d15ed","stage":"sse.event","t":1786775191506,"d":20150,"surface":"extension","span":"end","dur":0,"eventType":"session.updated","dir":"/private/var/folders/9v/733tfwtj2jvgwygmtrbwj9gm0000gn/T/kilo-e2e-ZPnvgH/workspace"}
[Kilo New][P0-Perf] {"corr":"d2181c65-d721-402a-a10f-d3578a4d15ed","stage":"sse.event","t":1786775191506,"d":20150,"surface":"extension","span":"start","eventType":"session.updated.1","dir":"/private/var/folders/9v/733tfwtj2jvgwygmtrbwj9gm0000gn/T/kilo-e2e-ZPnvgH/workspace"}
[Kilo New][P0-Perf] {"corr":"d2181c65-d721-402a-a10f-d3578a4d15ed","stage":"sse.event","t":1786775191506,"d":20150,"surface":"extension","span":"end","dur":0,"eventType":"session.updated.1","dir":"/private/var/folders/9v/733tfwtj2jvgwygmtrbwj9gm0000gn/T/kilo-e2e-ZPnvgH/workspace"}
[Kilo New][P0-Perf] {"corr":"d2181c65-d721-402a-a10f-d3578a4d15ed","stage":"sse.event","t":1786775191507,"d":20151,"surface":"extension","span":"start","eventType":"session.turn.open","dir":"/private/var/folders/9v/733tfwtj2jvgwygmtrbwj9gm0000gn/T/kilo-e2e-ZPnvgH/workspace"}
[Kilo New][P0-Perf] {"corr":"d2181c65-d721-402a-a10f-d3578a4d15ed","stage":"sse.event","t":1786775191507,"d":20151,"surface":"extension","span":"end","dur":0,"eventType":"session.turn.open","dir":"/private/var/folders/9v/733tfwtj2jvgwygmtrbwj9gm0000gn/T/kilo-e2e-ZPnvgH/workspace"}
[Kilo New][P0-Perf] {"corr":"d2181c65-d721-402a-a10f-d3578a4d15ed","stage":"sse.event","t":1786775191507,"d":20151,"surface":"extension","span":"start","eventType":"session.diff","dir":"/private/var/folders/9v/733tfwtj2jvgwygmtrbwj9gm0000gn/T/kilo-e2e-ZPnvgH/workspace"}
[Kilo New][P0-Perf] {"corr":"d2181c65-d721-402a-a10f-d3578a4d15ed","stage":"sse.event","t":1786775191507,"d":20151,"surface":"extension","span":"end","dur":0,"eventType":"session.diff","dir":"/private/var/folders/9v/733tfwtj2jvgwygmtrbwj9gm0000gn/T/kilo-e2e-ZPnvgH/workspace"}
[Kilo New][P0-Perf] {"corr":"d2181c65-d721-402a-a10f-d3578a4d15ed","stage":"sse.event","t":1786775191507,"d":20151,"surface":"extension","span":"start","eventType":"message.updated","dir":"/private/var/folders/9v/733tfwtj2jvgwygmtrbwj9gm0000gn/T/kilo-e2e-ZPnvgH/workspace"}
[Kilo New][P0-Perf] {"corr":"d2181c65-d721-402a-a10f-d3578a4d15ed","stage":"sse.event","t":1786775191507,"d":20151,"surface":"extension","span":"end","dur":0,"eventType":"message.updated","dir":"/private/var/folders/9v/733tfwtj2jvgwygmtrbwj9gm0000gn/T/kilo-e2e-ZPnvgH/workspace"}
[Kilo New][P0-Perf] {"corr":"d2181c65-d721-402a-a10f-d3578a4d15ed","stage":"sse.event","t":1786775191507,"d":20151,"surface":"extension","span":"start","eventType":"message.updated.1","dir":"/private/var/folders/9v/733tfwtj2jvgwygmtrbwj9gm0000gn/T/kilo-e2e-ZPnvgH/workspace"}
[Kilo New][P0-Perf] {"corr":"d2181c65-d721-402a-a10f-d3578a4d15ed","stage":"sse.event","t":1786775191508,"d":20152,"surface":"extension","span":"end","dur":1,"eventType":"message.updated.1","dir":"/private/var/folders/9v/733tfwtj2jvgwygmtrbwj9gm0000gn/T/kilo-e2e-ZPnvgH/workspace"}
[Kilo New] ServerManager: ⚠️ CLI Server stderr: INFO  2026-08-15T06:26:31 +10ms service=session.prompt session.id=ses_ffbe644cfffeVzsT19uQV3hmQN step=0 loop
[Kilo New] ServerManager: ⚠️ CLI Server stderr: INFO  2026-08-15T06:26:31 +28ms service=p0-perf event=p0.mark stage=processor_entry ts=1786775191526 id=ses_ffbe644cfffeVzsT19uQV3hmQN meta={"messageID":"msg_00419bfcb001NDnZaRg36I0HM9","parentID":"msg_00419bf92001X2fQBrxBM46UJm","model":"e2e-model","provider":"e2e-local"} processor_entry
[Kilo New][P0-Perf] {"corr":"d2181c65-d721-402a-a10f-d3578a4d15ed","stage":"sse.event","t":1786775191690,"d":20334,"surface":"extension","span":"start","eventType":"session.status","dir":"/private/var/folders/9v/733tfwtj2jvgwygmtrbwj9gm0000gn/T/kilo-e2e-ZPnvgH/workspace"}
[Kilo New][P0-Perf] {"corr":"d2181c65-d721-402a-a10f-d3578a4d15ed","stage":"sse.event","t":1786775191691,"d":20335,"surface":"extension","span":"end","dur":1,"eventType":"session.status","dir":"/private/var/folders/9v/733tfwtj2jvgwygmtrbwj9gm0000gn/T/kilo-e2e-ZPnvgH/workspace"}
[Kilo New][P0-Perf] {"corr":"d2181c65-d721-402a-a10f-d3578a4d15ed","stage":"sse.event","t":1786775191691,"d":20335,"surface":"extension","span":"start","eventType":"message.updated","dir":"/private/var/folders/9v/733tfwtj2jvgwygmtrbwj9gm0000gn/T/kilo-e2e-ZPnvgH/workspace"}
[Kilo New][P0-Perf] {"corr":"d2181c65-d721-402a-a10f-d3578a4d15ed","stage":"sse.event","t":1786775191691,"d":20335,"surface":"extension","span":"end","dur":0,"eventType":"message.updated","dir":"/private/var/folders/9v/733tfwtj2jvgwygmtrbwj9gm0000gn/T/kilo-e2e-ZPnvgH/workspace"}
[Kilo New][P0-Perf] {"corr":"d2181c65-d721-402a-a10f-d3578a4d15ed","stage":"sse.event","t":1786775191691,"d":20335,"surface":"extension","span":"start","eventType":"message.updated.1","dir":"/private/var/folders/9v/733tfwtj2jvgwygmtrbwj9gm0000gn/T/kilo-e2e-ZPnvgH/workspace"}
[Kilo New][P0-Perf] {"corr":"d2181c65-d721-402a-a10f-d3578a4d15ed","stage":"model.firstEvent","t":1786775191691,"d":20335,"surface":"extension","sessionID":"ses_ffbe644cfffeVzsT19uQV3hmQN","messageID":"msg_00419bfcb001NDnZaRg36I0HM9","parentID":"msg_00419bf92001X2fQBrxBM46UJm","dir":"/private/var/folders/9v/733tfwtj2jvgwygmtrbwj9gm0000gn/T/kilo-e2e-ZPnvgH/workspace"}
[Kilo New][P0-Perf] {"corr":"d2181c65-d721-402a-a10f-d3578a4d15ed","stage":"sse.event","t":1786775191691,"d":20335,"surface":"extension","span":"end","dur":0,"eventType":"message.updated.1","dir":"/private/var/folders/9v/733tfwtj2jvgwygmtrbwj9gm0000gn/T/kilo-e2e-ZPnvgH/workspace"}
[Kilo New] ServerManager: ⚠️ CLI Server stderr: INFO  2026-08-15T06:26:31 +176ms service=model-cache providerID=kilo fetching models
[Kilo New] ServerManager: ⚠️ CLI Server stderr: INFO  2026-08-15T06:26:31 +193ms service=snapshot.materialize roots=1 duration=1769 snapshot objects materialized
[Kilo New] ServerManager: ⚠️ CLI Server stderr: INFO  2026-08-15T06:26:32 +184ms service=snapshot hash=ed682caf0e72b382e8fdace1f3d116e3344d08ef cwd=/private/var/folders/9v/733tfwtj2jvgwygmtrbwj9gm0000gn/T/kilo-e2e-ZPnvgH/workspace git=/var/folders/9v/733tfwtj2jvgwygmtrbwj9gm0000gn/T/kilo-e2e-ZPnvgH/xdg-data/kilo/snapshot/b289fb45de8da4fa44e139efaaf8b5478551cab5/9d6abdc242d21a47adc2bd681ec53d69051777f4 tracking
[Kilo New] ServerManager: ⚠️ CLI Server stderr: INFO  2026-08-15T06:26:32 +4ms service=session.tools status=started resolveTools
[Kilo New] ServerManager: ⚠️ CLI Server stderr: INFO  2026-08-15T06:26:32 +1ms service=tool.registry status=started invalid
[Kilo New] ServerManager: ⚠️ CLI Server stderr: INFO  2026-08-15T06:26:32 +0ms service=tool.registry status=completed duration=0 invalid
[Kilo New] ServerManager: ⚠️ CLI Server stderr: INFO  2026-08-15T06:26:32 +1ms service=tool.registry status=started question
[Kilo New] ServerManager: ⚠️ CLI Server stderr: INFO  2026-08-15T06:26:32 +0ms service=tool.registry status=completed duration=0 question
[Kilo New] ServerManager: ⚠️ CLI Server stderr: INFO  2026-08-15T06:26:32 +0ms service=tool.registry status=started bash
[Kilo New] ServerManager: ⚠️ CLI Server stderr: INFO  2026-08-15T06:26:32 +0ms service=tool.registry status=completed duration=0 bash
[Kilo New] ServerManager: ⚠️ CLI Server stderr: INFO  2026-08-15T06:26:32 +0ms service=tool.registry status=started read
[Kilo New] ServerManager: ⚠️ CLI Server stderr: INFO  2026-08-15T06:26:32 +0ms service=tool.registry status=completed duration=0 read
[Kilo New] ServerManager: ⚠️ CLI Server stderr: INFO  2026-08-15T06:26:32 +0ms service=tool.registry status=started glob
[Kilo New] ServerManager: ⚠️ CLI Server stderr: INFO  2026-08-15T06:26:32 +0ms service=tool.registry status=completed duration=0 glob
[Kilo New] ServerManager: ⚠️ CLI Server stderr: INFO  2026-08-15T06:26:32 +1ms service=tool.registry status=started grep
[Kilo New] ServerManager: ⚠️ CLI Server stderr: INFO  2026-08-15T06:26:32 +0ms service=tool.registry status=completed duration=0 grep
[Kilo New] ServerManager: ⚠️ CLI Server stderr: INFO  2026-08-15T06:26:32 +0ms service=tool.registry status=started edit
[Kilo New] ServerManager: ⚠️ CLI Server stderr: INFO  2026-08-15T06:26:32 +0ms service=tool.registry status=completed duration=0 edit
[Kilo New] ServerManager: ⚠️ CLI Server stderr: INFO  2026-08-15T06:26:32 +0ms service=tool.registry status=started write
[Kilo New] ServerManager: ⚠️ CLI Server stderr: INFO  2026-08-15T06:26:32 +0ms service=tool.registry status=completed duration=0 write
[Kilo New] ServerManager: ⚠️ CLI Server stderr: INFO  2026-08-15T06:26:32 +0ms service=tool.registry status=started task
[Kilo New] ServerManager: ⚠️ CLI Server stderr: INFO  2026-08-15T06:26:32 +1ms service=tool.registry status=completed duration=1 task
[Kilo New] ServerManager: ⚠️ CLI Server stderr: INFO  2026-08-15T06:26:32 +0ms service=tool.registry status=started webfetch
[Kilo New] ServerManager: ⚠️ CLI Server stderr: INFO  2026-08-15T06:26:32 +1ms service=tool.registry status=completed duration=1 webfetch
[Kilo New] ServerManager: ⚠️ CLI Server stderr: INFO  2026-08-15T06:26:32 +0ms service=tool.registry status=started todowrite
[Kilo New] ServerManager: ⚠️ CLI Server stderr: INFO  2026-08-15T06:26:32 +0ms service=tool.registry status=completed duration=0 todowrite
[Kilo New] ServerManager: ⚠️ CLI Server stderr: INFO  2026-08-15T06:26:32 +0ms service=tool.registry status=started skill
[Kilo New] ServerManager: ⚠️ CLI Server stderr: INFO  2026-08-15T06:26:32 +0ms service=tool.registry status=completed duration=0 skill
[Kilo New] ServerManager: ⚠️ CLI Server stderr: INFO  2026-08-15T06:26:32 +0ms service=tool.registry status=started plan_exit
[Kilo New] ServerManager: ⚠️ CLI Server stderr: INFO  2026-08-15T06:26:32 +1ms service=tool.registry status=completed duration=1 plan_exit
[Kilo New] ServerManager: ⚠️ CLI Server stderr: INFO  2026-08-15T06:26:32 +0ms service=tool.registry status=started kilo_local_recall
[Kilo New] ServerManager: ⚠️ CLI Server stderr: INFO  2026-08-15T06:26:32 +0ms service=tool.registry status=completed duration=0 kilo_local_recall
[Kilo New] ServerManager: ⚠️ CLI Server stderr: INFO  2026-08-15T06:26:32 +0ms service=tool.registry status=started background_process
[Kilo New] ServerManager: ⚠️ CLI Server stderr: INFO  2026-08-15T06:26:32 +0ms service=tool.registry status=completed duration=0 background_process
[Kilo New] ServerManager: ⚠️ CLI Server stderr: INFO  2026-08-15T06:26:32 +0ms service=tool.registry status=started agent_manager_models
[Kilo New] ServerManager: ⚠️ CLI Server stderr: INFO  2026-08-15T06:26:32 +0ms service=tool.registry status=completed duration=0 agent_manager_models
[Kilo New] ServerManager: ⚠️ CLI Server stderr: INFO  2026-08-15T06:26:32 +0ms service=tool.registry status=started agent_manager
[Kilo New] ServerManager: ⚠️ CLI Server stderr: INFO  2026-08-15T06:26:32 +0ms service=tool.registry status=completed duration=0 agent_manager
[Kilo New] ServerManager: ⚠️ CLI Server stderr: INFO  2026-08-15T06:26:32 +0ms service=tool.registry status=started e2e_marker
[Kilo New] ServerManager: ⚠️ CLI Server stderr: INFO  2026-08-15T06:26:32 +1ms service=tool.registry status=completed duration=1 e2e_marker
[Kilo New] ServerManager: ⚠️ CLI Server stderr: INFO  2026-08-15T06:26:32 +2ms service=session.tools status=completed duration=9 resolveTools
[Kilo New] ServerManager: ⚠️ CLI Server stderr: INFO  2026-08-15T06:26:32 +36ms service=session.processor session.id=ses_ffbe644cfffeVzsT19uQV3hmQN messageID=msg_00419bfcb001NDnZaRg36I0HM9 process
[Kilo New] ServerManager: ⚠️ CLI Server stderr: INFO  2026-08-15T06:26:32 +2ms service=llm providerID=e2e-local modelID=e2e-model session.id=ses_ffbe644cfffeVzsT19uQV3hmQN small=false agent=general mode=subagent stream
[Kilo New] ServerManager: ⚠️ CLI Server stderr: INFO  2026-08-15T06:26:32 +9ms service=default llm.runtime=ai-sdk llm.provider=e2e-local llm.model=e2e-model llm runtime selected
[Kilo New][P0-Perf] {"corr":"d2181c65-d721-402a-a10f-d3578a4d15ed","stage":"sse.event","t":1786775192145,"d":20789,"surface":"extension","span":"start","eventType":"session.updated","dir":"/private/var/folders/9v/733tfwtj2jvgwygmtrbwj9gm0000gn/T/kilo-e2e-ZPnvgH/workspace"}
[Kilo New][P0-Perf] {"corr":"d2181c65-d721-402a-a10f-d3578a4d15ed","stage":"sse.event","t":1786775192145,"d":20789,"surface":"extension","span":"end","dur":0,"eventType":"session.updated","dir":"/private/var/folders/9v/733tfwtj2jvgwygmtrbwj9gm0000gn/T/kilo-e2e-ZPnvgH/workspace"}
[Kilo New][P0-Perf] {"corr":"d2181c65-d721-402a-a10f-d3578a4d15ed","stage":"sse.event","t":1786775192145,"d":20789,"surface":"extension","span":"start","eventType":"session.updated.1","dir":"/private/var/folders/9v/733tfwtj2jvgwygmtrbwj9gm0000gn/T/kilo-e2e-ZPnvgH/workspace"}
[Kilo New][P0-Perf] {"corr":"d2181c65-d721-402a-a10f-d3578a4d15ed","stage":"sse.event","t":1786775192145,"d":20789,"surface":"extension","span":"end","dur":0,"eventType":"session.updated.1","dir":"/private/var/folders/9v/733tfwtj2jvgwygmtrbwj9gm0000gn/T/kilo-e2e-ZPnvgH/workspace"}
[Kilo New][P0-Perf] {"corr":"d2181c65-d721-402a-a10f-d3578a4d15ed","stage":"sse.event","t":1786775192145,"d":20789,"surface":"extension","span":"start","eventType":"session.status","dir":"/private/var/folders/9v/733tfwtj2jvgwygmtrbwj9gm0000gn/T/kilo-e2e-ZPnvgH/workspace"}
[Kilo New][P0-Perf] {"corr":"d2181c65-d721-402a-a10f-d3578a4d15ed","stage":"sse.event","t":1786775192145,"d":20789,"surface":"extension","span":"end","dur":0,"eventType":"session.status","dir":"/private/var/folders/9v/733tfwtj2jvgwygmtrbwj9gm0000gn/T/kilo-e2e-ZPnvgH/workspace"}
[Kilo New][P0-Perf] {"corr":"d2181c65-d721-402a-a10f-d3578a4d15ed","stage":"sse.event","t":1786775192146,"d":20790,"surface":"extension","span":"start","eventType":"session.diff","dir":"/private/var/folders/9v/733tfwtj2jvgwygmtrbwj9gm0000gn/T/kilo-e2e-ZPnvgH/workspace"}
[Kilo New][P0-Perf] {"corr":"d2181c65-d721-402a-a10f-d3578a4d15ed","stage":"sse.event","t":1786775192146,"d":20790,"surface":"extension","span":"end","dur":0,"eventType":"session.diff","dir":"/private/var/folders/9v/733tfwtj2jvgwygmtrbwj9gm0000gn/T/kilo-e2e-ZPnvgH/workspace"}
[Kilo New][P0-Perf] {"corr":"d2181c65-d721-402a-a10f-d3578a4d15ed","stage":"sse.event","t":1786775192146,"d":20790,"surface":"extension","span":"start","eventType":"message.updated","dir":"/private/var/folders/9v/733tfwtj2jvgwygmtrbwj9gm0000gn/T/kilo-e2e-ZPnvgH/workspace"}
[Kilo New][P0-Perf] {"corr":"d2181c65-d721-402a-a10f-d3578a4d15ed","stage":"sse.event","t":1786775192146,"d":20790,"surface":"extension","span":"end","dur":0,"eventType":"message.updated","dir":"/private/var/folders/9v/733tfwtj2jvgwygmtrbwj9gm0000gn/T/kilo-e2e-ZPnvgH/workspace"}
[Kilo New][P0-Perf] {"corr":"d2181c65-d721-402a-a10f-d3578a4d15ed","stage":"sse.event","t":1786775192146,"d":20790,"surface":"extension","span":"start","eventType":"message.updated.1","dir":"/private/var/folders/9v/733tfwtj2jvgwygmtrbwj9gm0000gn/T/kilo-e2e-ZPnvgH/workspace"}
[Kilo New][P0-Perf] {"corr":"d2181c65-d721-402a-a10f-d3578a4d15ed","stage":"sse.event","t":1786775192146,"d":20790,"surface":"extension","span":"end","dur":0,"eventType":"message.updated.1","dir":"/private/var/folders/9v/733tfwtj2jvgwygmtrbwj9gm0000gn/T/kilo-e2e-ZPnvgH/workspace"}
[Kilo New][P0-Perf] {"corr":"d2181c65-d721-402a-a10f-d3578a4d15ed","stage":"sse.event","t":1786775192189,"d":20833,"surface":"extension","span":"start","eventType":"message.part.updated","dir":"/private/var/folders/9v/733tfwtj2jvgwygmtrbwj9gm0000gn/T/kilo-e2e-ZPnvgH/workspace"}
[Kilo New][P0-Perf] {"corr":"d2181c65-d721-402a-a10f-d3578a4d15ed","stage":"sse.event","t":1786775192190,"d":20834,"surface":"extension","span":"end","dur":1,"eventType":"message.part.updated","dir":"/private/var/folders/9v/733tfwtj2jvgwygmtrbwj9gm0000gn/T/kilo-e2e-ZPnvgH/workspace"}
[Kilo New][P0-Perf] {"corr":"d2181c65-d721-402a-a10f-d3578a4d15ed","stage":"sse.event","t":1786775192190,"d":20834,"surface":"extension","span":"start","eventType":"message.part.updated.1","dir":"/private/var/folders/9v/733tfwtj2jvgwygmtrbwj9gm0000gn/T/kilo-e2e-ZPnvgH/workspace"}
[Kilo New][P0-Perf] {"corr":"d2181c65-d721-402a-a10f-d3578a4d15ed","stage":"sse.event","t":1786775192190,"d":20834,"surface":"extension","span":"end","dur":0,"eventType":"message.part.updated.1","dir":"/private/var/folders/9v/733tfwtj2jvgwygmtrbwj9gm0000gn/T/kilo-e2e-ZPnvgH/workspace"}
[Kilo New][P0-Perf] {"corr":"d2181c65-d721-402a-a10f-d3578a4d15ed","stage":"sse.event","t":1786775192190,"d":20834,"surface":"extension","span":"start","eventType":"message.part.updated","dir":"/private/var/folders/9v/733tfwtj2jvgwygmtrbwj9gm0000gn/T/kilo-e2e-ZPnvgH/workspace"}
[Kilo New][P0-Perf] {"corr":"d2181c65-d721-402a-a10f-d3578a4d15ed","stage":"sse.event","t":1786775192190,"d":20834,"surface":"extension","span":"end","dur":0,"eventType":"message.part.updated","dir":"/private/var/folders/9v/733tfwtj2jvgwygmtrbwj9gm0000gn/T/kilo-e2e-ZPnvgH/workspace"}
[Kilo New][P0-Perf] {"corr":"d2181c65-d721-402a-a10f-d3578a4d15ed","stage":"sse.event","t":1786775192190,"d":20834,"surface":"extension","span":"start","eventType":"message.part.updated.1","dir":"/private/var/folders/9v/733tfwtj2jvgwygmtrbwj9gm0000gn/T/kilo-e2e-ZPnvgH/workspace"}
[Kilo New][P0-Perf] {"corr":"d2181c65-d721-402a-a10f-d3578a4d15ed","stage":"sse.event","t":1786775192190,"d":20834,"surface":"extension","span":"end","dur":0,"eventType":"message.part.updated.1","dir":"/private/var/folders/9v/733tfwtj2jvgwygmtrbwj9gm0000gn/T/kilo-e2e-ZPnvgH/workspace"}
[Kilo New][P0-Perf] {"corr":"d2181c65-d721-402a-a10f-d3578a4d15ed","stage":"sse.event","t":1786775192191,"d":20835,"surface":"extension","span":"start","eventType":"message.part.delta","dir":"/private/var/folders/9v/733tfwtj2jvgwygmtrbwj9gm0000gn/T/kilo-e2e-ZPnvgH/workspace"}
[Kilo New][P0-Perf] {"corr":"d2181c65-d721-402a-a10f-d3578a4d15ed","stage":"sse.event","t":1786775192191,"d":20835,"surface":"extension","span":"end","dur":0,"eventType":"message.part.delta","dir":"/private/var/folders/9v/733tfwtj2jvgwygmtrbwj9gm0000gn/T/kilo-e2e-ZPnvgH/workspace"}
[Kilo New][P0-Perf] {"corr":"d2181c65-d721-402a-a10f-d3578a4d15ed","stage":"sse.event","t":1786775192191,"d":20835,"surface":"extension","span":"start","eventType":"message.part.updated","dir":"/private/var/folders/9v/733tfwtj2jvgwygmtrbwj9gm0000gn/T/kilo-e2e-ZPnvgH/workspace"}
[Kilo New][P0-Perf] {"corr":"d2181c65-d721-402a-a10f-d3578a4d15ed","stage":"sse.event","t":1786775192191,"d":20835,"surface":"extension","span":"end","dur":0,"eventType":"message.part.updated","dir":"/private/var/folders/9v/733tfwtj2jvgwygmtrbwj9gm0000gn/T/kilo-e2e-ZPnvgH/workspace"}
[Kilo New][P0-Perf] {"corr":"d2181c65-d721-402a-a10f-d3578a4d15ed","stage":"sse.event","t":1786775192191,"d":20835,"surface":"extension","span":"start","eventType":"message.part.updated.1","dir":"/private/var/folders/9v/733tfwtj2jvgwygmtrbwj9gm0000gn/T/kilo-e2e-ZPnvgH/workspace"}
[Kilo New][P0-Perf] {"corr":"d2181c65-d721-402a-a10f-d3578a4d15ed","stage":"sse.event","t":1786775192191,"d":20835,"surface":"extension","span":"end","dur":0,"eventType":"message.part.updated.1","dir":"/private/var/folders/9v/733tfwtj2jvgwygmtrbwj9gm0000gn/T/kilo-e2e-ZPnvgH/workspace"}
[Kilo New] ServerManager: ⚠️ CLI Server stderr: INFO  2026-08-15T06:26:32 +305ms service=snapshot hash=ed682caf0e72b382e8fdace1f3d116e3344d08ef cwd=/private/var/folders/9v/733tfwtj2jvgwygmtrbwj9gm0000gn/T/kilo-e2e-ZPnvgH/workspace git=/var/folders/9v/733tfwtj2jvgwygmtrbwj9gm0000gn/T/kilo-e2e-ZPnvgH/xdg-data/kilo/snapshot/b289fb45de8da4fa44e139efaaf8b5478551cab5/9d6abdc242d21a47adc2bd681ec53d69051777f4 tracking
[Kilo New][P0-Perf] {"corr":"d2181c65-d721-402a-a10f-d3578a4d15ed","stage":"sse.event","t":1786775192496,"d":21140,"surface":"extension","span":"start","eventType":"message.part.updated","dir":"/private/var/folders/9v/733tfwtj2jvgwygmtrbwj9gm0000gn/T/kilo-e2e-ZPnvgH/workspace"}
[Kilo New][P0-Perf] {"corr":"d2181c65-d721-402a-a10f-d3578a4d15ed","stage":"sse.event","t":1786775192496,"d":21140,"surface":"extension","span":"end","dur":0,"eventType":"message.part.updated","dir":"/private/var/folders/9v/733tfwtj2jvgwygmtrbwj9gm0000gn/T/kilo-e2e-ZPnvgH/workspace"}
[Kilo New][P0-Perf] {"corr":"d2181c65-d721-402a-a10f-d3578a4d15ed","stage":"sse.event","t":1786775192496,"d":21140,"surface":"extension","span":"start","eventType":"message.part.updated.1","dir":"/private/var/folders/9v/733tfwtj2jvgwygmtrbwj9gm0000gn/T/kilo-e2e-ZPnvgH/workspace"}
[Kilo New][P0-Perf] {"corr":"d2181c65-d721-402a-a10f-d3578a4d15ed","stage":"sse.event","t":1786775192496,"d":21140,"surface":"extension","span":"end","dur":0,"eventType":"message.part.updated.1","dir":"/private/var/folders/9v/733tfwtj2jvgwygmtrbwj9gm0000gn/T/kilo-e2e-ZPnvgH/workspace"}
[Kilo New][P0-Perf] {"corr":"d2181c65-d721-402a-a10f-d3578a4d15ed","stage":"sse.event","t":1786775192497,"d":21141,"surface":"extension","span":"start","eventType":"message.updated","dir":"/private/var/folders/9v/733tfwtj2jvgwygmtrbwj9gm0000gn/T/kilo-e2e-ZPnvgH/workspace"}
[Kilo New][P0-Perf] {"corr":"d2181c65-d721-402a-a10f-d3578a4d15ed","stage":"sse.event","t":1786775192497,"d":21141,"surface":"extension","span":"end","dur":0,"eventType":"message.updated","dir":"/private/var/folders/9v/733tfwtj2jvgwygmtrbwj9gm0000gn/T/kilo-e2e-ZPnvgH/workspace"}
[Kilo New][P0-Perf] {"corr":"d2181c65-d721-402a-a10f-d3578a4d15ed","stage":"sse.event","t":1786775192497,"d":21141,"surface":"extension","span":"start","eventType":"message.updated.1","dir":"/private/var/folders/9v/733tfwtj2jvgwygmtrbwj9gm0000gn/T/kilo-e2e-ZPnvgH/workspace"}
[Kilo New][P0-Perf] {"corr":"d2181c65-d721-402a-a10f-d3578a4d15ed","stage":"sse.event","t":1786775192497,"d":21141,"surface":"extension","span":"end","dur":0,"eventType":"message.updated.1","dir":"/private/var/folders/9v/733tfwtj2jvgwygmtrbwj9gm0000gn/T/kilo-e2e-ZPnvgH/workspace"}
[Kilo New] ServerManager: ⚠️ CLI Server stderr: INFO  2026-08-15T06:26:32 +132ms service=model-cache providerID=kilo count=291 models fetched and cached
[Kilo New] ServerManager: ⚠️ CLI Server stderr: INFO  2026-08-15T06:26:32 +1ms service=model-cache providerID=apertis fetching models
[Kilo New] ServerManager: ⚠️ CLI Server stderr: INFO  2026-08-15T06:26:33 +807ms service=model-cache providerID=apertis refreshing models
[Kilo New] ServerManager: ⚠️ CLI Server stderr: INFO  2026-08-15T06:26:33 +22ms service=model-cache providerID=apertis count=0 models fetched and cached
[Kilo New] ServerManager: ⚠️ CLI Server stderr: INFO  2026-08-15T06:26:33 +217ms service=provider init
[Kilo New] ServerManager: ⚠️ CLI Server stderr: INFO  2026-08-15T06:26:33 +12ms service=plugin name=SH6 loading internal plugin
[Kilo New] ServerManager: ⚠️ CLI Server stderr: INFO  2026-08-15T06:26:33 +1ms service=plugin name=Fo6 loading internal plugin
[Kilo New] ServerManager: ⚠️ CLI Server stderr: INFO  2026-08-15T06:26:33 +1ms service=plugin name=fW_ loading internal plugin
[Kilo New] ServerManager: ⚠️ CLI Server stderr: INFO  2026-08-15T06:26:33 +0ms service=plugin name= loading internal plugin
[Kilo New] ServerManager: ⚠️ CLI Server stderr: INFO  2026-08-15T06:26:33 +0ms service=plugin name=SF_ loading internal plugin
[Kilo New] ServerManager: ⚠️ CLI Server stderr: INFO  2026-08-15T06:26:33 +0ms service=plugin name=nX_ loading internal plugin
[Kilo New] ServerManager: ⚠️ CLI Server stderr: INFO  2026-08-15T06:26:33 +0ms service=plugin name=yW1 loading internal plugin
[Kilo New] ServerManager: ⚠️ CLI Server stderr: INFO  2026-08-15T06:26:33 +0ms service=plugin name=_K_ loading internal plugin
[Kilo New] ServerManager: ⚠️ CLI Server stderr: INFO  2026-08-15T06:26:33 +0ms service=plugin name=qK_ loading internal plugin
[Kilo New] ServerManager: ⚠️ CLI Server stderr: INFO  2026-08-15T06:26:33 +0ms service=plugin name=TK_ loading internal plugin
[Kilo New] ServerManager: ⚠️ CLI Server stderr: INFO  2026-08-15T06:26:33 +0ms service=plugin name=RK_ loading internal plugin
[Kilo New] ServerManager: ⚠️ CLI Server stderr: INFO  2026-08-15T06:26:33 +0ms service=plugin name=WK_ loading internal plugin
[Kilo New] ServerManager: ⚠️ CLI Server stderr: INFO  2026-08-15T06:26:33 +1ms service=model-cache providerID=apertis count=0 models fetched and cached
[Kilo New] ServerManager: ⚠️ CLI Server stderr: INFO  2026-08-15T06:26:33 +2ms service=model-cache providerID=apertis refreshing models
[Kilo New] ServerManager: ⚠️ CLI Server stderr: INFO  2026-08-15T06:26:33 +57ms service=model-cache providerID=apertis count=0 models fetched and cached
[Kilo New] ServerManager: ⚠️ CLI Server stderr: INFO  2026-08-15T06:26:33 +211ms service=session.prompt session.id=ses_ffbe644cfffeVzsT19uQV3hmQN step=1 loop
[Kilo New] ServerManager: ⚠️ CLI Server stderr: INFO  2026-08-15T06:26:33 +2ms service=session.prompt session.id=ses_ffbe644cfffeVzsT19uQV3hmQN exiting loop
[Kilo New] ServerManager: ⚠️ CLI Server stderr: INFO  2026-08-15T06:26:33 +6ms service=bus type=session.turn.close publishing
[Kilo New][P0-Perf] {"corr":"d2181c65-d721-402a-a10f-d3578a4d15ed","stage":"sse.event","t":1786775193938,"d":22582,"surface":"extension","span":"start","eventType":"message.updated","dir":"/private/var/folders/9v/733tfwtj2jvgwygmtrbwj9gm0000gn/T/kilo-e2e-ZPnvgH/workspace"}
[Kilo New][P0-Perf] {"corr":"d2181c65-d721-402a-a10f-d3578a4d15ed","stage":"sse.event","t":1786775193939,"d":22583,"surface":"extension","span":"end","dur":1,"eventType":"message.updated","dir":"/private/var/folders/9v/733tfwtj2jvgwygmtrbwj9gm0000gn/T/kilo-e2e-ZPnvgH/workspace"}
[Kilo New][P0-Perf] {"corr":"d2181c65-d721-402a-a10f-d3578a4d15ed","stage":"sse.event","t":1786775193939,"d":22583,"surface":"extension","span":"start","eventType":"message.updated.1","dir":"/private/var/folders/9v/733tfwtj2jvgwygmtrbwj9gm0000gn/T/kilo-e2e-ZPnvgH/workspace"}
[Kilo New][P0-Perf] {"corr":"d2181c65-d721-402a-a10f-d3578a4d15ed","stage":"sse.event","t":1786775193939,"d":22583,"surface":"extension","span":"end","dur":0,"eventType":"message.updated.1","dir":"/private/var/folders/9v/733tfwtj2jvgwygmtrbwj9gm0000gn/T/kilo-e2e-ZPnvgH/workspace"}
[Kilo New][P0-Perf] {"corr":"d2181c65-d721-402a-a10f-d3578a4d15ed","stage":"sse.event","t":1786775193939,"d":22583,"surface":"extension","span":"start","eventType":"session.status","dir":"/private/var/folders/9v/733tfwtj2jvgwygmtrbwj9gm0000gn/T/kilo-e2e-ZPnvgH/workspace"}
[Kilo New][P0-Perf] {"corr":"d2181c65-d721-402a-a10f-d3578a4d15ed","stage":"sse.event","t":1786775193940,"d":22584,"surface":"extension","span":"end","dur":1,"eventType":"session.status","dir":"/private/var/folders/9v/733tfwtj2jvgwygmtrbwj9gm0000gn/T/kilo-e2e-ZPnvgH/workspace"}
[Kilo New][P0-Perf] {"corr":"d2181c65-d721-402a-a10f-d3578a4d15ed","stage":"sse.event","t":1786775193940,"d":22584,"surface":"extension","span":"start","eventType":"session.status","dir":"/private/var/folders/9v/733tfwtj2jvgwygmtrbwj9gm0000gn/T/kilo-e2e-ZPnvgH/workspace"}
[Kilo New][P0-Perf] {"corr":"d2181c65-d721-402a-a10f-d3578a4d15ed","stage":"sse.event","t":1786775193941,"d":22585,"surface":"extension","span":"end","dur":1,"eventType":"session.status","dir":"/private/var/folders/9v/733tfwtj2jvgwygmtrbwj9gm0000gn/T/kilo-e2e-ZPnvgH/workspace"}
[Kilo New][P0-Perf] {"corr":"d2181c65-d721-402a-a10f-d3578a4d15ed","stage":"sse.event","t":1786775193941,"d":22585,"surface":"extension","span":"start","eventType":"session.idle","dir":"/private/var/folders/9v/733tfwtj2jvgwygmtrbwj9gm0000gn/T/kilo-e2e-ZPnvgH/workspace"}
[Kilo New][P0-Perf] {"corr":"d2181c65-d721-402a-a10f-d3578a4d15ed","stage":"sse.event","t":1786775193941,"d":22585,"surface":"extension","span":"end","dur":0,"eventType":"session.idle","dir":"/private/var/folders/9v/733tfwtj2jvgwygmtrbwj9gm0000gn/T/kilo-e2e-ZPnvgH/workspace"}
[Kilo New][P0-Perf] {"corr":"d2181c65-d721-402a-a10f-d3578a4d15ed","stage":"sse.event","t":1786775193941,"d":22585,"surface":"extension","span":"start","eventType":"session.turn.close","dir":"/private/var/folders/9v/733tfwtj2jvgwygmtrbwj9gm0000gn/T/kilo-e2e-ZPnvgH/workspace"}
[Kilo New][P0-Perf] {"corr":"d2181c65-d721-402a-a10f-d3578a4d15ed","stage":"sse.event","t":1786775193942,"d":22586,"surface":"extension","span":"end","dur":1,"eventType":"session.turn.close","dir":"/private/var/folders/9v/733tfwtj2jvgwygmtrbwj9gm0000gn/T/kilo-e2e-ZPnvgH/workspace"}
[Kilo New] ServerManager: ⚠️ CLI Server stderr: INFO  2026-08-15T06:26:34 +152ms service=p0-perf event=p0.end stage=tool_execute ts=1786775194068 duration=3759 id=ses_ffbe65b6affeWMAe9X7ERomdq3 meta={"tool":"task","callID":"call_e2e_task_1","messageID":"msg_00419a65d001i3X1LCUFA9CLi0"} tool_execute
[Kilo New][P0-Perf] {"corr":"d2181c65-d721-402a-a10f-d3578a4d15ed","stage":"sse.event","t":1786775194110,"d":22754,"surface":"extension","span":"start","eventType":"session.updated","dir":"/private/var/folders/9v/733tfwtj2jvgwygmtrbwj9gm0000gn/T/kilo-e2e-ZPnvgH/workspace"}
[Kilo New][P0-Perf] {"corr":"d2181c65-d721-402a-a10f-d3578a4d15ed","stage":"sse.event","t":1786775194111,"d":22755,"surface":"extension","span":"end","dur":1,"eventType":"session.updated","dir":"/private/var/folders/9v/733tfwtj2jvgwygmtrbwj9gm0000gn/T/kilo-e2e-ZPnvgH/workspace"}
[Kilo New][P0-Perf] {"corr":"d2181c65-d721-402a-a10f-d3578a4d15ed","stage":"sse.event","t":1786775194111,"d":22755,"surface":"extension","span":"start","eventType":"session.updated.1","dir":"/private/var/folders/9v/733tfwtj2jvgwygmtrbwj9gm0000gn/T/kilo-e2e-ZPnvgH/workspace"}
[Kilo New][P0-Perf] {"corr":"d2181c65-d721-402a-a10f-d3578a4d15ed","stage":"sse.event","t":1786775194111,"d":22755,"surface":"extension","span":"end","dur":0,"eventType":"session.updated.1","dir":"/private/var/folders/9v/733tfwtj2jvgwygmtrbwj9gm0000gn/T/kilo-e2e-ZPnvgH/workspace"}
[Kilo New][P0-Perf] {"corr":"d2181c65-d721-402a-a10f-d3578a4d15ed","stage":"sse.event","t":1786775194111,"d":22755,"surface":"extension","span":"start","eventType":"session.diff","dir":"/private/var/folders/9v/733tfwtj2jvgwygmtrbwj9gm0000gn/T/kilo-e2e-ZPnvgH/workspace"}
[Kilo New][P0-Perf] {"corr":"d2181c65-d721-402a-a10f-d3578a4d15ed","stage":"sse.event","t":1786775194111,"d":22755,"surface":"extension","span":"end","dur":0,"eventType":"session.diff","dir":"/private/var/folders/9v/733tfwtj2jvgwygmtrbwj9gm0000gn/T/kilo-e2e-ZPnvgH/workspace"}
[Kilo New][P0-Perf] {"corr":"d2181c65-d721-402a-a10f-d3578a4d15ed","stage":"sse.event","t":1786775194111,"d":22755,"surface":"extension","span":"start","eventType":"message.updated","dir":"/private/var/folders/9v/733tfwtj2jvgwygmtrbwj9gm0000gn/T/kilo-e2e-ZPnvgH/workspace"}
[Kilo New][P0-Perf] {"corr":"d2181c65-d721-402a-a10f-d3578a4d15ed","stage":"sse.event","t":1786775194112,"d":22756,"surface":"extension","span":"end","dur":1,"eventType":"message.updated","dir":"/private/var/folders/9v/733tfwtj2jvgwygmtrbwj9gm0000gn/T/kilo-e2e-ZPnvgH/workspace"}
[Kilo New][P0-Perf] {"corr":"d2181c65-d721-402a-a10f-d3578a4d15ed","stage":"sse.event","t":1786775194112,"d":22756,"surface":"extension","span":"start","eventType":"message.updated.1","dir":"/private/var/folders/9v/733tfwtj2jvgwygmtrbwj9gm0000gn/T/kilo-e2e-ZPnvgH/workspace"}
[Kilo New][P0-Perf] {"corr":"d2181c65-d721-402a-a10f-d3578a4d15ed","stage":"sse.event","t":1786775194112,"d":22756,"surface":"extension","span":"end","dur":0,"eventType":"message.updated.1","dir":"/private/var/folders/9v/733tfwtj2jvgwygmtrbwj9gm0000gn/T/kilo-e2e-ZPnvgH/workspace"}
[Kilo New][P0-Perf] {"corr":"d2181c65-d721-402a-a10f-d3578a4d15ed","stage":"sse.event","t":1786775194112,"d":22756,"surface":"extension","span":"start","eventType":"message.part.updated","dir":"/private/var/folders/9v/733tfwtj2jvgwygmtrbwj9gm0000gn/T/kilo-e2e-ZPnvgH/workspace"}
[Kilo New][P0-Perf] {"corr":"d2181c65-d721-402a-a10f-d3578a4d15ed","stage":"sse.event","t":1786775194112,"d":22756,"surface":"extension","span":"end","dur":0,"eventType":"message.part.updated","dir":"/private/var/folders/9v/733tfwtj2jvgwygmtrbwj9gm0000gn/T/kilo-e2e-ZPnvgH/workspace"}
[Kilo New][P0-Perf] {"corr":"d2181c65-d721-402a-a10f-d3578a4d15ed","stage":"sse.event","t":1786775194112,"d":22756,"surface":"extension","span":"start","eventType":"message.part.updated.1","dir":"/private/var/folders/9v/733tfwtj2jvgwygmtrbwj9gm0000gn/T/kilo-e2e-ZPnvgH/workspace"}
[Kilo New][P0-Perf] {"corr":"d2181c65-d721-402a-a10f-d3578a4d15ed","stage":"sse.event","t":1786775194112,"d":22756,"surface":"extension","span":"end","dur":0,"eventType":"message.part.updated.1","dir":"/private/var/folders/9v/733tfwtj2jvgwygmtrbwj9gm0000gn/T/kilo-e2e-ZPnvgH/workspace"}
[Kilo New] ServerManager: ⚠️ CLI Server stderr: ERROR 2026-08-15T06:26:34 +93ms service=provider Provider does not exist in model list github-copilot-enterprise
[Kilo New] ServerManager: ⚠️ CLI Server stderr: INFO  2026-08-15T06:26:34 +11ms service=provider providerID=kilo found
[Kilo New] ServerManager: ⚠️ CLI Server stderr: INFO  2026-08-15T06:26:34 +0ms service=provider providerID=e2e-local found
[Kilo New] ServerManager: ⚠️ CLI Server stderr: INFO  2026-08-15T06:26:34 +0ms service=p0-perf event=p0.end stage=provider_state_init ts=1786775194172 duration=2684 dir=/private/var/folders/9v/733tfwtj2jvgwygmtrbwj9gm0000gn/T/kilo-e2e-ZPnvgH/workspace provider_state_init
[Kilo New] ServerManager: ⚠️ CLI Server stderr: INFO  2026-08-15T06:26:34 +0ms service=provider status=completed duration=2684 state
[Kilo New] ServerManager: ⚠️ CLI Server stderr: INFO  2026-08-15T06:26:34 +123ms service=snapshot hash=ed682caf0e72b382e8fdace1f3d116e3344d08ef cwd=/private/var/folders/9v/733tfwtj2jvgwygmtrbwj9gm0000gn/T/kilo-e2e-ZPnvgH/workspace git=/var/folders/9v/733tfwtj2jvgwygmtrbwj9gm0000gn/T/kilo-e2e-ZPnvgH/xdg-data/kilo/snapshot/b289fb45de8da4fa44e139efaaf8b5478551cab5/9d6abdc242d21a47adc2bd681ec53d69051777f4 tracking
[Kilo New][P0-Perf] {"corr":"d2181c65-d721-402a-a10f-d3578a4d15ed","stage":"sse.event","t":1786775194314,"d":22958,"surface":"extension","span":"start","eventType":"message.part.updated","dir":"/private/var/folders/9v/733tfwtj2jvgwygmtrbwj9gm0000gn/T/kilo-e2e-ZPnvgH/workspace"}
[Kilo New][P0-Perf] {"corr":"d2181c65-d721-402a-a10f-d3578a4d15ed","stage":"sse.event","t":1786775194314,"d":22958,"surface":"extension","span":"end","dur":0,"eventType":"message.part.updated","dir":"/private/var/folders/9v/733tfwtj2jvgwygmtrbwj9gm0000gn/T/kilo-e2e-ZPnvgH/workspace"}
[Kilo New][P0-Perf] {"corr":"d2181c65-d721-402a-a10f-d3578a4d15ed","stage":"sse.event","t":1786775194314,"d":22958,"surface":"extension","span":"start","eventType":"message.part.updated.1","dir":"/private/var/folders/9v/733tfwtj2jvgwygmtrbwj9gm0000gn/T/kilo-e2e-ZPnvgH/workspace"}
[Kilo New][P0-Perf] {"corr":"d2181c65-d721-402a-a10f-d3578a4d15ed","stage":"sse.event","t":1786775194314,"d":22958,"surface":"extension","span":"end","dur":0,"eventType":"message.part.updated.1","dir":"/private/var/folders/9v/733tfwtj2jvgwygmtrbwj9gm0000gn/T/kilo-e2e-ZPnvgH/workspace"}
[Kilo New][P0-Perf] {"corr":"d2181c65-d721-402a-a10f-d3578a4d15ed","stage":"sse.event","t":1786775194314,"d":22958,"surface":"extension","span":"start","eventType":"message.updated","dir":"/private/var/folders/9v/733tfwtj2jvgwygmtrbwj9gm0000gn/T/kilo-e2e-ZPnvgH/workspace"}
[Kilo New][P0-Perf] {"corr":"d2181c65-d721-402a-a10f-d3578a4d15ed","stage":"sse.event","t":1786775194315,"d":22959,"surface":"extension","span":"end","dur":1,"eventType":"message.updated","dir":"/private/var/folders/9v/733tfwtj2jvgwygmtrbwj9gm0000gn/T/kilo-e2e-ZPnvgH/workspace"}
[Kilo New][P0-Perf] {"corr":"d2181c65-d721-402a-a10f-d3578a4d15ed","stage":"sse.event","t":1786775194315,"d":22959,"surface":"extension","span":"start","eventType":"message.updated.1","dir":"/private/var/folders/9v/733tfwtj2jvgwygmtrbwj9gm0000gn/T/kilo-e2e-ZPnvgH/workspace"}
[Kilo New][P0-Perf] {"corr":"d2181c65-d721-402a-a10f-d3578a4d15ed","stage":"sse.event","t":1786775194315,"d":22959,"surface":"extension","span":"end","dur":0,"eventType":"message.updated.1","dir":"/private/var/folders/9v/733tfwtj2jvgwygmtrbwj9gm0000gn/T/kilo-e2e-ZPnvgH/workspace"}
[AgentHost] No token resolved for resource: https://api.github.com
[AgentHost] No token resolved for resource: https://api.github.com/repos
[AgentHost] No token resolved for resource: https://api.github.com
[AgentHost] No token resolved for resource: https://api.github.com/repos
[Kilo New] ServerManager: ⚠️ CLI Server stderr: INFO  2026-08-15T06:26:36 +2454ms service=model-cache providerID=apertis refreshing models
[Kilo New] ServerManager: ⚠️ CLI Server stderr: INFO  2026-08-15T06:26:36 +63ms service=model-cache providerID=apertis count=0 models fetched and cached
[Kilo New] ServerManager: ⚠️ CLI Server stderr: INFO  2026-08-15T06:26:36 +119ms service=session.prompt session.id=ses_ffbe65b6affeWMAe9X7ERomdq3 step=1 loop
[Kilo New] ServerManager: ⚠️ CLI Server stderr: INFO  2026-08-15T06:26:36 +7ms service=p0-perf event=p0.mark stage=processor_entry ts=1786775196938 id=ses_ffbe65b6affeWMAe9X7ERomdq3 meta={"messageID":"msg_00419d507001rlB2M0QdjYW8pK","parentID":"msg_00419a466001esUIhqEdQxw3zl","model":"e2e-model","provider":"e2e-local"} processor_entry
[Kilo New][P0-Perf] {"corr":"d2181c65-d721-402a-a10f-d3578a4d15ed","stage":"sse.event","t":1786775196971,"d":25615,"surface":"extension","span":"start","eventType":"message.updated","dir":"/private/var/folders/9v/733tfwtj2jvgwygmtrbwj9gm0000gn/T/kilo-e2e-ZPnvgH/workspace"}
[Kilo New][P0-Perf] {"corr":"d2181c65-d721-402a-a10f-d3578a4d15ed","stage":"sse.event","t":1786775196971,"d":25615,"surface":"extension","span":"end","dur":0,"eventType":"message.updated","dir":"/private/var/folders/9v/733tfwtj2jvgwygmtrbwj9gm0000gn/T/kilo-e2e-ZPnvgH/workspace"}
[Kilo New][P0-Perf] {"corr":"d2181c65-d721-402a-a10f-d3578a4d15ed","stage":"sse.event","t":1786775196971,"d":25615,"surface":"extension","span":"start","eventType":"message.updated.1","dir":"/private/var/folders/9v/733tfwtj2jvgwygmtrbwj9gm0000gn/T/kilo-e2e-ZPnvgH/workspace"}
[Kilo New][P0-Perf] {"corr":"d2181c65-d721-402a-a10f-d3578a4d15ed","stage":"sse.event","t":1786775196972,"d":25616,"surface":"extension","span":"end","dur":1,"eventType":"message.updated.1","dir":"/private/var/folders/9v/733tfwtj2jvgwygmtrbwj9gm0000gn/T/kilo-e2e-ZPnvgH/workspace"}
[Kilo New][P0-Perf] {"corr":"d2181c65-d721-402a-a10f-d3578a4d15ed","stage":"sse.event","t":1786775196972,"d":25616,"surface":"extension","span":"start","eventType":"session.status","dir":"/private/var/folders/9v/733tfwtj2jvgwygmtrbwj9gm0000gn/T/kilo-e2e-ZPnvgH/workspace"}
[Kilo New][P0-Perf] {"corr":"d2181c65-d721-402a-a10f-d3578a4d15ed","stage":"sse.event","t":1786775196972,"d":25616,"surface":"extension","span":"end","dur":0,"eventType":"session.status","dir":"/private/var/folders/9v/733tfwtj2jvgwygmtrbwj9gm0000gn/T/kilo-e2e-ZPnvgH/workspace"}
[Kilo New][P0-Perf] {"corr":"d2181c65-d721-402a-a10f-d3578a4d15ed","stage":"sse.event","t":1786775196972,"d":25616,"surface":"extension","span":"start","eventType":"message.updated","dir":"/private/var/folders/9v/733tfwtj2jvgwygmtrbwj9gm0000gn/T/kilo-e2e-ZPnvgH/workspace"}
[Kilo New][P0-Perf] {"corr":"d2181c65-d721-402a-a10f-d3578a4d15ed","stage":"sse.event","t":1786775196972,"d":25616,"surface":"extension","span":"end","dur":0,"eventType":"message.updated","dir":"/private/var/folders/9v/733tfwtj2jvgwygmtrbwj9gm0000gn/T/kilo-e2e-ZPnvgH/workspace"}
[Kilo New][P0-Perf] {"corr":"d2181c65-d721-402a-a10f-d3578a4d15ed","stage":"sse.event","t":1786775196972,"d":25616,"surface":"extension","span":"start","eventType":"message.updated.1","dir":"/private/var/folders/9v/733tfwtj2jvgwygmtrbwj9gm0000gn/T/kilo-e2e-ZPnvgH/workspace"}
[Kilo New][P0-Perf] {"corr":"d2181c65-d721-402a-a10f-d3578a4d15ed","stage":"model.firstEvent","t":1786775196973,"d":25617,"surface":"extension","sessionID":"ses_ffbe65b6affeWMAe9X7ERomdq3","messageID":"msg_00419d507001rlB2M0QdjYW8pK","parentID":"msg_00419a466001esUIhqEdQxw3zl","dir":"/private/var/folders/9v/733tfwtj2jvgwygmtrbwj9gm0000gn/T/kilo-e2e-ZPnvgH/workspace"}
[Kilo New][P0-Perf] {"corr":"d2181c65-d721-402a-a10f-d3578a4d15ed","stage":"sse.event","t":1786775196973,"d":25617,"surface":"extension","span":"end","dur":1,"eventType":"message.updated.1","dir":"/private/var/folders/9v/733tfwtj2jvgwygmtrbwj9gm0000gn/T/kilo-e2e-ZPnvgH/workspace"}
[Kilo New][P0-Perf] {"corr":"d2181c65-d721-402a-a10f-d3578a4d15ed","stage":"sse.event","t":1786775197114,"d":25758,"surface":"extension","span":"start","eventType":"session.updated","dir":"/private/var/folders/9v/733tfwtj2jvgwygmtrbwj9gm0000gn/T/kilo-e2e-ZPnvgH/workspace"}
[Kilo New][P0-Perf] {"corr":"d2181c65-d721-402a-a10f-d3578a4d15ed","stage":"sse.event","t":1786775197114,"d":25758,"surface":"extension","span":"end","dur":0,"eventType":"session.updated","dir":"/private/var/folders/9v/733tfwtj2jvgwygmtrbwj9gm0000gn/T/kilo-e2e-ZPnvgH/workspace"}
[Kilo New][P0-Perf] {"corr":"d2181c65-d721-402a-a10f-d3578a4d15ed","stage":"sse.event","t":1786775197114,"d":25758,"surface":"extension","span":"start","eventType":"session.updated.1","dir":"/private/var/folders/9v/733tfwtj2jvgwygmtrbwj9gm0000gn/T/kilo-e2e-ZPnvgH/workspace"}
[Kilo New][P0-Perf] {"corr":"d2181c65-d721-402a-a10f-d3578a4d15ed","stage":"sse.event","t":1786775197114,"d":25758,"surface":"extension","span":"end","dur":0,"eventType":"session.updated.1","dir":"/private/var/folders/9v/733tfwtj2jvgwygmtrbwj9gm0000gn/T/kilo-e2e-ZPnvgH/workspace"}
[Kilo New][P0-Perf] {"corr":"d2181c65-d721-402a-a10f-d3578a4d15ed","stage":"sse.event","t":1786775197115,"d":25759,"surface":"extension","span":"start","eventType":"session.diff","dir":"/private/var/folders/9v/733tfwtj2jvgwygmtrbwj9gm0000gn/T/kilo-e2e-ZPnvgH/workspace"}
[Kilo New][P0-Perf] {"corr":"d2181c65-d721-402a-a10f-d3578a4d15ed","stage":"sse.event","t":1786775197115,"d":25759,"surface":"extension","span":"end","dur":0,"eventType":"session.diff","dir":"/private/var/folders/9v/733tfwtj2jvgwygmtrbwj9gm0000gn/T/kilo-e2e-ZPnvgH/workspace"}
[Kilo New][P0-Perf] {"corr":"d2181c65-d721-402a-a10f-d3578a4d15ed","stage":"sse.event","t":1786775197115,"d":25759,"surface":"extension","span":"start","eventType":"message.updated","dir":"/private/var/folders/9v/733tfwtj2jvgwygmtrbwj9gm0000gn/T/kilo-e2e-ZPnvgH/workspace"}
[Kilo New][P0-Perf] {"corr":"d2181c65-d721-402a-a10f-d3578a4d15ed","stage":"sse.event","t":1786775197115,"d":25759,"surface":"extension","span":"end","dur":0,"eventType":"message.updated","dir":"/private/var/folders/9v/733tfwtj2jvgwygmtrbwj9gm0000gn/T/kilo-e2e-ZPnvgH/workspace"}
[Kilo New][P0-Perf] {"corr":"d2181c65-d721-402a-a10f-d3578a4d15ed","stage":"sse.event","t":1786775197115,"d":25759,"surface":"extension","span":"start","eventType":"message.updated.1","dir":"/private/var/folders/9v/733tfwtj2jvgwygmtrbwj9gm0000gn/T/kilo-e2e-ZPnvgH/workspace"}
[Kilo New][P0-Perf] {"corr":"d2181c65-d721-402a-a10f-d3578a4d15ed","stage":"sse.event","t":1786775197115,"d":25759,"surface":"extension","span":"end","dur":0,"eventType":"message.updated.1","dir":"/private/var/folders/9v/733tfwtj2jvgwygmtrbwj9gm0000gn/T/kilo-e2e-ZPnvgH/workspace"}
[Kilo New][P0-Perf] {"corr":"d2181c65-d721-402a-a10f-d3578a4d15ed","stage":"sse.event","t":1786775197344,"d":25988,"surface":"extension","span":"start","eventType":"server.heartbeat"}
[Kilo New][P0-Perf] {"corr":"d2181c65-d721-402a-a10f-d3578a4d15ed","stage":"sse.event","t":1786775197344,"d":25988,"surface":"extension","span":"end","dur":0,"eventType":"server.heartbeat"}
[Kilo New] ServerManager: ⚠️ CLI Server stderr: INFO  2026-08-15T06:26:37 +499ms service=snapshot hash=ed682caf0e72b382e8fdace1f3d116e3344d08ef cwd=/private/var/folders/9v/733tfwtj2jvgwygmtrbwj9gm0000gn/T/kilo-e2e-ZPnvgH/workspace git=/var/folders/9v/733tfwtj2jvgwygmtrbwj9gm0000gn/T/kilo-e2e-ZPnvgH/xdg-data/kilo/snapshot/b289fb45de8da4fa44e139efaaf8b5478551cab5/9d6abdc242d21a47adc2bd681ec53d69051777f4 tracking
[Kilo New] ServerManager: ⚠️ CLI Server stderr: INFO  2026-08-15T06:26:37 +3ms service=session.tools status=started resolveTools
[Kilo New] ServerManager: ⚠️ CLI Server stderr: INFO  2026-08-15T06:26:37 +36ms service=tool.registry status=started invalid
[Kilo New] ServerManager: ⚠️ CLI Server stderr: INFO  2026-08-15T06:26:37 +0ms service=tool.registry status=completed duration=0 invalid
[Kilo New] ServerManager: ⚠️ CLI Server stderr: INFO  2026-08-15T06:26:37 +0ms service=tool.registry status=started question
[Kilo New] ServerManager: ⚠️ CLI Server stderr: INFO  2026-08-15T06:26:37 +0ms service=tool.registry status=completed duration=0 question
[Kilo New] ServerManager: ⚠️ CLI Server stderr: INFO  2026-08-15T06:26:37 +0ms service=tool.registry status=started bash
[Kilo New] ServerManager: ⚠️ CLI Server stderr: INFO  2026-08-15T06:26:37 +1ms service=tool.registry status=completed duration=1 bash
[Kilo New] ServerManager: ⚠️ CLI Server stderr: INFO  2026-08-15T06:26:37 +0ms service=tool.registry status=started read
[Kilo New] ServerManager: ⚠️ CLI Server stderr: INFO  2026-08-15T06:26:37 +0ms service=tool.registry status=completed duration=0 read
[Kilo New] ServerManager: ⚠️ CLI Server stderr: INFO  2026-08-15T06:26:37 +0ms service=tool.registry status=started glob
[Kilo New] ServerManager: ⚠️ CLI Server stderr: INFO  2026-08-15T06:26:37 +0ms service=tool.registry status=completed duration=0 glob
[Kilo New] ServerManager: ⚠️ CLI Server stderr: INFO  2026-08-15T06:26:37 +0ms service=tool.registry status=started grep
[Kilo New] ServerManager: ⚠️ CLI Server stderr: INFO  2026-08-15T06:26:37 +0ms service=tool.registry status=completed duration=0 grep
[Kilo New] ServerManager: ⚠️ CLI Server stderr: INFO  2026-08-15T06:26:37 +0ms service=tool.registry status=started edit
[Kilo New] ServerManager: ⚠️ CLI Server stderr: INFO  2026-08-15T06:26:37 +0ms service=tool.registry status=completed duration=0 edit
[Kilo New] ServerManager: ⚠️ CLI Server stderr: INFO  2026-08-15T06:26:37 +0ms service=tool.registry status=started write
[Kilo New] ServerManager: ⚠️ CLI Server stderr: INFO  2026-08-15T06:26:37 +0ms service=tool.registry status=completed duration=0 write
[Kilo New] ServerManager: ⚠️ CLI Server stderr: INFO  2026-08-15T06:26:37 +0ms service=tool.registry status=started task
[Kilo New] ServerManager: ⚠️ CLI Server stderr: INFO  2026-08-15T06:26:37 +1ms service=tool.registry status=completed duration=1 task
[Kilo New] ServerManager: ⚠️ CLI Server stderr: INFO  2026-08-15T06:26:37 +0ms service=tool.registry status=started webfetch
[Kilo New] ServerManager: ⚠️ CLI Server stderr: INFO  2026-08-15T06:26:37 +1ms service=tool.registry status=completed duration=0 webfetch
[Kilo New] ServerManager: ⚠️ CLI Server stderr: INFO  2026-08-15T06:26:37 +0ms service=tool.registry status=started todowrite
[Kilo New] ServerManager: ⚠️ CLI Server stderr: INFO  2026-08-15T06:26:37 +0ms service=tool.registry status=completed duration=0 todowrite
[Kilo New] ServerManager: ⚠️ CLI Server stderr: INFO  2026-08-15T06:26:37 +0ms service=tool.registry status=started skill
[Kilo New] ServerManager: ⚠️ CLI Server stderr: INFO  2026-08-15T06:26:37 +2ms service=tool.registry status=completed duration=2 skill
[Kilo New] ServerManager: ⚠️ CLI Server stderr: INFO  2026-08-15T06:26:37 +0ms service=tool.registry status=started plan_exit
[Kilo New] ServerManager: ⚠️ CLI Server stderr: INFO  2026-08-15T06:26:37 +0ms service=tool.registry status=completed duration=0 plan_exit
[Kilo New] ServerManager: ⚠️ CLI Server stderr: INFO  2026-08-15T06:26:37 +0ms service=tool.registry status=started kilo_local_recall
[Kilo New] ServerManager: ⚠️ CLI Server stderr: INFO  2026-08-15T06:26:37 +0ms service=tool.registry status=completed duration=0 kilo_local_recall
[Kilo New] ServerManager: ⚠️ CLI Server stderr: INFO  2026-08-15T06:26:37 +1ms service=tool.registry status=started background_process
[Kilo New] ServerManager: ⚠️ CLI Server stderr: INFO  2026-08-15T06:26:37 +1ms service=tool.registry status=completed duration=1 background_process
[Kilo New] ServerManager: ⚠️ CLI Server stderr: INFO  2026-08-15T06:26:37 +0ms service=tool.registry status=started agent_manager_models
[Kilo New] ServerManager: ⚠️ CLI Server stderr: INFO  2026-08-15T06:26:37 +1ms service=tool.registry status=completed duration=1 agent_manager_models
[Kilo New] ServerManager: ⚠️ CLI Server stderr: INFO  2026-08-15T06:26:37 +0ms service=tool.registry status=started agent_manager
[Kilo New] ServerManager: ⚠️ CLI Server stderr: INFO  2026-08-15T06:26:37 +0ms service=tool.registry status=completed duration=0 agent_manager
[Kilo New] ServerManager: ⚠️ CLI Server stderr: INFO  2026-08-15T06:26:37 +0ms service=tool.registry status=started e2e_marker
[Kilo New] ServerManager: ⚠️ CLI Server stderr: INFO  2026-08-15T06:26:37 +0ms service=tool.registry status=completed duration=0 e2e_marker
[Kilo New] ServerManager: ⚠️ CLI Server stderr: INFO  2026-08-15T06:26:37 +1ms service=session.tools status=completed duration=45 resolveTools
[Kilo New] ServerManager: ⚠️ CLI Server stderr: INFO  2026-08-15T06:26:37 +107ms service=session.processor session.id=ses_ffbe65b6affeWMAe9X7ERomdq3 messageID=msg_00419d507001rlB2M0QdjYW8pK process
[Kilo New] ServerManager: ⚠️ CLI Server stderr: INFO  2026-08-15T06:26:37 +6ms service=llm providerID=e2e-local modelID=e2e-model session.id=ses_ffbe65b6affeWMAe9X7ERomdq3 small=false agent=e2e-agent mode=primary stream
[Kilo New] ServerManager: ⚠️ CLI Server stderr: INFO  2026-08-15T06:26:37 +5ms service=default llm.runtime=ai-sdk llm.provider=e2e-local llm.model=e2e-model llm runtime selected
[Kilo New][P0-Perf] {"corr":"d2181c65-d721-402a-a10f-d3578a4d15ed","stage":"sse.event","t":1786775197617,"d":26261,"surface":"extension","span":"start","eventType":"session.status","dir":"/private/var/folders/9v/733tfwtj2jvgwygmtrbwj9gm0000gn/T/kilo-e2e-ZPnvgH/workspace"}
[Kilo New][P0-Perf] {"corr":"d2181c65-d721-402a-a10f-d3578a4d15ed","stage":"sse.event","t":1786775197618,"d":26262,"surface":"extension","span":"end","dur":1,"eventType":"session.status","dir":"/private/var/folders/9v/733tfwtj2jvgwygmtrbwj9gm0000gn/T/kilo-e2e-ZPnvgH/workspace"}
[Kilo New][P0-Perf] {"corr":"d2181c65-d721-402a-a10f-d3578a4d15ed","stage":"sse.event","t":1786775197648,"d":26292,"surface":"extension","span":"start","eventType":"message.part.updated","dir":"/private/var/folders/9v/733tfwtj2jvgwygmtrbwj9gm0000gn/T/kilo-e2e-ZPnvgH/workspace"}
[Kilo New][P0-Perf] {"corr":"d2181c65-d721-402a-a10f-d3578a4d15ed","stage":"sse.event","t":1786775197648,"d":26292,"surface":"extension","span":"end","dur":0,"eventType":"message.part.updated","dir":"/private/var/folders/9v/733tfwtj2jvgwygmtrbwj9gm0000gn/T/kilo-e2e-ZPnvgH/workspace"}
[Kilo New][P0-Perf] {"corr":"d2181c65-d721-402a-a10f-d3578a4d15ed","stage":"sse.event","t":1786775197648,"d":26292,"surface":"extension","span":"start","eventType":"message.part.updated.1","dir":"/private/var/folders/9v/733tfwtj2jvgwygmtrbwj9gm0000gn/T/kilo-e2e-ZPnvgH/workspace"}
[Kilo New][P0-Perf] {"corr":"d2181c65-d721-402a-a10f-d3578a4d15ed","stage":"sse.event","t":1786775197648,"d":26292,"surface":"extension","span":"end","dur":0,"eventType":"message.part.updated.1","dir":"/private/var/folders/9v/733tfwtj2jvgwygmtrbwj9gm0000gn/T/kilo-e2e-ZPnvgH/workspace"}
[Kilo New][P0-Perf] {"corr":"d2181c65-d721-402a-a10f-d3578a4d15ed","stage":"sse.event","t":1786775197648,"d":26292,"surface":"extension","span":"start","eventType":"message.part.updated","dir":"/private/var/folders/9v/733tfwtj2jvgwygmtrbwj9gm0000gn/T/kilo-e2e-ZPnvgH/workspace"}
[Kilo New][P0-Perf] {"corr":"d2181c65-d721-402a-a10f-d3578a4d15ed","stage":"sse.event","t":1786775197648,"d":26292,"surface":"extension","span":"end","dur":0,"eventType":"message.part.updated","dir":"/private/var/folders/9v/733tfwtj2jvgwygmtrbwj9gm0000gn/T/kilo-e2e-ZPnvgH/workspace"}
[Kilo New][P0-Perf] {"corr":"d2181c65-d721-402a-a10f-d3578a4d15ed","stage":"sse.event","t":1786775197648,"d":26292,"surface":"extension","span":"start","eventType":"message.part.updated.1","dir":"/private/var/folders/9v/733tfwtj2jvgwygmtrbwj9gm0000gn/T/kilo-e2e-ZPnvgH/workspace"}
[Kilo New][P0-Perf] {"corr":"d2181c65-d721-402a-a10f-d3578a4d15ed","stage":"sse.event","t":1786775197649,"d":26293,"surface":"extension","span":"end","dur":1,"eventType":"message.part.updated.1","dir":"/private/var/folders/9v/733tfwtj2jvgwygmtrbwj9gm0000gn/T/kilo-e2e-ZPnvgH/workspace"}
[Kilo New][P0-Perf] {"corr":"d2181c65-d721-402a-a10f-d3578a4d15ed","stage":"sse.event","t":1786775197649,"d":26293,"surface":"extension","span":"start","eventType":"message.part.delta","dir":"/private/var/folders/9v/733tfwtj2jvgwygmtrbwj9gm0000gn/T/kilo-e2e-ZPnvgH/workspace"}
[Kilo New][P0-Perf] {"corr":"d2181c65-d721-402a-a10f-d3578a4d15ed","stage":"sse.event","t":1786775197649,"d":26293,"surface":"extension","span":"end","dur":0,"eventType":"message.part.delta","dir":"/private/var/folders/9v/733tfwtj2jvgwygmtrbwj9gm0000gn/T/kilo-e2e-ZPnvgH/workspace"}
[Kilo New][P0-Perf] {"corr":"d2181c65-d721-402a-a10f-d3578a4d15ed","stage":"sse.event","t":1786775197649,"d":26293,"surface":"extension","span":"start","eventType":"message.part.updated","dir":"/private/var/folders/9v/733tfwtj2jvgwygmtrbwj9gm0000gn/T/kilo-e2e-ZPnvgH/workspace"}
[Kilo New][P0-Perf] {"corr":"d2181c65-d721-402a-a10f-d3578a4d15ed","stage":"sse.event","t":1786775197649,"d":26293,"surface":"extension","span":"end","dur":0,"eventType":"message.part.updated","dir":"/private/var/folders/9v/733tfwtj2jvgwygmtrbwj9gm0000gn/T/kilo-e2e-ZPnvgH/workspace"}
[Kilo New][P0-Perf] {"corr":"d2181c65-d721-402a-a10f-d3578a4d15ed","stage":"sse.event","t":1786775197649,"d":26293,"surface":"extension","span":"start","eventType":"message.part.updated.1","dir":"/private/var/folders/9v/733tfwtj2jvgwygmtrbwj9gm0000gn/T/kilo-e2e-ZPnvgH/workspace"}
[Kilo New][P0-Perf] {"corr":"d2181c65-d721-402a-a10f-d3578a4d15ed","stage":"sse.event","t":1786775197649,"d":26293,"surface":"extension","span":"end","dur":0,"eventType":"message.part.updated.1","dir":"/private/var/folders/9v/733tfwtj2jvgwygmtrbwj9gm0000gn/T/kilo-e2e-ZPnvgH/workspace"}
[Kilo New] ServerManager: ⚠️ CLI Server stderr: INFO  2026-08-15T06:26:37 +306ms service=snapshot hash=ed682caf0e72b382e8fdace1f3d116e3344d08ef cwd=/private/var/folders/9v/733tfwtj2jvgwygmtrbwj9gm0000gn/T/kilo-e2e-ZPnvgH/workspace git=/var/folders/9v/733tfwtj2jvgwygmtrbwj9gm0000gn/T/kilo-e2e-ZPnvgH/xdg-data/kilo/snapshot/b289fb45de8da4fa44e139efaaf8b5478551cab5/9d6abdc242d21a47adc2bd681ec53d69051777f4 tracking
[Kilo New][P0-Perf] {"corr":"d2181c65-d721-402a-a10f-d3578a4d15ed","stage":"sse.event","t":1786775197937,"d":26581,"surface":"extension","span":"start","eventType":"message.part.updated","dir":"/private/var/folders/9v/733tfwtj2jvgwygmtrbwj9gm0000gn/T/kilo-e2e-ZPnvgH/workspace"}
[Kilo New][P0-Perf] {"corr":"d2181c65-d721-402a-a10f-d3578a4d15ed","stage":"sse.event","t":1786775197938,"d":26582,"surface":"extension","span":"end","dur":1,"eventType":"message.part.updated","dir":"/private/var/folders/9v/733tfwtj2jvgwygmtrbwj9gm0000gn/T/kilo-e2e-ZPnvgH/workspace"}
[Kilo New][P0-Perf] {"corr":"d2181c65-d721-402a-a10f-d3578a4d15ed","stage":"sse.event","t":1786775197938,"d":26582,"surface":"extension","span":"start","eventType":"message.part.updated.1","dir":"/private/var/folders/9v/733tfwtj2jvgwygmtrbwj9gm0000gn/T/kilo-e2e-ZPnvgH/workspace"}
[Kilo New][P0-Perf] {"corr":"d2181c65-d721-402a-a10f-d3578a4d15ed","stage":"sse.event","t":1786775197938,"d":26582,"surface":"extension","span":"end","dur":0,"eventType":"message.part.updated.1","dir":"/private/var/folders/9v/733tfwtj2jvgwygmtrbwj9gm0000gn/T/kilo-e2e-ZPnvgH/workspace"}
[Kilo New][P0-Perf] {"corr":"d2181c65-d721-402a-a10f-d3578a4d15ed","stage":"sse.event","t":1786775197938,"d":26582,"surface":"extension","span":"start","eventType":"message.updated","dir":"/private/var/folders/9v/733tfwtj2jvgwygmtrbwj9gm0000gn/T/kilo-e2e-ZPnvgH/workspace"}
[Kilo New][P0-Perf] {"corr":"d2181c65-d721-402a-a10f-d3578a4d15ed","stage":"sse.event","t":1786775197938,"d":26582,"surface":"extension","span":"end","dur":0,"eventType":"message.updated","dir":"/private/var/folders/9v/733tfwtj2jvgwygmtrbwj9gm0000gn/T/kilo-e2e-ZPnvgH/workspace"}
[Kilo New][P0-Perf] {"corr":"d2181c65-d721-402a-a10f-d3578a4d15ed","stage":"sse.event","t":1786775197939,"d":26583,"surface":"extension","span":"start","eventType":"message.updated.1","dir":"/private/var/folders/9v/733tfwtj2jvgwygmtrbwj9gm0000gn/T/kilo-e2e-ZPnvgH/workspace"}
[Kilo New][P0-Perf] {"corr":"d2181c65-d721-402a-a10f-d3578a4d15ed","stage":"sse.event","t":1786775197939,"d":26583,"surface":"extension","span":"end","dur":0,"eventType":"message.updated.1","dir":"/private/var/folders/9v/733tfwtj2jvgwygmtrbwj9gm0000gn/T/kilo-e2e-ZPnvgH/workspace"}
[Kilo New] ServerManager: ⚠️ CLI Server stderr: INFO  2026-08-15T06:26:38 +302ms service=session.prompt session.id=ses_ffbe65b6affeWMAe9X7ERomdq3 step=2 loop
[Kilo New] ServerManager: ⚠️ CLI Server stderr: INFO  2026-08-15T06:26:38 +2ms service=session.prompt session.id=ses_ffbe65b6affeWMAe9X7ERomdq3 exiting loop
[Kilo New] ServerManager: ⚠️ CLI Server stderr: INFO  2026-08-15T06:26:38 +3ms service=bus type=session.turn.close publishing
[Kilo New][P0-Perf] {"corr":"d2181c65-d721-402a-a10f-d3578a4d15ed","stage":"sse.event","t":1786775198228,"d":26872,"surface":"extension","span":"start","eventType":"message.updated","dir":"/private/var/folders/9v/733tfwtj2jvgwygmtrbwj9gm0000gn/T/kilo-e2e-ZPnvgH/workspace"}
[Kilo New][P0-Perf] {"corr":"d2181c65-d721-402a-a10f-d3578a4d15ed","stage":"sse.event","t":1786775198229,"d":26873,"surface":"extension","span":"end","dur":1,"eventType":"message.updated","dir":"/private/var/folders/9v/733tfwtj2jvgwygmtrbwj9gm0000gn/T/kilo-e2e-ZPnvgH/workspace"}
[Kilo New][P0-Perf] {"corr":"d2181c65-d721-402a-a10f-d3578a4d15ed","stage":"sse.event","t":1786775198229,"d":26873,"surface":"extension","span":"start","eventType":"message.updated.1","dir":"/private/var/folders/9v/733tfwtj2jvgwygmtrbwj9gm0000gn/T/kilo-e2e-ZPnvgH/workspace"}
[Kilo New][P0-Perf] {"corr":"d2181c65-d721-402a-a10f-d3578a4d15ed","stage":"sse.event","t":1786775198229,"d":26873,"surface":"extension","span":"end","dur":0,"eventType":"message.updated.1","dir":"/private/var/folders/9v/733tfwtj2jvgwygmtrbwj9gm0000gn/T/kilo-e2e-ZPnvgH/workspace"}
[Kilo New][P0-Perf] {"corr":"d2181c65-d721-402a-a10f-d3578a4d15ed","stage":"sse.event","t":1786775198229,"d":26873,"surface":"extension","span":"start","eventType":"session.status","dir":"/private/var/folders/9v/733tfwtj2jvgwygmtrbwj9gm0000gn/T/kilo-e2e-ZPnvgH/workspace"}
[Kilo New][P0-Perf] {"corr":"d2181c65-d721-402a-a10f-d3578a4d15ed","stage":"sse.event","t":1786775198229,"d":26873,"surface":"extension","span":"end","dur":0,"eventType":"session.status","dir":"/private/var/folders/9v/733tfwtj2jvgwygmtrbwj9gm0000gn/T/kilo-e2e-ZPnvgH/workspace"}
[Kilo New][P0-Perf] {"corr":"d2181c65-d721-402a-a10f-d3578a4d15ed","stage":"sse.event","t":1786775198230,"d":26874,"surface":"extension","span":"start","eventType":"session.status","dir":"/private/var/folders/9v/733tfwtj2jvgwygmtrbwj9gm0000gn/T/kilo-e2e-ZPnvgH/workspace"}
[Kilo New][P0-Perf] {"corr":"d2181c65-d721-402a-a10f-d3578a4d15ed","stage":"sse.event","t":1786775198230,"d":26874,"surface":"extension","span":"end","dur":0,"eventType":"session.status","dir":"/private/var/folders/9v/733tfwtj2jvgwygmtrbwj9gm0000gn/T/kilo-e2e-ZPnvgH/workspace"}
[Kilo New][P0-Perf] {"corr":"d2181c65-d721-402a-a10f-d3578a4d15ed","stage":"sse.event","t":1786775198230,"d":26874,"surface":"extension","span":"start","eventType":"session.idle","dir":"/private/var/folders/9v/733tfwtj2jvgwygmtrbwj9gm0000gn/T/kilo-e2e-ZPnvgH/workspace"}
[Kilo New][P0-Perf] {"corr":"d2181c65-d721-402a-a10f-d3578a4d15ed","stage":"sse.event","t":1786775198231,"d":26875,"surface":"extension","span":"end","dur":1,"eventType":"session.idle","dir":"/private/var/folders/9v/733tfwtj2jvgwygmtrbwj9gm0000gn/T/kilo-e2e-ZPnvgH/workspace"}
[Kilo New][P0-Perf] {"corr":"d2181c65-d721-402a-a10f-d3578a4d15ed","stage":"sse.event","t":1786775198231,"d":26875,"surface":"extension","span":"start","eventType":"session.turn.close","dir":"/private/var/folders/9v/733tfwtj2jvgwygmtrbwj9gm0000gn/T/kilo-e2e-ZPnvgH/workspace"}
[Kilo New][P0-Perf] {"corr":"d2181c65-d721-402a-a10f-d3578a4d15ed","stage":"sse.event","t":1786775198231,"d":26875,"surface":"extension","span":"end","dur":0,"eventType":"session.turn.close","dir":"/private/var/folders/9v/733tfwtj2jvgwygmtrbwj9gm0000gn/T/kilo-e2e-ZPnvgH/workspace"}
[Kilo New][P0-Perf] {"corr":"d2181c65-d721-402a-a10f-d3578a4d15ed","stage":"sse.event","t":1786775198276,"d":26920,"surface":"extension","span":"start","eventType":"session.updated","dir":"/private/var/folders/9v/733tfwtj2jvgwygmtrbwj9gm0000gn/T/kilo-e2e-ZPnvgH/workspace"}
[Kilo New][P0-Perf] {"corr":"d2181c65-d721-402a-a10f-d3578a4d15ed","stage":"sse.event","t":1786775198276,"d":26920,"surface":"extension","span":"end","dur":0,"eventType":"session.updated","dir":"/private/var/folders/9v/733tfwtj2jvgwygmtrbwj9gm0000gn/T/kilo-e2e-ZPnvgH/workspace"}
[Kilo New][P0-Perf] {"corr":"d2181c65-d721-402a-a10f-d3578a4d15ed","stage":"sse.event","t":1786775198276,"d":26920,"surface":"extension","span":"start","eventType":"session.updated.1","dir":"/private/var/folders/9v/733tfwtj2jvgwygmtrbwj9gm0000gn/T/kilo-e2e-ZPnvgH/workspace"}
[Kilo New][P0-Perf] {"corr":"d2181c65-d721-402a-a10f-d3578a4d15ed","stage":"sse.event","t":1786775198276,"d":26920,"surface":"extension","span":"end","dur":0,"eventType":"session.updated.1","dir":"/private/var/folders/9v/733tfwtj2jvgwygmtrbwj9gm0000gn/T/kilo-e2e-ZPnvgH/workspace"}
[Kilo New] ServerManager: ⚠️ CLI Server stderr: INFO  2026-08-15T06:26:39 +926ms service=model-cache providerID=apertis refreshing models
[Kilo New][P0-Perf] {"corr":"d2181c65-d721-402a-a10f-d3578a4d15ed","stage":"sse.event","t":1786775199143,"d":27787,"surface":"extension","span":"start","eventType":"session.diff","dir":"/private/var/folders/9v/733tfwtj2jvgwygmtrbwj9gm0000gn/T/kilo-e2e-ZPnvgH/workspace"}
[Kilo New][P0-Perf] {"corr":"d2181c65-d721-402a-a10f-d3578a4d15ed","stage":"sse.event","t":1786775199143,"d":27787,"surface":"extension","span":"end","dur":0,"eventType":"session.diff","dir":"/private/var/folders/9v/733tfwtj2jvgwygmtrbwj9gm0000gn/T/kilo-e2e-ZPnvgH/workspace"}
[Kilo New][P0-Perf] {"corr":"d2181c65-d721-402a-a10f-d3578a4d15ed","stage":"sse.event","t":1786775199143,"d":27787,"surface":"extension","span":"start","eventType":"message.updated","dir":"/private/var/folders/9v/733tfwtj2jvgwygmtrbwj9gm0000gn/T/kilo-e2e-ZPnvgH/workspace"}
[Kilo New][P0-Perf] {"corr":"d2181c65-d721-402a-a10f-d3578a4d15ed","stage":"sse.event","t":1786775199144,"d":27788,"surface":"extension","span":"end","dur":1,"eventType":"message.updated","dir":"/private/var/folders/9v/733tfwtj2jvgwygmtrbwj9gm0000gn/T/kilo-e2e-ZPnvgH/workspace"}
[Kilo New][P0-Perf] {"corr":"d2181c65-d721-402a-a10f-d3578a4d15ed","stage":"sse.event","t":1786775199144,"d":27788,"surface":"extension","span":"start","eventType":"message.updated.1","dir":"/private/var/folders/9v/733tfwtj2jvgwygmtrbwj9gm0000gn/T/kilo-e2e-ZPnvgH/workspace"}
[Kilo New][P0-Perf] {"corr":"d2181c65-d721-402a-a10f-d3578a4d15ed","stage":"sse.event","t":1786775199144,"d":27788,"surface":"extension","span":"end","dur":0,"eventType":"message.updated.1","dir":"/private/var/folders/9v/733tfwtj2jvgwygmtrbwj9gm0000gn/T/kilo-e2e-ZPnvgH/workspace"}
[Kilo New] ServerManager: ⚠️ CLI Server stderr: INFO  2026-08-15T06:26:39 +5ms service=model-cache providerID=apertis count=0 models fetched and cached
[Kilo New] ServerManager: ⚠️ CLI Server stderr: INFO  2026-08-15T06:26:40 +1770ms service=model-cache providerID=apertis refreshing models
[Kilo New] ServerManager: ⚠️ CLI Server stderr: INFO  2026-08-15T06:26:40 +29ms service=model-cache providerID=apertis count=0 models fetched and cached
[probe] PASS H-2 delegation: backend child + completed task result in the parent (attempt 1)
[probe] H-2 root=ses_ffbe65b6affeWMAe9X7ERomdq3 child=ses_ffbe644cfffeVzsT19uQV3hmQN
[probe] PASS H-2 panel shows the completed-turn text: transcript text present
[probe] PASS H-2 panel renders the child-open button (task linkage)
[Kilo New][P0-Perf] {"corr":"d2181c65-d721-402a-a10f-d3578a4d15ed","stage":"prompt.submit","t":1786775202225,"d":30869,"surface":"extension","sessionID":"ses_ffbe65b6affeWMAe9X7ERomdq3","messageID":"msg_00419e994001pyZtCcgbg7l56J","dir":"/var/folders/9v/733tfwtj2jvgwygmtrbwj9gm0000gn/T/kilo-e2e-ZPnvgH/workspace"}
[probe] sent prompt via real prompt input: E2E_USER_TOOL: call the user-defined tool
[Kilo New] ServerManager: ⚠️ CLI Server stderr: INFO  2026-08-15T06:26:42 +1342ms service=bus type=session.turn.open publishing
[Kilo New] ServerManager: ⚠️ CLI Server stderr: INFO  2026-08-15T06:26:42 +4ms service=session.prompt session.id=ses_ffbe65b6affeWMAe9X7ERomdq3 step=0 loop
[Kilo New] ServerManager: ⚠️ CLI Server stderr: INFO  2026-08-15T06:26:42 +7ms service=p0-perf event=p0.mark stage=processor_entry ts=1786775202299 id=ses_ffbe65b6affeWMAe9X7ERomdq3 meta={"messageID":"msg_00419e9f70016iM3OyZiAaufbL","parentID":"msg_00419e994001pyZtCcgbg7l56J","model":"e2e-model","provider":"e2e-local"} processor_entry
[Kilo New][P0-Perf] {"corr":"d2181c65-d721-402a-a10f-d3578a4d15ed","stage":"sse.event","t":1786775202300,"d":30944,"surface":"extension","span":"start","eventType":"message.updated","dir":"/private/var/folders/9v/733tfwtj2jvgwygmtrbwj9gm0000gn/T/kilo-e2e-ZPnvgH/workspace"}
[Kilo New][P0-Perf] {"corr":"d2181c65-d721-402a-a10f-d3578a4d15ed","stage":"sse.event","t":1786775202301,"d":30945,"surface":"extension","span":"end","dur":1,"eventType":"message.updated","dir":"/private/var/folders/9v/733tfwtj2jvgwygmtrbwj9gm0000gn/T/kilo-e2e-ZPnvgH/workspace"}
[Kilo New][P0-Perf] {"corr":"d2181c65-d721-402a-a10f-d3578a4d15ed","stage":"sse.event","t":1786775202301,"d":30945,"surface":"extension","span":"start","eventType":"message.updated.1","dir":"/private/var/folders/9v/733tfwtj2jvgwygmtrbwj9gm0000gn/T/kilo-e2e-ZPnvgH/workspace"}
[Kilo New][P0-Perf] {"corr":"d2181c65-d721-402a-a10f-d3578a4d15ed","stage":"sse.event","t":1786775202301,"d":30945,"surface":"extension","span":"end","dur":0,"eventType":"message.updated.1","dir":"/private/var/folders/9v/733tfwtj2jvgwygmtrbwj9gm0000gn/T/kilo-e2e-ZPnvgH/workspace"}
[Kilo New][P0-Perf] {"corr":"d2181c65-d721-402a-a10f-d3578a4d15ed","stage":"sse.event","t":1786775202301,"d":30945,"surface":"extension","span":"start","eventType":"message.part.updated","dir":"/private/var/folders/9v/733tfwtj2jvgwygmtrbwj9gm0000gn/T/kilo-e2e-ZPnvgH/workspace"}
[Kilo New][P0-Perf] {"corr":"d2181c65-d721-402a-a10f-d3578a4d15ed","stage":"sse.event","t":1786775202301,"d":30945,"surface":"extension","span":"end","dur":0,"eventType":"message.part.updated","dir":"/private/var/folders/9v/733tfwtj2jvgwygmtrbwj9gm0000gn/T/kilo-e2e-ZPnvgH/workspace"}
[Kilo New][P0-Perf] {"corr":"d2181c65-d721-402a-a10f-d3578a4d15ed","stage":"sse.event","t":1786775202301,"d":30945,"surface":"extension","span":"start","eventType":"message.part.updated.1","dir":"/private/var/folders/9v/733tfwtj2jvgwygmtrbwj9gm0000gn/T/kilo-e2e-ZPnvgH/workspace"}
[Kilo New][P0-Perf] {"corr":"d2181c65-d721-402a-a10f-d3578a4d15ed","stage":"sse.event","t":1786775202301,"d":30945,"surface":"extension","span":"end","dur":0,"eventType":"message.part.updated.1","dir":"/private/var/folders/9v/733tfwtj2jvgwygmtrbwj9gm0000gn/T/kilo-e2e-ZPnvgH/workspace"}
[Kilo New][P0-Perf] {"corr":"d2181c65-d721-402a-a10f-d3578a4d15ed","stage":"sse.event","t":1786775202302,"d":30946,"surface":"extension","span":"start","eventType":"session.updated","dir":"/private/var/folders/9v/733tfwtj2jvgwygmtrbwj9gm0000gn/T/kilo-e2e-ZPnvgH/workspace"}
[Kilo New][P0-Perf] {"corr":"d2181c65-d721-402a-a10f-d3578a4d15ed","stage":"sse.event","t":1786775202302,"d":30946,"surface":"extension","span":"end","dur":0,"eventType":"session.updated","dir":"/private/var/folders/9v/733tfwtj2jvgwygmtrbwj9gm0000gn/T/kilo-e2e-ZPnvgH/workspace"}
[Kilo New][P0-Perf] {"corr":"d2181c65-d721-402a-a10f-d3578a4d15ed","stage":"sse.event","t":1786775202302,"d":30946,"surface":"extension","span":"start","eventType":"session.updated.1","dir":"/private/var/folders/9v/733tfwtj2jvgwygmtrbwj9gm0000gn/T/kilo-e2e-ZPnvgH/workspace"}
[Kilo New][P0-Perf] {"corr":"d2181c65-d721-402a-a10f-d3578a4d15ed","stage":"sse.event","t":1786775202302,"d":30946,"surface":"extension","span":"end","dur":0,"eventType":"session.updated.1","dir":"/private/var/folders/9v/733tfwtj2jvgwygmtrbwj9gm0000gn/T/kilo-e2e-ZPnvgH/workspace"}
[Kilo New][P0-Perf] {"corr":"d2181c65-d721-402a-a10f-d3578a4d15ed","stage":"sse.event","t":1786775202302,"d":30946,"surface":"extension","span":"start","eventType":"session.turn.open","dir":"/private/var/folders/9v/733tfwtj2jvgwygmtrbwj9gm0000gn/T/kilo-e2e-ZPnvgH/workspace"}
[Kilo New][P0-Perf] {"corr":"d2181c65-d721-402a-a10f-d3578a4d15ed","stage":"sse.event","t":1786775202302,"d":30946,"surface":"extension","span":"end","dur":0,"eventType":"session.turn.open","dir":"/private/var/folders/9v/733tfwtj2jvgwygmtrbwj9gm0000gn/T/kilo-e2e-ZPnvgH/workspace"}
[Kilo New][P0-Perf] {"corr":"d2181c65-d721-402a-a10f-d3578a4d15ed","stage":"sse.event","t":1786775202306,"d":30950,"surface":"extension","span":"start","eventType":"session.status","dir":"/private/var/folders/9v/733tfwtj2jvgwygmtrbwj9gm0000gn/T/kilo-e2e-ZPnvgH/workspace"}
[Kilo New][P0-Perf] {"corr":"d2181c65-d721-402a-a10f-d3578a4d15ed","stage":"sse.event","t":1786775202307,"d":30951,"surface":"extension","span":"end","dur":1,"eventType":"session.status","dir":"/private/var/folders/9v/733tfwtj2jvgwygmtrbwj9gm0000gn/T/kilo-e2e-ZPnvgH/workspace"}
[Kilo New][P0-Perf] {"corr":"d2181c65-d721-402a-a10f-d3578a4d15ed","stage":"sse.event","t":1786775202307,"d":30951,"surface":"extension","span":"start","eventType":"message.updated","dir":"/private/var/folders/9v/733tfwtj2jvgwygmtrbwj9gm0000gn/T/kilo-e2e-ZPnvgH/workspace"}
[Kilo New][P0-Perf] {"corr":"d2181c65-d721-402a-a10f-d3578a4d15ed","stage":"sse.event","t":1786775202308,"d":30952,"surface":"extension","span":"end","dur":1,"eventType":"message.updated","dir":"/private/var/folders/9v/733tfwtj2jvgwygmtrbwj9gm0000gn/T/kilo-e2e-ZPnvgH/workspace"}
[Kilo New][P0-Perf] {"corr":"d2181c65-d721-402a-a10f-d3578a4d15ed","stage":"sse.event","t":1786775202308,"d":30952,"surface":"extension","span":"start","eventType":"message.updated.1","dir":"/private/var/folders/9v/733tfwtj2jvgwygmtrbwj9gm0000gn/T/kilo-e2e-ZPnvgH/workspace"}
[Kilo New][P0-Perf] {"corr":"d2181c65-d721-402a-a10f-d3578a4d15ed","stage":"model.firstEvent","t":1786775202308,"d":30952,"surface":"extension","sessionID":"ses_ffbe65b6affeWMAe9X7ERomdq3","messageID":"msg_00419e9f70016iM3OyZiAaufbL","parentID":"msg_00419e994001pyZtCcgbg7l56J","dir":"/private/var/folders/9v/733tfwtj2jvgwygmtrbwj9gm0000gn/T/kilo-e2e-ZPnvgH/workspace"}
[Kilo New][P0-Perf] {"corr":"d2181c65-d721-402a-a10f-d3578a4d15ed","stage":"sse.event","t":1786775202308,"d":30952,"surface":"extension","span":"end","dur":0,"eventType":"message.updated.1","dir":"/private/var/folders/9v/733tfwtj2jvgwygmtrbwj9gm0000gn/T/kilo-e2e-ZPnvgH/workspace"}
[Kilo New] ServerManager: ⚠️ CLI Server stderr: INFO  2026-08-15T06:26:44 +1841ms service=model-cache providerID=apertis refreshing models
[Kilo New] ServerManager: ⚠️ CLI Server stderr: INFO  2026-08-15T06:26:44 +14ms service=snapshot hash=ed682caf0e72b382e8fdace1f3d116e3344d08ef cwd=/private/var/folders/9v/733tfwtj2jvgwygmtrbwj9gm0000gn/T/kilo-e2e-ZPnvgH/workspace git=/var/folders/9v/733tfwtj2jvgwygmtrbwj9gm0000gn/T/kilo-e2e-ZPnvgH/xdg-data/kilo/snapshot/b289fb45de8da4fa44e139efaaf8b5478551cab5/9d6abdc242d21a47adc2bd681ec53d69051777f4 tracking
[Kilo New] ServerManager: ⚠️ CLI Server stderr: INFO  2026-08-15T06:26:44 +31ms service=model-cache providerID=apertis count=0 models fetched and cached
[Kilo New][P0-Perf] {"corr":"d2181c65-d721-402a-a10f-d3578a4d15ed","stage":"sse.event","t":1786775204186,"d":32830,"surface":"extension","span":"start","eventType":"message.part.updated","dir":"/private/var/folders/9v/733tfwtj2jvgwygmtrbwj9gm0000gn/T/kilo-e2e-ZPnvgH/workspace"}
[Kilo New][P0-Perf] {"corr":"d2181c65-d721-402a-a10f-d3578a4d15ed","stage":"sse.event","t":1786775204186,"d":32830,"surface":"extension","span":"end","dur":0,"eventType":"message.part.updated","dir":"/private/var/folders/9v/733tfwtj2jvgwygmtrbwj9gm0000gn/T/kilo-e2e-ZPnvgH/workspace"}
[Kilo New][P0-Perf] {"corr":"d2181c65-d721-402a-a10f-d3578a4d15ed","stage":"sse.event","t":1786775204187,"d":32831,"surface":"extension","span":"start","eventType":"message.part.updated.1","dir":"/private/var/folders/9v/733tfwtj2jvgwygmtrbwj9gm0000gn/T/kilo-e2e-ZPnvgH/workspace"}
[Kilo New][P0-Perf] {"corr":"d2181c65-d721-402a-a10f-d3578a4d15ed","stage":"sse.event","t":1786775204187,"d":32831,"surface":"extension","span":"end","dur":0,"eventType":"message.part.updated.1","dir":"/private/var/folders/9v/733tfwtj2jvgwygmtrbwj9gm0000gn/T/kilo-e2e-ZPnvgH/workspace"}
[Kilo New] ServerManager: ⚠️ CLI Server stderr: INFO  2026-08-15T06:26:44 +34ms service=session.tools status=started resolveTools
[Kilo New][P0-Perf] {"corr":"d2181c65-d721-402a-a10f-d3578a4d15ed","stage":"sse.event","t":1786775204228,"d":32872,"surface":"extension","span":"start","eventType":"message.part.removed","dir":"/private/var/folders/9v/733tfwtj2jvgwygmtrbwj9gm0000gn/T/kilo-e2e-ZPnvgH/workspace"}
[Kilo New][P0-Perf] {"corr":"d2181c65-d721-402a-a10f-d3578a4d15ed","stage":"sse.event","t":1786775204229,"d":32873,"surface":"extension","span":"end","dur":1,"eventType":"message.part.removed","dir":"/private/var/folders/9v/733tfwtj2jvgwygmtrbwj9gm0000gn/T/kilo-e2e-ZPnvgH/workspace"}
[Kilo New][P0-Perf] {"corr":"d2181c65-d721-402a-a10f-d3578a4d15ed","stage":"sse.event","t":1786775204229,"d":32873,"surface":"extension","span":"start","eventType":"message.part.removed.1","dir":"/private/var/folders/9v/733tfwtj2jvgwygmtrbwj9gm0000gn/T/kilo-e2e-ZPnvgH/workspace"}
[Kilo New][P0-Perf] {"corr":"d2181c65-d721-402a-a10f-d3578a4d15ed","stage":"sse.event","t":1786775204229,"d":32873,"surface":"extension","span":"end","dur":0,"eventType":"message.part.removed.1","dir":"/private/var/folders/9v/733tfwtj2jvgwygmtrbwj9gm0000gn/T/kilo-e2e-ZPnvgH/workspace"}
[Kilo New] ServerManager: ⚠️ CLI Server stderr: INFO  2026-08-15T06:26:44 +307ms service=tool.registry status=started invalid
[Kilo New] ServerManager: ⚠️ CLI Server stderr: INFO  2026-08-15T06:26:44 +0ms service=tool.registry status=completed duration=1 invalid
[Kilo New] ServerManager: ⚠️ CLI Server stderr: INFO  2026-08-15T06:26:44 +0ms service=tool.registry status=started question
[Kilo New] ServerManager: ⚠️ CLI Server stderr: INFO  2026-08-15T06:26:44 +0ms service=tool.registry status=completed duration=0 question
[Kilo New] ServerManager: ⚠️ CLI Server stderr: INFO  2026-08-15T06:26:44 +0ms service=tool.registry status=started bash
[Kilo New] ServerManager: ⚠️ CLI Server stderr: INFO  2026-08-15T06:26:44 +0ms service=tool.registry status=completed duration=0 bash
[Kilo New] ServerManager: ⚠️ CLI Server stderr: INFO  2026-08-15T06:26:44 +0ms service=tool.registry status=started read
[Kilo New] ServerManager: ⚠️ CLI Server stderr: INFO  2026-08-15T06:26:44 +1ms service=tool.registry status=completed duration=1 read
[Kilo New] ServerManager: ⚠️ CLI Server stderr: INFO  2026-08-15T06:26:44 +0ms service=tool.registry status=started glob
[Kilo New] ServerManager: ⚠️ CLI Server stderr: INFO  2026-08-15T06:26:44 +0ms service=tool.registry status=completed duration=0 glob
[Kilo New] ServerManager: ⚠️ CLI Server stderr: INFO  2026-08-15T06:26:44 +0ms service=tool.registry status=started grep
[Kilo New] ServerManager: ⚠️ CLI Server stderr: INFO  2026-08-15T06:26:44 +0ms service=tool.registry status=completed duration=0 grep
[Kilo New] ServerManager: ⚠️ CLI Server stderr: INFO  2026-08-15T06:26:44 +1ms service=tool.registry status=started edit
[Kilo New] ServerManager: ⚠️ CLI Server stderr: INFO  2026-08-15T06:26:44 +0ms service=tool.registry status=completed duration=1 edit
[Kilo New] ServerManager: ⚠️ CLI Server stderr: INFO  2026-08-15T06:26:44 +0ms service=tool.registry status=started write
[Kilo New] ServerManager: ⚠️ CLI Server stderr: INFO  2026-08-15T06:26:44 +0ms service=tool.registry status=completed duration=0 write
[Kilo New] ServerManager: ⚠️ CLI Server stderr: INFO  2026-08-15T06:26:44 +0ms service=tool.registry status=started task
[Kilo New] ServerManager: ⚠️ CLI Server stderr: INFO  2026-08-15T06:26:44 +1ms service=tool.registry status=completed duration=1 task
[Kilo New] ServerManager: ⚠️ CLI Server stderr: INFO  2026-08-15T06:26:44 +0ms service=tool.registry status=started webfetch
[Kilo New] ServerManager: ⚠️ CLI Server stderr: INFO  2026-08-15T06:26:44 +0ms service=tool.registry status=completed duration=0 webfetch
[Kilo New] ServerManager: ⚠️ CLI Server stderr: INFO  2026-08-15T06:26:44 +0ms service=tool.registry status=started todowrite
[Kilo New] ServerManager: ⚠️ CLI Server stderr: INFO  2026-08-15T06:26:44 +1ms service=tool.registry status=completed duration=1 todowrite
[Kilo New] ServerManager: ⚠️ CLI Server stderr: INFO  2026-08-15T06:26:44 +0ms service=tool.registry status=started skill
[Kilo New] ServerManager: ⚠️ CLI Server stderr: INFO  2026-08-15T06:26:44 +0ms service=tool.registry status=completed duration=0 skill
[Kilo New] ServerManager: ⚠️ CLI Server stderr: INFO  2026-08-15T06:26:44 +0ms service=tool.registry status=started plan_exit
[Kilo New] ServerManager: ⚠️ CLI Server stderr: INFO  2026-08-15T06:26:44 +0ms service=tool.registry status=completed duration=0 plan_exit
[Kilo New] ServerManager: ⚠️ CLI Server stderr: INFO  2026-08-15T06:26:44 +0ms service=tool.registry status=started kilo_local_recall
[Kilo New] ServerManager: ⚠️ CLI Server stderr: INFO  2026-08-15T06:26:44 +1ms service=tool.registry status=completed duration=1 kilo_local_recall
[Kilo New] ServerManager: ⚠️ CLI Server stderr: INFO  2026-08-15T06:26:44 +0ms service=tool.registry status=started background_process
[Kilo New] ServerManager: ⚠️ CLI Server stderr: INFO  2026-08-15T06:26:44 +0ms service=tool.registry status=completed duration=0 background_process
[Kilo New] ServerManager: ⚠️ CLI Server stderr: INFO  2026-08-15T06:26:44 +0ms service=tool.registry status=started agent_manager_models
[Kilo New] ServerManager: ⚠️ CLI Server stderr: INFO  2026-08-15T06:26:44 +0ms service=tool.registry status=completed duration=0 agent_manager_models
[Kilo New] ServerManager: ⚠️ CLI Server stderr: INFO  2026-08-15T06:26:44 +0ms service=tool.registry status=started agent_manager
[Kilo New] ServerManager: ⚠️ CLI Server stderr: INFO  2026-08-15T06:26:44 +0ms service=tool.registry status=completed duration=0 agent_manager
[Kilo New] ServerManager: ⚠️ CLI Server stderr: INFO  2026-08-15T06:26:44 +0ms service=tool.registry status=started e2e_marker
[Kilo New] ServerManager: ⚠️ CLI Server stderr: INFO  2026-08-15T06:26:44 +0ms service=tool.registry status=completed duration=0 e2e_marker
[Kilo New] ServerManager: ⚠️ CLI Server stderr: INFO  2026-08-15T06:26:44 +1ms service=session.tools status=completed duration=313 resolveTools
[Kilo New] ServerManager: ⚠️ CLI Server stderr: INFO  2026-08-15T06:26:44 +128ms service=session.processor session.id=ses_ffbe65b6affeWMAe9X7ERomdq3 messageID=msg_00419e9f70016iM3OyZiAaufbL process
[Kilo New] ServerManager: ⚠️ CLI Server stderr: INFO  2026-08-15T06:26:44 +11ms service=llm providerID=e2e-local modelID=e2e-model session.id=ses_ffbe65b6affeWMAe9X7ERomdq3 small=false agent=e2e-agent mode=primary stream
[Kilo New] ServerManager: ⚠️ CLI Server stderr: INFO  2026-08-15T06:26:44 +9ms service=default llm.runtime=ai-sdk llm.provider=e2e-local llm.model=e2e-model llm runtime selected
[Kilo New][P0-Perf] {"corr":"d2181c65-d721-402a-a10f-d3578a4d15ed","stage":"sse.event","t":1786775204688,"d":33332,"surface":"extension","span":"start","eventType":"session.updated","dir":"/private/var/folders/9v/733tfwtj2jvgwygmtrbwj9gm0000gn/T/kilo-e2e-ZPnvgH/workspace"}
[Kilo New][P0-Perf] {"corr":"d2181c65-d721-402a-a10f-d3578a4d15ed","stage":"sse.event","t":1786775204688,"d":33332,"surface":"extension","span":"end","dur":0,"eventType":"session.updated","dir":"/private/var/folders/9v/733tfwtj2jvgwygmtrbwj9gm0000gn/T/kilo-e2e-ZPnvgH/workspace"}
[Kilo New][P0-Perf] {"corr":"d2181c65-d721-402a-a10f-d3578a4d15ed","stage":"sse.event","t":1786775204688,"d":33332,"surface":"extension","span":"start","eventType":"session.updated.1","dir":"/private/var/folders/9v/733tfwtj2jvgwygmtrbwj9gm0000gn/T/kilo-e2e-ZPnvgH/workspace"}
[Kilo New][P0-Perf] {"corr":"d2181c65-d721-402a-a10f-d3578a4d15ed","stage":"sse.event","t":1786775204689,"d":33333,"surface":"extension","span":"end","dur":1,"eventType":"session.updated.1","dir":"/private/var/folders/9v/733tfwtj2jvgwygmtrbwj9gm0000gn/T/kilo-e2e-ZPnvgH/workspace"}
[Kilo New][P0-Perf] {"corr":"d2181c65-d721-402a-a10f-d3578a4d15ed","stage":"sse.event","t":1786775204689,"d":33333,"surface":"extension","span":"start","eventType":"session.diff","dir":"/private/var/folders/9v/733tfwtj2jvgwygmtrbwj9gm0000gn/T/kilo-e2e-ZPnvgH/workspace"}
[Kilo New][P0-Perf] {"corr":"d2181c65-d721-402a-a10f-d3578a4d15ed","stage":"sse.event","t":1786775204689,"d":33333,"surface":"extension","span":"end","dur":0,"eventType":"session.diff","dir":"/private/var/folders/9v/733tfwtj2jvgwygmtrbwj9gm0000gn/T/kilo-e2e-ZPnvgH/workspace"}
[Kilo New][P0-Perf] {"corr":"d2181c65-d721-402a-a10f-d3578a4d15ed","stage":"sse.event","t":1786775204689,"d":33333,"surface":"extension","span":"start","eventType":"message.updated","dir":"/private/var/folders/9v/733tfwtj2jvgwygmtrbwj9gm0000gn/T/kilo-e2e-ZPnvgH/workspace"}
[Kilo New][P0-Perf] {"corr":"d2181c65-d721-402a-a10f-d3578a4d15ed","stage":"sse.event","t":1786775204689,"d":33333,"surface":"extension","span":"end","dur":0,"eventType":"message.updated","dir":"/private/var/folders/9v/733tfwtj2jvgwygmtrbwj9gm0000gn/T/kilo-e2e-ZPnvgH/workspace"}
[Kilo New][P0-Perf] {"corr":"d2181c65-d721-402a-a10f-d3578a4d15ed","stage":"sse.event","t":1786775204689,"d":33333,"surface":"extension","span":"start","eventType":"message.updated.1","dir":"/private/var/folders/9v/733tfwtj2jvgwygmtrbwj9gm0000gn/T/kilo-e2e-ZPnvgH/workspace"}
[Kilo New][P0-Perf] {"corr":"d2181c65-d721-402a-a10f-d3578a4d15ed","stage":"sse.event","t":1786775204689,"d":33333,"surface":"extension","span":"end","dur":0,"eventType":"message.updated.1","dir":"/private/var/folders/9v/733tfwtj2jvgwygmtrbwj9gm0000gn/T/kilo-e2e-ZPnvgH/workspace"}
[Kilo New][P0-Perf] {"corr":"d2181c65-d721-402a-a10f-d3578a4d15ed","stage":"sse.event","t":1786775204690,"d":33334,"surface":"extension","span":"start","eventType":"session.status","dir":"/private/var/folders/9v/733tfwtj2jvgwygmtrbwj9gm0000gn/T/kilo-e2e-ZPnvgH/workspace"}
[Kilo New][P0-Perf] {"corr":"d2181c65-d721-402a-a10f-d3578a4d15ed","stage":"sse.event","t":1786775204690,"d":33334,"surface":"extension","span":"end","dur":0,"eventType":"session.status","dir":"/private/var/folders/9v/733tfwtj2jvgwygmtrbwj9gm0000gn/T/kilo-e2e-ZPnvgH/workspace"}
[Kilo New] ServerManager: ⚠️ CLI Server stderr: INFO  2026-08-15T06:26:44 +25ms service=p0-perf event=p0.start stage=tool_execute ts=1786775204705 id=ses_ffbe65b6affeWMAe9X7ERomdq3 meta={"tool":"e2e_marker","callID":"call_e2e_marker_1","messageID":"msg_00419e9f70016iM3OyZiAaufbL"} tool_execute
[Kilo New] ServerManager: ⚠️ CLI Server stderr: INFO  2026-08-15T06:26:44 +3ms service=p0-perf event=p0.start stage=tool_execute_plugin ts=1786775204708 id=ses_ffbe65b6affeWMAe9X7ERomdq3 meta={"tool":"e2e_marker","callID":"call_e2e_marker_1","messageID":"msg_00419e9f70016iM3OyZiAaufbL"} tool_execute_plugin
[Kilo New] ServerManager: ⚠️ CLI Server stderr: INFO  2026-08-15T06:26:44 +9ms service=p0-perf event=p0.end stage=tool_execute_plugin ts=1786775204717 duration=9 id=ses_ffbe65b6affeWMAe9X7ERomdq3 meta={"tool":"e2e_marker","callID":"call_e2e_marker_1","messageID":"msg_00419e9f70016iM3OyZiAaufbL"} tool_execute_plugin
[Kilo New] ServerManager: ⚠️ CLI Server stderr: INFO  2026-08-15T06:26:44 +0ms service=p0-perf event=p0.end stage=tool_execute ts=1786775204717 duration=12 id=ses_ffbe65b6affeWMAe9X7ERomdq3 meta={"tool":"e2e_marker","callID":"call_e2e_marker_1","messageID":"msg_00419e9f70016iM3OyZiAaufbL"} tool_execute
[Kilo New][P0-Perf] {"corr":"d2181c65-d721-402a-a10f-d3578a4d15ed","stage":"sse.event","t":1786775204750,"d":33394,"surface":"extension","span":"start","eventType":"message.part.updated","dir":"/private/var/folders/9v/733tfwtj2jvgwygmtrbwj9gm0000gn/T/kilo-e2e-ZPnvgH/workspace"}
[Kilo New][P0-Perf] {"corr":"d2181c65-d721-402a-a10f-d3578a4d15ed","stage":"sse.event","t":1786775204750,"d":33394,"surface":"extension","span":"end","dur":0,"eventType":"message.part.updated","dir":"/private/var/folders/9v/733tfwtj2jvgwygmtrbwj9gm0000gn/T/kilo-e2e-ZPnvgH/workspace"}
[Kilo New][P0-Perf] {"corr":"d2181c65-d721-402a-a10f-d3578a4d15ed","stage":"sse.event","t":1786775204750,"d":33394,"surface":"extension","span":"start","eventType":"message.part.updated.1","dir":"/private/var/folders/9v/733tfwtj2jvgwygmtrbwj9gm0000gn/T/kilo-e2e-ZPnvgH/workspace"}
[Kilo New][P0-Perf] {"corr":"d2181c65-d721-402a-a10f-d3578a4d15ed","stage":"sse.event","t":1786775204750,"d":33394,"surface":"extension","span":"end","dur":0,"eventType":"message.part.updated.1","dir":"/private/var/folders/9v/733tfwtj2jvgwygmtrbwj9gm0000gn/T/kilo-e2e-ZPnvgH/workspace"}
[Kilo New][P0-Perf] {"corr":"d2181c65-d721-402a-a10f-d3578a4d15ed","stage":"sse.event","t":1786775204750,"d":33394,"surface":"extension","span":"start","eventType":"message.part.updated","dir":"/private/var/folders/9v/733tfwtj2jvgwygmtrbwj9gm0000gn/T/kilo-e2e-ZPnvgH/workspace"}
[Kilo New][P0-Perf] {"corr":"d2181c65-d721-402a-a10f-d3578a4d15ed","stage":"sse.event","t":1786775204750,"d":33394,"surface":"extension","span":"end","dur":0,"eventType":"message.part.updated","dir":"/private/var/folders/9v/733tfwtj2jvgwygmtrbwj9gm0000gn/T/kilo-e2e-ZPnvgH/workspace"}
[Kilo New][P0-Perf] {"corr":"d2181c65-d721-402a-a10f-d3578a4d15ed","stage":"sse.event","t":1786775204751,"d":33395,"surface":"extension","span":"start","eventType":"message.part.updated.1","dir":"/private/var/folders/9v/733tfwtj2jvgwygmtrbwj9gm0000gn/T/kilo-e2e-ZPnvgH/workspace"}
[Kilo New][P0-Perf] {"corr":"d2181c65-d721-402a-a10f-d3578a4d15ed","stage":"sse.event","t":1786775204751,"d":33395,"surface":"extension","span":"end","dur":0,"eventType":"message.part.updated.1","dir":"/private/var/folders/9v/733tfwtj2jvgwygmtrbwj9gm0000gn/T/kilo-e2e-ZPnvgH/workspace"}
[Kilo New][P0-Perf] {"corr":"d2181c65-d721-402a-a10f-d3578a4d15ed","stage":"sse.event","t":1786775204751,"d":33395,"surface":"extension","span":"start","eventType":"message.part.updated","dir":"/private/var/folders/9v/733tfwtj2jvgwygmtrbwj9gm0000gn/T/kilo-e2e-ZPnvgH/workspace"}
[Kilo New][P0-Perf] {"corr":"d2181c65-d721-402a-a10f-d3578a4d15ed","stage":"sse.event","t":1786775204751,"d":33395,"surface":"extension","span":"end","dur":0,"eventType":"message.part.updated","dir":"/private/var/folders/9v/733tfwtj2jvgwygmtrbwj9gm0000gn/T/kilo-e2e-ZPnvgH/workspace"}
[Kilo New][P0-Perf] {"corr":"d2181c65-d721-402a-a10f-d3578a4d15ed","stage":"sse.event","t":1786775204751,"d":33395,"surface":"extension","span":"start","eventType":"message.part.updated.1","dir":"/private/var/folders/9v/733tfwtj2jvgwygmtrbwj9gm0000gn/T/kilo-e2e-ZPnvgH/workspace"}
[Kilo New][P0-Perf] {"corr":"d2181c65-d721-402a-a10f-d3578a4d15ed","stage":"sse.event","t":1786775204751,"d":33395,"surface":"extension","span":"end","dur":0,"eventType":"message.part.updated.1","dir":"/private/var/folders/9v/733tfwtj2jvgwygmtrbwj9gm0000gn/T/kilo-e2e-ZPnvgH/workspace"}
[Kilo New][P0-Perf] {"corr":"d2181c65-d721-402a-a10f-d3578a4d15ed","stage":"sse.event","t":1786775204751,"d":33395,"surface":"extension","span":"start","eventType":"message.part.updated","dir":"/private/var/folders/9v/733tfwtj2jvgwygmtrbwj9gm0000gn/T/kilo-e2e-ZPnvgH/workspace"}
[Kilo New][P0-Perf] {"corr":"d2181c65-d721-402a-a10f-d3578a4d15ed","stage":"sse.event","t":1786775204751,"d":33395,"surface":"extension","span":"end","dur":0,"eventType":"message.part.updated","dir":"/private/var/folders/9v/733tfwtj2jvgwygmtrbwj9gm0000gn/T/kilo-e2e-ZPnvgH/workspace"}
[Kilo New][P0-Perf] {"corr":"d2181c65-d721-402a-a10f-d3578a4d15ed","stage":"sse.event","t":1786775204751,"d":33395,"surface":"extension","span":"start","eventType":"message.part.updated.1","dir":"/private/var/folders/9v/733tfwtj2jvgwygmtrbwj9gm0000gn/T/kilo-e2e-ZPnvgH/workspace"}
[Kilo New][P0-Perf] {"corr":"d2181c65-d721-402a-a10f-d3578a4d15ed","stage":"sse.event","t":1786775204751,"d":33395,"surface":"extension","span":"end","dur":0,"eventType":"message.part.updated.1","dir":"/private/var/folders/9v/733tfwtj2jvgwygmtrbwj9gm0000gn/T/kilo-e2e-ZPnvgH/workspace"}
[Kilo New] ServerManager: ⚠️ CLI Server stderr: INFO  2026-08-15T06:26:45 +444ms service=snapshot hash=72fe511c7da12016c7ca72989cb3b2e096abe407 cwd=/private/var/folders/9v/733tfwtj2jvgwygmtrbwj9gm0000gn/T/kilo-e2e-ZPnvgH/workspace git=/var/folders/9v/733tfwtj2jvgwygmtrbwj9gm0000gn/T/kilo-e2e-ZPnvgH/xdg-data/kilo/snapshot/b289fb45de8da4fa44e139efaaf8b5478551cab5/9d6abdc242d21a47adc2bd681ec53d69051777f4 tracking
[Kilo New][P0-Perf] {"corr":"d2181c65-d721-402a-a10f-d3578a4d15ed","stage":"sse.event","t":1786775205180,"d":33824,"surface":"extension","span":"start","eventType":"message.part.updated","dir":"/private/var/folders/9v/733tfwtj2jvgwygmtrbwj9gm0000gn/T/kilo-e2e-ZPnvgH/workspace"}
[Kilo New][P0-Perf] {"corr":"d2181c65-d721-402a-a10f-d3578a4d15ed","stage":"sse.event","t":1786775205181,"d":33825,"surface":"extension","span":"end","dur":1,"eventType":"message.part.updated","dir":"/private/var/folders/9v/733tfwtj2jvgwygmtrbwj9gm0000gn/T/kilo-e2e-ZPnvgH/workspace"}
[Kilo New][P0-Perf] {"corr":"d2181c65-d721-402a-a10f-d3578a4d15ed","stage":"sse.event","t":1786775205181,"d":33825,"surface":"extension","span":"start","eventType":"message.part.updated.1","dir":"/private/var/folders/9v/733tfwtj2jvgwygmtrbwj9gm0000gn/T/kilo-e2e-ZPnvgH/workspace"}
[Kilo New][P0-Perf] {"corr":"d2181c65-d721-402a-a10f-d3578a4d15ed","stage":"sse.event","t":1786775205181,"d":33825,"surface":"extension","span":"end","dur":0,"eventType":"message.part.updated.1","dir":"/private/var/folders/9v/733tfwtj2jvgwygmtrbwj9gm0000gn/T/kilo-e2e-ZPnvgH/workspace"}
[Kilo New][P0-Perf] {"corr":"d2181c65-d721-402a-a10f-d3578a4d15ed","stage":"sse.event","t":1786775205181,"d":33825,"surface":"extension","span":"start","eventType":"message.updated","dir":"/private/var/folders/9v/733tfwtj2jvgwygmtrbwj9gm0000gn/T/kilo-e2e-ZPnvgH/workspace"}
[Kilo New][P0-Perf] {"corr":"d2181c65-d721-402a-a10f-d3578a4d15ed","stage":"sse.event","t":1786775205181,"d":33825,"surface":"extension","span":"end","dur":0,"eventType":"message.updated","dir":"/private/var/folders/9v/733tfwtj2jvgwygmtrbwj9gm0000gn/T/kilo-e2e-ZPnvgH/workspace"}
[Kilo New][P0-Perf] {"corr":"d2181c65-d721-402a-a10f-d3578a4d15ed","stage":"sse.event","t":1786775205181,"d":33825,"surface":"extension","span":"start","eventType":"message.updated.1","dir":"/private/var/folders/9v/733tfwtj2jvgwygmtrbwj9gm0000gn/T/kilo-e2e-ZPnvgH/workspace"}
[Kilo New][P0-Perf] {"corr":"d2181c65-d721-402a-a10f-d3578a4d15ed","stage":"sse.event","t":1786775205182,"d":33826,"surface":"extension","span":"end","dur":1,"eventType":"message.updated.1","dir":"/private/var/folders/9v/733tfwtj2jvgwygmtrbwj9gm0000gn/T/kilo-e2e-ZPnvgH/workspace"}
[Kilo New] ServerManager: ⚠️ CLI Server stderr: INFO  2026-08-15T06:26:46 +1029ms service=model-cache providerID=apertis refreshing models
[Kilo New] ServerManager: ⚠️ CLI Server stderr: INFO  2026-08-15T06:26:46 +6ms service=model-cache providerID=apertis count=0 models fetched and cached
[Kilo New] ServerManager: ⚠️ CLI Server stderr: INFO  2026-08-15T06:26:46 +222ms service=session.prompt session.id=ses_ffbe65b6affeWMAe9X7ERomdq3 step=1 loop
[Kilo New] ServerManager: ⚠️ CLI Server stderr: INFO  2026-08-15T06:26:46 +6ms service=p0-perf event=p0.mark stage=processor_entry ts=1786775206424 id=ses_ffbe65b6affeWMAe9X7ERomdq3 meta={"messageID":"msg_00419fa15001PAAChrA7O3yR7G","parentID":"msg_00419e994001pyZtCcgbg7l56J","model":"e2e-model","provider":"e2e-local"} processor_entry
[Kilo New][P0-Perf] {"corr":"d2181c65-d721-402a-a10f-d3578a4d15ed","stage":"sse.event","t":1786775206430,"d":35074,"surface":"extension","span":"start","eventType":"message.part.updated","dir":"/private/var/folders/9v/733tfwtj2jvgwygmtrbwj9gm0000gn/T/kilo-e2e-ZPnvgH/workspace"}
[Kilo New][P0-Perf] {"corr":"d2181c65-d721-402a-a10f-d3578a4d15ed","stage":"sse.event","t":1786775206430,"d":35074,"surface":"extension","span":"end","dur":0,"eventType":"message.part.updated","dir":"/private/var/folders/9v/733tfwtj2jvgwygmtrbwj9gm0000gn/T/kilo-e2e-ZPnvgH/workspace"}
[Kilo New][P0-Perf] {"corr":"d2181c65-d721-402a-a10f-d3578a4d15ed","stage":"sse.event","t":1786775206430,"d":35074,"surface":"extension","span":"start","eventType":"message.part.updated.1","dir":"/private/var/folders/9v/733tfwtj2jvgwygmtrbwj9gm0000gn/T/kilo-e2e-ZPnvgH/workspace"}
[Kilo New][P0-Perf] {"corr":"d2181c65-d721-402a-a10f-d3578a4d15ed","stage":"sse.event","t":1786775206430,"d":35074,"surface":"extension","span":"end","dur":0,"eventType":"message.part.updated.1","dir":"/private/var/folders/9v/733tfwtj2jvgwygmtrbwj9gm0000gn/T/kilo-e2e-ZPnvgH/workspace"}
[Kilo New][P0-Perf] {"corr":"d2181c65-d721-402a-a10f-d3578a4d15ed","stage":"sse.event","t":1786775206430,"d":35074,"surface":"extension","span":"start","eventType":"message.updated","dir":"/private/var/folders/9v/733tfwtj2jvgwygmtrbwj9gm0000gn/T/kilo-e2e-ZPnvgH/workspace"}
[Kilo New][P0-Perf] {"corr":"d2181c65-d721-402a-a10f-d3578a4d15ed","stage":"sse.event","t":1786775206430,"d":35074,"surface":"extension","span":"end","dur":0,"eventType":"message.updated","dir":"/private/var/folders/9v/733tfwtj2jvgwygmtrbwj9gm0000gn/T/kilo-e2e-ZPnvgH/workspace"}
[Kilo New][P0-Perf] {"corr":"d2181c65-d721-402a-a10f-d3578a4d15ed","stage":"sse.event","t":1786775206431,"d":35075,"surface":"extension","span":"start","eventType":"message.updated.1","dir":"/private/var/folders/9v/733tfwtj2jvgwygmtrbwj9gm0000gn/T/kilo-e2e-ZPnvgH/workspace"}
[Kilo New][P0-Perf] {"corr":"d2181c65-d721-402a-a10f-d3578a4d15ed","stage":"sse.event","t":1786775206431,"d":35075,"surface":"extension","span":"end","dur":0,"eventType":"message.updated.1","dir":"/private/var/folders/9v/733tfwtj2jvgwygmtrbwj9gm0000gn/T/kilo-e2e-ZPnvgH/workspace"}
[Kilo New][P0-Perf] {"corr":"d2181c65-d721-402a-a10f-d3578a4d15ed","stage":"sse.event","t":1786775206431,"d":35075,"surface":"extension","span":"start","eventType":"session.status","dir":"/private/var/folders/9v/733tfwtj2jvgwygmtrbwj9gm0000gn/T/kilo-e2e-ZPnvgH/workspace"}
[Kilo New][P0-Perf] {"corr":"d2181c65-d721-402a-a10f-d3578a4d15ed","stage":"sse.event","t":1786775206431,"d":35075,"surface":"extension","span":"end","dur":0,"eventType":"session.status","dir":"/private/var/folders/9v/733tfwtj2jvgwygmtrbwj9gm0000gn/T/kilo-e2e-ZPnvgH/workspace"}
[Kilo New][P0-Perf] {"corr":"d2181c65-d721-402a-a10f-d3578a4d15ed","stage":"sse.event","t":1786775206431,"d":35075,"surface":"extension","span":"start","eventType":"message.updated","dir":"/private/var/folders/9v/733tfwtj2jvgwygmtrbwj9gm0000gn/T/kilo-e2e-ZPnvgH/workspace"}
[Kilo New][P0-Perf] {"corr":"d2181c65-d721-402a-a10f-d3578a4d15ed","stage":"sse.event","t":1786775206431,"d":35075,"surface":"extension","span":"end","dur":0,"eventType":"message.updated","dir":"/private/var/folders/9v/733tfwtj2jvgwygmtrbwj9gm0000gn/T/kilo-e2e-ZPnvgH/workspace"}
[Kilo New][P0-Perf] {"corr":"d2181c65-d721-402a-a10f-d3578a4d15ed","stage":"sse.event","t":1786775206431,"d":35075,"surface":"extension","span":"start","eventType":"message.updated.1","dir":"/private/var/folders/9v/733tfwtj2jvgwygmtrbwj9gm0000gn/T/kilo-e2e-ZPnvgH/workspace"}
[Kilo New][P0-Perf] {"corr":"d2181c65-d721-402a-a10f-d3578a4d15ed","stage":"model.firstEvent","t":1786775206432,"d":35076,"surface":"extension","sessionID":"ses_ffbe65b6affeWMAe9X7ERomdq3","messageID":"msg_00419fa15001PAAChrA7O3yR7G","parentID":"msg_00419e994001pyZtCcgbg7l56J","dir":"/private/var/folders/9v/733tfwtj2jvgwygmtrbwj9gm0000gn/T/kilo-e2e-ZPnvgH/workspace"}
[Kilo New][P0-Perf] {"corr":"d2181c65-d721-402a-a10f-d3578a4d15ed","stage":"sse.event","t":1786775206432,"d":35076,"surface":"extension","span":"end","dur":1,"eventType":"message.updated.1","dir":"/private/var/folders/9v/733tfwtj2jvgwygmtrbwj9gm0000gn/T/kilo-e2e-ZPnvgH/workspace"}
[Kilo New] ServerManager: ⚠️ CLI Server stderr: INFO  2026-08-15T06:26:46 +207ms service=snapshot hash=72fe511c7da12016c7ca72989cb3b2e096abe407 cwd=/private/var/folders/9v/733tfwtj2jvgwygmtrbwj9gm0000gn/T/kilo-e2e-ZPnvgH/workspace git=/var/folders/9v/733tfwtj2jvgwygmtrbwj9gm0000gn/T/kilo-e2e-ZPnvgH/xdg-data/kilo/snapshot/b289fb45de8da4fa44e139efaaf8b5478551cab5/9d6abdc242d21a47adc2bd681ec53d69051777f4 tracking
[Kilo New] ServerManager: ⚠️ CLI Server stderr: INFO  2026-08-15T06:26:46 +3ms service=session.tools status=started resolveTools
[Kilo New] ServerManager: ⚠️ CLI Server stderr: INFO  2026-08-15T06:26:46 +1ms service=tool.registry status=started invalid
[Kilo New] ServerManager: ⚠️ CLI Server stderr: INFO  2026-08-15T06:26:46 +0ms service=tool.registry status=completed duration=0 invalid
[Kilo New] ServerManager: ⚠️ CLI Server stderr: INFO  2026-08-15T06:26:46 +0ms service=tool.registry status=started question
[Kilo New] ServerManager: ⚠️ CLI Server stderr: INFO  2026-08-15T06:26:46 +0ms service=tool.registry status=completed duration=0 question
[Kilo New] ServerManager: ⚠️ CLI Server stderr: INFO  2026-08-15T06:26:46 +0ms service=tool.registry status=started bash
[Kilo New] ServerManager: ⚠️ CLI Server stderr: INFO  2026-08-15T06:26:46 +0ms service=tool.registry status=completed duration=0 bash
[Kilo New] ServerManager: ⚠️ CLI Server stderr: INFO  2026-08-15T06:26:46 +0ms service=tool.registry status=started read
[Kilo New] ServerManager: ⚠️ CLI Server stderr: INFO  2026-08-15T06:26:46 +0ms service=tool.registry status=completed duration=0 read
[Kilo New] ServerManager: ⚠️ CLI Server stderr: INFO  2026-08-15T06:26:46 +0ms service=tool.registry status=started glob
[Kilo New] ServerManager: ⚠️ CLI Server stderr: INFO  2026-08-15T06:26:46 +0ms service=tool.registry status=completed duration=0 glob
[Kilo New] ServerManager: ⚠️ CLI Server stderr: INFO  2026-08-15T06:26:46 +0ms service=tool.registry status=started grep
[Kilo New] ServerManager: ⚠️ CLI Server stderr: INFO  2026-08-15T06:26:46 +0ms service=tool.registry status=completed duration=0 grep
[Kilo New] ServerManager: ⚠️ CLI Server stderr: INFO  2026-08-15T06:26:46 +0ms service=tool.registry status=started edit
[Kilo New] ServerManager: ⚠️ CLI Server stderr: INFO  2026-08-15T06:26:46 +1ms service=tool.registry status=completed duration=1 edit
[Kilo New] ServerManager: ⚠️ CLI Server stderr: INFO  2026-08-15T06:26:46 +0ms service=tool.registry status=started write
[Kilo New] ServerManager: ⚠️ CLI Server stderr: INFO  2026-08-15T06:26:46 +0ms service=tool.registry status=completed duration=0 write
[Kilo New] ServerManager: ⚠️ CLI Server stderr: INFO  2026-08-15T06:26:46 +0ms service=tool.registry status=started task
[Kilo New] ServerManager: ⚠️ CLI Server stderr: INFO  2026-08-15T06:26:46 +2ms service=tool.registry status=completed duration=2 task
[Kilo New] ServerManager: ⚠️ CLI Server stderr: INFO  2026-08-15T06:26:46 +0ms service=tool.registry status=started webfetch
[Kilo New] ServerManager: ⚠️ CLI Server stderr: INFO  2026-08-15T06:26:46 +1ms service=tool.registry status=completed duration=1 webfetch
[Kilo New] ServerManager: ⚠️ CLI Server stderr: INFO  2026-08-15T06:26:46 +0ms service=tool.registry status=started todowrite
[Kilo New] ServerManager: ⚠️ CLI Server stderr: INFO  2026-08-15T06:26:46 +0ms service=tool.registry status=completed duration=0 todowrite
[Kilo New] ServerManager: ⚠️ CLI Server stderr: INFO  2026-08-15T06:26:46 +0ms service=tool.registry status=started skill
[Kilo New] ServerManager: ⚠️ CLI Server stderr: INFO  2026-08-15T06:26:46 +1ms service=tool.registry status=completed duration=1 skill
[Kilo New] ServerManager: ⚠️ CLI Server stderr: INFO  2026-08-15T06:26:46 +0ms service=tool.registry status=started plan_exit
[Kilo New] ServerManager: ⚠️ CLI Server stderr: INFO  2026-08-15T06:26:46 +0ms service=tool.registry status=completed duration=0 plan_exit
[Kilo New] ServerManager: ⚠️ CLI Server stderr: INFO  2026-08-15T06:26:46 +0ms service=tool.registry status=started kilo_local_recall
[Kilo New] ServerManager: ⚠️ CLI Server stderr: INFO  2026-08-15T06:26:46 +0ms service=tool.registry status=completed duration=0 kilo_local_recall
[Kilo New] ServerManager: ⚠️ CLI Server stderr: INFO  2026-08-15T06:26:46 +0ms service=tool.registry status=started background_process
[Kilo New] ServerManager: ⚠️ CLI Server stderr: INFO  2026-08-15T06:26:46 +0ms service=tool.registry status=completed duration=0 background_process
[Kilo New] ServerManager: ⚠️ CLI Server stderr: INFO  2026-08-15T06:26:46 +0ms service=tool.registry status=started agent_manager_models
[Kilo New] ServerManager: ⚠️ CLI Server stderr: INFO  2026-08-15T06:26:46 +0ms service=tool.registry status=completed duration=0 agent_manager_models
[Kilo New] ServerManager: ⚠️ CLI Server stderr: INFO  2026-08-15T06:26:46 +0ms service=tool.registry status=started agent_manager
[Kilo New] ServerManager: ⚠️ CLI Server stderr: INFO  2026-08-15T06:26:46 +0ms service=tool.registry status=completed duration=0 agent_manager
[Kilo New] ServerManager: ⚠️ CLI Server stderr: INFO  2026-08-15T06:26:46 +0ms service=tool.registry status=started e2e_marker
[Kilo New] ServerManager: ⚠️ CLI Server stderr: INFO  2026-08-15T06:26:46 +1ms service=tool.registry status=completed duration=1 e2e_marker
[Kilo New] ServerManager: ⚠️ CLI Server stderr: INFO  2026-08-15T06:26:46 +11ms service=session.tools status=completed duration=18 resolveTools
[Kilo New] ServerManager: ⚠️ CLI Server stderr: INFO  2026-08-15T06:26:46 +62ms service=session.processor session.id=ses_ffbe65b6affeWMAe9X7ERomdq3 messageID=msg_00419fa15001PAAChrA7O3yR7G process
[Kilo New] ServerManager: ⚠️ CLI Server stderr: INFO  2026-08-15T06:26:46 +4ms service=llm providerID=e2e-local modelID=e2e-model session.id=ses_ffbe65b6affeWMAe9X7ERomdq3 small=false agent=e2e-agent mode=primary stream
[Kilo New] ServerManager: ⚠️ CLI Server stderr: INFO  2026-08-15T06:26:46 +7ms service=default llm.runtime=ai-sdk llm.provider=e2e-local llm.model=e2e-model llm runtime selected
[Kilo New][P0-Perf] {"corr":"d2181c65-d721-402a-a10f-d3578a4d15ed","stage":"sse.event","t":1786775206779,"d":35423,"surface":"extension","span":"start","eventType":"session.status","dir":"/private/var/folders/9v/733tfwtj2jvgwygmtrbwj9gm0000gn/T/kilo-e2e-ZPnvgH/workspace"}
[Kilo New][P0-Perf] {"corr":"d2181c65-d721-402a-a10f-d3578a4d15ed","stage":"sse.event","t":1786775206779,"d":35423,"surface":"extension","span":"end","dur":0,"eventType":"session.status","dir":"/private/var/folders/9v/733tfwtj2jvgwygmtrbwj9gm0000gn/T/kilo-e2e-ZPnvgH/workspace"}
[Kilo New][P0-Perf] {"corr":"d2181c65-d721-402a-a10f-d3578a4d15ed","stage":"sse.event","t":1786775206779,"d":35423,"surface":"extension","span":"start","eventType":"message.part.updated","dir":"/private/var/folders/9v/733tfwtj2jvgwygmtrbwj9gm0000gn/T/kilo-e2e-ZPnvgH/workspace"}
[Kilo New][P0-Perf] {"corr":"d2181c65-d721-402a-a10f-d3578a4d15ed","stage":"sse.event","t":1786775206779,"d":35423,"surface":"extension","span":"end","dur":0,"eventType":"message.part.updated","dir":"/private/var/folders/9v/733tfwtj2jvgwygmtrbwj9gm0000gn/T/kilo-e2e-ZPnvgH/workspace"}
[Kilo New][P0-Perf] {"corr":"d2181c65-d721-402a-a10f-d3578a4d15ed","stage":"sse.event","t":1786775206779,"d":35423,"surface":"extension","span":"start","eventType":"message.part.updated.1","dir":"/private/var/folders/9v/733tfwtj2jvgwygmtrbwj9gm0000gn/T/kilo-e2e-ZPnvgH/workspace"}
[Kilo New][P0-Perf] {"corr":"d2181c65-d721-402a-a10f-d3578a4d15ed","stage":"sse.event","t":1786775206779,"d":35423,"surface":"extension","span":"end","dur":0,"eventType":"message.part.updated.1","dir":"/private/var/folders/9v/733tfwtj2jvgwygmtrbwj9gm0000gn/T/kilo-e2e-ZPnvgH/workspace"}
[Kilo New][P0-Perf] {"corr":"d2181c65-d721-402a-a10f-d3578a4d15ed","stage":"sse.event","t":1786775206779,"d":35423,"surface":"extension","span":"start","eventType":"message.part.updated","dir":"/private/var/folders/9v/733tfwtj2jvgwygmtrbwj9gm0000gn/T/kilo-e2e-ZPnvgH/workspace"}
[Kilo New][P0-Perf] {"corr":"d2181c65-d721-402a-a10f-d3578a4d15ed","stage":"sse.event","t":1786775206780,"d":35424,"surface":"extension","span":"end","dur":1,"eventType":"message.part.updated","dir":"/private/var/folders/9v/733tfwtj2jvgwygmtrbwj9gm0000gn/T/kilo-e2e-ZPnvgH/workspace"}
[Kilo New][P0-Perf] {"corr":"d2181c65-d721-402a-a10f-d3578a4d15ed","stage":"sse.event","t":1786775206780,"d":35424,"surface":"extension","span":"start","eventType":"message.part.updated.1","dir":"/private/var/folders/9v/733tfwtj2jvgwygmtrbwj9gm0000gn/T/kilo-e2e-ZPnvgH/workspace"}
[Kilo New][P0-Perf] {"corr":"d2181c65-d721-402a-a10f-d3578a4d15ed","stage":"sse.event","t":1786775206780,"d":35424,"surface":"extension","span":"end","dur":0,"eventType":"message.part.updated.1","dir":"/private/var/folders/9v/733tfwtj2jvgwygmtrbwj9gm0000gn/T/kilo-e2e-ZPnvgH/workspace"}
[Kilo New][P0-Perf] {"corr":"d2181c65-d721-402a-a10f-d3578a4d15ed","stage":"sse.event","t":1786775206780,"d":35424,"surface":"extension","span":"start","eventType":"message.part.delta","dir":"/private/var/folders/9v/733tfwtj2jvgwygmtrbwj9gm0000gn/T/kilo-e2e-ZPnvgH/workspace"}
[Kilo New][P0-Perf] {"corr":"d2181c65-d721-402a-a10f-d3578a4d15ed","stage":"sse.event","t":1786775206780,"d":35424,"surface":"extension","span":"end","dur":0,"eventType":"message.part.delta","dir":"/private/var/folders/9v/733tfwtj2jvgwygmtrbwj9gm0000gn/T/kilo-e2e-ZPnvgH/workspace"}
[Kilo New][P0-Perf] {"corr":"d2181c65-d721-402a-a10f-d3578a4d15ed","stage":"sse.event","t":1786775206780,"d":35424,"surface":"extension","span":"start","eventType":"message.part.updated","dir":"/private/var/folders/9v/733tfwtj2jvgwygmtrbwj9gm0000gn/T/kilo-e2e-ZPnvgH/workspace"}
[Kilo New][P0-Perf] {"corr":"d2181c65-d721-402a-a10f-d3578a4d15ed","stage":"sse.event","t":1786775206780,"d":35424,"surface":"extension","span":"end","dur":0,"eventType":"message.part.updated","dir":"/private/var/folders/9v/733tfwtj2jvgwygmtrbwj9gm0000gn/T/kilo-e2e-ZPnvgH/workspace"}
[Kilo New][P0-Perf] {"corr":"d2181c65-d721-402a-a10f-d3578a4d15ed","stage":"sse.event","t":1786775206780,"d":35424,"surface":"extension","span":"start","eventType":"message.part.updated.1","dir":"/private/var/folders/9v/733tfwtj2jvgwygmtrbwj9gm0000gn/T/kilo-e2e-ZPnvgH/workspace"}
[Kilo New][P0-Perf] {"corr":"d2181c65-d721-402a-a10f-d3578a4d15ed","stage":"sse.event","t":1786775206780,"d":35424,"surface":"extension","span":"end","dur":0,"eventType":"message.part.updated.1","dir":"/private/var/folders/9v/733tfwtj2jvgwygmtrbwj9gm0000gn/T/kilo-e2e-ZPnvgH/workspace"}
[Kilo New][P0-Perf] {"corr":"d2181c65-d721-402a-a10f-d3578a4d15ed","stage":"sse.event","t":1786775206939,"d":35583,"surface":"extension","span":"start","eventType":"session.updated","dir":"/private/var/folders/9v/733tfwtj2jvgwygmtrbwj9gm0000gn/T/kilo-e2e-ZPnvgH/workspace"}
[Kilo New][P0-Perf] {"corr":"d2181c65-d721-402a-a10f-d3578a4d15ed","stage":"sse.event","t":1786775206939,"d":35583,"surface":"extension","span":"end","dur":0,"eventType":"session.updated","dir":"/private/var/folders/9v/733tfwtj2jvgwygmtrbwj9gm0000gn/T/kilo-e2e-ZPnvgH/workspace"}
[Kilo New][P0-Perf] {"corr":"d2181c65-d721-402a-a10f-d3578a4d15ed","stage":"sse.event","t":1786775206939,"d":35583,"surface":"extension","span":"start","eventType":"session.updated.1","dir":"/private/var/folders/9v/733tfwtj2jvgwygmtrbwj9gm0000gn/T/kilo-e2e-ZPnvgH/workspace"}
[Kilo New][P0-Perf] {"corr":"d2181c65-d721-402a-a10f-d3578a4d15ed","stage":"sse.event","t":1786775206939,"d":35583,"surface":"extension","span":"end","dur":0,"eventType":"session.updated.1","dir":"/private/var/folders/9v/733tfwtj2jvgwygmtrbwj9gm0000gn/T/kilo-e2e-ZPnvgH/workspace"}
[Kilo New][P0-Perf] {"corr":"d2181c65-d721-402a-a10f-d3578a4d15ed","stage":"sse.event","t":1786775206973,"d":35617,"surface":"extension","span":"start","eventType":"session.diff","dir":"/private/var/folders/9v/733tfwtj2jvgwygmtrbwj9gm0000gn/T/kilo-e2e-ZPnvgH/workspace"}
[Kilo New][P0-Perf] {"corr":"d2181c65-d721-402a-a10f-d3578a4d15ed","stage":"sse.event","t":1786775206973,"d":35617,"surface":"extension","span":"end","dur":0,"eventType":"session.diff","dir":"/private/var/folders/9v/733tfwtj2jvgwygmtrbwj9gm0000gn/T/kilo-e2e-ZPnvgH/workspace"}
[Kilo New][P0-Perf] {"corr":"d2181c65-d721-402a-a10f-d3578a4d15ed","stage":"sse.event","t":1786775206973,"d":35617,"surface":"extension","span":"start","eventType":"message.updated","dir":"/private/var/folders/9v/733tfwtj2jvgwygmtrbwj9gm0000gn/T/kilo-e2e-ZPnvgH/workspace"}
[Kilo New][P0-Perf] {"corr":"d2181c65-d721-402a-a10f-d3578a4d15ed","stage":"sse.event","t":1786775206974,"d":35618,"surface":"extension","span":"end","dur":1,"eventType":"message.updated","dir":"/private/var/folders/9v/733tfwtj2jvgwygmtrbwj9gm0000gn/T/kilo-e2e-ZPnvgH/workspace"}
[Kilo New][P0-Perf] {"corr":"d2181c65-d721-402a-a10f-d3578a4d15ed","stage":"sse.event","t":1786775206974,"d":35618,"surface":"extension","span":"start","eventType":"message.updated.1","dir":"/private/var/folders/9v/733tfwtj2jvgwygmtrbwj9gm0000gn/T/kilo-e2e-ZPnvgH/workspace"}
[Kilo New][P0-Perf] {"corr":"d2181c65-d721-402a-a10f-d3578a4d15ed","stage":"sse.event","t":1786775206974,"d":35618,"surface":"extension","span":"end","dur":0,"eventType":"message.updated.1","dir":"/private/var/folders/9v/733tfwtj2jvgwygmtrbwj9gm0000gn/T/kilo-e2e-ZPnvgH/workspace"}
[Kilo New] ServerManager: ⚠️ CLI Server stderr: INFO  2026-08-15T06:26:47 +446ms service=snapshot hash=72fe511c7da12016c7ca72989cb3b2e096abe407 cwd=/private/var/folders/9v/733tfwtj2jvgwygmtrbwj9gm0000gn/T/kilo-e2e-ZPnvgH/workspace git=/var/folders/9v/733tfwtj2jvgwygmtrbwj9gm0000gn/T/kilo-e2e-ZPnvgH/xdg-data/kilo/snapshot/b289fb45de8da4fa44e139efaaf8b5478551cab5/9d6abdc242d21a47adc2bd681ec53d69051777f4 tracking
[Kilo New][P0-Perf] {"corr":"d2181c65-d721-402a-a10f-d3578a4d15ed","stage":"sse.event","t":1786775207181,"d":35825,"surface":"extension","span":"start","eventType":"message.part.updated","dir":"/private/var/folders/9v/733tfwtj2jvgwygmtrbwj9gm0000gn/T/kilo-e2e-ZPnvgH/workspace"}
[Kilo New][P0-Perf] {"corr":"d2181c65-d721-402a-a10f-d3578a4d15ed","stage":"sse.event","t":1786775207181,"d":35825,"surface":"extension","span":"end","dur":0,"eventType":"message.part.updated","dir":"/private/var/folders/9v/733tfwtj2jvgwygmtrbwj9gm0000gn/T/kilo-e2e-ZPnvgH/workspace"}
[Kilo New][P0-Perf] {"corr":"d2181c65-d721-402a-a10f-d3578a4d15ed","stage":"sse.event","t":1786775207181,"d":35825,"surface":"extension","span":"start","eventType":"message.part.updated.1","dir":"/private/var/folders/9v/733tfwtj2jvgwygmtrbwj9gm0000gn/T/kilo-e2e-ZPnvgH/workspace"}
[Kilo New][P0-Perf] {"corr":"d2181c65-d721-402a-a10f-d3578a4d15ed","stage":"sse.event","t":1786775207181,"d":35825,"surface":"extension","span":"end","dur":0,"eventType":"message.part.updated.1","dir":"/private/var/folders/9v/733tfwtj2jvgwygmtrbwj9gm0000gn/T/kilo-e2e-ZPnvgH/workspace"}
[Kilo New][P0-Perf] {"corr":"d2181c65-d721-402a-a10f-d3578a4d15ed","stage":"sse.event","t":1786775207181,"d":35825,"surface":"extension","span":"start","eventType":"message.updated","dir":"/private/var/folders/9v/733tfwtj2jvgwygmtrbwj9gm0000gn/T/kilo-e2e-ZPnvgH/workspace"}
[Kilo New][P0-Perf] {"corr":"d2181c65-d721-402a-a10f-d3578a4d15ed","stage":"sse.event","t":1786775207182,"d":35826,"surface":"extension","span":"end","dur":1,"eventType":"message.updated","dir":"/private/var/folders/9v/733tfwtj2jvgwygmtrbwj9gm0000gn/T/kilo-e2e-ZPnvgH/workspace"}
[Kilo New][P0-Perf] {"corr":"d2181c65-d721-402a-a10f-d3578a4d15ed","stage":"sse.event","t":1786775207182,"d":35826,"surface":"extension","span":"start","eventType":"message.updated.1","dir":"/private/var/folders/9v/733tfwtj2jvgwygmtrbwj9gm0000gn/T/kilo-e2e-ZPnvgH/workspace"}
[Kilo New][P0-Perf] {"corr":"d2181c65-d721-402a-a10f-d3578a4d15ed","stage":"sse.event","t":1786775207182,"d":35826,"surface":"extension","span":"end","dur":0,"eventType":"message.updated.1","dir":"/private/var/folders/9v/733tfwtj2jvgwygmtrbwj9gm0000gn/T/kilo-e2e-ZPnvgH/workspace"}
[Kilo New] ServerManager: ⚠️ CLI Server stderr: INFO  2026-08-15T06:26:47 +174ms service=session.prompt session.id=ses_ffbe65b6affeWMAe9X7ERomdq3 step=2 loop
[Kilo New] ServerManager: ⚠️ CLI Server stderr: INFO  2026-08-15T06:26:47 +2ms service=session.prompt session.id=ses_ffbe65b6affeWMAe9X7ERomdq3 exiting loop
[Kilo New] ServerManager: ⚠️ CLI Server stderr: INFO  2026-08-15T06:26:47 +3ms service=bus type=session.turn.close publishing
[Kilo New][P0-Perf] {"corr":"d2181c65-d721-402a-a10f-d3578a4d15ed","stage":"sse.event","t":1786775207356,"d":36000,"surface":"extension","span":"start","eventType":"message.updated","dir":"/private/var/folders/9v/733tfwtj2jvgwygmtrbwj9gm0000gn/T/kilo-e2e-ZPnvgH/workspace"}
[Kilo New][P0-Perf] {"corr":"d2181c65-d721-402a-a10f-d3578a4d15ed","stage":"sse.event","t":1786775207356,"d":36000,"surface":"extension","span":"end","dur":0,"eventType":"message.updated","dir":"/private/var/folders/9v/733tfwtj2jvgwygmtrbwj9gm0000gn/T/kilo-e2e-ZPnvgH/workspace"}
[Kilo New][P0-Perf] {"corr":"d2181c65-d721-402a-a10f-d3578a4d15ed","stage":"sse.event","t":1786775207356,"d":36000,"surface":"extension","span":"start","eventType":"message.updated.1","dir":"/private/var/folders/9v/733tfwtj2jvgwygmtrbwj9gm0000gn/T/kilo-e2e-ZPnvgH/workspace"}
[Kilo New][P0-Perf] {"corr":"d2181c65-d721-402a-a10f-d3578a4d15ed","stage":"sse.event","t":1786775207356,"d":36000,"surface":"extension","span":"end","dur":0,"eventType":"message.updated.1","dir":"/private/var/folders/9v/733tfwtj2jvgwygmtrbwj9gm0000gn/T/kilo-e2e-ZPnvgH/workspace"}
[Kilo New][P0-Perf] {"corr":"d2181c65-d721-402a-a10f-d3578a4d15ed","stage":"sse.event","t":1786775207356,"d":36000,"surface":"extension","span":"start","eventType":"session.status","dir":"/private/var/folders/9v/733tfwtj2jvgwygmtrbwj9gm0000gn/T/kilo-e2e-ZPnvgH/workspace"}
[Kilo New][P0-Perf] {"corr":"d2181c65-d721-402a-a10f-d3578a4d15ed","stage":"sse.event","t":1786775207356,"d":36000,"surface":"extension","span":"end","dur":0,"eventType":"session.status","dir":"/private/var/folders/9v/733tfwtj2jvgwygmtrbwj9gm0000gn/T/kilo-e2e-ZPnvgH/workspace"}
[Kilo New][P0-Perf] {"corr":"d2181c65-d721-402a-a10f-d3578a4d15ed","stage":"sse.event","t":1786775207357,"d":36001,"surface":"extension","span":"start","eventType":"session.status","dir":"/private/var/folders/9v/733tfwtj2jvgwygmtrbwj9gm0000gn/T/kilo-e2e-ZPnvgH/workspace"}
[Kilo New][P0-Perf] {"corr":"d2181c65-d721-402a-a10f-d3578a4d15ed","stage":"sse.event","t":1786775207357,"d":36001,"surface":"extension","span":"end","dur":0,"eventType":"session.status","dir":"/private/var/folders/9v/733tfwtj2jvgwygmtrbwj9gm0000gn/T/kilo-e2e-ZPnvgH/workspace"}
[Kilo New][P0-Perf] {"corr":"d2181c65-d721-402a-a10f-d3578a4d15ed","stage":"sse.event","t":1786775207357,"d":36001,"surface":"extension","span":"start","eventType":"session.idle","dir":"/private/var/folders/9v/733tfwtj2jvgwygmtrbwj9gm0000gn/T/kilo-e2e-ZPnvgH/workspace"}
[Kilo New][P0-Perf] {"corr":"d2181c65-d721-402a-a10f-d3578a4d15ed","stage":"sse.event","t":1786775207357,"d":36001,"surface":"extension","span":"end","dur":0,"eventType":"session.idle","dir":"/private/var/folders/9v/733tfwtj2jvgwygmtrbwj9gm0000gn/T/kilo-e2e-ZPnvgH/workspace"}
[Kilo New][P0-Perf] {"corr":"d2181c65-d721-402a-a10f-d3578a4d15ed","stage":"sse.event","t":1786775207357,"d":36001,"surface":"extension","span":"start","eventType":"session.turn.close","dir":"/private/var/folders/9v/733tfwtj2jvgwygmtrbwj9gm0000gn/T/kilo-e2e-ZPnvgH/workspace"}
[Kilo New][P0-Perf] {"corr":"d2181c65-d721-402a-a10f-d3578a4d15ed","stage":"sse.event","t":1786775207358,"d":36002,"surface":"extension","span":"end","dur":1,"eventType":"session.turn.close","dir":"/private/var/folders/9v/733tfwtj2jvgwygmtrbwj9gm0000gn/T/kilo-e2e-ZPnvgH/workspace"}
[Kilo New][P0-Perf] {"corr":"d2181c65-d721-402a-a10f-d3578a4d15ed","stage":"sse.event","t":1786775207406,"d":36050,"surface":"extension","span":"start","eventType":"server.heartbeat"}
[Kilo New][P0-Perf] {"corr":"d2181c65-d721-402a-a10f-d3578a4d15ed","stage":"sse.event","t":1786775207406,"d":36050,"surface":"extension","span":"end","dur":0,"eventType":"server.heartbeat"}
[Kilo New][P0-Perf] {"corr":"d2181c65-d721-402a-a10f-d3578a4d15ed","stage":"sse.event","t":1786775207429,"d":36073,"surface":"extension","span":"start","eventType":"session.updated","dir":"/private/var/folders/9v/733tfwtj2jvgwygmtrbwj9gm0000gn/T/kilo-e2e-ZPnvgH/workspace"}
[Kilo New][P0-Perf] {"corr":"d2181c65-d721-402a-a10f-d3578a4d15ed","stage":"sse.event","t":1786775207430,"d":36074,"surface":"extension","span":"end","dur":1,"eventType":"session.updated","dir":"/private/var/folders/9v/733tfwtj2jvgwygmtrbwj9gm0000gn/T/kilo-e2e-ZPnvgH/workspace"}
[Kilo New][P0-Perf] {"corr":"d2181c65-d721-402a-a10f-d3578a4d15ed","stage":"sse.event","t":1786775207430,"d":36074,"surface":"extension","span":"start","eventType":"session.updated.1","dir":"/private/var/folders/9v/733tfwtj2jvgwygmtrbwj9gm0000gn/T/kilo-e2e-ZPnvgH/workspace"}
[Kilo New][P0-Perf] {"corr":"d2181c65-d721-402a-a10f-d3578a4d15ed","stage":"sse.event","t":1786775207430,"d":36074,"surface":"extension","span":"end","dur":0,"eventType":"session.updated.1","dir":"/private/var/folders/9v/733tfwtj2jvgwygmtrbwj9gm0000gn/T/kilo-e2e-ZPnvgH/workspace"}
[Kilo New][P0-Perf] {"corr":"d2181c65-d721-402a-a10f-d3578a4d15ed","stage":"sse.event","t":1786775207430,"d":36074,"surface":"extension","span":"start","eventType":"session.diff","dir":"/private/var/folders/9v/733tfwtj2jvgwygmtrbwj9gm0000gn/T/kilo-e2e-ZPnvgH/workspace"}
[Kilo New][P0-Perf] {"corr":"d2181c65-d721-402a-a10f-d3578a4d15ed","stage":"sse.event","t":1786775207430,"d":36074,"surface":"extension","span":"end","dur":0,"eventType":"session.diff","dir":"/private/var/folders/9v/733tfwtj2jvgwygmtrbwj9gm0000gn/T/kilo-e2e-ZPnvgH/workspace"}
[Kilo New][P0-Perf] {"corr":"d2181c65-d721-402a-a10f-d3578a4d15ed","stage":"sse.event","t":1786775207430,"d":36074,"surface":"extension","span":"start","eventType":"message.updated","dir":"/private/var/folders/9v/733tfwtj2jvgwygmtrbwj9gm0000gn/T/kilo-e2e-ZPnvgH/workspace"}
[Kilo New][P0-Perf] {"corr":"d2181c65-d721-402a-a10f-d3578a4d15ed","stage":"sse.event","t":1786775207430,"d":36074,"surface":"extension","span":"end","dur":0,"eventType":"message.updated","dir":"/private/var/folders/9v/733tfwtj2jvgwygmtrbwj9gm0000gn/T/kilo-e2e-ZPnvgH/workspace"}
[Kilo New][P0-Perf] {"corr":"d2181c65-d721-402a-a10f-d3578a4d15ed","stage":"sse.event","t":1786775207431,"d":36075,"surface":"extension","span":"start","eventType":"message.updated.1","dir":"/private/var/folders/9v/733tfwtj2jvgwygmtrbwj9gm0000gn/T/kilo-e2e-ZPnvgH/workspace"}
[Kilo New][P0-Perf] {"corr":"d2181c65-d721-402a-a10f-d3578a4d15ed","stage":"sse.event","t":1786775207431,"d":36075,"surface":"extension","span":"end","dur":0,"eventType":"message.updated.1","dir":"/private/var/folders/9v/733tfwtj2jvgwygmtrbwj9gm0000gn/T/kilo-e2e-ZPnvgH/workspace"}
[Kilo New] ServerManager: ⚠️ CLI Server stderr: INFO  2026-08-15T06:26:48 +701ms service=model-cache providerID=apertis refreshing models
[Kilo New] ServerManager: ⚠️ CLI Server stderr: INFO  2026-08-15T06:26:48 +6ms service=model-cache providerID=apertis count=0 models fetched and cached
[Kilo New] ServerManager: ⚠️ CLI Server stderr: INFO  2026-08-15T06:26:50 +2563ms service=model-cache providerID=apertis refreshing models
[Kilo New] ServerManager: ⚠️ CLI Server stderr: INFO  2026-08-15T06:26:50 +4ms service=model-cache providerID=apertis count=0 models fetched and cached
[probe] PASS H-3 user tool: completed tool part in the backend (attempt 1)
[probe] PASS H-3 run-owned artifact: /var/folders/9v/733tfwtj2jvgwygmtrbwj9gm0000gn/T/kilo-e2e-ZPnvgH/workspace/e2e-custom-called.txt = "echo:hello"
[probe] PASS H-3 panel shows the tool completion text: transcript text present
[Kilo New][P0-Perf] {"corr":"d2181c65-d721-402a-a10f-d3578a4d15ed","stage":"prompt.submit","t":1786775212341,"d":40985,"surface":"extension","sessionID":"ses_ffbe65b6affeWMAe9X7ERomdq3","messageID":"msg_0041a111d0010ghRLrKEHZzRDP","dir":"/var/folders/9v/733tfwtj2jvgwygmtrbwj9gm0000gn/T/kilo-e2e-ZPnvgH/workspace"}
[Kilo New][P0-Perf] {"corr":"d2181c65-d721-402a-a10f-d3578a4d15ed","stage":"sse.event","t":1786775212409,"d":41053,"surface":"extension","span":"start","eventType":"message.updated","dir":"/private/var/folders/9v/733tfwtj2jvgwygmtrbwj9gm0000gn/T/kilo-e2e-ZPnvgH/workspace"}
[Kilo New][P0-Perf] {"corr":"d2181c65-d721-402a-a10f-d3578a4d15ed","stage":"sse.event","t":1786775212410,"d":41054,"surface":"extension","span":"end","dur":1,"eventType":"message.updated","dir":"/private/var/folders/9v/733tfwtj2jvgwygmtrbwj9gm0000gn/T/kilo-e2e-ZPnvgH/workspace"}
[Kilo New][P0-Perf] {"corr":"d2181c65-d721-402a-a10f-d3578a4d15ed","stage":"sse.event","t":1786775212410,"d":41054,"surface":"extension","span":"start","eventType":"message.updated.1","dir":"/private/var/folders/9v/733tfwtj2jvgwygmtrbwj9gm0000gn/T/kilo-e2e-ZPnvgH/workspace"}
[Kilo New][P0-Perf] {"corr":"d2181c65-d721-402a-a10f-d3578a4d15ed","stage":"sse.event","t":1786775212410,"d":41054,"surface":"extension","span":"end","dur":0,"eventType":"message.updated.1","dir":"/private/var/folders/9v/733tfwtj2jvgwygmtrbwj9gm0000gn/T/kilo-e2e-ZPnvgH/workspace"}
[Kilo New][P0-Perf] {"corr":"d2181c65-d721-402a-a10f-d3578a4d15ed","stage":"sse.event","t":1786775212410,"d":41054,"surface":"extension","span":"start","eventType":"message.part.updated","dir":"/private/var/folders/9v/733tfwtj2jvgwygmtrbwj9gm0000gn/T/kilo-e2e-ZPnvgH/workspace"}
[Kilo New][P0-Perf] {"corr":"d2181c65-d721-402a-a10f-d3578a4d15ed","stage":"sse.event","t":1786775212410,"d":41054,"surface":"extension","span":"end","dur":0,"eventType":"message.part.updated","dir":"/private/var/folders/9v/733tfwtj2jvgwygmtrbwj9gm0000gn/T/kilo-e2e-ZPnvgH/workspace"}
[Kilo New][P0-Perf] {"corr":"d2181c65-d721-402a-a10f-d3578a4d15ed","stage":"sse.event","t":1786775212410,"d":41054,"surface":"extension","span":"start","eventType":"message.part.updated.1","dir":"/private/var/folders/9v/733tfwtj2jvgwygmtrbwj9gm0000gn/T/kilo-e2e-ZPnvgH/workspace"}
[Kilo New][P0-Perf] {"corr":"d2181c65-d721-402a-a10f-d3578a4d15ed","stage":"sse.event","t":1786775212410,"d":41054,"surface":"extension","span":"end","dur":0,"eventType":"message.part.updated.1","dir":"/private/var/folders/9v/733tfwtj2jvgwygmtrbwj9gm0000gn/T/kilo-e2e-ZPnvgH/workspace"}
[Kilo New][P0-Perf] {"corr":"d2181c65-d721-402a-a10f-d3578a4d15ed","stage":"sse.event","t":1786775212410,"d":41054,"surface":"extension","span":"start","eventType":"session.updated","dir":"/private/var/folders/9v/733tfwtj2jvgwygmtrbwj9gm0000gn/T/kilo-e2e-ZPnvgH/workspace"}
[Kilo New][P0-Perf] {"corr":"d2181c65-d721-402a-a10f-d3578a4d15ed","stage":"sse.event","t":1786775212410,"d":41054,"surface":"extension","span":"end","dur":0,"eventType":"session.updated","dir":"/private/var/folders/9v/733tfwtj2jvgwygmtrbwj9gm0000gn/T/kilo-e2e-ZPnvgH/workspace"}
[Kilo New][P0-Perf] {"corr":"d2181c65-d721-402a-a10f-d3578a4d15ed","stage":"sse.event","t":1786775212411,"d":41055,"surface":"extension","span":"start","eventType":"session.updated.1","dir":"/private/var/folders/9v/733tfwtj2jvgwygmtrbwj9gm0000gn/T/kilo-e2e-ZPnvgH/workspace"}
[Kilo New][P0-Perf] {"corr":"d2181c65-d721-402a-a10f-d3578a4d15ed","stage":"sse.event","t":1786775212411,"d":41055,"surface":"extension","span":"end","dur":0,"eventType":"session.updated.1","dir":"/private/var/folders/9v/733tfwtj2jvgwygmtrbwj9gm0000gn/T/kilo-e2e-ZPnvgH/workspace"}
[probe] sent prompt via real prompt input: E2E_SKILL: load the e2e skill
[Kilo New] ServerManager: ⚠️ CLI Server stderr: INFO  2026-08-15T06:26:52 +1851ms service=bus type=session.turn.open publishing
[Kilo New] ServerManager: ⚠️ CLI Server stderr: INFO  2026-08-15T06:26:52 +15ms service=session.prompt session.id=ses_ffbe65b6affeWMAe9X7ERomdq3 step=0 loop
[Kilo New] ServerManager: ⚠️ CLI Server stderr: INFO  2026-08-15T06:26:52 +19ms service=p0-perf event=p0.mark stage=processor_entry ts=1786775212509 id=ses_ffbe65b6affeWMAe9X7ERomdq3 meta={"messageID":"msg_0041a11d5001lzkbwoQnsI7e8x","parentID":"msg_0041a111d0010ghRLrKEHZzRDP","model":"e2e-model","provider":"e2e-local"} processor_entry
[Kilo New][P0-Perf] {"corr":"d2181c65-d721-402a-a10f-d3578a4d15ed","stage":"sse.event","t":1786775212512,"d":41156,"surface":"extension","span":"start","eventType":"session.turn.open","dir":"/private/var/folders/9v/733tfwtj2jvgwygmtrbwj9gm0000gn/T/kilo-e2e-ZPnvgH/workspace"}
[Kilo New][P0-Perf] {"corr":"d2181c65-d721-402a-a10f-d3578a4d15ed","stage":"sse.event","t":1786775212512,"d":41156,"surface":"extension","span":"end","dur":0,"eventType":"session.turn.open","dir":"/private/var/folders/9v/733tfwtj2jvgwygmtrbwj9gm0000gn/T/kilo-e2e-ZPnvgH/workspace"}
[Kilo New][P0-Perf] {"corr":"d2181c65-d721-402a-a10f-d3578a4d15ed","stage":"sse.event","t":1786775212611,"d":41255,"surface":"extension","span":"start","eventType":"session.status","dir":"/private/var/folders/9v/733tfwtj2jvgwygmtrbwj9gm0000gn/T/kilo-e2e-ZPnvgH/workspace"}
[Kilo New][P0-Perf] {"corr":"d2181c65-d721-402a-a10f-d3578a4d15ed","stage":"sse.event","t":1786775212611,"d":41255,"surface":"extension","span":"end","dur":0,"eventType":"session.status","dir":"/private/var/folders/9v/733tfwtj2jvgwygmtrbwj9gm0000gn/T/kilo-e2e-ZPnvgH/workspace"}
[Kilo New][P0-Perf] {"corr":"d2181c65-d721-402a-a10f-d3578a4d15ed","stage":"sse.event","t":1786775212612,"d":41256,"surface":"extension","span":"start","eventType":"message.updated","dir":"/private/var/folders/9v/733tfwtj2jvgwygmtrbwj9gm0000gn/T/kilo-e2e-ZPnvgH/workspace"}
[Kilo New][P0-Perf] {"corr":"d2181c65-d721-402a-a10f-d3578a4d15ed","stage":"sse.event","t":1786775212612,"d":41256,"surface":"extension","span":"end","dur":0,"eventType":"message.updated","dir":"/private/var/folders/9v/733tfwtj2jvgwygmtrbwj9gm0000gn/T/kilo-e2e-ZPnvgH/workspace"}
[Kilo New][P0-Perf] {"corr":"d2181c65-d721-402a-a10f-d3578a4d15ed","stage":"sse.event","t":1786775212612,"d":41256,"surface":"extension","span":"start","eventType":"message.updated.1","dir":"/private/var/folders/9v/733tfwtj2jvgwygmtrbwj9gm0000gn/T/kilo-e2e-ZPnvgH/workspace"}
[Kilo New][P0-Perf] {"corr":"d2181c65-d721-402a-a10f-d3578a4d15ed","stage":"model.firstEvent","t":1786775212612,"d":41256,"surface":"extension","sessionID":"ses_ffbe65b6affeWMAe9X7ERomdq3","messageID":"msg_0041a11d5001lzkbwoQnsI7e8x","parentID":"msg_0041a111d0010ghRLrKEHZzRDP","dir":"/private/var/folders/9v/733tfwtj2jvgwygmtrbwj9gm0000gn/T/kilo-e2e-ZPnvgH/workspace"}
[Kilo New][P0-Perf] {"corr":"d2181c65-d721-402a-a10f-d3578a4d15ed","stage":"sse.event","t":1786775212612,"d":41256,"surface":"extension","span":"end","dur":0,"eventType":"message.updated.1","dir":"/private/var/folders/9v/733tfwtj2jvgwygmtrbwj9gm0000gn/T/kilo-e2e-ZPnvgH/workspace"}
[Kilo New] ServerManager: ⚠️ CLI Server stderr: INFO  2026-08-15T06:26:54 +2178ms service=model-cache providerID=apertis refreshing models
[Kilo New][P0-Perf] {"corr":"d2181c65-d721-402a-a10f-d3578a4d15ed","stage":"sse.event","t":1786775214824,"d":43468,"surface":"extension","span":"start","eventType":"message.part.updated","dir":"/private/var/folders/9v/733tfwtj2jvgwygmtrbwj9gm0000gn/T/kilo-e2e-ZPnvgH/workspace"}
[Kilo New][P0-Perf] {"corr":"d2181c65-d721-402a-a10f-d3578a4d15ed","stage":"sse.event","t":1786775214824,"d":43468,"surface":"extension","span":"end","dur":0,"eventType":"message.part.updated","dir":"/private/var/folders/9v/733tfwtj2jvgwygmtrbwj9gm0000gn/T/kilo-e2e-ZPnvgH/workspace"}
[Kilo New][P0-Perf] {"corr":"d2181c65-d721-402a-a10f-d3578a4d15ed","stage":"sse.event","t":1786775214825,"d":43469,"surface":"extension","span":"start","eventType":"message.part.updated.1","dir":"/private/var/folders/9v/733tfwtj2jvgwygmtrbwj9gm0000gn/T/kilo-e2e-ZPnvgH/workspace"}
[Kilo New][P0-Perf] {"corr":"d2181c65-d721-402a-a10f-d3578a4d15ed","stage":"sse.event","t":1786775214825,"d":43469,"surface":"extension","span":"end","dur":0,"eventType":"message.part.updated.1","dir":"/private/var/folders/9v/733tfwtj2jvgwygmtrbwj9gm0000gn/T/kilo-e2e-ZPnvgH/workspace"}
[Kilo New] ServerManager: ⚠️ CLI Server stderr: INFO  2026-08-15T06:26:54 +137ms service=model-cache providerID=apertis count=0 models fetched and cached
[Kilo New][P0-Perf] {"corr":"d2181c65-d721-402a-a10f-d3578a4d15ed","stage":"sse.event","t":1786775214995,"d":43639,"surface":"extension","span":"start","eventType":"message.part.updated","dir":"/private/var/folders/9v/733tfwtj2jvgwygmtrbwj9gm0000gn/T/kilo-e2e-ZPnvgH/workspace"}
[Kilo New][P0-Perf] {"corr":"d2181c65-d721-402a-a10f-d3578a4d15ed","stage":"sse.event","t":1786775214995,"d":43639,"surface":"extension","span":"end","dur":0,"eventType":"message.part.updated","dir":"/private/var/folders/9v/733tfwtj2jvgwygmtrbwj9gm0000gn/T/kilo-e2e-ZPnvgH/workspace"}
[Kilo New][P0-Perf] {"corr":"d2181c65-d721-402a-a10f-d3578a4d15ed","stage":"sse.event","t":1786775214995,"d":43639,"surface":"extension","span":"start","eventType":"message.part.updated.1","dir":"/private/var/folders/9v/733tfwtj2jvgwygmtrbwj9gm0000gn/T/kilo-e2e-ZPnvgH/workspace"}
[Kilo New][P0-Perf] {"corr":"d2181c65-d721-402a-a10f-d3578a4d15ed","stage":"sse.event","t":1786775214995,"d":43639,"surface":"extension","span":"end","dur":0,"eventType":"message.part.updated.1","dir":"/private/var/folders/9v/733tfwtj2jvgwygmtrbwj9gm0000gn/T/kilo-e2e-ZPnvgH/workspace"}
[Kilo New][P0-Perf] {"corr":"d2181c65-d721-402a-a10f-d3578a4d15ed","stage":"sse.event","t":1786775215172,"d":43816,"surface":"extension","span":"start","eventType":"message.part.updated","dir":"/private/var/folders/9v/733tfwtj2jvgwygmtrbwj9gm0000gn/T/kilo-e2e-ZPnvgH/workspace"}
[Kilo New][P0-Perf] {"corr":"d2181c65-d721-402a-a10f-d3578a4d15ed","stage":"sse.event","t":1786775215172,"d":43816,"surface":"extension","span":"end","dur":0,"eventType":"message.part.updated","dir":"/private/var/folders/9v/733tfwtj2jvgwygmtrbwj9gm0000gn/T/kilo-e2e-ZPnvgH/workspace"}
[Kilo New][P0-Perf] {"corr":"d2181c65-d721-402a-a10f-d3578a4d15ed","stage":"sse.event","t":1786775215172,"d":43816,"surface":"extension","span":"start","eventType":"message.part.updated.1","dir":"/private/var/folders/9v/733tfwtj2jvgwygmtrbwj9gm0000gn/T/kilo-e2e-ZPnvgH/workspace"}
[Kilo New][P0-Perf] {"corr":"d2181c65-d721-402a-a10f-d3578a4d15ed","stage":"sse.event","t":1786775215172,"d":43816,"surface":"extension","span":"end","dur":0,"eventType":"message.part.updated.1","dir":"/private/var/folders/9v/733tfwtj2jvgwygmtrbwj9gm0000gn/T/kilo-e2e-ZPnvgH/workspace"}
[Kilo New] ServerManager: ⚠️ CLI Server stderr: INFO  2026-08-15T06:26:55 +377ms service=snapshot hash=72fe511c7da12016c7ca72989cb3b2e096abe407 cwd=/private/var/folders/9v/733tfwtj2jvgwygmtrbwj9gm0000gn/T/kilo-e2e-ZPnvgH/workspace git=/var/folders/9v/733tfwtj2jvgwygmtrbwj9gm0000gn/T/kilo-e2e-ZPnvgH/xdg-data/kilo/snapshot/b289fb45de8da4fa44e139efaaf8b5478551cab5/9d6abdc242d21a47adc2bd681ec53d69051777f4 tracking
[Kilo New] ServerManager: ⚠️ CLI Server stderr: INFO  2026-08-15T06:26:55 +48ms service=session.tools status=started resolveTools
[Kilo New][P0-Perf] {"corr":"d2181c65-d721-402a-a10f-d3578a4d15ed","stage":"sse.event","t":1786775215254,"d":43898,"surface":"extension","span":"start","eventType":"message.part.removed","dir":"/private/var/folders/9v/733tfwtj2jvgwygmtrbwj9gm0000gn/T/kilo-e2e-ZPnvgH/workspace"}
[Kilo New][P0-Perf] {"corr":"d2181c65-d721-402a-a10f-d3578a4d15ed","stage":"sse.event","t":1786775215254,"d":43898,"surface":"extension","span":"end","dur":0,"eventType":"message.part.removed","dir":"/private/var/folders/9v/733tfwtj2jvgwygmtrbwj9gm0000gn/T/kilo-e2e-ZPnvgH/workspace"}
[Kilo New][P0-Perf] {"corr":"d2181c65-d721-402a-a10f-d3578a4d15ed","stage":"sse.event","t":1786775215254,"d":43898,"surface":"extension","span":"start","eventType":"message.part.removed.1","dir":"/private/var/folders/9v/733tfwtj2jvgwygmtrbwj9gm0000gn/T/kilo-e2e-ZPnvgH/workspace"}
[Kilo New][P0-Perf] {"corr":"d2181c65-d721-402a-a10f-d3578a4d15ed","stage":"sse.event","t":1786775215255,"d":43899,"surface":"extension","span":"end","dur":1,"eventType":"message.part.removed.1","dir":"/private/var/folders/9v/733tfwtj2jvgwygmtrbwj9gm0000gn/T/kilo-e2e-ZPnvgH/workspace"}
[Kilo New] ServerManager: ⚠️ CLI Server stderr: INFO  2026-08-15T06:26:55 +54ms service=tool.registry status=started invalid
[Kilo New] ServerManager: ⚠️ CLI Server stderr: INFO  2026-08-15T06:26:55 +1ms service=tool.registry status=completed duration=1 invalid
[Kilo New] ServerManager: ⚠️ CLI Server stderr: INFO  2026-08-15T06:26:55 +0ms service=tool.registry status=started question
[Kilo New] ServerManager: ⚠️ CLI Server stderr: INFO  2026-08-15T06:26:55 +0ms service=tool.registry status=completed duration=0 question
[Kilo New] ServerManager: ⚠️ CLI Server stderr: INFO  2026-08-15T06:26:55 +0ms service=tool.registry status=started bash
[Kilo New] ServerManager: ⚠️ CLI Server stderr: INFO  2026-08-15T06:26:55 +1ms service=tool.registry status=completed duration=1 bash
[Kilo New] ServerManager: ⚠️ CLI Server stderr: INFO  2026-08-15T06:26:55 +0ms service=tool.registry status=started read
[Kilo New] ServerManager: ⚠️ CLI Server stderr: INFO  2026-08-15T06:26:55 +0ms service=tool.registry status=completed duration=0 read
[Kilo New] ServerManager: ⚠️ CLI Server stderr: INFO  2026-08-15T06:26:55 +0ms service=tool.registry status=started glob
[Kilo New] ServerManager: ⚠️ CLI Server stderr: INFO  2026-08-15T06:26:55 +0ms service=tool.registry status=completed duration=0 glob
[Kilo New] ServerManager: ⚠️ CLI Server stderr: INFO  2026-08-15T06:26:55 +0ms service=tool.registry status=started grep
[Kilo New] ServerManager: ⚠️ CLI Server stderr: INFO  2026-08-15T06:26:55 +0ms service=tool.registry status=completed duration=0 grep
[Kilo New] ServerManager: ⚠️ CLI Server stderr: INFO  2026-08-15T06:26:55 +1ms service=tool.registry status=started edit
[Kilo New] ServerManager: ⚠️ CLI Server stderr: INFO  2026-08-15T06:26:55 +0ms service=tool.registry status=completed duration=0 edit
[Kilo New] ServerManager: ⚠️ CLI Server stderr: INFO  2026-08-15T06:26:55 +0ms service=tool.registry status=started write
[Kilo New] ServerManager: ⚠️ CLI Server stderr: INFO  2026-08-15T06:26:55 +0ms service=tool.registry status=completed duration=0 write
[Kilo New] ServerManager: ⚠️ CLI Server stderr: INFO  2026-08-15T06:26:55 +0ms service=tool.registry status=started task
[Kilo New] ServerManager: ⚠️ CLI Server stderr: INFO  2026-08-15T06:26:55 +1ms service=tool.registry status=completed duration=1 task
[Kilo New] ServerManager: ⚠️ CLI Server stderr: INFO  2026-08-15T06:26:55 +0ms service=tool.registry status=started webfetch
[Kilo New] ServerManager: ⚠️ CLI Server stderr: INFO  2026-08-15T06:26:55 +0ms service=tool.registry status=completed duration=0 webfetch
[Kilo New] ServerManager: ⚠️ CLI Server stderr: INFO  2026-08-15T06:26:55 +0ms service=tool.registry status=started todowrite
[Kilo New] ServerManager: ⚠️ CLI Server stderr: INFO  2026-08-15T06:26:55 +0ms service=tool.registry status=completed duration=0 todowrite
[Kilo New] ServerManager: ⚠️ CLI Server stderr: INFO  2026-08-15T06:26:55 +0ms service=tool.registry status=started skill
[Kilo New] ServerManager: ⚠️ CLI Server stderr: INFO  2026-08-15T06:26:55 +1ms service=tool.registry status=completed duration=1 skill
[Kilo New] ServerManager: ⚠️ CLI Server stderr: INFO  2026-08-15T06:26:55 +0ms service=tool.registry status=started plan_exit
[Kilo New] ServerManager: ⚠️ CLI Server stderr: INFO  2026-08-15T06:26:55 +0ms service=tool.registry status=completed duration=0 plan_exit
[Kilo New] ServerManager: ⚠️ CLI Server stderr: INFO  2026-08-15T06:26:55 +0ms service=tool.registry status=started kilo_local_recall
[Kilo New] ServerManager: ⚠️ CLI Server stderr: INFO  2026-08-15T06:26:55 +0ms service=tool.registry status=completed duration=0 kilo_local_recall
[Kilo New] ServerManager: ⚠️ CLI Server stderr: INFO  2026-08-15T06:26:55 +0ms service=tool.registry status=started background_process
[Kilo New] ServerManager: ⚠️ CLI Server stderr: INFO  2026-08-15T06:26:55 +0ms service=tool.registry status=completed duration=0 background_process
[Kilo New] ServerManager: ⚠️ CLI Server stderr: INFO  2026-08-15T06:26:55 +0ms service=tool.registry status=started agent_manager_models
[Kilo New] ServerManager: ⚠️ CLI Server stderr: INFO  2026-08-15T06:26:55 +0ms service=tool.registry status=completed duration=0 agent_manager_models
[Kilo New] ServerManager: ⚠️ CLI Server stderr: INFO  2026-08-15T06:26:55 +0ms service=tool.registry status=started agent_manager
[Kilo New] ServerManager: ⚠️ CLI Server stderr: INFO  2026-08-15T06:26:55 +0ms service=tool.registry status=completed duration=0 agent_manager
[Kilo New] ServerManager: ⚠️ CLI Server stderr: INFO  2026-08-15T06:26:55 +0ms service=tool.registry status=started e2e_marker
[Kilo New] ServerManager: ⚠️ CLI Server stderr: INFO  2026-08-15T06:26:55 +0ms service=tool.registry status=completed duration=0 e2e_marker
[Kilo New] ServerManager: ⚠️ CLI Server stderr: INFO  2026-08-15T06:26:55 +4ms service=session.tools status=completed duration=63 resolveTools
[Kilo New] ServerManager: ⚠️ CLI Server stderr: INFO  2026-08-15T06:26:55 +94ms service=session.processor session.id=ses_ffbe65b6affeWMAe9X7ERomdq3 messageID=msg_0041a11d5001lzkbwoQnsI7e8x process
[Kilo New] ServerManager: ⚠️ CLI Server stderr: INFO  2026-08-15T06:26:55 +3ms service=llm providerID=e2e-local modelID=e2e-model session.id=ses_ffbe65b6affeWMAe9X7ERomdq3 small=false agent=e2e-agent mode=primary stream
[Kilo New] ServerManager: ⚠️ CLI Server stderr: INFO  2026-08-15T06:26:55 +7ms service=default llm.runtime=ai-sdk llm.provider=e2e-local llm.model=e2e-model llm runtime selected
[Kilo New][P0-Perf] {"corr":"d2181c65-d721-402a-a10f-d3578a4d15ed","stage":"sse.event","t":1786775215424,"d":44068,"surface":"extension","span":"start","eventType":"session.updated","dir":"/private/var/folders/9v/733tfwtj2jvgwygmtrbwj9gm0000gn/T/kilo-e2e-ZPnvgH/workspace"}
[Kilo New][P0-Perf] {"corr":"d2181c65-d721-402a-a10f-d3578a4d15ed","stage":"sse.event","t":1786775215425,"d":44069,"surface":"extension","span":"end","dur":1,"eventType":"session.updated","dir":"/private/var/folders/9v/733tfwtj2jvgwygmtrbwj9gm0000gn/T/kilo-e2e-ZPnvgH/workspace"}
[Kilo New][P0-Perf] {"corr":"d2181c65-d721-402a-a10f-d3578a4d15ed","stage":"sse.event","t":1786775215425,"d":44069,"surface":"extension","span":"start","eventType":"session.updated.1","dir":"/private/var/folders/9v/733tfwtj2jvgwygmtrbwj9gm0000gn/T/kilo-e2e-ZPnvgH/workspace"}
[Kilo New][P0-Perf] {"corr":"d2181c65-d721-402a-a10f-d3578a4d15ed","stage":"sse.event","t":1786775215425,"d":44069,"surface":"extension","span":"end","dur":0,"eventType":"session.updated.1","dir":"/private/var/folders/9v/733tfwtj2jvgwygmtrbwj9gm0000gn/T/kilo-e2e-ZPnvgH/workspace"}
[Kilo New][P0-Perf] {"corr":"d2181c65-d721-402a-a10f-d3578a4d15ed","stage":"sse.event","t":1786775215425,"d":44069,"surface":"extension","span":"start","eventType":"session.diff","dir":"/private/var/folders/9v/733tfwtj2jvgwygmtrbwj9gm0000gn/T/kilo-e2e-ZPnvgH/workspace"}
[Kilo New][P0-Perf] {"corr":"d2181c65-d721-402a-a10f-d3578a4d15ed","stage":"sse.event","t":1786775215425,"d":44069,"surface":"extension","span":"end","dur":0,"eventType":"session.diff","dir":"/private/var/folders/9v/733tfwtj2jvgwygmtrbwj9gm0000gn/T/kilo-e2e-ZPnvgH/workspace"}
[Kilo New][P0-Perf] {"corr":"d2181c65-d721-402a-a10f-d3578a4d15ed","stage":"sse.event","t":1786775215425,"d":44069,"surface":"extension","span":"start","eventType":"message.updated","dir":"/private/var/folders/9v/733tfwtj2jvgwygmtrbwj9gm0000gn/T/kilo-e2e-ZPnvgH/workspace"}
[Kilo New][P0-Perf] {"corr":"d2181c65-d721-402a-a10f-d3578a4d15ed","stage":"sse.event","t":1786775215425,"d":44069,"surface":"extension","span":"end","dur":0,"eventType":"message.updated","dir":"/private/var/folders/9v/733tfwtj2jvgwygmtrbwj9gm0000gn/T/kilo-e2e-ZPnvgH/workspace"}
[Kilo New][P0-Perf] {"corr":"d2181c65-d721-402a-a10f-d3578a4d15ed","stage":"sse.event","t":1786775215426,"d":44070,"surface":"extension","span":"start","eventType":"message.updated.1","dir":"/private/var/folders/9v/733tfwtj2jvgwygmtrbwj9gm0000gn/T/kilo-e2e-ZPnvgH/workspace"}
[Kilo New][P0-Perf] {"corr":"d2181c65-d721-402a-a10f-d3578a4d15ed","stage":"sse.event","t":1786775215426,"d":44070,"surface":"extension","span":"end","dur":0,"eventType":"message.updated.1","dir":"/private/var/folders/9v/733tfwtj2jvgwygmtrbwj9gm0000gn/T/kilo-e2e-ZPnvgH/workspace"}
[Kilo New][P0-Perf] {"corr":"d2181c65-d721-402a-a10f-d3578a4d15ed","stage":"sse.event","t":1786775215426,"d":44070,"surface":"extension","span":"start","eventType":"session.status","dir":"/private/var/folders/9v/733tfwtj2jvgwygmtrbwj9gm0000gn/T/kilo-e2e-ZPnvgH/workspace"}
[Kilo New][P0-Perf] {"corr":"d2181c65-d721-402a-a10f-d3578a4d15ed","stage":"sse.event","t":1786775215426,"d":44070,"surface":"extension","span":"end","dur":0,"eventType":"session.status","dir":"/private/var/folders/9v/733tfwtj2jvgwygmtrbwj9gm0000gn/T/kilo-e2e-ZPnvgH/workspace"}
[Kilo New] ServerManager: ⚠️ CLI Server stderr: INFO  2026-08-15T06:26:55 +71ms service=p0-perf event=p0.start stage=tool_execute ts=1786775215487 id=ses_ffbe65b6affeWMAe9X7ERomdq3 meta={"tool":"skill","callID":"call_e2e_skill_1","messageID":"msg_0041a11d5001lzkbwoQnsI7e8x"} tool_execute
[Kilo New] ServerManager: ⚠️ CLI Server stderr: INFO  2026-08-15T06:26:55 +20ms service=permission permission=skill pattern=e2e-skill action={"permission":"*","action":"allow","pattern":"*"} evaluated
[Kilo New][P0-Perf] {"corr":"d2181c65-d721-402a-a10f-d3578a4d15ed","stage":"sse.event","t":1786775215521,"d":44165,"surface":"extension","span":"start","eventType":"message.part.updated","dir":"/private/var/folders/9v/733tfwtj2jvgwygmtrbwj9gm0000gn/T/kilo-e2e-ZPnvgH/workspace"}
[Kilo New][P0-Perf] {"corr":"d2181c65-d721-402a-a10f-d3578a4d15ed","stage":"sse.event","t":1786775215521,"d":44165,"surface":"extension","span":"end","dur":0,"eventType":"message.part.updated","dir":"/private/var/folders/9v/733tfwtj2jvgwygmtrbwj9gm0000gn/T/kilo-e2e-ZPnvgH/workspace"}
[Kilo New][P0-Perf] {"corr":"d2181c65-d721-402a-a10f-d3578a4d15ed","stage":"sse.event","t":1786775215522,"d":44166,"surface":"extension","span":"start","eventType":"message.part.updated.1","dir":"/private/var/folders/9v/733tfwtj2jvgwygmtrbwj9gm0000gn/T/kilo-e2e-ZPnvgH/workspace"}
[Kilo New][P0-Perf] {"corr":"d2181c65-d721-402a-a10f-d3578a4d15ed","stage":"sse.event","t":1786775215522,"d":44166,"surface":"extension","span":"end","dur":0,"eventType":"message.part.updated.1","dir":"/private/var/folders/9v/733tfwtj2jvgwygmtrbwj9gm0000gn/T/kilo-e2e-ZPnvgH/workspace"}
[Kilo New][P0-Perf] {"corr":"d2181c65-d721-402a-a10f-d3578a4d15ed","stage":"sse.event","t":1786775215522,"d":44166,"surface":"extension","span":"start","eventType":"message.part.updated","dir":"/private/var/folders/9v/733tfwtj2jvgwygmtrbwj9gm0000gn/T/kilo-e2e-ZPnvgH/workspace"}
[Kilo New][P0-Perf] {"corr":"d2181c65-d721-402a-a10f-d3578a4d15ed","stage":"sse.event","t":1786775215522,"d":44166,"surface":"extension","span":"end","dur":0,"eventType":"message.part.updated","dir":"/private/var/folders/9v/733tfwtj2jvgwygmtrbwj9gm0000gn/T/kilo-e2e-ZPnvgH/workspace"}
[Kilo New][P0-Perf] {"corr":"d2181c65-d721-402a-a10f-d3578a4d15ed","stage":"sse.event","t":1786775215522,"d":44166,"surface":"extension","span":"start","eventType":"message.part.updated.1","dir":"/private/var/folders/9v/733tfwtj2jvgwygmtrbwj9gm0000gn/T/kilo-e2e-ZPnvgH/workspace"}
[Kilo New][P0-Perf] {"corr":"d2181c65-d721-402a-a10f-d3578a4d15ed","stage":"sse.event","t":1786775215522,"d":44166,"surface":"extension","span":"end","dur":0,"eventType":"message.part.updated.1","dir":"/private/var/folders/9v/733tfwtj2jvgwygmtrbwj9gm0000gn/T/kilo-e2e-ZPnvgH/workspace"}
[Kilo New][P0-Perf] {"corr":"d2181c65-d721-402a-a10f-d3578a4d15ed","stage":"sse.event","t":1786775215522,"d":44166,"surface":"extension","span":"start","eventType":"message.part.updated","dir":"/private/var/folders/9v/733tfwtj2jvgwygmtrbwj9gm0000gn/T/kilo-e2e-ZPnvgH/workspace"}
[Kilo New][P0-Perf] {"corr":"d2181c65-d721-402a-a10f-d3578a4d15ed","stage":"sse.event","t":1786775215522,"d":44166,"surface":"extension","span":"end","dur":0,"eventType":"message.part.updated","dir":"/private/var/folders/9v/733tfwtj2jvgwygmtrbwj9gm0000gn/T/kilo-e2e-ZPnvgH/workspace"}
[Kilo New][P0-Perf] {"corr":"d2181c65-d721-402a-a10f-d3578a4d15ed","stage":"sse.event","t":1786775215522,"d":44166,"surface":"extension","span":"start","eventType":"message.part.updated.1","dir":"/private/var/folders/9v/733tfwtj2jvgwygmtrbwj9gm0000gn/T/kilo-e2e-ZPnvgH/workspace"}
[Kilo New][P0-Perf] {"corr":"d2181c65-d721-402a-a10f-d3578a4d15ed","stage":"sse.event","t":1786775215522,"d":44166,"surface":"extension","span":"end","dur":0,"eventType":"message.part.updated.1","dir":"/private/var/folders/9v/733tfwtj2jvgwygmtrbwj9gm0000gn/T/kilo-e2e-ZPnvgH/workspace"}
[Kilo New] ServerManager: ⚠️ CLI Server stderr: INFO  2026-08-15T06:26:55 +304ms service=p0-perf event=p0.end stage=tool_execute ts=1786775215811 duration=324 id=ses_ffbe65b6affeWMAe9X7ERomdq3 meta={"tool":"skill","callID":"call_e2e_skill_1","messageID":"msg_0041a11d5001lzkbwoQnsI7e8x"} tool_execute
[Kilo New][P0-Perf] {"corr":"d2181c65-d721-402a-a10f-d3578a4d15ed","stage":"sse.event","t":1786775215849,"d":44493,"surface":"extension","span":"start","eventType":"message.part.updated","dir":"/private/var/folders/9v/733tfwtj2jvgwygmtrbwj9gm0000gn/T/kilo-e2e-ZPnvgH/workspace"}
[Kilo New][P0-Perf] {"corr":"d2181c65-d721-402a-a10f-d3578a4d15ed","stage":"sse.event","t":1786775215850,"d":44494,"surface":"extension","span":"end","dur":1,"eventType":"message.part.updated","dir":"/private/var/folders/9v/733tfwtj2jvgwygmtrbwj9gm0000gn/T/kilo-e2e-ZPnvgH/workspace"}
[Kilo New][P0-Perf] {"corr":"d2181c65-d721-402a-a10f-d3578a4d15ed","stage":"sse.event","t":1786775215850,"d":44494,"surface":"extension","span":"start","eventType":"message.part.updated.1","dir":"/private/var/folders/9v/733tfwtj2jvgwygmtrbwj9gm0000gn/T/kilo-e2e-ZPnvgH/workspace"}
[Kilo New][P0-Perf] {"corr":"d2181c65-d721-402a-a10f-d3578a4d15ed","stage":"sse.event","t":1786775215850,"d":44494,"surface":"extension","span":"end","dur":0,"eventType":"message.part.updated.1","dir":"/private/var/folders/9v/733tfwtj2jvgwygmtrbwj9gm0000gn/T/kilo-e2e-ZPnvgH/workspace"}
[Kilo New] ServerManager: ⚠️ CLI Server stderr: INFO  2026-08-15T06:26:56 +1043ms service=model-cache providerID=apertis refreshing models
[Kilo New][P0-Perf] {"corr":"d2181c65-d721-402a-a10f-d3578a4d15ed","stage":"sse.event","t":1786775216866,"d":45510,"surface":"extension","span":"start","eventType":"message.part.updated","dir":"/private/var/folders/9v/733tfwtj2jvgwygmtrbwj9gm0000gn/T/kilo-e2e-ZPnvgH/workspace"}
[Kilo New][P0-Perf] {"corr":"d2181c65-d721-402a-a10f-d3578a4d15ed","stage":"sse.event","t":1786775216866,"d":45510,"surface":"extension","span":"end","dur":0,"eventType":"message.part.updated","dir":"/private/var/folders/9v/733tfwtj2jvgwygmtrbwj9gm0000gn/T/kilo-e2e-ZPnvgH/workspace"}
[Kilo New][P0-Perf] {"corr":"d2181c65-d721-402a-a10f-d3578a4d15ed","stage":"sse.event","t":1786775216866,"d":45510,"surface":"extension","span":"start","eventType":"message.part.updated.1","dir":"/private/var/folders/9v/733tfwtj2jvgwygmtrbwj9gm0000gn/T/kilo-e2e-ZPnvgH/workspace"}
[Kilo New][P0-Perf] {"corr":"d2181c65-d721-402a-a10f-d3578a4d15ed","stage":"sse.event","t":1786775216866,"d":45510,"surface":"extension","span":"end","dur":0,"eventType":"message.part.updated.1","dir":"/private/var/folders/9v/733tfwtj2jvgwygmtrbwj9gm0000gn/T/kilo-e2e-ZPnvgH/workspace"}
[Kilo New] ServerManager: ⚠️ CLI Server stderr: INFO  2026-08-15T06:26:56 +44ms service=model-cache providerID=apertis count=0 models fetched and cached
[Kilo New][P0-Perf] {"corr":"d2181c65-d721-402a-a10f-d3578a4d15ed","stage":"sse.event","t":1786775217042,"d":45686,"surface":"extension","span":"start","eventType":"message.part.updated","dir":"/private/var/folders/9v/733tfwtj2jvgwygmtrbwj9gm0000gn/T/kilo-e2e-ZPnvgH/workspace"}
[Kilo New][P0-Perf] {"corr":"d2181c65-d721-402a-a10f-d3578a4d15ed","stage":"sse.event","t":1786775217042,"d":45686,"surface":"extension","span":"end","dur":0,"eventType":"message.part.updated","dir":"/private/var/folders/9v/733tfwtj2jvgwygmtrbwj9gm0000gn/T/kilo-e2e-ZPnvgH/workspace"}
[Kilo New][P0-Perf] {"corr":"d2181c65-d721-402a-a10f-d3578a4d15ed","stage":"sse.event","t":1786775217043,"d":45687,"surface":"extension","span":"start","eventType":"message.part.updated.1","dir":"/private/var/folders/9v/733tfwtj2jvgwygmtrbwj9gm0000gn/T/kilo-e2e-ZPnvgH/workspace"}
[Kilo New][P0-Perf] {"corr":"d2181c65-d721-402a-a10f-d3578a4d15ed","stage":"sse.event","t":1786775217043,"d":45687,"surface":"extension","span":"end","dur":0,"eventType":"message.part.updated.1","dir":"/private/var/folders/9v/733tfwtj2jvgwygmtrbwj9gm0000gn/T/kilo-e2e-ZPnvgH/workspace"}
[Kilo New][P0-Perf] {"corr":"d2181c65-d721-402a-a10f-d3578a4d15ed","stage":"sse.event","t":1786775217185,"d":45829,"surface":"extension","span":"start","eventType":"message.part.updated","dir":"/private/var/folders/9v/733tfwtj2jvgwygmtrbwj9gm0000gn/T/kilo-e2e-ZPnvgH/workspace"}
[Kilo New][P0-Perf] {"corr":"d2181c65-d721-402a-a10f-d3578a4d15ed","stage":"sse.event","t":1786775217185,"d":45829,"surface":"extension","span":"end","dur":0,"eventType":"message.part.updated","dir":"/private/var/folders/9v/733tfwtj2jvgwygmtrbwj9gm0000gn/T/kilo-e2e-ZPnvgH/workspace"}
[Kilo New][P0-Perf] {"corr":"d2181c65-d721-402a-a10f-d3578a4d15ed","stage":"sse.event","t":1786775217185,"d":45829,"surface":"extension","span":"start","eventType":"message.part.updated.1","dir":"/private/var/folders/9v/733tfwtj2jvgwygmtrbwj9gm0000gn/T/kilo-e2e-ZPnvgH/workspace"}
[Kilo New][P0-Perf] {"corr":"d2181c65-d721-402a-a10f-d3578a4d15ed","stage":"sse.event","t":1786775217186,"d":45830,"surface":"extension","span":"end","dur":1,"eventType":"message.part.updated.1","dir":"/private/var/folders/9v/733tfwtj2jvgwygmtrbwj9gm0000gn/T/kilo-e2e-ZPnvgH/workspace"}
[Kilo New] ServerManager: ⚠️ CLI Server stderr: INFO  2026-08-15T06:26:57 +326ms service=snapshot hash=72fe511c7da12016c7ca72989cb3b2e096abe407 cwd=/private/var/folders/9v/733tfwtj2jvgwygmtrbwj9gm0000gn/T/kilo-e2e-ZPnvgH/workspace git=/var/folders/9v/733tfwtj2jvgwygmtrbwj9gm0000gn/T/kilo-e2e-ZPnvgH/xdg-data/kilo/snapshot/b289fb45de8da4fa44e139efaaf8b5478551cab5/9d6abdc242d21a47adc2bd681ec53d69051777f4 tracking
[Kilo New][P0-Perf] {"corr":"d2181c65-d721-402a-a10f-d3578a4d15ed","stage":"sse.event","t":1786775217288,"d":45932,"surface":"extension","span":"start","eventType":"message.part.updated","dir":"/private/var/folders/9v/733tfwtj2jvgwygmtrbwj9gm0000gn/T/kilo-e2e-ZPnvgH/workspace"}
[Kilo New][P0-Perf] {"corr":"d2181c65-d721-402a-a10f-d3578a4d15ed","stage":"sse.event","t":1786775217288,"d":45932,"surface":"extension","span":"end","dur":0,"eventType":"message.part.updated","dir":"/private/var/folders/9v/733tfwtj2jvgwygmtrbwj9gm0000gn/T/kilo-e2e-ZPnvgH/workspace"}
[Kilo New][P0-Perf] {"corr":"d2181c65-d721-402a-a10f-d3578a4d15ed","stage":"sse.event","t":1786775217288,"d":45932,"surface":"extension","span":"start","eventType":"message.part.updated.1","dir":"/private/var/folders/9v/733tfwtj2jvgwygmtrbwj9gm0000gn/T/kilo-e2e-ZPnvgH/workspace"}
[Kilo New][P0-Perf] {"corr":"d2181c65-d721-402a-a10f-d3578a4d15ed","stage":"sse.event","t":1786775217288,"d":45932,"surface":"extension","span":"end","dur":0,"eventType":"message.part.updated.1","dir":"/private/var/folders/9v/733tfwtj2jvgwygmtrbwj9gm0000gn/T/kilo-e2e-ZPnvgH/workspace"}
[Kilo New][P0-Perf] {"corr":"d2181c65-d721-402a-a10f-d3578a4d15ed","stage":"sse.event","t":1786775217288,"d":45932,"surface":"extension","span":"start","eventType":"message.updated","dir":"/private/var/folders/9v/733tfwtj2jvgwygmtrbwj9gm0000gn/T/kilo-e2e-ZPnvgH/workspace"}
[Kilo New][P0-Perf] {"corr":"d2181c65-d721-402a-a10f-d3578a4d15ed","stage":"sse.event","t":1786775217289,"d":45933,"surface":"extension","span":"end","dur":1,"eventType":"message.updated","dir":"/private/var/folders/9v/733tfwtj2jvgwygmtrbwj9gm0000gn/T/kilo-e2e-ZPnvgH/workspace"}
[Kilo New][P0-Perf] {"corr":"d2181c65-d721-402a-a10f-d3578a4d15ed","stage":"sse.event","t":1786775217289,"d":45933,"surface":"extension","span":"start","eventType":"message.updated.1","dir":"/private/var/folders/9v/733tfwtj2jvgwygmtrbwj9gm0000gn/T/kilo-e2e-ZPnvgH/workspace"}
[Kilo New][P0-Perf] {"corr":"d2181c65-d721-402a-a10f-d3578a4d15ed","stage":"sse.event","t":1786775217289,"d":45933,"surface":"extension","span":"end","dur":0,"eventType":"message.updated.1","dir":"/private/var/folders/9v/733tfwtj2jvgwygmtrbwj9gm0000gn/T/kilo-e2e-ZPnvgH/workspace"}
[Kilo New][P0-Perf] {"corr":"d2181c65-d721-402a-a10f-d3578a4d15ed","stage":"sse.event","t":1786775217289,"d":45933,"surface":"extension","span":"start","eventType":"message.part.removed","dir":"/private/var/folders/9v/733tfwtj2jvgwygmtrbwj9gm0000gn/T/kilo-e2e-ZPnvgH/workspace"}
[Kilo New][P0-Perf] {"corr":"d2181c65-d721-402a-a10f-d3578a4d15ed","stage":"sse.event","t":1786775217290,"d":45934,"surface":"extension","span":"end","dur":1,"eventType":"message.part.removed","dir":"/private/var/folders/9v/733tfwtj2jvgwygmtrbwj9gm0000gn/T/kilo-e2e-ZPnvgH/workspace"}
[Kilo New][P0-Perf] {"corr":"d2181c65-d721-402a-a10f-d3578a4d15ed","stage":"sse.event","t":1786775217290,"d":45934,"surface":"extension","span":"start","eventType":"message.part.removed.1","dir":"/private/var/folders/9v/733tfwtj2jvgwygmtrbwj9gm0000gn/T/kilo-e2e-ZPnvgH/workspace"}
[Kilo New][P0-Perf] {"corr":"d2181c65-d721-402a-a10f-d3578a4d15ed","stage":"sse.event","t":1786775217290,"d":45934,"surface":"extension","span":"end","dur":0,"eventType":"message.part.removed.1","dir":"/private/var/folders/9v/733tfwtj2jvgwygmtrbwj9gm0000gn/T/kilo-e2e-ZPnvgH/workspace"}
[Kilo New][P0-Perf] {"corr":"d2181c65-d721-402a-a10f-d3578a4d15ed","stage":"sse.event","t":1786775217444,"d":46088,"surface":"extension","span":"start","eventType":"server.heartbeat"}
[Kilo New][P0-Perf] {"corr":"d2181c65-d721-402a-a10f-d3578a4d15ed","stage":"sse.event","t":1786775217445,"d":46089,"surface":"extension","span":"end","dur":1,"eventType":"server.heartbeat"}
[Kilo New] ServerManager: ⚠️ CLI Server stderr: INFO  2026-08-15T06:26:57 +333ms service=session.prompt session.id=ses_ffbe65b6affeWMAe9X7ERomdq3 step=1 loop
[Kilo New] ServerManager: ⚠️ CLI Server stderr: INFO  2026-08-15T06:26:57 +6ms service=p0-perf event=p0.mark stage=processor_entry ts=1786775217563 id=ses_ffbe65b6affeWMAe9X7ERomdq3 meta={"messageID":"msg_0041a2598001QlAyxUj0W9CmbA","parentID":"msg_0041a111d0010ghRLrKEHZzRDP","model":"e2e-model","provider":"e2e-local"} processor_entry
[Kilo New][P0-Perf] {"corr":"d2181c65-d721-402a-a10f-d3578a4d15ed","stage":"sse.event","t":1786775217569,"d":46213,"surface":"extension","span":"start","eventType":"message.updated","dir":"/private/var/folders/9v/733tfwtj2jvgwygmtrbwj9gm0000gn/T/kilo-e2e-ZPnvgH/workspace"}
[Kilo New][P0-Perf] {"corr":"d2181c65-d721-402a-a10f-d3578a4d15ed","stage":"sse.event","t":1786775217570,"d":46214,"surface":"extension","span":"end","dur":1,"eventType":"message.updated","dir":"/private/var/folders/9v/733tfwtj2jvgwygmtrbwj9gm0000gn/T/kilo-e2e-ZPnvgH/workspace"}
[Kilo New][P0-Perf] {"corr":"d2181c65-d721-402a-a10f-d3578a4d15ed","stage":"sse.event","t":1786775217570,"d":46214,"surface":"extension","span":"start","eventType":"message.updated.1","dir":"/private/var/folders/9v/733tfwtj2jvgwygmtrbwj9gm0000gn/T/kilo-e2e-ZPnvgH/workspace"}
[Kilo New][P0-Perf] {"corr":"d2181c65-d721-402a-a10f-d3578a4d15ed","stage":"sse.event","t":1786775217570,"d":46214,"surface":"extension","span":"end","dur":0,"eventType":"message.updated.1","dir":"/private/var/folders/9v/733tfwtj2jvgwygmtrbwj9gm0000gn/T/kilo-e2e-ZPnvgH/workspace"}
[Kilo New][P0-Perf] {"corr":"d2181c65-d721-402a-a10f-d3578a4d15ed","stage":"sse.event","t":1786775217570,"d":46214,"surface":"extension","span":"start","eventType":"session.status","dir":"/private/var/folders/9v/733tfwtj2jvgwygmtrbwj9gm0000gn/T/kilo-e2e-ZPnvgH/workspace"}
[Kilo New][P0-Perf] {"corr":"d2181c65-d721-402a-a10f-d3578a4d15ed","stage":"sse.event","t":1786775217570,"d":46214,"surface":"extension","span":"end","dur":0,"eventType":"session.status","dir":"/private/var/folders/9v/733tfwtj2jvgwygmtrbwj9gm0000gn/T/kilo-e2e-ZPnvgH/workspace"}
[Kilo New][P0-Perf] {"corr":"d2181c65-d721-402a-a10f-d3578a4d15ed","stage":"sse.event","t":1786775217570,"d":46214,"surface":"extension","span":"start","eventType":"message.updated","dir":"/private/var/folders/9v/733tfwtj2jvgwygmtrbwj9gm0000gn/T/kilo-e2e-ZPnvgH/workspace"}
[Kilo New][P0-Perf] {"corr":"d2181c65-d721-402a-a10f-d3578a4d15ed","stage":"sse.event","t":1786775217570,"d":46214,"surface":"extension","span":"end","dur":0,"eventType":"message.updated","dir":"/private/var/folders/9v/733tfwtj2jvgwygmtrbwj9gm0000gn/T/kilo-e2e-ZPnvgH/workspace"}
[Kilo New][P0-Perf] {"corr":"d2181c65-d721-402a-a10f-d3578a4d15ed","stage":"sse.event","t":1786775217571,"d":46215,"surface":"extension","span":"start","eventType":"message.updated.1","dir":"/private/var/folders/9v/733tfwtj2jvgwygmtrbwj9gm0000gn/T/kilo-e2e-ZPnvgH/workspace"}
[Kilo New][P0-Perf] {"corr":"d2181c65-d721-402a-a10f-d3578a4d15ed","stage":"model.firstEvent","t":1786775217571,"d":46215,"surface":"extension","sessionID":"ses_ffbe65b6affeWMAe9X7ERomdq3","messageID":"msg_0041a2598001QlAyxUj0W9CmbA","parentID":"msg_0041a111d0010ghRLrKEHZzRDP","dir":"/private/var/folders/9v/733tfwtj2jvgwygmtrbwj9gm0000gn/T/kilo-e2e-ZPnvgH/workspace"}
[Kilo New][P0-Perf] {"corr":"d2181c65-d721-402a-a10f-d3578a4d15ed","stage":"sse.event","t":1786775217571,"d":46215,"surface":"extension","span":"end","dur":0,"eventType":"message.updated.1","dir":"/private/var/folders/9v/733tfwtj2jvgwygmtrbwj9gm0000gn/T/kilo-e2e-ZPnvgH/workspace"}
[Kilo New][P0-Perf] {"corr":"d2181c65-d721-402a-a10f-d3578a4d15ed","stage":"sse.event","t":1786775217616,"d":46260,"surface":"extension","span":"start","eventType":"session.updated","dir":"/private/var/folders/9v/733tfwtj2jvgwygmtrbwj9gm0000gn/T/kilo-e2e-ZPnvgH/workspace"}
[Kilo New][P0-Perf] {"corr":"d2181c65-d721-402a-a10f-d3578a4d15ed","stage":"sse.event","t":1786775217616,"d":46260,"surface":"extension","span":"end","dur":0,"eventType":"session.updated","dir":"/private/var/folders/9v/733tfwtj2jvgwygmtrbwj9gm0000gn/T/kilo-e2e-ZPnvgH/workspace"}
[Kilo New][P0-Perf] {"corr":"d2181c65-d721-402a-a10f-d3578a4d15ed","stage":"sse.event","t":1786775217616,"d":46260,"surface":"extension","span":"start","eventType":"session.updated.1","dir":"/private/var/folders/9v/733tfwtj2jvgwygmtrbwj9gm0000gn/T/kilo-e2e-ZPnvgH/workspace"}
[Kilo New][P0-Perf] {"corr":"d2181c65-d721-402a-a10f-d3578a4d15ed","stage":"sse.event","t":1786775217616,"d":46260,"surface":"extension","span":"end","dur":0,"eventType":"session.updated.1","dir":"/private/var/folders/9v/733tfwtj2jvgwygmtrbwj9gm0000gn/T/kilo-e2e-ZPnvgH/workspace"}
[Kilo New][P0-Perf] {"corr":"d2181c65-d721-402a-a10f-d3578a4d15ed","stage":"sse.event","t":1786775217617,"d":46261,"surface":"extension","span":"start","eventType":"session.diff","dir":"/private/var/folders/9v/733tfwtj2jvgwygmtrbwj9gm0000gn/T/kilo-e2e-ZPnvgH/workspace"}
[Kilo New][P0-Perf] {"corr":"d2181c65-d721-402a-a10f-d3578a4d15ed","stage":"sse.event","t":1786775217617,"d":46261,"surface":"extension","span":"end","dur":0,"eventType":"session.diff","dir":"/private/var/folders/9v/733tfwtj2jvgwygmtrbwj9gm0000gn/T/kilo-e2e-ZPnvgH/workspace"}
[Kilo New][P0-Perf] {"corr":"d2181c65-d721-402a-a10f-d3578a4d15ed","stage":"sse.event","t":1786775217617,"d":46261,"surface":"extension","span":"start","eventType":"message.updated","dir":"/private/var/folders/9v/733tfwtj2jvgwygmtrbwj9gm0000gn/T/kilo-e2e-ZPnvgH/workspace"}
[Kilo New][P0-Perf] {"corr":"d2181c65-d721-402a-a10f-d3578a4d15ed","stage":"sse.event","t":1786775217617,"d":46261,"surface":"extension","span":"end","dur":0,"eventType":"message.updated","dir":"/private/var/folders/9v/733tfwtj2jvgwygmtrbwj9gm0000gn/T/kilo-e2e-ZPnvgH/workspace"}
[Kilo New][P0-Perf] {"corr":"d2181c65-d721-402a-a10f-d3578a4d15ed","stage":"sse.event","t":1786775217617,"d":46261,"surface":"extension","span":"start","eventType":"message.updated.1","dir":"/private/var/folders/9v/733tfwtj2jvgwygmtrbwj9gm0000gn/T/kilo-e2e-ZPnvgH/workspace"}
[Kilo New][P0-Perf] {"corr":"d2181c65-d721-402a-a10f-d3578a4d15ed","stage":"sse.event","t":1786775217617,"d":46261,"surface":"extension","span":"end","dur":0,"eventType":"message.updated.1","dir":"/private/var/folders/9v/733tfwtj2jvgwygmtrbwj9gm0000gn/T/kilo-e2e-ZPnvgH/workspace"}
[Kilo New] ServerManager: ⚠️ CLI Server stderr: INFO  2026-08-15T06:26:57 +271ms service=snapshot hash=72fe511c7da12016c7ca72989cb3b2e096abe407 cwd=/private/var/folders/9v/733tfwtj2jvgwygmtrbwj9gm0000gn/T/kilo-e2e-ZPnvgH/workspace git=/var/folders/9v/733tfwtj2jvgwygmtrbwj9gm0000gn/T/kilo-e2e-ZPnvgH/xdg-data/kilo/snapshot/b289fb45de8da4fa44e139efaaf8b5478551cab5/9d6abdc242d21a47adc2bd681ec53d69051777f4 tracking
[Kilo New] ServerManager: ⚠️ CLI Server stderr: INFO  2026-08-15T06:26:57 +3ms service=session.tools status=started resolveTools
[Kilo New] ServerManager: ⚠️ CLI Server stderr: INFO  2026-08-15T06:26:57 +1ms service=tool.registry status=started invalid
[Kilo New] ServerManager: ⚠️ CLI Server stderr: INFO  2026-08-15T06:26:57 +0ms service=tool.registry status=completed duration=0 invalid
[Kilo New] ServerManager: ⚠️ CLI Server stderr: INFO  2026-08-15T06:26:57 +0ms service=tool.registry status=started question
[Kilo New] ServerManager: ⚠️ CLI Server stderr: INFO  2026-08-15T06:26:57 +0ms service=tool.registry status=completed duration=0 question
[Kilo New] ServerManager: ⚠️ CLI Server stderr: INFO  2026-08-15T06:26:57 +0ms service=tool.registry status=started bash
[Kilo New] ServerManager: ⚠️ CLI Server stderr: INFO  2026-08-15T06:26:57 +1ms service=tool.registry status=completed duration=1 bash
[Kilo New] ServerManager: ⚠️ CLI Server stderr: INFO  2026-08-15T06:26:57 +0ms service=tool.registry status=started read
[Kilo New] ServerManager: ⚠️ CLI Server stderr: INFO  2026-08-15T06:26:57 +0ms service=tool.registry status=completed duration=0 read
[Kilo New] ServerManager: ⚠️ CLI Server stderr: INFO  2026-08-15T06:26:57 +0ms service=tool.registry status=started glob
[Kilo New] ServerManager: ⚠️ CLI Server stderr: INFO  2026-08-15T06:26:57 +0ms service=tool.registry status=completed duration=0 glob
[Kilo New] ServerManager: ⚠️ CLI Server stderr: INFO  2026-08-15T06:26:57 +0ms service=tool.registry status=started grep
[Kilo New] ServerManager: ⚠️ CLI Server stderr: INFO  2026-08-15T06:26:57 +0ms service=tool.registry status=completed duration=0 grep
[Kilo New] ServerManager: ⚠️ CLI Server stderr: INFO  2026-08-15T06:26:57 +0ms service=tool.registry status=started edit
[Kilo New] ServerManager: ⚠️ CLI Server stderr: INFO  2026-08-15T06:26:57 +0ms service=tool.registry status=completed duration=0 edit
[Kilo New] ServerManager: ⚠️ CLI Server stderr: INFO  2026-08-15T06:26:57 +0ms service=tool.registry status=started write
[Kilo New] ServerManager: ⚠️ CLI Server stderr: INFO  2026-08-15T06:26:57 +0ms service=tool.registry status=completed duration=0 write
[Kilo New] ServerManager: ⚠️ CLI Server stderr: INFO  2026-08-15T06:26:57 +0ms service=tool.registry status=started task
[Kilo New] ServerManager: ⚠️ CLI Server stderr: INFO  2026-08-15T06:26:57 +1ms service=tool.registry status=completed duration=1 task
[Kilo New] ServerManager: ⚠️ CLI Server stderr: INFO  2026-08-15T06:26:57 +1ms service=tool.registry status=started webfetch
[Kilo New] ServerManager: ⚠️ CLI Server stderr: INFO  2026-08-15T06:26:57 +0ms service=tool.registry status=completed duration=1 webfetch
[Kilo New] ServerManager: ⚠️ CLI Server stderr: INFO  2026-08-15T06:26:57 +0ms service=tool.registry status=started todowrite
[Kilo New] ServerManager: ⚠️ CLI Server stderr: INFO  2026-08-15T06:26:57 +1ms service=tool.registry status=completed duration=1 todowrite
[Kilo New] ServerManager: ⚠️ CLI Server stderr: INFO  2026-08-15T06:26:57 +0ms service=tool.registry status=started skill
[Kilo New] ServerManager: ⚠️ CLI Server stderr: INFO  2026-08-15T06:26:57 +1ms service=tool.registry status=completed duration=1 skill
[Kilo New] ServerManager: ⚠️ CLI Server stderr: INFO  2026-08-15T06:26:57 +0ms service=tool.registry status=started plan_exit
[Kilo New] ServerManager: ⚠️ CLI Server stderr: INFO  2026-08-15T06:26:57 +0ms service=tool.registry status=completed duration=0 plan_exit
[Kilo New] ServerManager: ⚠️ CLI Server stderr: INFO  2026-08-15T06:26:57 +0ms service=tool.registry status=started kilo_local_recall
[Kilo New] ServerManager: ⚠️ CLI Server stderr: INFO  2026-08-15T06:26:57 +1ms service=tool.registry status=completed duration=1 kilo_local_recall
[Kilo New] ServerManager: ⚠️ CLI Server stderr: INFO  2026-08-15T06:26:57 +0ms service=tool.registry status=started background_process
[Kilo New] ServerManager: ⚠️ CLI Server stderr: INFO  2026-08-15T06:26:57 +0ms service=tool.registry status=completed duration=0 background_process
[Kilo New] ServerManager: ⚠️ CLI Server stderr: INFO  2026-08-15T06:26:57 +0ms service=tool.registry status=started agent_manager_models
[Kilo New] ServerManager: ⚠️ CLI Server stderr: INFO  2026-08-15T06:26:57 +0ms service=tool.registry status=completed duration=0 agent_manager_models
[Kilo New] ServerManager: ⚠️ CLI Server stderr: INFO  2026-08-15T06:26:57 +0ms service=tool.registry status=started agent_manager
[Kilo New] ServerManager: ⚠️ CLI Server stderr: INFO  2026-08-15T06:26:57 +0ms service=tool.registry status=completed duration=0 agent_manager
[Kilo New] ServerManager: ⚠️ CLI Server stderr: INFO  2026-08-15T06:26:57 +0ms service=tool.registry status=started e2e_marker
[Kilo New] ServerManager: ⚠️ CLI Server stderr: INFO  2026-08-15T06:26:57 +1ms service=tool.registry status=completed duration=1 e2e_marker
[Kilo New] ServerManager: ⚠️ CLI Server stderr: INFO  2026-08-15T06:26:57 +1ms service=session.tools status=completed duration=9 resolveTools
[Kilo New] ServerManager: ⚠️ CLI Server stderr: INFO  2026-08-15T06:26:57 +14ms service=session.processor session.id=ses_ffbe65b6affeWMAe9X7ERomdq3 messageID=msg_0041a2598001QlAyxUj0W9CmbA process
[Kilo New] ServerManager: ⚠️ CLI Server stderr: INFO  2026-08-15T06:26:57 +4ms service=llm providerID=e2e-local modelID=e2e-model session.id=ses_ffbe65b6affeWMAe9X7ERomdq3 small=false agent=e2e-agent mode=primary stream
[Kilo New][P0-Perf] {"corr":"d2181c65-d721-402a-a10f-d3578a4d15ed","stage":"sse.event","t":1786775217877,"d":46521,"surface":"extension","span":"start","eventType":"session.status","dir":"/private/var/folders/9v/733tfwtj2jvgwygmtrbwj9gm0000gn/T/kilo-e2e-ZPnvgH/workspace"}
[Kilo New][P0-Perf] {"corr":"d2181c65-d721-402a-a10f-d3578a4d15ed","stage":"sse.event","t":1786775217877,"d":46521,"surface":"extension","span":"end","dur":0,"eventType":"session.status","dir":"/private/var/folders/9v/733tfwtj2jvgwygmtrbwj9gm0000gn/T/kilo-e2e-ZPnvgH/workspace"}
[Kilo New] ServerManager: ⚠️ CLI Server stderr: INFO  2026-08-15T06:26:57 +81ms service=default llm.runtime=ai-sdk llm.provider=e2e-local llm.model=e2e-model llm runtime selected
[Kilo New][P0-Perf] {"corr":"d2181c65-d721-402a-a10f-d3578a4d15ed","stage":"sse.event","t":1786775218007,"d":46651,"surface":"extension","span":"start","eventType":"message.part.updated","dir":"/private/var/folders/9v/733tfwtj2jvgwygmtrbwj9gm0000gn/T/kilo-e2e-ZPnvgH/workspace"}
[Kilo New][P0-Perf] {"corr":"d2181c65-d721-402a-a10f-d3578a4d15ed","stage":"sse.event","t":1786775218007,"d":46651,"surface":"extension","span":"end","dur":0,"eventType":"message.part.updated","dir":"/private/var/folders/9v/733tfwtj2jvgwygmtrbwj9gm0000gn/T/kilo-e2e-ZPnvgH/workspace"}
[Kilo New][P0-Perf] {"corr":"d2181c65-d721-402a-a10f-d3578a4d15ed","stage":"sse.event","t":1786775218007,"d":46651,"surface":"extension","span":"start","eventType":"message.part.updated.1","dir":"/private/var/folders/9v/733tfwtj2jvgwygmtrbwj9gm0000gn/T/kilo-e2e-ZPnvgH/workspace"}
[Kilo New][P0-Perf] {"corr":"d2181c65-d721-402a-a10f-d3578a4d15ed","stage":"sse.event","t":1786775218007,"d":46651,"surface":"extension","span":"end","dur":0,"eventType":"message.part.updated.1","dir":"/private/var/folders/9v/733tfwtj2jvgwygmtrbwj9gm0000gn/T/kilo-e2e-ZPnvgH/workspace"}
[Kilo New][P0-Perf] {"corr":"d2181c65-d721-402a-a10f-d3578a4d15ed","stage":"sse.event","t":1786775218007,"d":46651,"surface":"extension","span":"start","eventType":"message.part.updated","dir":"/private/var/folders/9v/733tfwtj2jvgwygmtrbwj9gm0000gn/T/kilo-e2e-ZPnvgH/workspace"}
[Kilo New][P0-Perf] {"corr":"d2181c65-d721-402a-a10f-d3578a4d15ed","stage":"sse.event","t":1786775218007,"d":46651,"surface":"extension","span":"end","dur":0,"eventType":"message.part.updated","dir":"/private/var/folders/9v/733tfwtj2jvgwygmtrbwj9gm0000gn/T/kilo-e2e-ZPnvgH/workspace"}
[Kilo New][P0-Perf] {"corr":"d2181c65-d721-402a-a10f-d3578a4d15ed","stage":"sse.event","t":1786775218007,"d":46651,"surface":"extension","span":"start","eventType":"message.part.updated.1","dir":"/private/var/folders/9v/733tfwtj2jvgwygmtrbwj9gm0000gn/T/kilo-e2e-ZPnvgH/workspace"}
[Kilo New][P0-Perf] {"corr":"d2181c65-d721-402a-a10f-d3578a4d15ed","stage":"sse.event","t":1786775218008,"d":46652,"surface":"extension","span":"end","dur":1,"eventType":"message.part.updated.1","dir":"/private/var/folders/9v/733tfwtj2jvgwygmtrbwj9gm0000gn/T/kilo-e2e-ZPnvgH/workspace"}
[Kilo New][P0-Perf] {"corr":"d2181c65-d721-402a-a10f-d3578a4d15ed","stage":"sse.event","t":1786775218008,"d":46652,"surface":"extension","span":"start","eventType":"message.part.delta","dir":"/private/var/folders/9v/733tfwtj2jvgwygmtrbwj9gm0000gn/T/kilo-e2e-ZPnvgH/workspace"}
[Kilo New][P0-Perf] {"corr":"d2181c65-d721-402a-a10f-d3578a4d15ed","stage":"sse.event","t":1786775218008,"d":46652,"surface":"extension","span":"end","dur":0,"eventType":"message.part.delta","dir":"/private/var/folders/9v/733tfwtj2jvgwygmtrbwj9gm0000gn/T/kilo-e2e-ZPnvgH/workspace"}
[Kilo New][P0-Perf] {"corr":"d2181c65-d721-402a-a10f-d3578a4d15ed","stage":"sse.event","t":1786775218008,"d":46652,"surface":"extension","span":"start","eventType":"message.part.updated","dir":"/private/var/folders/9v/733tfwtj2jvgwygmtrbwj9gm0000gn/T/kilo-e2e-ZPnvgH/workspace"}
[Kilo New][P0-Perf] {"corr":"d2181c65-d721-402a-a10f-d3578a4d15ed","stage":"sse.event","t":1786775218008,"d":46652,"surface":"extension","span":"end","dur":0,"eventType":"message.part.updated","dir":"/private/var/folders/9v/733tfwtj2jvgwygmtrbwj9gm0000gn/T/kilo-e2e-ZPnvgH/workspace"}
[Kilo New][P0-Perf] {"corr":"d2181c65-d721-402a-a10f-d3578a4d15ed","stage":"sse.event","t":1786775218008,"d":46652,"surface":"extension","span":"start","eventType":"message.part.updated.1","dir":"/private/var/folders/9v/733tfwtj2jvgwygmtrbwj9gm0000gn/T/kilo-e2e-ZPnvgH/workspace"}
[Kilo New][P0-Perf] {"corr":"d2181c65-d721-402a-a10f-d3578a4d15ed","stage":"sse.event","t":1786775218008,"d":46652,"surface":"extension","span":"end","dur":0,"eventType":"message.part.updated.1","dir":"/private/var/folders/9v/733tfwtj2jvgwygmtrbwj9gm0000gn/T/kilo-e2e-ZPnvgH/workspace"}
[Kilo New] ServerManager: ⚠️ CLI Server stderr: INFO  2026-08-15T06:26:58 +864ms service=model-cache providerID=apertis refreshing models
[Kilo New][P0-Perf] {"corr":"d2181c65-d721-402a-a10f-d3578a4d15ed","stage":"sse.event","t":1786775218822,"d":47466,"surface":"extension","span":"start","eventType":"message.part.updated","dir":"/private/var/folders/9v/733tfwtj2jvgwygmtrbwj9gm0000gn/T/kilo-e2e-ZPnvgH/workspace"}
[Kilo New][P0-Perf] {"corr":"d2181c65-d721-402a-a10f-d3578a4d15ed","stage":"sse.event","t":1786775218822,"d":47466,"surface":"extension","span":"end","dur":0,"eventType":"message.part.updated","dir":"/private/var/folders/9v/733tfwtj2jvgwygmtrbwj9gm0000gn/T/kilo-e2e-ZPnvgH/workspace"}
[Kilo New][P0-Perf] {"corr":"d2181c65-d721-402a-a10f-d3578a4d15ed","stage":"sse.event","t":1786775218822,"d":47466,"surface":"extension","span":"start","eventType":"message.part.updated.1","dir":"/private/var/folders/9v/733tfwtj2jvgwygmtrbwj9gm0000gn/T/kilo-e2e-ZPnvgH/workspace"}
[Kilo New][P0-Perf] {"corr":"d2181c65-d721-402a-a10f-d3578a4d15ed","stage":"sse.event","t":1786775218822,"d":47466,"surface":"extension","span":"end","dur":0,"eventType":"message.part.updated.1","dir":"/private/var/folders/9v/733tfwtj2jvgwygmtrbwj9gm0000gn/T/kilo-e2e-ZPnvgH/workspace"}
[Kilo New] ServerManager: ⚠️ CLI Server stderr: INFO  2026-08-15T06:26:58 +12ms service=model-cache providerID=apertis count=0 models fetched and cached
[Kilo New][P0-Perf] {"corr":"d2181c65-d721-402a-a10f-d3578a4d15ed","stage":"sse.event","t":1786775219037,"d":47681,"surface":"extension","span":"start","eventType":"message.part.updated","dir":"/private/var/folders/9v/733tfwtj2jvgwygmtrbwj9gm0000gn/T/kilo-e2e-ZPnvgH/workspace"}
[Kilo New][P0-Perf] {"corr":"d2181c65-d721-402a-a10f-d3578a4d15ed","stage":"sse.event","t":1786775219037,"d":47681,"surface":"extension","span":"end","dur":0,"eventType":"message.part.updated","dir":"/private/var/folders/9v/733tfwtj2jvgwygmtrbwj9gm0000gn/T/kilo-e2e-ZPnvgH/workspace"}
[Kilo New][P0-Perf] {"corr":"d2181c65-d721-402a-a10f-d3578a4d15ed","stage":"sse.event","t":1786775219037,"d":47681,"surface":"extension","span":"start","eventType":"message.part.updated.1","dir":"/private/var/folders/9v/733tfwtj2jvgwygmtrbwj9gm0000gn/T/kilo-e2e-ZPnvgH/workspace"}
[Kilo New][P0-Perf] {"corr":"d2181c65-d721-402a-a10f-d3578a4d15ed","stage":"sse.event","t":1786775219037,"d":47681,"surface":"extension","span":"end","dur":0,"eventType":"message.part.updated.1","dir":"/private/var/folders/9v/733tfwtj2jvgwygmtrbwj9gm0000gn/T/kilo-e2e-ZPnvgH/workspace"}
[Kilo New][P0-Perf] {"corr":"d2181c65-d721-402a-a10f-d3578a4d15ed","stage":"sse.event","t":1786775219139,"d":47783,"surface":"extension","span":"start","eventType":"message.part.updated","dir":"/private/var/folders/9v/733tfwtj2jvgwygmtrbwj9gm0000gn/T/kilo-e2e-ZPnvgH/workspace"}
[Kilo New][P0-Perf] {"corr":"d2181c65-d721-402a-a10f-d3578a4d15ed","stage":"sse.event","t":1786775219139,"d":47783,"surface":"extension","span":"end","dur":0,"eventType":"message.part.updated","dir":"/private/var/folders/9v/733tfwtj2jvgwygmtrbwj9gm0000gn/T/kilo-e2e-ZPnvgH/workspace"}
[Kilo New][P0-Perf] {"corr":"d2181c65-d721-402a-a10f-d3578a4d15ed","stage":"sse.event","t":1786775219140,"d":47784,"surface":"extension","span":"start","eventType":"message.part.updated.1","dir":"/private/var/folders/9v/733tfwtj2jvgwygmtrbwj9gm0000gn/T/kilo-e2e-ZPnvgH/workspace"}
[Kilo New][P0-Perf] {"corr":"d2181c65-d721-402a-a10f-d3578a4d15ed","stage":"sse.event","t":1786775219140,"d":47784,"surface":"extension","span":"end","dur":0,"eventType":"message.part.updated.1","dir":"/private/var/folders/9v/733tfwtj2jvgwygmtrbwj9gm0000gn/T/kilo-e2e-ZPnvgH/workspace"}
[Kilo New] ServerManager: ⚠️ CLI Server stderr: INFO  2026-08-15T06:26:59 +417ms service=snapshot hash=72fe511c7da12016c7ca72989cb3b2e096abe407 cwd=/private/var/folders/9v/733tfwtj2jvgwygmtrbwj9gm0000gn/T/kilo-e2e-ZPnvgH/workspace git=/var/folders/9v/733tfwtj2jvgwygmtrbwj9gm0000gn/T/kilo-e2e-ZPnvgH/xdg-data/kilo/snapshot/b289fb45de8da4fa44e139efaaf8b5478551cab5/9d6abdc242d21a47adc2bd681ec53d69051777f4 tracking
[Kilo New][P0-Perf] {"corr":"d2181c65-d721-402a-a10f-d3578a4d15ed","stage":"sse.event","t":1786775219254,"d":47898,"surface":"extension","span":"start","eventType":"message.part.updated","dir":"/private/var/folders/9v/733tfwtj2jvgwygmtrbwj9gm0000gn/T/kilo-e2e-ZPnvgH/workspace"}
[Kilo New][P0-Perf] {"corr":"d2181c65-d721-402a-a10f-d3578a4d15ed","stage":"sse.event","t":1786775219255,"d":47899,"surface":"extension","span":"end","dur":1,"eventType":"message.part.updated","dir":"/private/var/folders/9v/733tfwtj2jvgwygmtrbwj9gm0000gn/T/kilo-e2e-ZPnvgH/workspace"}
[Kilo New][P0-Perf] {"corr":"d2181c65-d721-402a-a10f-d3578a4d15ed","stage":"sse.event","t":1786775219255,"d":47899,"surface":"extension","span":"start","eventType":"message.part.updated.1","dir":"/private/var/folders/9v/733tfwtj2jvgwygmtrbwj9gm0000gn/T/kilo-e2e-ZPnvgH/workspace"}
[Kilo New][P0-Perf] {"corr":"d2181c65-d721-402a-a10f-d3578a4d15ed","stage":"sse.event","t":1786775219255,"d":47899,"surface":"extension","span":"end","dur":0,"eventType":"message.part.updated.1","dir":"/private/var/folders/9v/733tfwtj2jvgwygmtrbwj9gm0000gn/T/kilo-e2e-ZPnvgH/workspace"}
[Kilo New][P0-Perf] {"corr":"d2181c65-d721-402a-a10f-d3578a4d15ed","stage":"sse.event","t":1786775219255,"d":47899,"surface":"extension","span":"start","eventType":"message.updated","dir":"/private/var/folders/9v/733tfwtj2jvgwygmtrbwj9gm0000gn/T/kilo-e2e-ZPnvgH/workspace"}
[Kilo New][P0-Perf] {"corr":"d2181c65-d721-402a-a10f-d3578a4d15ed","stage":"sse.event","t":1786775219255,"d":47899,"surface":"extension","span":"end","dur":0,"eventType":"message.updated","dir":"/private/var/folders/9v/733tfwtj2jvgwygmtrbwj9gm0000gn/T/kilo-e2e-ZPnvgH/workspace"}
[Kilo New][P0-Perf] {"corr":"d2181c65-d721-402a-a10f-d3578a4d15ed","stage":"sse.event","t":1786775219255,"d":47899,"surface":"extension","span":"start","eventType":"message.updated.1","dir":"/private/var/folders/9v/733tfwtj2jvgwygmtrbwj9gm0000gn/T/kilo-e2e-ZPnvgH/workspace"}
[Kilo New][P0-Perf] {"corr":"d2181c65-d721-402a-a10f-d3578a4d15ed","stage":"sse.event","t":1786775219256,"d":47900,"surface":"extension","span":"end","dur":1,"eventType":"message.updated.1","dir":"/private/var/folders/9v/733tfwtj2jvgwygmtrbwj9gm0000gn/T/kilo-e2e-ZPnvgH/workspace"}
[Kilo New][P0-Perf] {"corr":"d2181c65-d721-402a-a10f-d3578a4d15ed","stage":"sse.event","t":1786775219256,"d":47900,"surface":"extension","span":"start","eventType":"message.part.removed","dir":"/private/var/folders/9v/733tfwtj2jvgwygmtrbwj9gm0000gn/T/kilo-e2e-ZPnvgH/workspace"}
[Kilo New][P0-Perf] {"corr":"d2181c65-d721-402a-a10f-d3578a4d15ed","stage":"sse.event","t":1786775219256,"d":47900,"surface":"extension","span":"end","dur":0,"eventType":"message.part.removed","dir":"/private/var/folders/9v/733tfwtj2jvgwygmtrbwj9gm0000gn/T/kilo-e2e-ZPnvgH/workspace"}
[Kilo New][P0-Perf] {"corr":"d2181c65-d721-402a-a10f-d3578a4d15ed","stage":"sse.event","t":1786775219256,"d":47900,"surface":"extension","span":"start","eventType":"message.part.removed.1","dir":"/private/var/folders/9v/733tfwtj2jvgwygmtrbwj9gm0000gn/T/kilo-e2e-ZPnvgH/workspace"}
[Kilo New][P0-Perf] {"corr":"d2181c65-d721-402a-a10f-d3578a4d15ed","stage":"sse.event","t":1786775219256,"d":47900,"surface":"extension","span":"end","dur":0,"eventType":"message.part.removed.1","dir":"/private/var/folders/9v/733tfwtj2jvgwygmtrbwj9gm0000gn/T/kilo-e2e-ZPnvgH/workspace"}
[Kilo New] ServerManager: ⚠️ CLI Server stderr: INFO  2026-08-15T06:26:59 +471ms service=session.prompt session.id=ses_ffbe65b6affeWMAe9X7ERomdq3 step=2 loop
[Kilo New] ServerManager: ⚠️ CLI Server stderr: INFO  2026-08-15T06:26:59 +6ms service=session.prompt session.id=ses_ffbe65b6affeWMAe9X7ERomdq3 exiting loop
[Kilo New] ServerManager: ⚠️ CLI Server stderr: INFO  2026-08-15T06:26:59 +7ms service=bus type=session.turn.close publishing
[Kilo New][P0-Perf] {"corr":"d2181c65-d721-402a-a10f-d3578a4d15ed","stage":"sse.event","t":1786775219730,"d":48374,"surface":"extension","span":"start","eventType":"message.updated","dir":"/private/var/folders/9v/733tfwtj2jvgwygmtrbwj9gm0000gn/T/kilo-e2e-ZPnvgH/workspace"}
[Kilo New][P0-Perf] {"corr":"d2181c65-d721-402a-a10f-d3578a4d15ed","stage":"sse.event","t":1786775219730,"d":48374,"surface":"extension","span":"end","dur":0,"eventType":"message.updated","dir":"/private/var/folders/9v/733tfwtj2jvgwygmtrbwj9gm0000gn/T/kilo-e2e-ZPnvgH/workspace"}
[Kilo New][P0-Perf] {"corr":"d2181c65-d721-402a-a10f-d3578a4d15ed","stage":"sse.event","t":1786775219730,"d":48374,"surface":"extension","span":"start","eventType":"message.updated.1","dir":"/private/var/folders/9v/733tfwtj2jvgwygmtrbwj9gm0000gn/T/kilo-e2e-ZPnvgH/workspace"}
[Kilo New][P0-Perf] {"corr":"d2181c65-d721-402a-a10f-d3578a4d15ed","stage":"sse.event","t":1786775219731,"d":48375,"surface":"extension","span":"end","dur":1,"eventType":"message.updated.1","dir":"/private/var/folders/9v/733tfwtj2jvgwygmtrbwj9gm0000gn/T/kilo-e2e-ZPnvgH/workspace"}
[Kilo New][P0-Perf] {"corr":"d2181c65-d721-402a-a10f-d3578a4d15ed","stage":"sse.event","t":1786775219731,"d":48375,"surface":"extension","span":"start","eventType":"session.status","dir":"/private/var/folders/9v/733tfwtj2jvgwygmtrbwj9gm0000gn/T/kilo-e2e-ZPnvgH/workspace"}
[Kilo New][P0-Perf] {"corr":"d2181c65-d721-402a-a10f-d3578a4d15ed","stage":"sse.event","t":1786775219731,"d":48375,"surface":"extension","span":"end","dur":0,"eventType":"session.status","dir":"/private/var/folders/9v/733tfwtj2jvgwygmtrbwj9gm0000gn/T/kilo-e2e-ZPnvgH/workspace"}
[Kilo New][P0-Perf] {"corr":"d2181c65-d721-402a-a10f-d3578a4d15ed","stage":"sse.event","t":1786775219731,"d":48375,"surface":"extension","span":"start","eventType":"session.status","dir":"/private/var/folders/9v/733tfwtj2jvgwygmtrbwj9gm0000gn/T/kilo-e2e-ZPnvgH/workspace"}
[Kilo New][P0-Perf] {"corr":"d2181c65-d721-402a-a10f-d3578a4d15ed","stage":"sse.event","t":1786775219732,"d":48376,"surface":"extension","span":"end","dur":1,"eventType":"session.status","dir":"/private/var/folders/9v/733tfwtj2jvgwygmtrbwj9gm0000gn/T/kilo-e2e-ZPnvgH/workspace"}
[Kilo New][P0-Perf] {"corr":"d2181c65-d721-402a-a10f-d3578a4d15ed","stage":"sse.event","t":1786775219732,"d":48376,"surface":"extension","span":"start","eventType":"session.idle","dir":"/private/var/folders/9v/733tfwtj2jvgwygmtrbwj9gm0000gn/T/kilo-e2e-ZPnvgH/workspace"}
[Kilo New][P0-Perf] {"corr":"d2181c65-d721-402a-a10f-d3578a4d15ed","stage":"sse.event","t":1786775219732,"d":48376,"surface":"extension","span":"end","dur":0,"eventType":"session.idle","dir":"/private/var/folders/9v/733tfwtj2jvgwygmtrbwj9gm0000gn/T/kilo-e2e-ZPnvgH/workspace"}
[Kilo New][P0-Perf] {"corr":"d2181c65-d721-402a-a10f-d3578a4d15ed","stage":"sse.event","t":1786775219732,"d":48376,"surface":"extension","span":"start","eventType":"session.turn.close","dir":"/private/var/folders/9v/733tfwtj2jvgwygmtrbwj9gm0000gn/T/kilo-e2e-ZPnvgH/workspace"}
[Kilo New][P0-Perf] {"corr":"d2181c65-d721-402a-a10f-d3578a4d15ed","stage":"sse.event","t":1786775219732,"d":48376,"surface":"extension","span":"end","dur":0,"eventType":"session.turn.close","dir":"/private/var/folders/9v/733tfwtj2jvgwygmtrbwj9gm0000gn/T/kilo-e2e-ZPnvgH/workspace"}
[Kilo New][P0-Perf] {"corr":"d2181c65-d721-402a-a10f-d3578a4d15ed","stage":"sse.event","t":1786775219807,"d":48451,"surface":"extension","span":"start","eventType":"session.updated","dir":"/private/var/folders/9v/733tfwtj2jvgwygmtrbwj9gm0000gn/T/kilo-e2e-ZPnvgH/workspace"}
[Kilo New][P0-Perf] {"corr":"d2181c65-d721-402a-a10f-d3578a4d15ed","stage":"sse.event","t":1786775219808,"d":48452,"surface":"extension","span":"end","dur":1,"eventType":"session.updated","dir":"/private/var/folders/9v/733tfwtj2jvgwygmtrbwj9gm0000gn/T/kilo-e2e-ZPnvgH/workspace"}
[Kilo New][P0-Perf] {"corr":"d2181c65-d721-402a-a10f-d3578a4d15ed","stage":"sse.event","t":1786775219808,"d":48452,"surface":"extension","span":"start","eventType":"session.updated.1","dir":"/private/var/folders/9v/733tfwtj2jvgwygmtrbwj9gm0000gn/T/kilo-e2e-ZPnvgH/workspace"}
[Kilo New][P0-Perf] {"corr":"d2181c65-d721-402a-a10f-d3578a4d15ed","stage":"sse.event","t":1786775219808,"d":48452,"surface":"extension","span":"end","dur":0,"eventType":"session.updated.1","dir":"/private/var/folders/9v/733tfwtj2jvgwygmtrbwj9gm0000gn/T/kilo-e2e-ZPnvgH/workspace"}
[Kilo New][P0-Perf] {"corr":"d2181c65-d721-402a-a10f-d3578a4d15ed","stage":"sse.event","t":1786775219849,"d":48493,"surface":"extension","span":"start","eventType":"session.diff","dir":"/private/var/folders/9v/733tfwtj2jvgwygmtrbwj9gm0000gn/T/kilo-e2e-ZPnvgH/workspace"}
[Kilo New][P0-Perf] {"corr":"d2181c65-d721-402a-a10f-d3578a4d15ed","stage":"sse.event","t":1786775219850,"d":48494,"surface":"extension","span":"end","dur":1,"eventType":"session.diff","dir":"/private/var/folders/9v/733tfwtj2jvgwygmtrbwj9gm0000gn/T/kilo-e2e-ZPnvgH/workspace"}
[Kilo New][P0-Perf] {"corr":"d2181c65-d721-402a-a10f-d3578a4d15ed","stage":"sse.event","t":1786775219850,"d":48494,"surface":"extension","span":"start","eventType":"message.updated","dir":"/private/var/folders/9v/733tfwtj2jvgwygmtrbwj9gm0000gn/T/kilo-e2e-ZPnvgH/workspace"}
[Kilo New][P0-Perf] {"corr":"d2181c65-d721-402a-a10f-d3578a4d15ed","stage":"sse.event","t":1786775219850,"d":48494,"surface":"extension","span":"end","dur":0,"eventType":"message.updated","dir":"/private/var/folders/9v/733tfwtj2jvgwygmtrbwj9gm0000gn/T/kilo-e2e-ZPnvgH/workspace"}
[Kilo New][P0-Perf] {"corr":"d2181c65-d721-402a-a10f-d3578a4d15ed","stage":"sse.event","t":1786775219850,"d":48494,"surface":"extension","span":"start","eventType":"message.updated.1","dir":"/private/var/folders/9v/733tfwtj2jvgwygmtrbwj9gm0000gn/T/kilo-e2e-ZPnvgH/workspace"}
[Kilo New][P0-Perf] {"corr":"d2181c65-d721-402a-a10f-d3578a4d15ed","stage":"sse.event","t":1786775219850,"d":48494,"surface":"extension","span":"end","dur":0,"eventType":"message.updated.1","dir":"/private/var/folders/9v/733tfwtj2jvgwygmtrbwj9gm0000gn/T/kilo-e2e-ZPnvgH/workspace"}
[Kilo New] ServerManager: ⚠️ CLI Server stderr: INFO  2026-08-15T06:27:01 +1897ms service=model-cache providerID=apertis refreshing models
[Kilo New] ServerManager: ⚠️ CLI Server stderr: INFO  2026-08-15T06:27:01 +252ms service=model-cache providerID=apertis count=0 models fetched and cached
[probe] PASS H-4 skill: content returned through the real skill tool (attempt 1)
[probe] PASS H-4 panel shows the skill completion text: transcript text present
[Kilo New][P0-Perf] {"corr":"d2181c65-d721-402a-a10f-d3578a4d15ed","stage":"prompt.submit","t":1786775222888,"d":51532,"surface":"extension","sessionID":"ses_ffbe65b6affeWMAe9X7ERomdq3","messageID":"msg_0041a3a55001WvXhsXVZq7RF2j","dir":"/var/folders/9v/733tfwtj2jvgwygmtrbwj9gm0000gn/T/kilo-e2e-ZPnvgH/workspace"}
[Kilo New] ServerManager: ⚠️ CLI Server stderr: INFO  2026-08-15T06:27:02 +1080ms service=bus type=session.turn.open publishing
[Kilo New] ServerManager: ⚠️ CLI Server stderr: INFO  2026-08-15T06:27:02 +3ms service=session.prompt session.id=ses_ffbe65b6affeWMAe9X7ERomdq3 step=0 loop
[probe] sent prompt via real prompt input: E2E_MCP_TOOL: call the mcp echo tool
[Kilo New] ServerManager: ⚠️ CLI Server stderr: INFO  2026-08-15T06:27:02 +10ms service=p0-perf event=p0.mark stage=processor_entry ts=1786775222964 id=ses_ffbe65b6affeWMAe9X7ERomdq3 meta={"messageID":"msg_0041a3ab10014mBa420a2OkXHc","parentID":"msg_0041a3a55001WvXhsXVZq7RF2j","model":"e2e-model","provider":"e2e-local"} processor_entry
[Kilo New][P0-Perf] {"corr":"d2181c65-d721-402a-a10f-d3578a4d15ed","stage":"sse.event","t":1786775222967,"d":51611,"surface":"extension","span":"start","eventType":"message.updated","dir":"/private/var/folders/9v/733tfwtj2jvgwygmtrbwj9gm0000gn/T/kilo-e2e-ZPnvgH/workspace"}
[Kilo New][P0-Perf] {"corr":"d2181c65-d721-402a-a10f-d3578a4d15ed","stage":"sse.event","t":1786775222967,"d":51611,"surface":"extension","span":"end","dur":0,"eventType":"message.updated","dir":"/private/var/folders/9v/733tfwtj2jvgwygmtrbwj9gm0000gn/T/kilo-e2e-ZPnvgH/workspace"}
[Kilo New][P0-Perf] {"corr":"d2181c65-d721-402a-a10f-d3578a4d15ed","stage":"sse.event","t":1786775222967,"d":51611,"surface":"extension","span":"start","eventType":"message.updated.1","dir":"/private/var/folders/9v/733tfwtj2jvgwygmtrbwj9gm0000gn/T/kilo-e2e-ZPnvgH/workspace"}
[Kilo New][P0-Perf] {"corr":"d2181c65-d721-402a-a10f-d3578a4d15ed","stage":"sse.event","t":1786775222967,"d":51611,"surface":"extension","span":"end","dur":0,"eventType":"message.updated.1","dir":"/private/var/folders/9v/733tfwtj2jvgwygmtrbwj9gm0000gn/T/kilo-e2e-ZPnvgH/workspace"}
[Kilo New][P0-Perf] {"corr":"d2181c65-d721-402a-a10f-d3578a4d15ed","stage":"sse.event","t":1786775222968,"d":51612,"surface":"extension","span":"start","eventType":"message.part.updated","dir":"/private/var/folders/9v/733tfwtj2jvgwygmtrbwj9gm0000gn/T/kilo-e2e-ZPnvgH/workspace"}
[Kilo New][P0-Perf] {"corr":"d2181c65-d721-402a-a10f-d3578a4d15ed","stage":"sse.event","t":1786775222968,"d":51612,"surface":"extension","span":"end","dur":0,"eventType":"message.part.updated","dir":"/private/var/folders/9v/733tfwtj2jvgwygmtrbwj9gm0000gn/T/kilo-e2e-ZPnvgH/workspace"}
[Kilo New][P0-Perf] {"corr":"d2181c65-d721-402a-a10f-d3578a4d15ed","stage":"sse.event","t":1786775222968,"d":51612,"surface":"extension","span":"start","eventType":"message.part.updated.1","dir":"/private/var/folders/9v/733tfwtj2jvgwygmtrbwj9gm0000gn/T/kilo-e2e-ZPnvgH/workspace"}
[Kilo New][P0-Perf] {"corr":"d2181c65-d721-402a-a10f-d3578a4d15ed","stage":"sse.event","t":1786775222968,"d":51612,"surface":"extension","span":"end","dur":0,"eventType":"message.part.updated.1","dir":"/private/var/folders/9v/733tfwtj2jvgwygmtrbwj9gm0000gn/T/kilo-e2e-ZPnvgH/workspace"}
[Kilo New][P0-Perf] {"corr":"d2181c65-d721-402a-a10f-d3578a4d15ed","stage":"sse.event","t":1786775222968,"d":51612,"surface":"extension","span":"start","eventType":"session.updated","dir":"/private/var/folders/9v/733tfwtj2jvgwygmtrbwj9gm0000gn/T/kilo-e2e-ZPnvgH/workspace"}
[Kilo New][P0-Perf] {"corr":"d2181c65-d721-402a-a10f-d3578a4d15ed","stage":"sse.event","t":1786775222968,"d":51612,"surface":"extension","span":"end","dur":0,"eventType":"session.updated","dir":"/private/var/folders/9v/733tfwtj2jvgwygmtrbwj9gm0000gn/T/kilo-e2e-ZPnvgH/workspace"}
[Kilo New][P0-Perf] {"corr":"d2181c65-d721-402a-a10f-d3578a4d15ed","stage":"sse.event","t":1786775222968,"d":51612,"surface":"extension","span":"start","eventType":"session.updated.1","dir":"/private/var/folders/9v/733tfwtj2jvgwygmtrbwj9gm0000gn/T/kilo-e2e-ZPnvgH/workspace"}
[Kilo New][P0-Perf] {"corr":"d2181c65-d721-402a-a10f-d3578a4d15ed","stage":"sse.event","t":1786775222968,"d":51612,"surface":"extension","span":"end","dur":0,"eventType":"session.updated.1","dir":"/private/var/folders/9v/733tfwtj2jvgwygmtrbwj9gm0000gn/T/kilo-e2e-ZPnvgH/workspace"}
[Kilo New][P0-Perf] {"corr":"d2181c65-d721-402a-a10f-d3578a4d15ed","stage":"sse.event","t":1786775222968,"d":51612,"surface":"extension","span":"start","eventType":"session.turn.open","dir":"/private/var/folders/9v/733tfwtj2jvgwygmtrbwj9gm0000gn/T/kilo-e2e-ZPnvgH/workspace"}
[Kilo New][P0-Perf] {"corr":"d2181c65-d721-402a-a10f-d3578a4d15ed","stage":"sse.event","t":1786775222969,"d":51613,"surface":"extension","span":"end","dur":1,"eventType":"session.turn.open","dir":"/private/var/folders/9v/733tfwtj2jvgwygmtrbwj9gm0000gn/T/kilo-e2e-ZPnvgH/workspace"}
[Kilo New][P0-Perf] {"corr":"d2181c65-d721-402a-a10f-d3578a4d15ed","stage":"sse.event","t":1786775223003,"d":51647,"surface":"extension","span":"start","eventType":"session.status","dir":"/private/var/folders/9v/733tfwtj2jvgwygmtrbwj9gm0000gn/T/kilo-e2e-ZPnvgH/workspace"}
[Kilo New][P0-Perf] {"corr":"d2181c65-d721-402a-a10f-d3578a4d15ed","stage":"sse.event","t":1786775223004,"d":51648,"surface":"extension","span":"end","dur":1,"eventType":"session.status","dir":"/private/var/folders/9v/733tfwtj2jvgwygmtrbwj9gm0000gn/T/kilo-e2e-ZPnvgH/workspace"}
[Kilo New][P0-Perf] {"corr":"d2181c65-d721-402a-a10f-d3578a4d15ed","stage":"sse.event","t":1786775223004,"d":51648,"surface":"extension","span":"start","eventType":"message.updated","dir":"/private/var/folders/9v/733tfwtj2jvgwygmtrbwj9gm0000gn/T/kilo-e2e-ZPnvgH/workspace"}
[Kilo New][P0-Perf] {"corr":"d2181c65-d721-402a-a10f-d3578a4d15ed","stage":"sse.event","t":1786775223005,"d":51649,"surface":"extension","span":"end","dur":1,"eventType":"message.updated","dir":"/private/var/folders/9v/733tfwtj2jvgwygmtrbwj9gm0000gn/T/kilo-e2e-ZPnvgH/workspace"}
[Kilo New][P0-Perf] {"corr":"d2181c65-d721-402a-a10f-d3578a4d15ed","stage":"sse.event","t":1786775223005,"d":51649,"surface":"extension","span":"start","eventType":"message.updated.1","dir":"/private/var/folders/9v/733tfwtj2jvgwygmtrbwj9gm0000gn/T/kilo-e2e-ZPnvgH/workspace"}
[Kilo New][P0-Perf] {"corr":"d2181c65-d721-402a-a10f-d3578a4d15ed","stage":"model.firstEvent","t":1786775223005,"d":51649,"surface":"extension","sessionID":"ses_ffbe65b6affeWMAe9X7ERomdq3","messageID":"msg_0041a3ab10014mBa420a2OkXHc","parentID":"msg_0041a3a55001WvXhsXVZq7RF2j","dir":"/private/var/folders/9v/733tfwtj2jvgwygmtrbwj9gm0000gn/T/kilo-e2e-ZPnvgH/workspace"}
[Kilo New][P0-Perf] {"corr":"d2181c65-d721-402a-a10f-d3578a4d15ed","stage":"sse.event","t":1786775223005,"d":51649,"surface":"extension","span":"end","dur":0,"eventType":"message.updated.1","dir":"/private/var/folders/9v/733tfwtj2jvgwygmtrbwj9gm0000gn/T/kilo-e2e-ZPnvgH/workspace"}
[Kilo New] ServerManager: ⚠️ CLI Server stderr: INFO  2026-08-15T06:27:04 +1075ms service=model-cache providerID=apertis refreshing models
[Kilo New] ServerManager: ⚠️ CLI Server stderr: INFO  2026-08-15T06:27:04 +158ms service=model-cache providerID=apertis count=0 models fetched and cached
[Kilo New][P0-Perf] {"corr":"d2181c65-d721-402a-a10f-d3578a4d15ed","stage":"sse.event","t":1786775224234,"d":52878,"surface":"extension","span":"start","eventType":"message.part.updated","dir":"/private/var/folders/9v/733tfwtj2jvgwygmtrbwj9gm0000gn/T/kilo-e2e-ZPnvgH/workspace"}
[Kilo New][P0-Perf] {"corr":"d2181c65-d721-402a-a10f-d3578a4d15ed","stage":"sse.event","t":1786775224235,"d":52879,"surface":"extension","span":"end","dur":1,"eventType":"message.part.updated","dir":"/private/var/folders/9v/733tfwtj2jvgwygmtrbwj9gm0000gn/T/kilo-e2e-ZPnvgH/workspace"}
[Kilo New][P0-Perf] {"corr":"d2181c65-d721-402a-a10f-d3578a4d15ed","stage":"sse.event","t":1786775224235,"d":52879,"surface":"extension","span":"start","eventType":"message.part.updated.1","dir":"/private/var/folders/9v/733tfwtj2jvgwygmtrbwj9gm0000gn/T/kilo-e2e-ZPnvgH/workspace"}
[Kilo New][P0-Perf] {"corr":"d2181c65-d721-402a-a10f-d3578a4d15ed","stage":"sse.event","t":1786775224235,"d":52879,"surface":"extension","span":"end","dur":0,"eventType":"message.part.updated.1","dir":"/private/var/folders/9v/733tfwtj2jvgwygmtrbwj9gm0000gn/T/kilo-e2e-ZPnvgH/workspace"}
[Kilo New][P0-Perf] {"corr":"d2181c65-d721-402a-a10f-d3578a4d15ed","stage":"sse.event","t":1786775224287,"d":52931,"surface":"extension","span":"start","eventType":"message.part.updated","dir":"/private/var/folders/9v/733tfwtj2jvgwygmtrbwj9gm0000gn/T/kilo-e2e-ZPnvgH/workspace"}
[Kilo New][P0-Perf] {"corr":"d2181c65-d721-402a-a10f-d3578a4d15ed","stage":"sse.event","t":1786775224288,"d":52932,"surface":"extension","span":"end","dur":1,"eventType":"message.part.updated","dir":"/private/var/folders/9v/733tfwtj2jvgwygmtrbwj9gm0000gn/T/kilo-e2e-ZPnvgH/workspace"}
[Kilo New][P0-Perf] {"corr":"d2181c65-d721-402a-a10f-d3578a4d15ed","stage":"sse.event","t":1786775224288,"d":52932,"surface":"extension","span":"start","eventType":"message.part.updated.1","dir":"/private/var/folders/9v/733tfwtj2jvgwygmtrbwj9gm0000gn/T/kilo-e2e-ZPnvgH/workspace"}
[Kilo New][P0-Perf] {"corr":"d2181c65-d721-402a-a10f-d3578a4d15ed","stage":"sse.event","t":1786775224288,"d":52932,"surface":"extension","span":"end","dur":0,"eventType":"message.part.updated.1","dir":"/private/var/folders/9v/733tfwtj2jvgwygmtrbwj9gm0000gn/T/kilo-e2e-ZPnvgH/workspace"}
[Kilo New][P0-Perf] {"corr":"d2181c65-d721-402a-a10f-d3578a4d15ed","stage":"sse.event","t":1786775224496,"d":53140,"surface":"extension","span":"start","eventType":"message.part.updated","dir":"/private/var/folders/9v/733tfwtj2jvgwygmtrbwj9gm0000gn/T/kilo-e2e-ZPnvgH/workspace"}
[Kilo New][P0-Perf] {"corr":"d2181c65-d721-402a-a10f-d3578a4d15ed","stage":"sse.event","t":1786775224497,"d":53141,"surface":"extension","span":"end","dur":1,"eventType":"message.part.updated","dir":"/private/var/folders/9v/733tfwtj2jvgwygmtrbwj9gm0000gn/T/kilo-e2e-ZPnvgH/workspace"}
[Kilo New][P0-Perf] {"corr":"d2181c65-d721-402a-a10f-d3578a4d15ed","stage":"sse.event","t":1786775224497,"d":53141,"surface":"extension","span":"start","eventType":"message.part.updated.1","dir":"/private/var/folders/9v/733tfwtj2jvgwygmtrbwj9gm0000gn/T/kilo-e2e-ZPnvgH/workspace"}
[Kilo New][P0-Perf] {"corr":"d2181c65-d721-402a-a10f-d3578a4d15ed","stage":"sse.event","t":1786775224497,"d":53141,"surface":"extension","span":"end","dur":0,"eventType":"message.part.updated.1","dir":"/private/var/folders/9v/733tfwtj2jvgwygmtrbwj9gm0000gn/T/kilo-e2e-ZPnvgH/workspace"}
[Kilo New] ServerManager: ⚠️ CLI Server stderr: INFO  2026-08-15T06:27:04 +430ms service=snapshot hash=72fe511c7da12016c7ca72989cb3b2e096abe407 cwd=/private/var/folders/9v/733tfwtj2jvgwygmtrbwj9gm0000gn/T/kilo-e2e-ZPnvgH/workspace git=/var/folders/9v/733tfwtj2jvgwygmtrbwj9gm0000gn/T/kilo-e2e-ZPnvgH/xdg-data/kilo/snapshot/b289fb45de8da4fa44e139efaaf8b5478551cab5/9d6abdc242d21a47adc2bd681ec53d69051777f4 tracking
[Kilo New][P0-Perf] {"corr":"d2181c65-d721-402a-a10f-d3578a4d15ed","stage":"sse.event","t":1786775224715,"d":53359,"surface":"extension","span":"start","eventType":"message.part.updated","dir":"/private/var/folders/9v/733tfwtj2jvgwygmtrbwj9gm0000gn/T/kilo-e2e-ZPnvgH/workspace"}
[Kilo New][P0-Perf] {"corr":"d2181c65-d721-402a-a10f-d3578a4d15ed","stage":"sse.event","t":1786775224716,"d":53360,"surface":"extension","span":"end","dur":1,"eventType":"message.part.updated","dir":"/private/var/folders/9v/733tfwtj2jvgwygmtrbwj9gm0000gn/T/kilo-e2e-ZPnvgH/workspace"}
[Kilo New][P0-Perf] {"corr":"d2181c65-d721-402a-a10f-d3578a4d15ed","stage":"sse.event","t":1786775224716,"d":53360,"surface":"extension","span":"start","eventType":"message.part.updated.1","dir":"/private/var/folders/9v/733tfwtj2jvgwygmtrbwj9gm0000gn/T/kilo-e2e-ZPnvgH/workspace"}
[Kilo New][P0-Perf] {"corr":"d2181c65-d721-402a-a10f-d3578a4d15ed","stage":"sse.event","t":1786775224716,"d":53360,"surface":"extension","span":"end","dur":0,"eventType":"message.part.updated.1","dir":"/private/var/folders/9v/733tfwtj2jvgwygmtrbwj9gm0000gn/T/kilo-e2e-ZPnvgH/workspace"}
[Kilo New] ServerManager: ⚠️ CLI Server stderr: INFO  2026-08-15T06:27:04 +126ms service=session.tools status=started resolveTools
[Kilo New][P0-Perf] {"corr":"d2181c65-d721-402a-a10f-d3578a4d15ed","stage":"sse.event","t":1786775224773,"d":53417,"surface":"extension","span":"start","eventType":"message.part.removed","dir":"/private/var/folders/9v/733tfwtj2jvgwygmtrbwj9gm0000gn/T/kilo-e2e-ZPnvgH/workspace"}
[Kilo New][P0-Perf] {"corr":"d2181c65-d721-402a-a10f-d3578a4d15ed","stage":"sse.event","t":1786775224773,"d":53417,"surface":"extension","span":"end","dur":0,"eventType":"message.part.removed","dir":"/private/var/folders/9v/733tfwtj2jvgwygmtrbwj9gm0000gn/T/kilo-e2e-ZPnvgH/workspace"}
[Kilo New][P0-Perf] {"corr":"d2181c65-d721-402a-a10f-d3578a4d15ed","stage":"sse.event","t":1786775224774,"d":53418,"surface":"extension","span":"start","eventType":"message.part.removed.1","dir":"/private/var/folders/9v/733tfwtj2jvgwygmtrbwj9gm0000gn/T/kilo-e2e-ZPnvgH/workspace"}
[Kilo New][P0-Perf] {"corr":"d2181c65-d721-402a-a10f-d3578a4d15ed","stage":"sse.event","t":1786775224774,"d":53418,"surface":"extension","span":"end","dur":0,"eventType":"message.part.removed.1","dir":"/private/var/folders/9v/733tfwtj2jvgwygmtrbwj9gm0000gn/T/kilo-e2e-ZPnvgH/workspace"}
[Kilo New] ServerManager: ⚠️ CLI Server stderr: INFO  2026-08-15T06:27:05 +341ms service=tool.registry status=started invalid
[Kilo New] ServerManager: ⚠️ CLI Server stderr: INFO  2026-08-15T06:27:05 +2ms service=tool.registry status=completed duration=2 invalid
[Kilo New] ServerManager: ⚠️ CLI Server stderr: INFO  2026-08-15T06:27:05 +0ms service=tool.registry status=started question
[Kilo New] ServerManager: ⚠️ CLI Server stderr: INFO  2026-08-15T06:27:05 +0ms service=tool.registry status=completed duration=0 question
[Kilo New] ServerManager: ⚠️ CLI Server stderr: INFO  2026-08-15T06:27:05 +0ms service=tool.registry status=started bash
[Kilo New] ServerManager: ⚠️ CLI Server stderr: INFO  2026-08-15T06:27:05 +1ms service=tool.registry status=completed duration=1 bash
[Kilo New] ServerManager: ⚠️ CLI Server stderr: INFO  2026-08-15T06:27:05 +0ms service=tool.registry status=started read
[Kilo New] ServerManager: ⚠️ CLI Server stderr: INFO  2026-08-15T06:27:05 +0ms service=tool.registry status=completed duration=0 read
[Kilo New] ServerManager: ⚠️ CLI Server stderr: INFO  2026-08-15T06:27:05 +0ms service=tool.registry status=started glob
[Kilo New] ServerManager: ⚠️ CLI Server stderr: INFO  2026-08-15T06:27:05 +0ms service=tool.registry status=completed duration=0 glob
[Kilo New] ServerManager: ⚠️ CLI Server stderr: INFO  2026-08-15T06:27:05 +0ms service=tool.registry status=started grep
[Kilo New] ServerManager: ⚠️ CLI Server stderr: INFO  2026-08-15T06:27:05 +0ms service=tool.registry status=completed duration=0 grep
[Kilo New] ServerManager: ⚠️ CLI Server stderr: INFO  2026-08-15T06:27:05 +0ms service=tool.registry status=started edit
[Kilo New] ServerManager: ⚠️ CLI Server stderr: INFO  2026-08-15T06:27:05 +1ms service=tool.registry status=completed duration=1 edit
[Kilo New] ServerManager: ⚠️ CLI Server stderr: INFO  2026-08-15T06:27:05 +0ms service=tool.registry status=started write
[Kilo New] ServerManager: ⚠️ CLI Server stderr: INFO  2026-08-15T06:27:05 +0ms service=tool.registry status=completed duration=0 write
[Kilo New] ServerManager: ⚠️ CLI Server stderr: INFO  2026-08-15T06:27:05 +0ms service=tool.registry status=started task
[Kilo New] ServerManager: ⚠️ CLI Server stderr: INFO  2026-08-15T06:27:05 +10ms service=tool.registry status=completed duration=10 task
[Kilo New] ServerManager: ⚠️ CLI Server stderr: INFO  2026-08-15T06:27:05 +0ms service=tool.registry status=started webfetch
[Kilo New] ServerManager: ⚠️ CLI Server stderr: INFO  2026-08-15T06:27:05 +0ms service=tool.registry status=completed duration=0 webfetch
[Kilo New] ServerManager: ⚠️ CLI Server stderr: INFO  2026-08-15T06:27:05 +0ms service=tool.registry status=started todowrite
[Kilo New] ServerManager: ⚠️ CLI Server stderr: INFO  2026-08-15T06:27:05 +0ms service=tool.registry status=completed duration=0 todowrite
[Kilo New] ServerManager: ⚠️ CLI Server stderr: INFO  2026-08-15T06:27:05 +0ms service=tool.registry status=started skill
[Kilo New] ServerManager: ⚠️ CLI Server stderr: INFO  2026-08-15T06:27:05 +10ms service=tool.registry status=completed duration=10 skill
[Kilo New] ServerManager: ⚠️ CLI Server stderr: INFO  2026-08-15T06:27:05 +1ms service=tool.registry status=started plan_exit
[Kilo New] ServerManager: ⚠️ CLI Server stderr: INFO  2026-08-15T06:27:05 +0ms service=tool.registry status=completed duration=1 plan_exit
[Kilo New] ServerManager: ⚠️ CLI Server stderr: INFO  2026-08-15T06:27:05 +3ms service=tool.registry status=started kilo_local_recall
[Kilo New] ServerManager: ⚠️ CLI Server stderr: INFO  2026-08-15T06:27:05 +0ms service=tool.registry status=completed duration=0 kilo_local_recall
[Kilo New] ServerManager: ⚠️ CLI Server stderr: INFO  2026-08-15T06:27:05 +0ms service=tool.registry status=started background_process
[Kilo New] ServerManager: ⚠️ CLI Server stderr: INFO  2026-08-15T06:27:05 +0ms service=tool.registry status=completed duration=0 background_process
[Kilo New] ServerManager: ⚠️ CLI Server stderr: INFO  2026-08-15T06:27:05 +0ms service=tool.registry status=started agent_manager_models
[Kilo New] ServerManager: ⚠️ CLI Server stderr: INFO  2026-08-15T06:27:05 +0ms service=tool.registry status=completed duration=0 agent_manager_models
[Kilo New] ServerManager: ⚠️ CLI Server stderr: INFO  2026-08-15T06:27:05 +0ms service=tool.registry status=started agent_manager
[Kilo New] ServerManager: ⚠️ CLI Server stderr: INFO  2026-08-15T06:27:05 +0ms service=tool.registry status=completed duration=0 agent_manager
[Kilo New] ServerManager: ⚠️ CLI Server stderr: INFO  2026-08-15T06:27:05 +0ms service=tool.registry status=started e2e_marker
[Kilo New] ServerManager: ⚠️ CLI Server stderr: INFO  2026-08-15T06:27:05 +1ms service=tool.registry status=completed duration=1 e2e_marker
[Kilo New] ServerManager: ⚠️ CLI Server stderr: INFO  2026-08-15T06:27:05 +5ms service=session.tools status=completed duration=375 resolveTools
[Kilo New] ServerManager: ⚠️ CLI Server stderr: INFO  2026-08-15T06:27:05 +447ms service=session.processor session.id=ses_ffbe65b6affeWMAe9X7ERomdq3 messageID=msg_0041a3ab10014mBa420a2OkXHc process
[Kilo New] ServerManager: ⚠️ CLI Server stderr: INFO  2026-08-15T06:27:05 +11ms service=llm providerID=e2e-local modelID=e2e-model session.id=ses_ffbe65b6affeWMAe9X7ERomdq3 small=false agent=e2e-agent mode=primary stream
[Kilo New] ServerManager: ⚠️ CLI Server stderr: INFO  2026-08-15T06:27:05 +11ms service=default llm.runtime=ai-sdk llm.provider=e2e-local llm.model=e2e-model llm runtime selected
[Kilo New][P0-Perf] {"corr":"d2181c65-d721-402a-a10f-d3578a4d15ed","stage":"sse.event","t":1786775225615,"d":54259,"surface":"extension","span":"start","eventType":"session.updated","dir":"/private/var/folders/9v/733tfwtj2jvgwygmtrbwj9gm0000gn/T/kilo-e2e-ZPnvgH/workspace"}
[Kilo New][P0-Perf] {"corr":"d2181c65-d721-402a-a10f-d3578a4d15ed","stage":"sse.event","t":1786775225615,"d":54259,"surface":"extension","span":"end","dur":0,"eventType":"session.updated","dir":"/private/var/folders/9v/733tfwtj2jvgwygmtrbwj9gm0000gn/T/kilo-e2e-ZPnvgH/workspace"}
[Kilo New][P0-Perf] {"corr":"d2181c65-d721-402a-a10f-d3578a4d15ed","stage":"sse.event","t":1786775225615,"d":54259,"surface":"extension","span":"start","eventType":"session.updated.1","dir":"/private/var/folders/9v/733tfwtj2jvgwygmtrbwj9gm0000gn/T/kilo-e2e-ZPnvgH/workspace"}
[Kilo New][P0-Perf] {"corr":"d2181c65-d721-402a-a10f-d3578a4d15ed","stage":"sse.event","t":1786775225616,"d":54260,"surface":"extension","span":"end","dur":1,"eventType":"session.updated.1","dir":"/private/var/folders/9v/733tfwtj2jvgwygmtrbwj9gm0000gn/T/kilo-e2e-ZPnvgH/workspace"}
[Kilo New][P0-Perf] {"corr":"d2181c65-d721-402a-a10f-d3578a4d15ed","stage":"sse.event","t":1786775225616,"d":54260,"surface":"extension","span":"start","eventType":"session.diff","dir":"/private/var/folders/9v/733tfwtj2jvgwygmtrbwj9gm0000gn/T/kilo-e2e-ZPnvgH/workspace"}
[Kilo New][P0-Perf] {"corr":"d2181c65-d721-402a-a10f-d3578a4d15ed","stage":"sse.event","t":1786775225616,"d":54260,"surface":"extension","span":"end","dur":0,"eventType":"session.diff","dir":"/private/var/folders/9v/733tfwtj2jvgwygmtrbwj9gm0000gn/T/kilo-e2e-ZPnvgH/workspace"}
[Kilo New][P0-Perf] {"corr":"d2181c65-d721-402a-a10f-d3578a4d15ed","stage":"sse.event","t":1786775225616,"d":54260,"surface":"extension","span":"start","eventType":"message.updated","dir":"/private/var/folders/9v/733tfwtj2jvgwygmtrbwj9gm0000gn/T/kilo-e2e-ZPnvgH/workspace"}
[Kilo New][P0-Perf] {"corr":"d2181c65-d721-402a-a10f-d3578a4d15ed","stage":"sse.event","t":1786775225616,"d":54260,"surface":"extension","span":"end","dur":0,"eventType":"message.updated","dir":"/private/var/folders/9v/733tfwtj2jvgwygmtrbwj9gm0000gn/T/kilo-e2e-ZPnvgH/workspace"}
[Kilo New][P0-Perf] {"corr":"d2181c65-d721-402a-a10f-d3578a4d15ed","stage":"sse.event","t":1786775225616,"d":54260,"surface":"extension","span":"start","eventType":"message.updated.1","dir":"/private/var/folders/9v/733tfwtj2jvgwygmtrbwj9gm0000gn/T/kilo-e2e-ZPnvgH/workspace"}
[Kilo New][P0-Perf] {"corr":"d2181c65-d721-402a-a10f-d3578a4d15ed","stage":"sse.event","t":1786775225617,"d":54261,"surface":"extension","span":"end","dur":1,"eventType":"message.updated.1","dir":"/private/var/folders/9v/733tfwtj2jvgwygmtrbwj9gm0000gn/T/kilo-e2e-ZPnvgH/workspace"}
[Kilo New][P0-Perf] {"corr":"d2181c65-d721-402a-a10f-d3578a4d15ed","stage":"sse.event","t":1786775225617,"d":54261,"surface":"extension","span":"start","eventType":"session.status","dir":"/private/var/folders/9v/733tfwtj2jvgwygmtrbwj9gm0000gn/T/kilo-e2e-ZPnvgH/workspace"}
[Kilo New][P0-Perf] {"corr":"d2181c65-d721-402a-a10f-d3578a4d15ed","stage":"sse.event","t":1786775225617,"d":54261,"surface":"extension","span":"end","dur":0,"eventType":"session.status","dir":"/private/var/folders/9v/733tfwtj2jvgwygmtrbwj9gm0000gn/T/kilo-e2e-ZPnvgH/workspace"}
[Kilo New] ServerManager: ⚠️ CLI Server stderr: INFO  2026-08-15T06:27:05 +194ms service=p0-perf event=p0.start stage=tool_execute ts=1786775225791 id=ses_ffbe65b6affeWMAe9X7ERomdq3 meta={"tool":"e2e-fixture_e2e_echo","callID":"call_e2e_mcp_1","messageID":"msg_0041a3ab10014mBa420a2OkXHc"} tool_execute
[Kilo New] ServerManager: ⚠️ CLI Server stderr: INFO  2026-08-15T06:27:05 +4ms service=permission permission=e2e-fixture_e2e_echo pattern=* action={"permission":"*","action":"allow","pattern":"*"} evaluated
[Kilo New][P0-Perf] {"corr":"d2181c65-d721-402a-a10f-d3578a4d15ed","stage":"sse.event","t":1786775225829,"d":54473,"surface":"extension","span":"start","eventType":"message.part.updated","dir":"/private/var/folders/9v/733tfwtj2jvgwygmtrbwj9gm0000gn/T/kilo-e2e-ZPnvgH/workspace"}
[Kilo New][P0-Perf] {"corr":"d2181c65-d721-402a-a10f-d3578a4d15ed","stage":"sse.event","t":1786775225829,"d":54473,"surface":"extension","span":"end","dur":0,"eventType":"message.part.updated","dir":"/private/var/folders/9v/733tfwtj2jvgwygmtrbwj9gm0000gn/T/kilo-e2e-ZPnvgH/workspace"}
[Kilo New][P0-Perf] {"corr":"d2181c65-d721-402a-a10f-d3578a4d15ed","stage":"sse.event","t":1786775225830,"d":54474,"surface":"extension","span":"start","eventType":"message.part.updated.1","dir":"/private/var/folders/9v/733tfwtj2jvgwygmtrbwj9gm0000gn/T/kilo-e2e-ZPnvgH/workspace"}
[Kilo New][P0-Perf] {"corr":"d2181c65-d721-402a-a10f-d3578a4d15ed","stage":"sse.event","t":1786775225830,"d":54474,"surface":"extension","span":"end","dur":0,"eventType":"message.part.updated.1","dir":"/private/var/folders/9v/733tfwtj2jvgwygmtrbwj9gm0000gn/T/kilo-e2e-ZPnvgH/workspace"}
[Kilo New][P0-Perf] {"corr":"d2181c65-d721-402a-a10f-d3578a4d15ed","stage":"sse.event","t":1786775225830,"d":54474,"surface":"extension","span":"start","eventType":"message.part.updated","dir":"/private/var/folders/9v/733tfwtj2jvgwygmtrbwj9gm0000gn/T/kilo-e2e-ZPnvgH/workspace"}
[Kilo New][P0-Perf] {"corr":"d2181c65-d721-402a-a10f-d3578a4d15ed","stage":"sse.event","t":1786775225830,"d":54474,"surface":"extension","span":"end","dur":0,"eventType":"message.part.updated","dir":"/private/var/folders/9v/733tfwtj2jvgwygmtrbwj9gm0000gn/T/kilo-e2e-ZPnvgH/workspace"}
[Kilo New][P0-Perf] {"corr":"d2181c65-d721-402a-a10f-d3578a4d15ed","stage":"sse.event","t":1786775225830,"d":54474,"surface":"extension","span":"start","eventType":"message.part.updated.1","dir":"/private/var/folders/9v/733tfwtj2jvgwygmtrbwj9gm0000gn/T/kilo-e2e-ZPnvgH/workspace"}
[Kilo New][P0-Perf] {"corr":"d2181c65-d721-402a-a10f-d3578a4d15ed","stage":"sse.event","t":1786775225830,"d":54474,"surface":"extension","span":"end","dur":0,"eventType":"message.part.updated.1","dir":"/private/var/folders/9v/733tfwtj2jvgwygmtrbwj9gm0000gn/T/kilo-e2e-ZPnvgH/workspace"}
[Kilo New][P0-Perf] {"corr":"d2181c65-d721-402a-a10f-d3578a4d15ed","stage":"sse.event","t":1786775225830,"d":54474,"surface":"extension","span":"start","eventType":"message.part.updated","dir":"/private/var/folders/9v/733tfwtj2jvgwygmtrbwj9gm0000gn/T/kilo-e2e-ZPnvgH/workspace"}
[Kilo New][P0-Perf] {"corr":"d2181c65-d721-402a-a10f-d3578a4d15ed","stage":"sse.event","t":1786775225830,"d":54474,"surface":"extension","span":"end","dur":0,"eventType":"message.part.updated","dir":"/private/var/folders/9v/733tfwtj2jvgwygmtrbwj9gm0000gn/T/kilo-e2e-ZPnvgH/workspace"}
[Kilo New][P0-Perf] {"corr":"d2181c65-d721-402a-a10f-d3578a4d15ed","stage":"sse.event","t":1786775225830,"d":54474,"surface":"extension","span":"start","eventType":"message.part.updated.1","dir":"/private/var/folders/9v/733tfwtj2jvgwygmtrbwj9gm0000gn/T/kilo-e2e-ZPnvgH/workspace"}
[Kilo New][P0-Perf] {"corr":"d2181c65-d721-402a-a10f-d3578a4d15ed","stage":"sse.event","t":1786775225830,"d":54474,"surface":"extension","span":"end","dur":0,"eventType":"message.part.updated.1","dir":"/private/var/folders/9v/733tfwtj2jvgwygmtrbwj9gm0000gn/T/kilo-e2e-ZPnvgH/workspace"}
[Kilo New] ServerManager: ⚠️ CLI Server stderr: INFO  2026-08-15T06:27:05 +87ms service=p0-perf event=p0.end stage=tool_execute ts=1786775225882 duration=91 id=ses_ffbe65b6affeWMAe9X7ERomdq3 meta={"tool":"e2e-fixture_e2e_echo","callID":"call_e2e_mcp_1","messageID":"msg_0041a3ab10014mBa420a2OkXHc"} tool_execute
[Kilo New][P0-Perf] {"corr":"d2181c65-d721-402a-a10f-d3578a4d15ed","stage":"sse.event","t":1786775225942,"d":54586,"surface":"extension","span":"start","eventType":"message.part.updated","dir":"/private/var/folders/9v/733tfwtj2jvgwygmtrbwj9gm0000gn/T/kilo-e2e-ZPnvgH/workspace"}
[Kilo New][P0-Perf] {"corr":"d2181c65-d721-402a-a10f-d3578a4d15ed","stage":"sse.event","t":1786775225942,"d":54586,"surface":"extension","span":"end","dur":0,"eventType":"message.part.updated","dir":"/private/var/folders/9v/733tfwtj2jvgwygmtrbwj9gm0000gn/T/kilo-e2e-ZPnvgH/workspace"}
[Kilo New][P0-Perf] {"corr":"d2181c65-d721-402a-a10f-d3578a4d15ed","stage":"sse.event","t":1786775225942,"d":54586,"surface":"extension","span":"start","eventType":"message.part.updated.1","dir":"/private/var/folders/9v/733tfwtj2jvgwygmtrbwj9gm0000gn/T/kilo-e2e-ZPnvgH/workspace"}
[Kilo New][P0-Perf] {"corr":"d2181c65-d721-402a-a10f-d3578a4d15ed","stage":"sse.event","t":1786775225942,"d":54586,"surface":"extension","span":"end","dur":0,"eventType":"message.part.updated.1","dir":"/private/var/folders/9v/733tfwtj2jvgwygmtrbwj9gm0000gn/T/kilo-e2e-ZPnvgH/workspace"}
[Kilo New] ServerManager: ⚠️ CLI Server stderr: INFO  2026-08-15T06:27:07 +1384ms service=model-cache providerID=apertis refreshing models
[Kilo New][P0-Perf] {"corr":"d2181c65-d721-402a-a10f-d3578a4d15ed","stage":"sse.event","t":1786775227405,"d":56049,"surface":"extension","span":"start","eventType":"message.part.updated","dir":"/private/var/folders/9v/733tfwtj2jvgwygmtrbwj9gm0000gn/T/kilo-e2e-ZPnvgH/workspace"}
[Kilo New][P0-Perf] {"corr":"d2181c65-d721-402a-a10f-d3578a4d15ed","stage":"sse.event","t":1786775227405,"d":56049,"surface":"extension","span":"end","dur":0,"eventType":"message.part.updated","dir":"/private/var/folders/9v/733tfwtj2jvgwygmtrbwj9gm0000gn/T/kilo-e2e-ZPnvgH/workspace"}
[Kilo New][P0-Perf] {"corr":"d2181c65-d721-402a-a10f-d3578a4d15ed","stage":"sse.event","t":1786775227405,"d":56049,"surface":"extension","span":"start","eventType":"message.part.updated.1","dir":"/private/var/folders/9v/733tfwtj2jvgwygmtrbwj9gm0000gn/T/kilo-e2e-ZPnvgH/workspace"}
[Kilo New][P0-Perf] {"corr":"d2181c65-d721-402a-a10f-d3578a4d15ed","stage":"sse.event","t":1786775227405,"d":56049,"surface":"extension","span":"end","dur":0,"eventType":"message.part.updated.1","dir":"/private/var/folders/9v/733tfwtj2jvgwygmtrbwj9gm0000gn/T/kilo-e2e-ZPnvgH/workspace"}
[Kilo New] ServerManager: ⚠️ CLI Server stderr: INFO  2026-08-15T06:27:07 +228ms service=model-cache providerID=apertis count=0 models fetched and cached
[Kilo New][P0-Perf] {"corr":"d2181c65-d721-402a-a10f-d3578a4d15ed","stage":"sse.event","t":1786775227495,"d":56139,"surface":"extension","span":"start","eventType":"server.heartbeat"}
[Kilo New][P0-Perf] {"corr":"d2181c65-d721-402a-a10f-d3578a4d15ed","stage":"sse.event","t":1786775227495,"d":56139,"surface":"extension","span":"end","dur":0,"eventType":"server.heartbeat"}
[Kilo New][P0-Perf] {"corr":"d2181c65-d721-402a-a10f-d3578a4d15ed","stage":"sse.event","t":1786775227531,"d":56175,"surface":"extension","span":"start","eventType":"message.part.updated","dir":"/private/var/folders/9v/733tfwtj2jvgwygmtrbwj9gm0000gn/T/kilo-e2e-ZPnvgH/workspace"}
[Kilo New][P0-Perf] {"corr":"d2181c65-d721-402a-a10f-d3578a4d15ed","stage":"sse.event","t":1786775227532,"d":56176,"surface":"extension","span":"end","dur":1,"eventType":"message.part.updated","dir":"/private/var/folders/9v/733tfwtj2jvgwygmtrbwj9gm0000gn/T/kilo-e2e-ZPnvgH/workspace"}
[Kilo New][P0-Perf] {"corr":"d2181c65-d721-402a-a10f-d3578a4d15ed","stage":"sse.event","t":1786775227532,"d":56176,"surface":"extension","span":"start","eventType":"message.part.updated.1","dir":"/private/var/folders/9v/733tfwtj2jvgwygmtrbwj9gm0000gn/T/kilo-e2e-ZPnvgH/workspace"}
[Kilo New][P0-Perf] {"corr":"d2181c65-d721-402a-a10f-d3578a4d15ed","stage":"sse.event","t":1786775227532,"d":56176,"surface":"extension","span":"end","dur":0,"eventType":"message.part.updated.1","dir":"/private/var/folders/9v/733tfwtj2jvgwygmtrbwj9gm0000gn/T/kilo-e2e-ZPnvgH/workspace"}
[Kilo New][P0-Perf] {"corr":"d2181c65-d721-402a-a10f-d3578a4d15ed","stage":"sse.event","t":1786775227797,"d":56441,"surface":"extension","span":"start","eventType":"message.part.updated","dir":"/private/var/folders/9v/733tfwtj2jvgwygmtrbwj9gm0000gn/T/kilo-e2e-ZPnvgH/workspace"}
[Kilo New][P0-Perf] {"corr":"d2181c65-d721-402a-a10f-d3578a4d15ed","stage":"sse.event","t":1786775227797,"d":56441,"surface":"extension","span":"end","dur":0,"eventType":"message.part.updated","dir":"/private/var/folders/9v/733tfwtj2jvgwygmtrbwj9gm0000gn/T/kilo-e2e-ZPnvgH/workspace"}
[Kilo New][P0-Perf] {"corr":"d2181c65-d721-402a-a10f-d3578a4d15ed","stage":"sse.event","t":1786775227797,"d":56441,"surface":"extension","span":"start","eventType":"message.part.updated.1","dir":"/private/var/folders/9v/733tfwtj2jvgwygmtrbwj9gm0000gn/T/kilo-e2e-ZPnvgH/workspace"}
[Kilo New][P0-Perf] {"corr":"d2181c65-d721-402a-a10f-d3578a4d15ed","stage":"sse.event","t":1786775227797,"d":56441,"surface":"extension","span":"end","dur":0,"eventType":"message.part.updated.1","dir":"/private/var/folders/9v/733tfwtj2jvgwygmtrbwj9gm0000gn/T/kilo-e2e-ZPnvgH/workspace"}
[Kilo New][P0-Perf] {"corr":"d2181c65-d721-402a-a10f-d3578a4d15ed","stage":"sse.event","t":1786775227911,"d":56555,"surface":"extension","span":"start","eventType":"message.part.updated","dir":"/private/var/folders/9v/733tfwtj2jvgwygmtrbwj9gm0000gn/T/kilo-e2e-ZPnvgH/workspace"}
[Kilo New][P0-Perf] {"corr":"d2181c65-d721-402a-a10f-d3578a4d15ed","stage":"sse.event","t":1786775227911,"d":56555,"surface":"extension","span":"end","dur":0,"eventType":"message.part.updated","dir":"/private/var/folders/9v/733tfwtj2jvgwygmtrbwj9gm0000gn/T/kilo-e2e-ZPnvgH/workspace"}
[Kilo New][P0-Perf] {"corr":"d2181c65-d721-402a-a10f-d3578a4d15ed","stage":"sse.event","t":1786775227911,"d":56555,"surface":"extension","span":"start","eventType":"message.part.updated.1","dir":"/private/var/folders/9v/733tfwtj2jvgwygmtrbwj9gm0000gn/T/kilo-e2e-ZPnvgH/workspace"}
[Kilo New][P0-Perf] {"corr":"d2181c65-d721-402a-a10f-d3578a4d15ed","stage":"sse.event","t":1786775227911,"d":56555,"surface":"extension","span":"end","dur":0,"eventType":"message.part.updated.1","dir":"/private/var/folders/9v/733tfwtj2jvgwygmtrbwj9gm0000gn/T/kilo-e2e-ZPnvgH/workspace"}
[Kilo New][P0-Perf] {"corr":"d2181c65-d721-402a-a10f-d3578a4d15ed","stage":"sse.event","t":1786775228052,"d":56696,"surface":"extension","span":"start","eventType":"message.part.updated","dir":"/private/var/folders/9v/733tfwtj2jvgwygmtrbwj9gm0000gn/T/kilo-e2e-ZPnvgH/workspace"}
[Kilo New][P0-Perf] {"corr":"d2181c65-d721-402a-a10f-d3578a4d15ed","stage":"sse.event","t":1786775228052,"d":56696,"surface":"extension","span":"end","dur":0,"eventType":"message.part.updated","dir":"/private/var/folders/9v/733tfwtj2jvgwygmtrbwj9gm0000gn/T/kilo-e2e-ZPnvgH/workspace"}
[Kilo New][P0-Perf] {"corr":"d2181c65-d721-402a-a10f-d3578a4d15ed","stage":"sse.event","t":1786775228052,"d":56696,"surface":"extension","span":"start","eventType":"message.part.updated.1","dir":"/private/var/folders/9v/733tfwtj2jvgwygmtrbwj9gm0000gn/T/kilo-e2e-ZPnvgH/workspace"}
[Kilo New][P0-Perf] {"corr":"d2181c65-d721-402a-a10f-d3578a4d15ed","stage":"sse.event","t":1786775228053,"d":56697,"surface":"extension","span":"end","dur":1,"eventType":"message.part.updated.1","dir":"/private/var/folders/9v/733tfwtj2jvgwygmtrbwj9gm0000gn/T/kilo-e2e-ZPnvgH/workspace"}
[Kilo New][P0-Perf] {"corr":"d2181c65-d721-402a-a10f-d3578a4d15ed","stage":"sse.event","t":1786775228183,"d":56827,"surface":"extension","span":"start","eventType":"message.part.updated","dir":"/private/var/folders/9v/733tfwtj2jvgwygmtrbwj9gm0000gn/T/kilo-e2e-ZPnvgH/workspace"}
[Kilo New][P0-Perf] {"corr":"d2181c65-d721-402a-a10f-d3578a4d15ed","stage":"sse.event","t":1786775228183,"d":56827,"surface":"extension","span":"end","dur":0,"eventType":"message.part.updated","dir":"/private/var/folders/9v/733tfwtj2jvgwygmtrbwj9gm0000gn/T/kilo-e2e-ZPnvgH/workspace"}
[Kilo New][P0-Perf] {"corr":"d2181c65-d721-402a-a10f-d3578a4d15ed","stage":"sse.event","t":1786775228183,"d":56827,"surface":"extension","span":"start","eventType":"message.part.updated.1","dir":"/private/var/folders/9v/733tfwtj2jvgwygmtrbwj9gm0000gn/T/kilo-e2e-ZPnvgH/workspace"}
[Kilo New][P0-Perf] {"corr":"d2181c65-d721-402a-a10f-d3578a4d15ed","stage":"sse.event","t":1786775228183,"d":56827,"surface":"extension","span":"end","dur":0,"eventType":"message.part.updated.1","dir":"/private/var/folders/9v/733tfwtj2jvgwygmtrbwj9gm0000gn/T/kilo-e2e-ZPnvgH/workspace"}
[Kilo New] ServerManager: ⚠️ CLI Server stderr: INFO  2026-08-15T06:27:08 +761ms service=snapshot hash=254323e02804415fd8fd90f2bfcd320908c07796 cwd=/private/var/folders/9v/733tfwtj2jvgwygmtrbwj9gm0000gn/T/kilo-e2e-ZPnvgH/workspace git=/var/folders/9v/733tfwtj2jvgwygmtrbwj9gm0000gn/T/kilo-e2e-ZPnvgH/xdg-data/kilo/snapshot/b289fb45de8da4fa44e139efaaf8b5478551cab5/9d6abdc242d21a47adc2bd681ec53d69051777f4 tracking
[Kilo New][P0-Perf] {"corr":"d2181c65-d721-402a-a10f-d3578a4d15ed","stage":"sse.event","t":1786775228290,"d":56934,"surface":"extension","span":"start","eventType":"message.part.updated","dir":"/private/var/folders/9v/733tfwtj2jvgwygmtrbwj9gm0000gn/T/kilo-e2e-ZPnvgH/workspace"}
[Kilo New][P0-Perf] {"corr":"d2181c65-d721-402a-a10f-d3578a4d15ed","stage":"sse.event","t":1786775228290,"d":56934,"surface":"extension","span":"end","dur":0,"eventType":"message.part.updated","dir":"/private/var/folders/9v/733tfwtj2jvgwygmtrbwj9gm0000gn/T/kilo-e2e-ZPnvgH/workspace"}
[Kilo New][P0-Perf] {"corr":"d2181c65-d721-402a-a10f-d3578a4d15ed","stage":"sse.event","t":1786775228290,"d":56934,"surface":"extension","span":"start","eventType":"message.part.updated.1","dir":"/private/var/folders/9v/733tfwtj2jvgwygmtrbwj9gm0000gn/T/kilo-e2e-ZPnvgH/workspace"}
[Kilo New][P0-Perf] {"corr":"d2181c65-d721-402a-a10f-d3578a4d15ed","stage":"sse.event","t":1786775228290,"d":56934,"surface":"extension","span":"end","dur":0,"eventType":"message.part.updated.1","dir":"/private/var/folders/9v/733tfwtj2jvgwygmtrbwj9gm0000gn/T/kilo-e2e-ZPnvgH/workspace"}
[Kilo New][P0-Perf] {"corr":"d2181c65-d721-402a-a10f-d3578a4d15ed","stage":"sse.event","t":1786775228290,"d":56934,"surface":"extension","span":"start","eventType":"message.updated","dir":"/private/var/folders/9v/733tfwtj2jvgwygmtrbwj9gm0000gn/T/kilo-e2e-ZPnvgH/workspace"}
[Kilo New][P0-Perf] {"corr":"d2181c65-d721-402a-a10f-d3578a4d15ed","stage":"sse.event","t":1786775228291,"d":56935,"surface":"extension","span":"end","dur":1,"eventType":"message.updated","dir":"/private/var/folders/9v/733tfwtj2jvgwygmtrbwj9gm0000gn/T/kilo-e2e-ZPnvgH/workspace"}
[Kilo New][P0-Perf] {"corr":"d2181c65-d721-402a-a10f-d3578a4d15ed","stage":"sse.event","t":1786775228291,"d":56935,"surface":"extension","span":"start","eventType":"message.updated.1","dir":"/private/var/folders/9v/733tfwtj2jvgwygmtrbwj9gm0000gn/T/kilo-e2e-ZPnvgH/workspace"}
[Kilo New][P0-Perf] {"corr":"d2181c65-d721-402a-a10f-d3578a4d15ed","stage":"sse.event","t":1786775228291,"d":56935,"surface":"extension","span":"end","dur":0,"eventType":"message.updated.1","dir":"/private/var/folders/9v/733tfwtj2jvgwygmtrbwj9gm0000gn/T/kilo-e2e-ZPnvgH/workspace"}
[Kilo New][P0-Perf] {"corr":"d2181c65-d721-402a-a10f-d3578a4d15ed","stage":"sse.event","t":1786775228291,"d":56935,"surface":"extension","span":"start","eventType":"message.part.removed","dir":"/private/var/folders/9v/733tfwtj2jvgwygmtrbwj9gm0000gn/T/kilo-e2e-ZPnvgH/workspace"}
[Kilo New][P0-Perf] {"corr":"d2181c65-d721-402a-a10f-d3578a4d15ed","stage":"sse.event","t":1786775228291,"d":56935,"surface":"extension","span":"end","dur":0,"eventType":"message.part.removed","dir":"/private/var/folders/9v/733tfwtj2jvgwygmtrbwj9gm0000gn/T/kilo-e2e-ZPnvgH/workspace"}
[Kilo New][P0-Perf] {"corr":"d2181c65-d721-402a-a10f-d3578a4d15ed","stage":"sse.event","t":1786775228291,"d":56935,"surface":"extension","span":"start","eventType":"message.part.removed.1","dir":"/private/var/folders/9v/733tfwtj2jvgwygmtrbwj9gm0000gn/T/kilo-e2e-ZPnvgH/workspace"}
[Kilo New][P0-Perf] {"corr":"d2181c65-d721-402a-a10f-d3578a4d15ed","stage":"sse.event","t":1786775228291,"d":56935,"surface":"extension","span":"end","dur":0,"eventType":"message.part.removed.1","dir":"/private/var/folders/9v/733tfwtj2jvgwygmtrbwj9gm0000gn/T/kilo-e2e-ZPnvgH/workspace"}
[Kilo New] ServerManager: ⚠️ CLI Server stderr: INFO  2026-08-15T06:27:09 +852ms service=model-cache providerID=apertis refreshing models
[Kilo New] ServerManager: ⚠️ CLI Server stderr: INFO  2026-08-15T06:27:09 +11ms service=model-cache providerID=apertis count=0 models fetched and cached
[Kilo New] ServerManager: ⚠️ CLI Server stderr: INFO  2026-08-15T06:27:09 +243ms service=session.prompt session.id=ses_ffbe65b6affeWMAe9X7ERomdq3 step=1 loop
[Kilo New] ServerManager: ⚠️ CLI Server stderr: INFO  2026-08-15T06:27:09 +7ms service=p0-perf event=p0.mark stage=processor_entry ts=1786775229367 id=ses_ffbe65b6affeWMAe9X7ERomdq3 meta={"messageID":"msg_0041a53b4001PcDbd2VDtX8wvC","parentID":"msg_0041a3a55001WvXhsXVZq7RF2j","model":"e2e-model","provider":"e2e-local"} processor_entry
[Kilo New][P0-Perf] {"corr":"d2181c65-d721-402a-a10f-d3578a4d15ed","stage":"sse.event","t":1786775229372,"d":58016,"surface":"extension","span":"start","eventType":"message.part.updated","dir":"/private/var/folders/9v/733tfwtj2jvgwygmtrbwj9gm0000gn/T/kilo-e2e-ZPnvgH/workspace"}
[Kilo New][P0-Perf] {"corr":"d2181c65-d721-402a-a10f-d3578a4d15ed","stage":"sse.event","t":1786775229372,"d":58016,"surface":"extension","span":"end","dur":0,"eventType":"message.part.updated","dir":"/private/var/folders/9v/733tfwtj2jvgwygmtrbwj9gm0000gn/T/kilo-e2e-ZPnvgH/workspace"}
[Kilo New][P0-Perf] {"corr":"d2181c65-d721-402a-a10f-d3578a4d15ed","stage":"sse.event","t":1786775229372,"d":58016,"surface":"extension","span":"start","eventType":"message.part.updated.1","dir":"/private/var/folders/9v/733tfwtj2jvgwygmtrbwj9gm0000gn/T/kilo-e2e-ZPnvgH/workspace"}
[Kilo New][P0-Perf] {"corr":"d2181c65-d721-402a-a10f-d3578a4d15ed","stage":"sse.event","t":1786775229372,"d":58016,"surface":"extension","span":"end","dur":0,"eventType":"message.part.updated.1","dir":"/private/var/folders/9v/733tfwtj2jvgwygmtrbwj9gm0000gn/T/kilo-e2e-ZPnvgH/workspace"}
[Kilo New][P0-Perf] {"corr":"d2181c65-d721-402a-a10f-d3578a4d15ed","stage":"sse.event","t":1786775229372,"d":58016,"surface":"extension","span":"start","eventType":"message.updated","dir":"/private/var/folders/9v/733tfwtj2jvgwygmtrbwj9gm0000gn/T/kilo-e2e-ZPnvgH/workspace"}
[Kilo New][P0-Perf] {"corr":"d2181c65-d721-402a-a10f-d3578a4d15ed","stage":"sse.event","t":1786775229373,"d":58017,"surface":"extension","span":"end","dur":1,"eventType":"message.updated","dir":"/private/var/folders/9v/733tfwtj2jvgwygmtrbwj9gm0000gn/T/kilo-e2e-ZPnvgH/workspace"}
[Kilo New][P0-Perf] {"corr":"d2181c65-d721-402a-a10f-d3578a4d15ed","stage":"sse.event","t":1786775229373,"d":58017,"surface":"extension","span":"start","eventType":"message.updated.1","dir":"/private/var/folders/9v/733tfwtj2jvgwygmtrbwj9gm0000gn/T/kilo-e2e-ZPnvgH/workspace"}
[Kilo New][P0-Perf] {"corr":"d2181c65-d721-402a-a10f-d3578a4d15ed","stage":"sse.event","t":1786775229373,"d":58017,"surface":"extension","span":"end","dur":0,"eventType":"message.updated.1","dir":"/private/var/folders/9v/733tfwtj2jvgwygmtrbwj9gm0000gn/T/kilo-e2e-ZPnvgH/workspace"}
[Kilo New][P0-Perf] {"corr":"d2181c65-d721-402a-a10f-d3578a4d15ed","stage":"sse.event","t":1786775229373,"d":58017,"surface":"extension","span":"start","eventType":"session.status","dir":"/private/var/folders/9v/733tfwtj2jvgwygmtrbwj9gm0000gn/T/kilo-e2e-ZPnvgH/workspace"}
[Kilo New][P0-Perf] {"corr":"d2181c65-d721-402a-a10f-d3578a4d15ed","stage":"sse.event","t":1786775229373,"d":58017,"surface":"extension","span":"end","dur":0,"eventType":"session.status","dir":"/private/var/folders/9v/733tfwtj2jvgwygmtrbwj9gm0000gn/T/kilo-e2e-ZPnvgH/workspace"}
[Kilo New][P0-Perf] {"corr":"d2181c65-d721-402a-a10f-d3578a4d15ed","stage":"sse.event","t":1786775229373,"d":58017,"surface":"extension","span":"start","eventType":"message.updated","dir":"/private/var/folders/9v/733tfwtj2jvgwygmtrbwj9gm0000gn/T/kilo-e2e-ZPnvgH/workspace"}
[Kilo New][P0-Perf] {"corr":"d2181c65-d721-402a-a10f-d3578a4d15ed","stage":"sse.event","t":1786775229374,"d":58018,"surface":"extension","span":"end","dur":1,"eventType":"message.updated","dir":"/private/var/folders/9v/733tfwtj2jvgwygmtrbwj9gm0000gn/T/kilo-e2e-ZPnvgH/workspace"}
[Kilo New][P0-Perf] {"corr":"d2181c65-d721-402a-a10f-d3578a4d15ed","stage":"sse.event","t":1786775229374,"d":58018,"surface":"extension","span":"start","eventType":"message.updated.1","dir":"/private/var/folders/9v/733tfwtj2jvgwygmtrbwj9gm0000gn/T/kilo-e2e-ZPnvgH/workspace"}
[Kilo New][P0-Perf] {"corr":"d2181c65-d721-402a-a10f-d3578a4d15ed","stage":"model.firstEvent","t":1786775229374,"d":58018,"surface":"extension","sessionID":"ses_ffbe65b6affeWMAe9X7ERomdq3","messageID":"msg_0041a53b4001PcDbd2VDtX8wvC","parentID":"msg_0041a3a55001WvXhsXVZq7RF2j","dir":"/private/var/folders/9v/733tfwtj2jvgwygmtrbwj9gm0000gn/T/kilo-e2e-ZPnvgH/workspace"}
[Kilo New][P0-Perf] {"corr":"d2181c65-d721-402a-a10f-d3578a4d15ed","stage":"sse.event","t":1786775229374,"d":58018,"surface":"extension","span":"end","dur":0,"eventType":"message.updated.1","dir":"/private/var/folders/9v/733tfwtj2jvgwygmtrbwj9gm0000gn/T/kilo-e2e-ZPnvgH/workspace"}
[Kilo New] ServerManager: ⚠️ CLI Server stderr: INFO  2026-08-15T06:27:09 +253ms service=snapshot hash=254323e02804415fd8fd90f2bfcd320908c07796 cwd=/private/var/folders/9v/733tfwtj2jvgwygmtrbwj9gm0000gn/T/kilo-e2e-ZPnvgH/workspace git=/var/folders/9v/733tfwtj2jvgwygmtrbwj9gm0000gn/T/kilo-e2e-ZPnvgH/xdg-data/kilo/snapshot/b289fb45de8da4fa44e139efaaf8b5478551cab5/9d6abdc242d21a47adc2bd681ec53d69051777f4 tracking
[Kilo New] ServerManager: ⚠️ CLI Server stderr: INFO  2026-08-15T06:27:09 +3ms service=session.tools status=started resolveTools
[Kilo New] ServerManager: ⚠️ CLI Server stderr: INFO  2026-08-15T06:27:09 +2ms service=tool.registry status=started invalid
[Kilo New] ServerManager: ⚠️ CLI Server stderr: INFO  2026-08-15T06:27:09 +0ms service=tool.registry status=completed duration=0 invalid
[Kilo New] ServerManager: ⚠️ CLI Server stderr: INFO  2026-08-15T06:27:09 +0ms service=tool.registry status=started question
[Kilo New] ServerManager: ⚠️ CLI Server stderr: INFO  2026-08-15T06:27:09 +0ms service=tool.registry status=completed duration=0 question
[Kilo New] ServerManager: ⚠️ CLI Server stderr: INFO  2026-08-15T06:27:09 +0ms service=tool.registry status=started bash
[Kilo New] ServerManager: ⚠️ CLI Server stderr: INFO  2026-08-15T06:27:09 +0ms service=tool.registry status=completed duration=0 bash
[Kilo New] ServerManager: ⚠️ CLI Server stderr: INFO  2026-08-15T06:27:09 +0ms service=tool.registry status=started read
[Kilo New] ServerManager: ⚠️ CLI Server stderr: INFO  2026-08-15T06:27:09 +0ms service=tool.registry status=completed duration=0 read
[Kilo New] ServerManager: ⚠️ CLI Server stderr: INFO  2026-08-15T06:27:09 +0ms service=tool.registry status=started glob
[Kilo New] ServerManager: ⚠️ CLI Server stderr: INFO  2026-08-15T06:27:09 +0ms service=tool.registry status=completed duration=0 glob
[Kilo New] ServerManager: ⚠️ CLI Server stderr: INFO  2026-08-15T06:27:09 +0ms service=tool.registry status=started grep
[Kilo New] ServerManager: ⚠️ CLI Server stderr: INFO  2026-08-15T06:27:09 +0ms service=tool.registry status=completed duration=0 grep
[Kilo New] ServerManager: ⚠️ CLI Server stderr: INFO  2026-08-15T06:27:09 +0ms service=tool.registry status=started edit
[Kilo New] ServerManager: ⚠️ CLI Server stderr: INFO  2026-08-15T06:27:09 +0ms service=tool.registry status=completed duration=0 edit
[Kilo New] ServerManager: ⚠️ CLI Server stderr: INFO  2026-08-15T06:27:09 +1ms service=tool.registry status=started write
[Kilo New] ServerManager: ⚠️ CLI Server stderr: INFO  2026-08-15T06:27:09 +0ms service=tool.registry status=completed duration=0 write
[Kilo New] ServerManager: ⚠️ CLI Server stderr: INFO  2026-08-15T06:27:09 +0ms service=tool.registry status=started task
[Kilo New] ServerManager: ⚠️ CLI Server stderr: INFO  2026-08-15T06:27:09 +0ms service=tool.registry status=completed duration=0 task
[Kilo New] ServerManager: ⚠️ CLI Server stderr: INFO  2026-08-15T06:27:09 +0ms service=tool.registry status=started webfetch
[Kilo New] ServerManager: ⚠️ CLI Server stderr: INFO  2026-08-15T06:27:09 +0ms service=tool.registry status=completed duration=0 webfetch
[Kilo New] ServerManager: ⚠️ CLI Server stderr: INFO  2026-08-15T06:27:09 +0ms service=tool.registry status=started todowrite
[Kilo New] ServerManager: ⚠️ CLI Server stderr: INFO  2026-08-15T06:27:09 +1ms service=tool.registry status=completed duration=1 todowrite
[Kilo New] ServerManager: ⚠️ CLI Server stderr: INFO  2026-08-15T06:27:09 +0ms service=tool.registry status=started skill
[Kilo New] ServerManager: ⚠️ CLI Server stderr: INFO  2026-08-15T06:27:09 +0ms service=tool.registry status=completed duration=0 skill
[Kilo New] ServerManager: ⚠️ CLI Server stderr: INFO  2026-08-15T06:27:09 +0ms service=tool.registry status=started plan_exit
[Kilo New] ServerManager: ⚠️ CLI Server stderr: INFO  2026-08-15T06:27:09 +0ms service=tool.registry status=completed duration=0 plan_exit
[Kilo New] ServerManager: ⚠️ CLI Server stderr: INFO  2026-08-15T06:27:09 +0ms service=tool.registry status=started kilo_local_recall
[Kilo New] ServerManager: ⚠️ CLI Server stderr: INFO  2026-08-15T06:27:09 +0ms service=tool.registry status=completed duration=0 kilo_local_recall
[Kilo New] ServerManager: ⚠️ CLI Server stderr: INFO  2026-08-15T06:27:09 +0ms service=tool.registry status=started background_process
[Kilo New] ServerManager: ⚠️ CLI Server stderr: INFO  2026-08-15T06:27:09 +1ms service=tool.registry status=completed duration=1 background_process
[Kilo New] ServerManager: ⚠️ CLI Server stderr: INFO  2026-08-15T06:27:09 +0ms service=tool.registry status=started agent_manager_models
[Kilo New] ServerManager: ⚠️ CLI Server stderr: INFO  2026-08-15T06:27:09 +0ms service=tool.registry status=completed duration=0 agent_manager_models
[Kilo New] ServerManager: ⚠️ CLI Server stderr: INFO  2026-08-15T06:27:09 +0ms service=tool.registry status=started agent_manager
[Kilo New] ServerManager: ⚠️ CLI Server stderr: INFO  2026-08-15T06:27:09 +0ms service=tool.registry status=completed duration=0 agent_manager
[Kilo New] ServerManager: ⚠️ CLI Server stderr: INFO  2026-08-15T06:27:09 +0ms service=tool.registry status=started e2e_marker
[Kilo New] ServerManager: ⚠️ CLI Server stderr: INFO  2026-08-15T06:27:09 +0ms service=tool.registry status=completed duration=0 e2e_marker
[Kilo New] ServerManager: ⚠️ CLI Server stderr: INFO  2026-08-15T06:27:09 +37ms service=session.tools status=completed duration=42 resolveTools
[Kilo New] ServerManager: ⚠️ CLI Server stderr: INFO  2026-08-15T06:27:09 +46ms service=session.processor session.id=ses_ffbe65b6affeWMAe9X7ERomdq3 messageID=msg_0041a53b4001PcDbd2VDtX8wvC process
[Kilo New] ServerManager: ⚠️ CLI Server stderr: INFO  2026-08-15T06:27:09 +3ms service=llm providerID=e2e-local modelID=e2e-model session.id=ses_ffbe65b6affeWMAe9X7ERomdq3 small=false agent=e2e-agent mode=primary stream
[Kilo New] ServerManager: ⚠️ CLI Server stderr: INFO  2026-08-15T06:27:09 +5ms service=default llm.runtime=ai-sdk llm.provider=e2e-local llm.model=e2e-model llm runtime selected
[Kilo New][P0-Perf] {"corr":"d2181c65-d721-402a-a10f-d3578a4d15ed","stage":"sse.event","t":1786775229730,"d":58374,"surface":"extension","span":"start","eventType":"session.status","dir":"/private/var/folders/9v/733tfwtj2jvgwygmtrbwj9gm0000gn/T/kilo-e2e-ZPnvgH/workspace"}
[Kilo New][P0-Perf] {"corr":"d2181c65-d721-402a-a10f-d3578a4d15ed","stage":"sse.event","t":1786775229731,"d":58375,"surface":"extension","span":"end","dur":1,"eventType":"session.status","dir":"/private/var/folders/9v/733tfwtj2jvgwygmtrbwj9gm0000gn/T/kilo-e2e-ZPnvgH/workspace"}
[Kilo New][P0-Perf] {"corr":"d2181c65-d721-402a-a10f-d3578a4d15ed","stage":"sse.event","t":1786775229772,"d":58416,"surface":"extension","span":"start","eventType":"message.part.updated","dir":"/private/var/folders/9v/733tfwtj2jvgwygmtrbwj9gm0000gn/T/kilo-e2e-ZPnvgH/workspace"}
[Kilo New][P0-Perf] {"corr":"d2181c65-d721-402a-a10f-d3578a4d15ed","stage":"sse.event","t":1786775229772,"d":58416,"surface":"extension","span":"end","dur":0,"eventType":"message.part.updated","dir":"/private/var/folders/9v/733tfwtj2jvgwygmtrbwj9gm0000gn/T/kilo-e2e-ZPnvgH/workspace"}
[Kilo New][P0-Perf] {"corr":"d2181c65-d721-402a-a10f-d3578a4d15ed","stage":"sse.event","t":1786775229772,"d":58416,"surface":"extension","span":"start","eventType":"message.part.updated.1","dir":"/private/var/folders/9v/733tfwtj2jvgwygmtrbwj9gm0000gn/T/kilo-e2e-ZPnvgH/workspace"}
[Kilo New][P0-Perf] {"corr":"d2181c65-d721-402a-a10f-d3578a4d15ed","stage":"sse.event","t":1786775229772,"d":58416,"surface":"extension","span":"end","dur":0,"eventType":"message.part.updated.1","dir":"/private/var/folders/9v/733tfwtj2jvgwygmtrbwj9gm0000gn/T/kilo-e2e-ZPnvgH/workspace"}
[Kilo New][P0-Perf] {"corr":"d2181c65-d721-402a-a10f-d3578a4d15ed","stage":"sse.event","t":1786775229772,"d":58416,"surface":"extension","span":"start","eventType":"message.part.updated","dir":"/private/var/folders/9v/733tfwtj2jvgwygmtrbwj9gm0000gn/T/kilo-e2e-ZPnvgH/workspace"}
[Kilo New][P0-Perf] {"corr":"d2181c65-d721-402a-a10f-d3578a4d15ed","stage":"sse.event","t":1786775229772,"d":58416,"surface":"extension","span":"end","dur":0,"eventType":"message.part.updated","dir":"/private/var/folders/9v/733tfwtj2jvgwygmtrbwj9gm0000gn/T/kilo-e2e-ZPnvgH/workspace"}
[Kilo New][P0-Perf] {"corr":"d2181c65-d721-402a-a10f-d3578a4d15ed","stage":"sse.event","t":1786775229772,"d":58416,"surface":"extension","span":"start","eventType":"message.part.updated.1","dir":"/private/var/folders/9v/733tfwtj2jvgwygmtrbwj9gm0000gn/T/kilo-e2e-ZPnvgH/workspace"}
[Kilo New][P0-Perf] {"corr":"d2181c65-d721-402a-a10f-d3578a4d15ed","stage":"sse.event","t":1786775229772,"d":58416,"surface":"extension","span":"end","dur":0,"eventType":"message.part.updated.1","dir":"/private/var/folders/9v/733tfwtj2jvgwygmtrbwj9gm0000gn/T/kilo-e2e-ZPnvgH/workspace"}
[Kilo New][P0-Perf] {"corr":"d2181c65-d721-402a-a10f-d3578a4d15ed","stage":"sse.event","t":1786775229773,"d":58417,"surface":"extension","span":"start","eventType":"message.part.delta","dir":"/private/var/folders/9v/733tfwtj2jvgwygmtrbwj9gm0000gn/T/kilo-e2e-ZPnvgH/workspace"}
[Kilo New][P0-Perf] {"corr":"d2181c65-d721-402a-a10f-d3578a4d15ed","stage":"sse.event","t":1786775229773,"d":58417,"surface":"extension","span":"end","dur":0,"eventType":"message.part.delta","dir":"/private/var/folders/9v/733tfwtj2jvgwygmtrbwj9gm0000gn/T/kilo-e2e-ZPnvgH/workspace"}
[Kilo New][P0-Perf] {"corr":"d2181c65-d721-402a-a10f-d3578a4d15ed","stage":"sse.event","t":1786775229773,"d":58417,"surface":"extension","span":"start","eventType":"message.part.updated","dir":"/private/var/folders/9v/733tfwtj2jvgwygmtrbwj9gm0000gn/T/kilo-e2e-ZPnvgH/workspace"}
[Kilo New][P0-Perf] {"corr":"d2181c65-d721-402a-a10f-d3578a4d15ed","stage":"sse.event","t":1786775229773,"d":58417,"surface":"extension","span":"end","dur":0,"eventType":"message.part.updated","dir":"/private/var/folders/9v/733tfwtj2jvgwygmtrbwj9gm0000gn/T/kilo-e2e-ZPnvgH/workspace"}
[Kilo New][P0-Perf] {"corr":"d2181c65-d721-402a-a10f-d3578a4d15ed","stage":"sse.event","t":1786775229773,"d":58417,"surface":"extension","span":"start","eventType":"message.part.updated.1","dir":"/private/var/folders/9v/733tfwtj2jvgwygmtrbwj9gm0000gn/T/kilo-e2e-ZPnvgH/workspace"}
[Kilo New][P0-Perf] {"corr":"d2181c65-d721-402a-a10f-d3578a4d15ed","stage":"sse.event","t":1786775229773,"d":58417,"surface":"extension","span":"end","dur":0,"eventType":"message.part.updated.1","dir":"/private/var/folders/9v/733tfwtj2jvgwygmtrbwj9gm0000gn/T/kilo-e2e-ZPnvgH/workspace"}
[Kilo New][P0-Perf] {"corr":"d2181c65-d721-402a-a10f-d3578a4d15ed","stage":"sse.event","t":1786775229922,"d":58566,"surface":"extension","span":"start","eventType":"session.updated","dir":"/private/var/folders/9v/733tfwtj2jvgwygmtrbwj9gm0000gn/T/kilo-e2e-ZPnvgH/workspace"}
[Kilo New][P0-Perf] {"corr":"d2181c65-d721-402a-a10f-d3578a4d15ed","stage":"sse.event","t":1786775229923,"d":58567,"surface":"extension","span":"end","dur":1,"eventType":"session.updated","dir":"/private/var/folders/9v/733tfwtj2jvgwygmtrbwj9gm0000gn/T/kilo-e2e-ZPnvgH/workspace"}
[Kilo New][P0-Perf] {"corr":"d2181c65-d721-402a-a10f-d3578a4d15ed","stage":"sse.event","t":1786775229923,"d":58567,"surface":"extension","span":"start","eventType":"session.updated.1","dir":"/private/var/folders/9v/733tfwtj2jvgwygmtrbwj9gm0000gn/T/kilo-e2e-ZPnvgH/workspace"}
[Kilo New][P0-Perf] {"corr":"d2181c65-d721-402a-a10f-d3578a4d15ed","stage":"sse.event","t":1786775229923,"d":58567,"surface":"extension","span":"end","dur":0,"eventType":"session.updated.1","dir":"/private/var/folders/9v/733tfwtj2jvgwygmtrbwj9gm0000gn/T/kilo-e2e-ZPnvgH/workspace"}
[Kilo New][P0-Perf] {"corr":"d2181c65-d721-402a-a10f-d3578a4d15ed","stage":"sse.event","t":1786775229951,"d":58595,"surface":"extension","span":"start","eventType":"session.diff","dir":"/private/var/folders/9v/733tfwtj2jvgwygmtrbwj9gm0000gn/T/kilo-e2e-ZPnvgH/workspace"}
[Kilo New][P0-Perf] {"corr":"d2181c65-d721-402a-a10f-d3578a4d15ed","stage":"sse.event","t":1786775229951,"d":58595,"surface":"extension","span":"end","dur":0,"eventType":"session.diff","dir":"/private/var/folders/9v/733tfwtj2jvgwygmtrbwj9gm0000gn/T/kilo-e2e-ZPnvgH/workspace"}
[Kilo New] ServerManager: ⚠️ CLI Server stderr: INFO  2026-08-15T06:27:10 +449ms service=snapshot hash=254323e02804415fd8fd90f2bfcd320908c07796 cwd=/private/var/folders/9v/733tfwtj2jvgwygmtrbwj9gm0000gn/T/kilo-e2e-ZPnvgH/workspace git=/var/folders/9v/733tfwtj2jvgwygmtrbwj9gm0000gn/T/kilo-e2e-ZPnvgH/xdg-data/kilo/snapshot/b289fb45de8da4fa44e139efaaf8b5478551cab5/9d6abdc242d21a47adc2bd681ec53d69051777f4 tracking
[Kilo New][P0-Perf] {"corr":"d2181c65-d721-402a-a10f-d3578a4d15ed","stage":"sse.event","t":1786775230178,"d":58822,"surface":"extension","span":"start","eventType":"message.part.updated","dir":"/private/var/folders/9v/733tfwtj2jvgwygmtrbwj9gm0000gn/T/kilo-e2e-ZPnvgH/workspace"}
[Kilo New][P0-Perf] {"corr":"d2181c65-d721-402a-a10f-d3578a4d15ed","stage":"sse.event","t":1786775230178,"d":58822,"surface":"extension","span":"end","dur":0,"eventType":"message.part.updated","dir":"/private/var/folders/9v/733tfwtj2jvgwygmtrbwj9gm0000gn/T/kilo-e2e-ZPnvgH/workspace"}
[Kilo New][P0-Perf] {"corr":"d2181c65-d721-402a-a10f-d3578a4d15ed","stage":"sse.event","t":1786775230178,"d":58822,"surface":"extension","span":"start","eventType":"message.part.updated.1","dir":"/private/var/folders/9v/733tfwtj2jvgwygmtrbwj9gm0000gn/T/kilo-e2e-ZPnvgH/workspace"}
[Kilo New][P0-Perf] {"corr":"d2181c65-d721-402a-a10f-d3578a4d15ed","stage":"sse.event","t":1786775230178,"d":58822,"surface":"extension","span":"end","dur":0,"eventType":"message.part.updated.1","dir":"/private/var/folders/9v/733tfwtj2jvgwygmtrbwj9gm0000gn/T/kilo-e2e-ZPnvgH/workspace"}
[Kilo New][P0-Perf] {"corr":"d2181c65-d721-402a-a10f-d3578a4d15ed","stage":"sse.event","t":1786775230178,"d":58822,"surface":"extension","span":"start","eventType":"message.updated","dir":"/private/var/folders/9v/733tfwtj2jvgwygmtrbwj9gm0000gn/T/kilo-e2e-ZPnvgH/workspace"}
[Kilo New][P0-Perf] {"corr":"d2181c65-d721-402a-a10f-d3578a4d15ed","stage":"sse.event","t":1786775230179,"d":58823,"surface":"extension","span":"end","dur":1,"eventType":"message.updated","dir":"/private/var/folders/9v/733tfwtj2jvgwygmtrbwj9gm0000gn/T/kilo-e2e-ZPnvgH/workspace"}
[Kilo New][P0-Perf] {"corr":"d2181c65-d721-402a-a10f-d3578a4d15ed","stage":"sse.event","t":1786775230179,"d":58823,"surface":"extension","span":"start","eventType":"message.updated.1","dir":"/private/var/folders/9v/733tfwtj2jvgwygmtrbwj9gm0000gn/T/kilo-e2e-ZPnvgH/workspace"}
[Kilo New][P0-Perf] {"corr":"d2181c65-d721-402a-a10f-d3578a4d15ed","stage":"sse.event","t":1786775230179,"d":58823,"surface":"extension","span":"end","dur":0,"eventType":"message.updated.1","dir":"/private/var/folders/9v/733tfwtj2jvgwygmtrbwj9gm0000gn/T/kilo-e2e-ZPnvgH/workspace"}
[Kilo New] ServerManager: ⚠️ CLI Server stderr: INFO  2026-08-15T06:27:10 +460ms service=session.prompt session.id=ses_ffbe65b6affeWMAe9X7ERomdq3 step=2 loop
[Kilo New] ServerManager: ⚠️ CLI Server stderr: INFO  2026-08-15T06:27:10 +9ms service=session.prompt session.id=ses_ffbe65b6affeWMAe9X7ERomdq3 exiting loop
[Kilo New] ServerManager: ⚠️ CLI Server stderr: INFO  2026-08-15T06:27:10 +10ms service=bus type=session.turn.close publishing
[Kilo New][P0-Perf] {"corr":"d2181c65-d721-402a-a10f-d3578a4d15ed","stage":"sse.event","t":1786775230663,"d":59307,"surface":"extension","span":"start","eventType":"message.updated","dir":"/private/var/folders/9v/733tfwtj2jvgwygmtrbwj9gm0000gn/T/kilo-e2e-ZPnvgH/workspace"}
[Kilo New][P0-Perf] {"corr":"d2181c65-d721-402a-a10f-d3578a4d15ed","stage":"sse.event","t":1786775230663,"d":59307,"surface":"extension","span":"end","dur":0,"eventType":"message.updated","dir":"/private/var/folders/9v/733tfwtj2jvgwygmtrbwj9gm0000gn/T/kilo-e2e-ZPnvgH/workspace"}
[Kilo New][P0-Perf] {"corr":"d2181c65-d721-402a-a10f-d3578a4d15ed","stage":"sse.event","t":1786775230663,"d":59307,"surface":"extension","span":"start","eventType":"message.updated.1","dir":"/private/var/folders/9v/733tfwtj2jvgwygmtrbwj9gm0000gn/T/kilo-e2e-ZPnvgH/workspace"}
[Kilo New][P0-Perf] {"corr":"d2181c65-d721-402a-a10f-d3578a4d15ed","stage":"sse.event","t":1786775230664,"d":59308,"surface":"extension","span":"end","dur":1,"eventType":"message.updated.1","dir":"/private/var/folders/9v/733tfwtj2jvgwygmtrbwj9gm0000gn/T/kilo-e2e-ZPnvgH/workspace"}
[Kilo New][P0-Perf] {"corr":"d2181c65-d721-402a-a10f-d3578a4d15ed","stage":"sse.event","t":1786775230664,"d":59308,"surface":"extension","span":"start","eventType":"session.status","dir":"/private/var/folders/9v/733tfwtj2jvgwygmtrbwj9gm0000gn/T/kilo-e2e-ZPnvgH/workspace"}
[Kilo New][P0-Perf] {"corr":"d2181c65-d721-402a-a10f-d3578a4d15ed","stage":"sse.event","t":1786775230664,"d":59308,"surface":"extension","span":"end","dur":0,"eventType":"session.status","dir":"/private/var/folders/9v/733tfwtj2jvgwygmtrbwj9gm0000gn/T/kilo-e2e-ZPnvgH/workspace"}
[Kilo New][P0-Perf] {"corr":"d2181c65-d721-402a-a10f-d3578a4d15ed","stage":"sse.event","t":1786775230664,"d":59308,"surface":"extension","span":"start","eventType":"session.status","dir":"/private/var/folders/9v/733tfwtj2jvgwygmtrbwj9gm0000gn/T/kilo-e2e-ZPnvgH/workspace"}
[Kilo New][P0-Perf] {"corr":"d2181c65-d721-402a-a10f-d3578a4d15ed","stage":"sse.event","t":1786775230665,"d":59309,"surface":"extension","span":"end","dur":1,"eventType":"session.status","dir":"/private/var/folders/9v/733tfwtj2jvgwygmtrbwj9gm0000gn/T/kilo-e2e-ZPnvgH/workspace"}
[Kilo New][P0-Perf] {"corr":"d2181c65-d721-402a-a10f-d3578a4d15ed","stage":"sse.event","t":1786775230665,"d":59309,"surface":"extension","span":"start","eventType":"session.idle","dir":"/private/var/folders/9v/733tfwtj2jvgwygmtrbwj9gm0000gn/T/kilo-e2e-ZPnvgH/workspace"}
[Kilo New][P0-Perf] {"corr":"d2181c65-d721-402a-a10f-d3578a4d15ed","stage":"sse.event","t":1786775230665,"d":59309,"surface":"extension","span":"end","dur":0,"eventType":"session.idle","dir":"/private/var/folders/9v/733tfwtj2jvgwygmtrbwj9gm0000gn/T/kilo-e2e-ZPnvgH/workspace"}
[Kilo New][P0-Perf] {"corr":"d2181c65-d721-402a-a10f-d3578a4d15ed","stage":"sse.event","t":1786775230665,"d":59309,"surface":"extension","span":"start","eventType":"session.turn.close","dir":"/private/var/folders/9v/733tfwtj2jvgwygmtrbwj9gm0000gn/T/kilo-e2e-ZPnvgH/workspace"}
[Kilo New][P0-Perf] {"corr":"d2181c65-d721-402a-a10f-d3578a4d15ed","stage":"sse.event","t":1786775230666,"d":59310,"surface":"extension","span":"end","dur":1,"eventType":"session.turn.close","dir":"/private/var/folders/9v/733tfwtj2jvgwygmtrbwj9gm0000gn/T/kilo-e2e-ZPnvgH/workspace"}
[Kilo New] ServerManager: ⚠️ CLI Server stderr: INFO  2026-08-15T06:27:12 +1791ms service=model-cache providerID=apertis refreshing models
[Kilo New][P0-Perf] {"corr":"d2181c65-d721-402a-a10f-d3578a4d15ed","stage":"sse.event","t":1786775232483,"d":61127,"surface":"extension","span":"start","eventType":"session.updated","dir":"/private/var/folders/9v/733tfwtj2jvgwygmtrbwj9gm0000gn/T/kilo-e2e-ZPnvgH/workspace"}
[Kilo New][P0-Perf] {"corr":"d2181c65-d721-402a-a10f-d3578a4d15ed","stage":"sse.event","t":1786775232483,"d":61127,"surface":"extension","span":"end","dur":0,"eventType":"session.updated","dir":"/private/var/folders/9v/733tfwtj2jvgwygmtrbwj9gm0000gn/T/kilo-e2e-ZPnvgH/workspace"}
[Kilo New][P0-Perf] {"corr":"d2181c65-d721-402a-a10f-d3578a4d15ed","stage":"sse.event","t":1786775232484,"d":61128,"surface":"extension","span":"start","eventType":"session.updated.1","dir":"/private/var/folders/9v/733tfwtj2jvgwygmtrbwj9gm0000gn/T/kilo-e2e-ZPnvgH/workspace"}
[Kilo New][P0-Perf] {"corr":"d2181c65-d721-402a-a10f-d3578a4d15ed","stage":"sse.event","t":1786775232485,"d":61129,"surface":"extension","span":"end","dur":1,"eventType":"session.updated.1","dir":"/private/var/folders/9v/733tfwtj2jvgwygmtrbwj9gm0000gn/T/kilo-e2e-ZPnvgH/workspace"}
[Kilo New][P0-Perf] {"corr":"d2181c65-d721-402a-a10f-d3578a4d15ed","stage":"sse.event","t":1786775232486,"d":61130,"surface":"extension","span":"start","eventType":"session.diff","dir":"/private/var/folders/9v/733tfwtj2jvgwygmtrbwj9gm0000gn/T/kilo-e2e-ZPnvgH/workspace"}
[Kilo New][P0-Perf] {"corr":"d2181c65-d721-402a-a10f-d3578a4d15ed","stage":"sse.event","t":1786775232486,"d":61130,"surface":"extension","span":"end","dur":0,"eventType":"session.diff","dir":"/private/var/folders/9v/733tfwtj2jvgwygmtrbwj9gm0000gn/T/kilo-e2e-ZPnvgH/workspace"}
[Kilo New] ServerManager: ⚠️ CLI Server stderr: INFO  2026-08-15T06:27:12 +162ms service=model-cache providerID=apertis count=0 models fetched and cached
[Kilo New][P0-Perf] {"corr":"d2181c65-d721-402a-a10f-d3578a4d15ed","stage":"sse.event","t":1786775232854,"d":61498,"surface":"extension","span":"start","eventType":"message.updated","dir":"/private/var/folders/9v/733tfwtj2jvgwygmtrbwj9gm0000gn/T/kilo-e2e-ZPnvgH/workspace"}
[Kilo New][P0-Perf] {"corr":"d2181c65-d721-402a-a10f-d3578a4d15ed","stage":"sse.event","t":1786775232855,"d":61499,"surface":"extension","span":"end","dur":1,"eventType":"message.updated","dir":"/private/var/folders/9v/733tfwtj2jvgwygmtrbwj9gm0000gn/T/kilo-e2e-ZPnvgH/workspace"}
[Kilo New][P0-Perf] {"corr":"d2181c65-d721-402a-a10f-d3578a4d15ed","stage":"sse.event","t":1786775232855,"d":61499,"surface":"extension","span":"start","eventType":"message.updated.1","dir":"/private/var/folders/9v/733tfwtj2jvgwygmtrbwj9gm0000gn/T/kilo-e2e-ZPnvgH/workspace"}
[Kilo New][P0-Perf] {"corr":"d2181c65-d721-402a-a10f-d3578a4d15ed","stage":"sse.event","t":1786775232855,"d":61499,"surface":"extension","span":"end","dur":0,"eventType":"message.updated.1","dir":"/private/var/folders/9v/733tfwtj2jvgwygmtrbwj9gm0000gn/T/kilo-e2e-ZPnvgH/workspace"}
[Kilo New][P0-Perf] {"corr":"d2181c65-d721-402a-a10f-d3578a4d15ed","stage":"sse.event","t":1786775232855,"d":61499,"surface":"extension","span":"start","eventType":"message.updated","dir":"/private/var/folders/9v/733tfwtj2jvgwygmtrbwj9gm0000gn/T/kilo-e2e-ZPnvgH/workspace"}
[Kilo New][P0-Perf] {"corr":"d2181c65-d721-402a-a10f-d3578a4d15ed","stage":"sse.event","t":1786775232856,"d":61500,"surface":"extension","span":"end","dur":1,"eventType":"message.updated","dir":"/private/var/folders/9v/733tfwtj2jvgwygmtrbwj9gm0000gn/T/kilo-e2e-ZPnvgH/workspace"}
[Kilo New][P0-Perf] {"corr":"d2181c65-d721-402a-a10f-d3578a4d15ed","stage":"sse.event","t":1786775232856,"d":61500,"surface":"extension","span":"start","eventType":"message.updated.1","dir":"/private/var/folders/9v/733tfwtj2jvgwygmtrbwj9gm0000gn/T/kilo-e2e-ZPnvgH/workspace"}
[Kilo New][P0-Perf] {"corr":"d2181c65-d721-402a-a10f-d3578a4d15ed","stage":"sse.event","t":1786775232856,"d":61500,"surface":"extension","span":"end","dur":0,"eventType":"message.updated.1","dir":"/private/var/folders/9v/733tfwtj2jvgwygmtrbwj9gm0000gn/T/kilo-e2e-ZPnvgH/workspace"}
[Kilo New] ServerManager: ⚠️ CLI Server stderr: INFO  2026-08-15T06:27:14 +1451ms service=model-cache providerID=apertis refreshing models
[Kilo New] ServerManager: ⚠️ CLI Server stderr: INFO  2026-08-15T06:27:14 +43ms service=model-cache providerID=apertis count=0 models fetched and cached
[probe] PASS H-5 MCP: connected + tool executed inside the real loop (attempt 1)
[probe] PASS H-5 MCP server-side log written: /var/folders/9v/733tfwtj2jvgwygmtrbwj9gm0000gn/T/kilo-e2e-ZPnvgH/workspace/mcp-fixture/calls.log
[probe] PASS H-5 MCP child alive while connected: 7753
[Kilo New][P0-Perf] {"corr":"d2181c65-d721-402a-a10f-d3578a4d15ed","stage":"prompt.submit","t":1786775234952,"d":63596,"surface":"extension","sessionID":"ses_ffbe65b6affeWMAe9X7ERomdq3","messageID":"msg_0041a69780011dFP1Vhp5oezHa","dir":"/var/folders/9v/733tfwtj2jvgwygmtrbwj9gm0000gn/T/kilo-e2e-ZPnvgH/workspace"}
[Kilo New] ServerManager: ⚠️ CLI Server stderr: INFO  2026-08-15T06:27:15 +905ms service=bus type=session.turn.open publishing
[Kilo New] ServerManager: ⚠️ CLI Server stderr: INFO  2026-08-15T06:27:15 +3ms service=session.prompt session.id=ses_ffbe65b6affeWMAe9X7ERomdq3 step=0 loop
[Kilo New] ServerManager: ⚠️ CLI Server stderr: INFO  2026-08-15T06:27:15 +7ms service=p0-perf event=p0.mark stage=processor_entry ts=1786775235010 id=ses_ffbe65b6affeWMAe9X7ERomdq3 meta={"messageID":"msg_0041a69bf001ZgWYTSTny6fOLb","parentID":"msg_0041a69780011dFP1Vhp5oezHa","model":"e2e-model","provider":"e2e-local"} processor_entry
[Kilo New][P0-Perf] {"corr":"d2181c65-d721-402a-a10f-d3578a4d15ed","stage":"sse.event","t":1786775235013,"d":63657,"surface":"extension","span":"start","eventType":"message.updated","dir":"/private/var/folders/9v/733tfwtj2jvgwygmtrbwj9gm0000gn/T/kilo-e2e-ZPnvgH/workspace"}
[Kilo New][P0-Perf] {"corr":"d2181c65-d721-402a-a10f-d3578a4d15ed","stage":"sse.event","t":1786775235013,"d":63657,"surface":"extension","span":"end","dur":0,"eventType":"message.updated","dir":"/private/var/folders/9v/733tfwtj2jvgwygmtrbwj9gm0000gn/T/kilo-e2e-ZPnvgH/workspace"}
[Kilo New][P0-Perf] {"corr":"d2181c65-d721-402a-a10f-d3578a4d15ed","stage":"sse.event","t":1786775235014,"d":63658,"surface":"extension","span":"start","eventType":"message.updated.1","dir":"/private/var/folders/9v/733tfwtj2jvgwygmtrbwj9gm0000gn/T/kilo-e2e-ZPnvgH/workspace"}
[Kilo New][P0-Perf] {"corr":"d2181c65-d721-402a-a10f-d3578a4d15ed","stage":"sse.event","t":1786775235014,"d":63658,"surface":"extension","span":"end","dur":0,"eventType":"message.updated.1","dir":"/private/var/folders/9v/733tfwtj2jvgwygmtrbwj9gm0000gn/T/kilo-e2e-ZPnvgH/workspace"}
[Kilo New][P0-Perf] {"corr":"d2181c65-d721-402a-a10f-d3578a4d15ed","stage":"sse.event","t":1786775235014,"d":63658,"surface":"extension","span":"start","eventType":"message.part.updated","dir":"/private/var/folders/9v/733tfwtj2jvgwygmtrbwj9gm0000gn/T/kilo-e2e-ZPnvgH/workspace"}
[Kilo New][P0-Perf] {"corr":"d2181c65-d721-402a-a10f-d3578a4d15ed","stage":"sse.event","t":1786775235014,"d":63658,"surface":"extension","span":"end","dur":0,"eventType":"message.part.updated","dir":"/private/var/folders/9v/733tfwtj2jvgwygmtrbwj9gm0000gn/T/kilo-e2e-ZPnvgH/workspace"}
[Kilo New][P0-Perf] {"corr":"d2181c65-d721-402a-a10f-d3578a4d15ed","stage":"sse.event","t":1786775235014,"d":63658,"surface":"extension","span":"start","eventType":"message.part.updated.1","dir":"/private/var/folders/9v/733tfwtj2jvgwygmtrbwj9gm0000gn/T/kilo-e2e-ZPnvgH/workspace"}
[Kilo New][P0-Perf] {"corr":"d2181c65-d721-402a-a10f-d3578a4d15ed","stage":"sse.event","t":1786775235014,"d":63658,"surface":"extension","span":"end","dur":0,"eventType":"message.part.updated.1","dir":"/private/var/folders/9v/733tfwtj2jvgwygmtrbwj9gm0000gn/T/kilo-e2e-ZPnvgH/workspace"}
[Kilo New][P0-Perf] {"corr":"d2181c65-d721-402a-a10f-d3578a4d15ed","stage":"sse.event","t":1786775235014,"d":63658,"surface":"extension","span":"start","eventType":"session.updated","dir":"/private/var/folders/9v/733tfwtj2jvgwygmtrbwj9gm0000gn/T/kilo-e2e-ZPnvgH/workspace"}
[Kilo New][P0-Perf] {"corr":"d2181c65-d721-402a-a10f-d3578a4d15ed","stage":"sse.event","t":1786775235014,"d":63658,"surface":"extension","span":"end","dur":0,"eventType":"session.updated","dir":"/private/var/folders/9v/733tfwtj2jvgwygmtrbwj9gm0000gn/T/kilo-e2e-ZPnvgH/workspace"}
[Kilo New][P0-Perf] {"corr":"d2181c65-d721-402a-a10f-d3578a4d15ed","stage":"sse.event","t":1786775235014,"d":63658,"surface":"extension","span":"start","eventType":"session.updated.1","dir":"/private/var/folders/9v/733tfwtj2jvgwygmtrbwj9gm0000gn/T/kilo-e2e-ZPnvgH/workspace"}
[Kilo New][P0-Perf] {"corr":"d2181c65-d721-402a-a10f-d3578a4d15ed","stage":"sse.event","t":1786775235015,"d":63659,"surface":"extension","span":"end","dur":1,"eventType":"session.updated.1","dir":"/private/var/folders/9v/733tfwtj2jvgwygmtrbwj9gm0000gn/T/kilo-e2e-ZPnvgH/workspace"}
[Kilo New][P0-Perf] {"corr":"d2181c65-d721-402a-a10f-d3578a4d15ed","stage":"sse.event","t":1786775235015,"d":63659,"surface":"extension","span":"start","eventType":"session.turn.open","dir":"/private/var/folders/9v/733tfwtj2jvgwygmtrbwj9gm0000gn/T/kilo-e2e-ZPnvgH/workspace"}
[Kilo New][P0-Perf] {"corr":"d2181c65-d721-402a-a10f-d3578a4d15ed","stage":"sse.event","t":1786775235015,"d":63659,"surface":"extension","span":"end","dur":0,"eventType":"session.turn.open","dir":"/private/var/folders/9v/733tfwtj2jvgwygmtrbwj9gm0000gn/T/kilo-e2e-ZPnvgH/workspace"}
[probe] sent prompt via real prompt input: E2E_PERMISSION_READ: read the ask.txt file
[Kilo New][P0-Perf] {"corr":"d2181c65-d721-402a-a10f-d3578a4d15ed","stage":"sse.event","t":1786775235047,"d":63691,"surface":"extension","span":"start","eventType":"session.status","dir":"/private/var/folders/9v/733tfwtj2jvgwygmtrbwj9gm0000gn/T/kilo-e2e-ZPnvgH/workspace"}
[Kilo New][P0-Perf] {"corr":"d2181c65-d721-402a-a10f-d3578a4d15ed","stage":"sse.event","t":1786775235048,"d":63692,"surface":"extension","span":"end","dur":1,"eventType":"session.status","dir":"/private/var/folders/9v/733tfwtj2jvgwygmtrbwj9gm0000gn/T/kilo-e2e-ZPnvgH/workspace"}
[Kilo New][P0-Perf] {"corr":"d2181c65-d721-402a-a10f-d3578a4d15ed","stage":"sse.event","t":1786775235048,"d":63692,"surface":"extension","span":"start","eventType":"message.updated","dir":"/private/var/folders/9v/733tfwtj2jvgwygmtrbwj9gm0000gn/T/kilo-e2e-ZPnvgH/workspace"}
[Kilo New][P0-Perf] {"corr":"d2181c65-d721-402a-a10f-d3578a4d15ed","stage":"sse.event","t":1786775235048,"d":63692,"surface":"extension","span":"end","dur":0,"eventType":"message.updated","dir":"/private/var/folders/9v/733tfwtj2jvgwygmtrbwj9gm0000gn/T/kilo-e2e-ZPnvgH/workspace"}
[Kilo New][P0-Perf] {"corr":"d2181c65-d721-402a-a10f-d3578a4d15ed","stage":"sse.event","t":1786775235048,"d":63692,"surface":"extension","span":"start","eventType":"message.updated.1","dir":"/private/var/folders/9v/733tfwtj2jvgwygmtrbwj9gm0000gn/T/kilo-e2e-ZPnvgH/workspace"}
[Kilo New][P0-Perf] {"corr":"d2181c65-d721-402a-a10f-d3578a4d15ed","stage":"model.firstEvent","t":1786775235048,"d":63692,"surface":"extension","sessionID":"ses_ffbe65b6affeWMAe9X7ERomdq3","messageID":"msg_0041a69bf001ZgWYTSTny6fOLb","parentID":"msg_0041a69780011dFP1Vhp5oezHa","dir":"/private/var/folders/9v/733tfwtj2jvgwygmtrbwj9gm0000gn/T/kilo-e2e-ZPnvgH/workspace"}
[Kilo New][P0-Perf] {"corr":"d2181c65-d721-402a-a10f-d3578a4d15ed","stage":"sse.event","t":1786775235048,"d":63692,"surface":"extension","span":"end","dur":0,"eventType":"message.updated.1","dir":"/private/var/folders/9v/733tfwtj2jvgwygmtrbwj9gm0000gn/T/kilo-e2e-ZPnvgH/workspace"}
[Kilo New] ServerManager: ⚠️ CLI Server stderr: INFO  2026-08-15T06:27:15 +791ms service=model-cache providerID=apertis refreshing models
[Kilo New] ServerManager: ⚠️ CLI Server stderr: INFO  2026-08-15T06:27:15 +48ms service=model-cache providerID=apertis count=0 models fetched and cached
[Kilo New][P0-Perf] {"corr":"d2181c65-d721-402a-a10f-d3578a4d15ed","stage":"sse.event","t":1786775235891,"d":64535,"surface":"extension","span":"start","eventType":"message.part.updated","dir":"/private/var/folders/9v/733tfwtj2jvgwygmtrbwj9gm0000gn/T/kilo-e2e-ZPnvgH/workspace"}
[Kilo New][P0-Perf] {"corr":"d2181c65-d721-402a-a10f-d3578a4d15ed","stage":"sse.event","t":1786775235891,"d":64535,"surface":"extension","span":"end","dur":0,"eventType":"message.part.updated","dir":"/private/var/folders/9v/733tfwtj2jvgwygmtrbwj9gm0000gn/T/kilo-e2e-ZPnvgH/workspace"}
[Kilo New][P0-Perf] {"corr":"d2181c65-d721-402a-a10f-d3578a4d15ed","stage":"sse.event","t":1786775235892,"d":64536,"surface":"extension","span":"start","eventType":"message.part.updated.1","dir":"/private/var/folders/9v/733tfwtj2jvgwygmtrbwj9gm0000gn/T/kilo-e2e-ZPnvgH/workspace"}
[Kilo New][P0-Perf] {"corr":"d2181c65-d721-402a-a10f-d3578a4d15ed","stage":"sse.event","t":1786775235892,"d":64536,"surface":"extension","span":"end","dur":0,"eventType":"message.part.updated.1","dir":"/private/var/folders/9v/733tfwtj2jvgwygmtrbwj9gm0000gn/T/kilo-e2e-ZPnvgH/workspace"}
[Kilo New] ServerManager: ⚠️ CLI Server stderr: INFO  2026-08-15T06:27:15 +142ms service=snapshot hash=254323e02804415fd8fd90f2bfcd320908c07796 cwd=/private/var/folders/9v/733tfwtj2jvgwygmtrbwj9gm0000gn/T/kilo-e2e-ZPnvgH/workspace git=/var/folders/9v/733tfwtj2jvgwygmtrbwj9gm0000gn/T/kilo-e2e-ZPnvgH/xdg-data/kilo/snapshot/b289fb45de8da4fa44e139efaaf8b5478551cab5/9d6abdc242d21a47adc2bd681ec53d69051777f4 tracking
[Kilo New][P0-Perf] {"corr":"d2181c65-d721-402a-a10f-d3578a4d15ed","stage":"sse.event","t":1786775235992,"d":64636,"surface":"extension","span":"start","eventType":"message.part.updated","dir":"/private/var/folders/9v/733tfwtj2jvgwygmtrbwj9gm0000gn/T/kilo-e2e-ZPnvgH/workspace"}
[Kilo New][P0-Perf] {"corr":"d2181c65-d721-402a-a10f-d3578a4d15ed","stage":"sse.event","t":1786775235993,"d":64637,"surface":"extension","span":"end","dur":1,"eventType":"message.part.updated","dir":"/private/var/folders/9v/733tfwtj2jvgwygmtrbwj9gm0000gn/T/kilo-e2e-ZPnvgH/workspace"}
[Kilo New][P0-Perf] {"corr":"d2181c65-d721-402a-a10f-d3578a4d15ed","stage":"sse.event","t":1786775235993,"d":64637,"surface":"extension","span":"start","eventType":"message.part.updated.1","dir":"/private/var/folders/9v/733tfwtj2jvgwygmtrbwj9gm0000gn/T/kilo-e2e-ZPnvgH/workspace"}
[Kilo New][P0-Perf] {"corr":"d2181c65-d721-402a-a10f-d3578a4d15ed","stage":"sse.event","t":1786775235993,"d":64637,"surface":"extension","span":"end","dur":0,"eventType":"message.part.updated.1","dir":"/private/var/folders/9v/733tfwtj2jvgwygmtrbwj9gm0000gn/T/kilo-e2e-ZPnvgH/workspace"}
[Kilo New] ServerManager: ⚠️ CLI Server stderr: INFO  2026-08-15T06:27:15 +7ms service=session.tools status=started resolveTools
[Kilo New][P0-Perf] {"corr":"d2181c65-d721-402a-a10f-d3578a4d15ed","stage":"sse.event","t":1786775236003,"d":64647,"surface":"extension","span":"start","eventType":"message.part.removed","dir":"/private/var/folders/9v/733tfwtj2jvgwygmtrbwj9gm0000gn/T/kilo-e2e-ZPnvgH/workspace"}
[Kilo New][P0-Perf] {"corr":"d2181c65-d721-402a-a10f-d3578a4d15ed","stage":"sse.event","t":1786775236003,"d":64647,"surface":"extension","span":"end","dur":0,"eventType":"message.part.removed","dir":"/private/var/folders/9v/733tfwtj2jvgwygmtrbwj9gm0000gn/T/kilo-e2e-ZPnvgH/workspace"}
[Kilo New][P0-Perf] {"corr":"d2181c65-d721-402a-a10f-d3578a4d15ed","stage":"sse.event","t":1786775236003,"d":64647,"surface":"extension","span":"start","eventType":"message.part.removed.1","dir":"/private/var/folders/9v/733tfwtj2jvgwygmtrbwj9gm0000gn/T/kilo-e2e-ZPnvgH/workspace"}
[Kilo New][P0-Perf] {"corr":"d2181c65-d721-402a-a10f-d3578a4d15ed","stage":"sse.event","t":1786775236003,"d":64647,"surface":"extension","span":"end","dur":0,"eventType":"message.part.removed.1","dir":"/private/var/folders/9v/733tfwtj2jvgwygmtrbwj9gm0000gn/T/kilo-e2e-ZPnvgH/workspace"}
[Kilo New] ServerManager: ⚠️ CLI Server stderr: INFO  2026-08-15T06:27:16 +45ms service=tool.registry status=started invalid
[Kilo New] ServerManager: ⚠️ CLI Server stderr: INFO  2026-08-15T06:27:16 +0ms service=tool.registry status=completed duration=0 invalid
[Kilo New] ServerManager: ⚠️ CLI Server stderr: INFO  2026-08-15T06:27:16 +0ms service=tool.registry status=started question
[Kilo New] ServerManager: ⚠️ CLI Server stderr: INFO  2026-08-15T06:27:16 +0ms service=tool.registry status=completed duration=0 question
[Kilo New] ServerManager: ⚠️ CLI Server stderr: INFO  2026-08-15T06:27:16 +1ms service=tool.registry status=started bash
[Kilo New] ServerManager: ⚠️ CLI Server stderr: INFO  2026-08-15T06:27:16 +0ms service=tool.registry status=completed duration=0 bash
[Kilo New] ServerManager: ⚠️ CLI Server stderr: INFO  2026-08-15T06:27:16 +0ms service=tool.registry status=started read
[Kilo New] ServerManager: ⚠️ CLI Server stderr: INFO  2026-08-15T06:27:16 +0ms service=tool.registry status=completed duration=0 read
[Kilo New] ServerManager: ⚠️ CLI Server stderr: INFO  2026-08-15T06:27:16 +0ms service=tool.registry status=started glob
[Kilo New] ServerManager: ⚠️ CLI Server stderr: INFO  2026-08-15T06:27:16 +0ms service=tool.registry status=completed duration=0 glob
[Kilo New] ServerManager: ⚠️ CLI Server stderr: INFO  2026-08-15T06:27:16 +0ms service=tool.registry status=started grep
[Kilo New] ServerManager: ⚠️ CLI Server stderr: INFO  2026-08-15T06:27:16 +0ms service=tool.registry status=completed duration=0 grep
[Kilo New] ServerManager: ⚠️ CLI Server stderr: INFO  2026-08-15T06:27:16 +0ms service=tool.registry status=started edit
[Kilo New] ServerManager: ⚠️ CLI Server stderr: INFO  2026-08-15T06:27:16 +0ms service=tool.registry status=completed duration=0 edit
[Kilo New] ServerManager: ⚠️ CLI Server stderr: INFO  2026-08-15T06:27:16 +0ms service=tool.registry status=started write
[Kilo New] ServerManager: ⚠️ CLI Server stderr: INFO  2026-08-15T06:27:16 +0ms service=tool.registry status=completed duration=0 write
[Kilo New] ServerManager: ⚠️ CLI Server stderr: INFO  2026-08-15T06:27:16 +1ms service=tool.registry status=started task
[Kilo New] ServerManager: ⚠️ CLI Server stderr: INFO  2026-08-15T06:27:16 +1ms service=tool.registry status=completed duration=1 task
[Kilo New] ServerManager: ⚠️ CLI Server stderr: INFO  2026-08-15T06:27:16 +0ms service=tool.registry status=started webfetch
[Kilo New] ServerManager: ⚠️ CLI Server stderr: INFO  2026-08-15T06:27:16 +0ms service=tool.registry status=completed duration=0 webfetch
[Kilo New] ServerManager: ⚠️ CLI Server stderr: INFO  2026-08-15T06:27:16 +0ms service=tool.registry status=started todowrite
[Kilo New] ServerManager: ⚠️ CLI Server stderr: INFO  2026-08-15T06:27:16 +0ms service=tool.registry status=completed duration=0 todowrite
[Kilo New] ServerManager: ⚠️ CLI Server stderr: INFO  2026-08-15T06:27:16 +0ms service=tool.registry status=started skill
[Kilo New] ServerManager: ⚠️ CLI Server stderr: INFO  2026-08-15T06:27:16 +2ms service=tool.registry status=completed duration=2 skill
[Kilo New] ServerManager: ⚠️ CLI Server stderr: INFO  2026-08-15T06:27:16 +0ms service=tool.registry status=started plan_exit
[Kilo New] ServerManager: ⚠️ CLI Server stderr: INFO  2026-08-15T06:27:16 +0ms service=tool.registry status=completed duration=0 plan_exit
[Kilo New] ServerManager: ⚠️ CLI Server stderr: INFO  2026-08-15T06:27:16 +0ms service=tool.registry status=started kilo_local_recall
[Kilo New] ServerManager: ⚠️ CLI Server stderr: INFO  2026-08-15T06:27:16 +0ms service=tool.registry status=completed duration=0 kilo_local_recall
[Kilo New] ServerManager: ⚠️ CLI Server stderr: INFO  2026-08-15T06:27:16 +0ms service=tool.registry status=started background_process
[Kilo New] ServerManager: ⚠️ CLI Server stderr: INFO  2026-08-15T06:27:16 +0ms service=tool.registry status=completed duration=0 background_process
[Kilo New] ServerManager: ⚠️ CLI Server stderr: INFO  2026-08-15T06:27:16 +0ms service=tool.registry status=started agent_manager_models
[Kilo New] ServerManager: ⚠️ CLI Server stderr: INFO  2026-08-15T06:27:16 +0ms service=tool.registry status=completed duration=0 agent_manager_models
[Kilo New] ServerManager: ⚠️ CLI Server stderr: INFO  2026-08-15T06:27:16 +1ms service=tool.registry status=started agent_manager
[Kilo New] ServerManager: ⚠️ CLI Server stderr: INFO  2026-08-15T06:27:16 +0ms service=tool.registry status=completed duration=0 agent_manager
[Kilo New] ServerManager: ⚠️ CLI Server stderr: INFO  2026-08-15T06:27:16 +0ms service=tool.registry status=started e2e_marker
[Kilo New] ServerManager: ⚠️ CLI Server stderr: INFO  2026-08-15T06:27:16 +0ms service=tool.registry status=completed duration=0 e2e_marker
[Kilo New] ServerManager: ⚠️ CLI Server stderr: INFO  2026-08-15T06:27:16 +1ms service=session.tools status=completed duration=52 resolveTools
[Kilo New] ServerManager: ⚠️ CLI Server stderr: INFO  2026-08-15T06:27:16 +72ms service=session.processor session.id=ses_ffbe65b6affeWMAe9X7ERomdq3 messageID=msg_0041a69bf001ZgWYTSTny6fOLb process
[Kilo New] ServerManager: ⚠️ CLI Server stderr: INFO  2026-08-15T06:27:16 +3ms service=llm providerID=e2e-local modelID=e2e-model session.id=ses_ffbe65b6affeWMAe9X7ERomdq3 small=false agent=e2e-agent mode=primary stream
[Kilo New] ServerManager: ⚠️ CLI Server stderr: INFO  2026-08-15T06:27:16 +6ms service=default llm.runtime=ai-sdk llm.provider=e2e-local llm.model=e2e-model llm runtime selected
[Kilo New][P0-Perf] {"corr":"d2181c65-d721-402a-a10f-d3578a4d15ed","stage":"sse.event","t":1786775236141,"d":64785,"surface":"extension","span":"start","eventType":"session.updated","dir":"/private/var/folders/9v/733tfwtj2jvgwygmtrbwj9gm0000gn/T/kilo-e2e-ZPnvgH/workspace"}
[Kilo New][P0-Perf] {"corr":"d2181c65-d721-402a-a10f-d3578a4d15ed","stage":"sse.event","t":1786775236141,"d":64785,"surface":"extension","span":"end","dur":0,"eventType":"session.updated","dir":"/private/var/folders/9v/733tfwtj2jvgwygmtrbwj9gm0000gn/T/kilo-e2e-ZPnvgH/workspace"}
[Kilo New][P0-Perf] {"corr":"d2181c65-d721-402a-a10f-d3578a4d15ed","stage":"sse.event","t":1786775236141,"d":64785,"surface":"extension","span":"start","eventType":"session.updated.1","dir":"/private/var/folders/9v/733tfwtj2jvgwygmtrbwj9gm0000gn/T/kilo-e2e-ZPnvgH/workspace"}
[Kilo New][P0-Perf] {"corr":"d2181c65-d721-402a-a10f-d3578a4d15ed","stage":"sse.event","t":1786775236142,"d":64786,"surface":"extension","span":"end","dur":1,"eventType":"session.updated.1","dir":"/private/var/folders/9v/733tfwtj2jvgwygmtrbwj9gm0000gn/T/kilo-e2e-ZPnvgH/workspace"}
[Kilo New][P0-Perf] {"corr":"d2181c65-d721-402a-a10f-d3578a4d15ed","stage":"sse.event","t":1786775236142,"d":64786,"surface":"extension","span":"start","eventType":"session.status","dir":"/private/var/folders/9v/733tfwtj2jvgwygmtrbwj9gm0000gn/T/kilo-e2e-ZPnvgH/workspace"}
[Kilo New][P0-Perf] {"corr":"d2181c65-d721-402a-a10f-d3578a4d15ed","stage":"sse.event","t":1786775236142,"d":64786,"surface":"extension","span":"end","dur":0,"eventType":"session.status","dir":"/private/var/folders/9v/733tfwtj2jvgwygmtrbwj9gm0000gn/T/kilo-e2e-ZPnvgH/workspace"}
[Kilo New][P0-Perf] {"corr":"d2181c65-d721-402a-a10f-d3578a4d15ed","stage":"sse.event","t":1786775236142,"d":64786,"surface":"extension","span":"start","eventType":"session.diff","dir":"/private/var/folders/9v/733tfwtj2jvgwygmtrbwj9gm0000gn/T/kilo-e2e-ZPnvgH/workspace"}
[Kilo New][P0-Perf] {"corr":"d2181c65-d721-402a-a10f-d3578a4d15ed","stage":"sse.event","t":1786775236142,"d":64786,"surface":"extension","span":"end","dur":0,"eventType":"session.diff","dir":"/private/var/folders/9v/733tfwtj2jvgwygmtrbwj9gm0000gn/T/kilo-e2e-ZPnvgH/workspace"}
[Kilo New][P0-Perf] {"corr":"d2181c65-d721-402a-a10f-d3578a4d15ed","stage":"sse.event","t":1786775236142,"d":64786,"surface":"extension","span":"start","eventType":"message.updated","dir":"/private/var/folders/9v/733tfwtj2jvgwygmtrbwj9gm0000gn/T/kilo-e2e-ZPnvgH/workspace"}
[Kilo New][P0-Perf] {"corr":"d2181c65-d721-402a-a10f-d3578a4d15ed","stage":"sse.event","t":1786775236142,"d":64786,"surface":"extension","span":"end","dur":0,"eventType":"message.updated","dir":"/private/var/folders/9v/733tfwtj2jvgwygmtrbwj9gm0000gn/T/kilo-e2e-ZPnvgH/workspace"}
[Kilo New][P0-Perf] {"corr":"d2181c65-d721-402a-a10f-d3578a4d15ed","stage":"sse.event","t":1786775236143,"d":64787,"surface":"extension","span":"start","eventType":"message.updated.1","dir":"/private/var/folders/9v/733tfwtj2jvgwygmtrbwj9gm0000gn/T/kilo-e2e-ZPnvgH/workspace"}
[Kilo New][P0-Perf] {"corr":"d2181c65-d721-402a-a10f-d3578a4d15ed","stage":"sse.event","t":1786775236143,"d":64787,"surface":"extension","span":"end","dur":0,"eventType":"message.updated.1","dir":"/private/var/folders/9v/733tfwtj2jvgwygmtrbwj9gm0000gn/T/kilo-e2e-ZPnvgH/workspace"}
[Kilo New] ServerManager: ⚠️ CLI Server stderr: INFO  2026-08-15T06:27:16 +46ms service=p0-perf event=p0.start stage=tool_execute ts=1786775236177 id=ses_ffbe65b6affeWMAe9X7ERomdq3 meta={"tool":"read","callID":"call_e2e_read_1","messageID":"msg_0041a69bf001ZgWYTSTny6fOLb"} tool_execute
[Kilo New][P0-Perf] {"corr":"d2181c65-d721-402a-a10f-d3578a4d15ed","stage":"sse.event","t":1786775236185,"d":64829,"surface":"extension","span":"start","eventType":"message.part.updated","dir":"/private/var/folders/9v/733tfwtj2jvgwygmtrbwj9gm0000gn/T/kilo-e2e-ZPnvgH/workspace"}
[Kilo New][P0-Perf] {"corr":"d2181c65-d721-402a-a10f-d3578a4d15ed","stage":"sse.event","t":1786775236186,"d":64830,"surface":"extension","span":"end","dur":1,"eventType":"message.part.updated","dir":"/private/var/folders/9v/733tfwtj2jvgwygmtrbwj9gm0000gn/T/kilo-e2e-ZPnvgH/workspace"}
[Kilo New][P0-Perf] {"corr":"d2181c65-d721-402a-a10f-d3578a4d15ed","stage":"sse.event","t":1786775236186,"d":64830,"surface":"extension","span":"start","eventType":"message.part.updated.1","dir":"/private/var/folders/9v/733tfwtj2jvgwygmtrbwj9gm0000gn/T/kilo-e2e-ZPnvgH/workspace"}
[Kilo New][P0-Perf] {"corr":"d2181c65-d721-402a-a10f-d3578a4d15ed","stage":"sse.event","t":1786775236186,"d":64830,"surface":"extension","span":"end","dur":0,"eventType":"message.part.updated.1","dir":"/private/var/folders/9v/733tfwtj2jvgwygmtrbwj9gm0000gn/T/kilo-e2e-ZPnvgH/workspace"}
[Kilo New][P0-Perf] {"corr":"d2181c65-d721-402a-a10f-d3578a4d15ed","stage":"sse.event","t":1786775236186,"d":64830,"surface":"extension","span":"start","eventType":"message.part.updated","dir":"/private/var/folders/9v/733tfwtj2jvgwygmtrbwj9gm0000gn/T/kilo-e2e-ZPnvgH/workspace"}
[Kilo New][P0-Perf] {"corr":"d2181c65-d721-402a-a10f-d3578a4d15ed","stage":"sse.event","t":1786775236186,"d":64830,"surface":"extension","span":"end","dur":0,"eventType":"message.part.updated","dir":"/private/var/folders/9v/733tfwtj2jvgwygmtrbwj9gm0000gn/T/kilo-e2e-ZPnvgH/workspace"}
[Kilo New][P0-Perf] {"corr":"d2181c65-d721-402a-a10f-d3578a4d15ed","stage":"sse.event","t":1786775236186,"d":64830,"surface":"extension","span":"start","eventType":"message.part.updated.1","dir":"/private/var/folders/9v/733tfwtj2jvgwygmtrbwj9gm0000gn/T/kilo-e2e-ZPnvgH/workspace"}
[Kilo New][P0-Perf] {"corr":"d2181c65-d721-402a-a10f-d3578a4d15ed","stage":"sse.event","t":1786775236186,"d":64830,"surface":"extension","span":"end","dur":0,"eventType":"message.part.updated.1","dir":"/private/var/folders/9v/733tfwtj2jvgwygmtrbwj9gm0000gn/T/kilo-e2e-ZPnvgH/workspace"}
[Kilo New][P0-Perf] {"corr":"d2181c65-d721-402a-a10f-d3578a4d15ed","stage":"sse.event","t":1786775236186,"d":64830,"surface":"extension","span":"start","eventType":"message.part.updated","dir":"/private/var/folders/9v/733tfwtj2jvgwygmtrbwj9gm0000gn/T/kilo-e2e-ZPnvgH/workspace"}
[Kilo New][P0-Perf] {"corr":"d2181c65-d721-402a-a10f-d3578a4d15ed","stage":"sse.event","t":1786775236186,"d":64830,"surface":"extension","span":"end","dur":0,"eventType":"message.part.updated","dir":"/private/var/folders/9v/733tfwtj2jvgwygmtrbwj9gm0000gn/T/kilo-e2e-ZPnvgH/workspace"}
[Kilo New][P0-Perf] {"corr":"d2181c65-d721-402a-a10f-d3578a4d15ed","stage":"sse.event","t":1786775236186,"d":64830,"surface":"extension","span":"start","eventType":"message.part.updated.1","dir":"/private/var/folders/9v/733tfwtj2jvgwygmtrbwj9gm0000gn/T/kilo-e2e-ZPnvgH/workspace"}
[Kilo New][P0-Perf] {"corr":"d2181c65-d721-402a-a10f-d3578a4d15ed","stage":"sse.event","t":1786775236187,"d":64831,"surface":"extension","span":"end","dur":1,"eventType":"message.part.updated.1","dir":"/private/var/folders/9v/733tfwtj2jvgwygmtrbwj9gm0000gn/T/kilo-e2e-ZPnvgH/workspace"}
[Kilo New] ServerManager: ⚠️ CLI Server stderr: INFO  2026-08-15T06:27:16 +26ms service=permission permission=read pattern=ask.txt action={"permission":"read","pattern":"ask.txt","action":"ask"} evaluated
[Kilo New] ServerManager: ⚠️ CLI Server stderr: INFO  2026-08-15T06:27:16 +1ms service=permission id=per_0041a6e6c001JP1TPjjdcmc6pb permission=read patterns=["ask.txt"] asking
[Kilo New] ServerManager: ⚠️ CLI Server stderr: INFO  2026-08-15T06:27:16 +1ms service=p0-perf event=p0.start stage=permission_wait ts=1786775236205 id=per_0041a6e6c001JP1TPjjdcmc6pb meta={"sessionID":"ses_ffbe65b6affeWMAe9X7ERomdq3","permission":"read"} permission_wait
[Kilo New][P0-Perf] {"corr":"d2181c65-d721-402a-a10f-d3578a4d15ed","stage":"sse.event","t":1786775236208,"d":64852,"surface":"extension","span":"start","eventType":"permission.asked","dir":"/private/var/folders/9v/733tfwtj2jvgwygmtrbwj9gm0000gn/T/kilo-e2e-ZPnvgH/workspace"}
[Kilo New][P0-Perf] {"corr":"d2181c65-d721-402a-a10f-d3578a4d15ed","stage":"permission.asked","t":1786775236208,"d":64852,"surface":"extension","id":"per_0041a6e6c001JP1TPjjdcmc6pb"}
[Kilo New][P0-Perf] {"corr":"d2181c65-d721-402a-a10f-d3578a4d15ed","stage":"sse.event","t":1786775236208,"d":64852,"surface":"extension","span":"end","dur":0,"eventType":"permission.asked","dir":"/private/var/folders/9v/733tfwtj2jvgwygmtrbwj9gm0000gn/T/kilo-e2e-ZPnvgH/workspace"}
[Kilo New] ServerManager: ⚠️ CLI Server stderr: INFO  2026-08-15T06:27:18 +1832ms service=model-cache providerID=apertis refreshing models
[Kilo New] ServerManager: ⚠️ CLI Server stderr: INFO  2026-08-15T06:27:18 +8ms service=model-cache providerID=apertis count=0 models fetched and cached
[Kilo New][P0-Perf] {"corr":"d2181c65-d721-402a-a10f-d3578a4d15ed","stage":"sse.event","t":1786775238114,"d":66758,"surface":"extension","span":"start","eventType":"server.heartbeat"}
[Kilo New][P0-Perf] {"corr":"d2181c65-d721-402a-a10f-d3578a4d15ed","stage":"sse.event","t":1786775238114,"d":66758,"surface":"extension","span":"end","dur":0,"eventType":"server.heartbeat"}
[probe] PASS H-6 permission: backend pending permission observable (attempt 1)
[probe] PASS H-6 permission dock visible
[probe] clicked PermissionDock Allow once
[Kilo New][P0-Perf] {"corr":"d2181c65-d721-402a-a10f-d3578a4d15ed","stage":"sse.event","t":1786775238615,"d":67259,"surface":"extension","span":"start","eventType":"global.config.updated","dir":"global"}
[Kilo New][P0-Perf] {"corr":"d2181c65-d721-402a-a10f-d3578a4d15ed","stage":"sse.event","t":1786775238616,"d":67260,"surface":"extension","span":"end","dur":1,"eventType":"global.config.updated","dir":"global"}
[Kilo New] ServerManager: ⚠️ CLI Server stderr: INFO  2026-08-15T06:27:18 +597ms service=p0-perf event=p0.start stage=config_load ts=1786775238642 dir=/private/var/folders/9v/733tfwtj2jvgwygmtrbwj9gm0000gn/T/kilo-e2e-ZPnvgH/workspace config_load
[Kilo New] ServerManager: ⚠️ CLI Server stderr: INFO  2026-08-15T06:27:18 +7ms service=kilocode.config path=/var/folders/9v/733tfwtj2jvgwygmtrbwj9gm0000gn/T/kilo-e2e-ZPnvgH/xdg-config/kilo/kilo.jsonc migrated bash permission to allow for existing user
[Kilo New] ServerManager: ⚠️ CLI Server stderr: INFO  2026-08-15T06:27:18 +1ms service=config path=/var/folders/9v/733tfwtj2jvgwygmtrbwj9gm0000gn/T/kilo-e2e-ZPnvgH/xdg-config/kilo/config.json loading
[Kilo New] ServerManager: ⚠️ CLI Server stderr: INFO  2026-08-15T06:27:18 +1ms service=config path=/var/folders/9v/733tfwtj2jvgwygmtrbwj9gm0000gn/T/kilo-e2e-ZPnvgH/xdg-config/kilo/kilo.json loading
[Kilo New] ServerManager: ⚠️ CLI Server stderr: INFO  2026-08-15T06:27:18 +13ms service=config path=/var/folders/9v/733tfwtj2jvgwygmtrbwj9gm0000gn/T/kilo-e2e-ZPnvgH/xdg-config/kilo/kilo.jsonc loading
[Kilo New] ServerManager: ⚠️ CLI Server stderr: INFO  2026-08-15T06:27:18 +27ms service=config path=/var/folders/9v/733tfwtj2jvgwygmtrbwj9gm0000gn/T/kilo-e2e-ZPnvgH/xdg-config/kilo/opencode.json loading
[Kilo New] ServerManager: ⚠️ CLI Server stderr: INFO  2026-08-15T06:27:18 +6ms service=p0-perf event=p0.end stage=permission_wait ts=1786775238697 duration=2492 id=per_0041a6e6c001JP1TPjjdcmc6pb meta={"sessionID":"ses_ffbe65b6affeWMAe9X7ERomdq3","permission":"read"} permission_wait
[Kilo New] ServerManager: ⚠️ CLI Server stderr: ERROR 2026-08-15T06:27:18 +2ms service=kilo-sessions sessionID=ses_ffbe65b6affeWMAe9X7ERomdq3 error=Error: InstanceRef not provided status sync failed
[Kilo New] ServerManager: ⚠️ CLI Server stderr: INFO  2026-08-15T06:27:18 +14ms service=config path=/var/folders/9v/733tfwtj2jvgwygmtrbwj9gm0000gn/T/kilo-e2e-ZPnvgH/xdg-config/kilo/opencode.jsonc loading
[Kilo New][P0-Perf] {"corr":"d2181c65-d721-402a-a10f-d3578a4d15ed","stage":"sse.event","t":1786775238719,"d":67363,"surface":"extension","span":"start","eventType":"permission.replied","dir":"/private/var/folders/9v/733tfwtj2jvgwygmtrbwj9gm0000gn/T/kilo-e2e-ZPnvgH/workspace"}
[Kilo New][P0-Perf] {"corr":"d2181c65-d721-402a-a10f-d3578a4d15ed","stage":"permission.replied","t":1786775238719,"d":67363,"surface":"extension","requestID":"per_0041a6e6c001JP1TPjjdcmc6pb"}
[Kilo New][P0-Perf] {"corr":"d2181c65-d721-402a-a10f-d3578a4d15ed","stage":"sse.event","t":1786775238719,"d":67363,"surface":"extension","span":"end","dur":0,"eventType":"permission.replied","dir":"/private/var/folders/9v/733tfwtj2jvgwygmtrbwj9gm0000gn/T/kilo-e2e-ZPnvgH/workspace"}
[Kilo New] ServerManager: ⚠️ CLI Server stderr: INFO  2026-08-15T06:27:18 +59ms service=lsp file=/private/var/folders/9v/733tfwtj2jvgwygmtrbwj9gm0000gn/T/kilo-e2e-ZPnvgH/workspace/ask.txt touching file
[Kilo New] ServerManager: ⚠️ CLI Server stderr: INFO  2026-08-15T06:27:18 +23ms service=p0-perf event=p0.end stage=tool_execute ts=1786775238795 duration=2618 id=ses_ffbe65b6affeWMAe9X7ERomdq3 meta={"tool":"read","callID":"call_e2e_read_1","messageID":"msg_0041a69bf001ZgWYTSTny6fOLb"} tool_execute
[Kilo New][P0-Perf] {"corr":"d2181c65-d721-402a-a10f-d3578a4d15ed","stage":"sse.event","t":1786775238808,"d":67452,"surface":"extension","span":"start","eventType":"message.part.updated","dir":"/private/var/folders/9v/733tfwtj2jvgwygmtrbwj9gm0000gn/T/kilo-e2e-ZPnvgH/workspace"}
[Kilo New][P0-Perf] {"corr":"d2181c65-d721-402a-a10f-d3578a4d15ed","stage":"sse.event","t":1786775238808,"d":67452,"surface":"extension","span":"end","dur":0,"eventType":"message.part.updated","dir":"/private/var/folders/9v/733tfwtj2jvgwygmtrbwj9gm0000gn/T/kilo-e2e-ZPnvgH/workspace"}
[Kilo New][P0-Perf] {"corr":"d2181c65-d721-402a-a10f-d3578a4d15ed","stage":"sse.event","t":1786775238808,"d":67452,"surface":"extension","span":"start","eventType":"message.part.updated.1","dir":"/private/var/folders/9v/733tfwtj2jvgwygmtrbwj9gm0000gn/T/kilo-e2e-ZPnvgH/workspace"}
[Kilo New][P0-Perf] {"corr":"d2181c65-d721-402a-a10f-d3578a4d15ed","stage":"sse.event","t":1786775238808,"d":67452,"surface":"extension","span":"end","dur":0,"eventType":"message.part.updated.1","dir":"/private/var/folders/9v/733tfwtj2jvgwygmtrbwj9gm0000gn/T/kilo-e2e-ZPnvgH/workspace"}
[Kilo New] ServerManager: ⚠️ CLI Server stderr: INFO  2026-08-15T06:27:18 +177ms service=snapshot prune=7.days cleanup
[Kilo New] ServerManager: ⚠️ CLI Server stderr: INFO  2026-08-15T06:27:19 +144ms service=config path=/private/var/folders/9v/733tfwtj2jvgwygmtrbwj9gm0000gn/T/kilo-e2e-ZPnvgH/workspace/.kilo/kilo.jsonc loading
[Kilo New] ServerManager: ⚠️ CLI Server stderr: INFO  2026-08-15T06:27:19 +4ms service=config path=/private/var/folders/9v/733tfwtj2jvgwygmtrbwj9gm0000gn/T/kilo-e2e-ZPnvgH/workspace/.kilo/kilo.json loading
[Kilo New] ServerManager: ⚠️ CLI Server stderr: INFO  2026-08-15T06:27:19 +5ms service=config path=/private/var/folders/9v/733tfwtj2jvgwygmtrbwj9gm0000gn/T/kilo-e2e-ZPnvgH/workspace/.kilo/opencode.jsonc loading
[Kilo New] ServerManager: ⚠️ CLI Server stderr: INFO  2026-08-15T06:27:19 +0ms service=config path=/private/var/folders/9v/733tfwtj2jvgwygmtrbwj9gm0000gn/T/kilo-e2e-ZPnvgH/workspace/.kilo/opencode.json loading
[Kilo New] ServerManager: ⚠️ CLI Server stderr: INFO  2026-08-15T06:27:19 +119ms service=snapshot hash=254323e02804415fd8fd90f2bfcd320908c07796 cwd=/private/var/folders/9v/733tfwtj2jvgwygmtrbwj9gm0000gn/T/kilo-e2e-ZPnvgH/workspace git=/var/folders/9v/733tfwtj2jvgwygmtrbwj9gm0000gn/T/kilo-e2e-ZPnvgH/xdg-data/kilo/snapshot/b289fb45de8da4fa44e139efaaf8b5478551cab5/9d6abdc242d21a47adc2bd681ec53d69051777f4 tracking
[Kilo New] ServerManager: ⚠️ CLI Server stderr: INFO  2026-08-15T06:27:19 +0ms service=config path=/Users/jorkeyliu/.kilo/kilo.jsonc loading
[Kilo New] ServerManager: ⚠️ CLI Server stderr: INFO  2026-08-15T06:27:19 +1ms service=config path=/Users/jorkeyliu/.kilo/kilo.json loading
[Kilo New] ServerManager: ⚠️ CLI Server stderr: INFO  2026-08-15T06:27:19 +1ms service=config path=/Users/jorkeyliu/.kilo/opencode.jsonc loading
[Kilo New] ServerManager: ⚠️ CLI Server stderr: INFO  2026-08-15T06:27:19 +10ms service=config path=/Users/jorkeyliu/.kilo/opencode.json loading
[Kilo New][P0-Perf] {"corr":"d2181c65-d721-402a-a10f-d3578a4d15ed","stage":"sse.event","t":1786775239258,"d":67902,"surface":"extension","span":"start","eventType":"message.part.updated","dir":"/private/var/folders/9v/733tfwtj2jvgwygmtrbwj9gm0000gn/T/kilo-e2e-ZPnvgH/workspace"}
[Kilo New][P0-Perf] {"corr":"d2181c65-d721-402a-a10f-d3578a4d15ed","stage":"sse.event","t":1786775239258,"d":67902,"surface":"extension","span":"end","dur":0,"eventType":"message.part.updated","dir":"/private/var/folders/9v/733tfwtj2jvgwygmtrbwj9gm0000gn/T/kilo-e2e-ZPnvgH/workspace"}
[Kilo New][P0-Perf] {"corr":"d2181c65-d721-402a-a10f-d3578a4d15ed","stage":"sse.event","t":1786775239258,"d":67902,"surface":"extension","span":"start","eventType":"message.part.updated.1","dir":"/private/var/folders/9v/733tfwtj2jvgwygmtrbwj9gm0000gn/T/kilo-e2e-ZPnvgH/workspace"}
[Kilo New][P0-Perf] {"corr":"d2181c65-d721-402a-a10f-d3578a4d15ed","stage":"sse.event","t":1786775239258,"d":67902,"surface":"extension","span":"end","dur":0,"eventType":"message.part.updated.1","dir":"/private/var/folders/9v/733tfwtj2jvgwygmtrbwj9gm0000gn/T/kilo-e2e-ZPnvgH/workspace"}
[Kilo New][P0-Perf] {"corr":"d2181c65-d721-402a-a10f-d3578a4d15ed","stage":"sse.event","t":1786775239258,"d":67902,"surface":"extension","span":"start","eventType":"message.updated","dir":"/private/var/folders/9v/733tfwtj2jvgwygmtrbwj9gm0000gn/T/kilo-e2e-ZPnvgH/workspace"}
[Kilo New][P0-Perf] {"corr":"d2181c65-d721-402a-a10f-d3578a4d15ed","stage":"sse.event","t":1786775239258,"d":67902,"surface":"extension","span":"end","dur":0,"eventType":"message.updated","dir":"/private/var/folders/9v/733tfwtj2jvgwygmtrbwj9gm0000gn/T/kilo-e2e-ZPnvgH/workspace"}
[Kilo New][P0-Perf] {"corr":"d2181c65-d721-402a-a10f-d3578a4d15ed","stage":"sse.event","t":1786775239259,"d":67903,"surface":"extension","span":"start","eventType":"message.updated.1","dir":"/private/var/folders/9v/733tfwtj2jvgwygmtrbwj9gm0000gn/T/kilo-e2e-ZPnvgH/workspace"}
[Kilo New][P0-Perf] {"corr":"d2181c65-d721-402a-a10f-d3578a4d15ed","stage":"sse.event","t":1786775239259,"d":67903,"surface":"extension","span":"end","dur":0,"eventType":"message.updated.1","dir":"/private/var/folders/9v/733tfwtj2jvgwygmtrbwj9gm0000gn/T/kilo-e2e-ZPnvgH/workspace"}
[Kilo New] ServerManager: ⚠️ CLI Server stderr: INFO  2026-08-15T06:27:19 +64ms service=p0-perf event=p0.end stage=config_load ts=1786775239320 duration=678 dir=/private/var/folders/9v/733tfwtj2jvgwygmtrbwj9gm0000gn/T/kilo-e2e-ZPnvgH/workspace config_load
[Kilo New] ServerManager: ⚠️ CLI Server stderr: INFO  2026-08-15T06:27:20 +709ms service=model-cache providerID=apertis refreshing models
[Kilo New] ServerManager: ⚠️ CLI Server stderr: INFO  2026-08-15T06:27:20 +9ms service=model-cache providerID=apertis count=0 models fetched and cached
[Kilo New] ServerManager: ⚠️ CLI Server stderr: INFO  2026-08-15T06:27:21 +985ms service=model-cache providerID=apertis refreshing models
[Kilo New] ServerManager: ⚠️ CLI Server stderr: INFO  2026-08-15T06:27:21 +71ms service=model-cache providerID=apertis count=0 models fetched and cached
[Kilo New] ServerManager: ⚠️ CLI Server stderr: INFO  2026-08-15T06:27:21 +80ms service=session.prompt session.id=ses_ffbe65b6affeWMAe9X7ERomdq3 step=1 loop
[Kilo New] ServerManager: ⚠️ CLI Server stderr: INFO  2026-08-15T06:27:21 +8ms service=p0-perf event=p0.mark stage=processor_entry ts=1786775241182 id=ses_ffbe65b6affeWMAe9X7ERomdq3 meta={"messageID":"msg_0041a81db001Cf5GAFDMpv9rb5","parentID":"msg_0041a69780011dFP1Vhp5oezHa","model":"e2e-model","provider":"e2e-local"} processor_entry
[Kilo New][P0-Perf] {"corr":"d2181c65-d721-402a-a10f-d3578a4d15ed","stage":"sse.event","t":1786775241188,"d":69832,"surface":"extension","span":"start","eventType":"message.updated","dir":"/private/var/folders/9v/733tfwtj2jvgwygmtrbwj9gm0000gn/T/kilo-e2e-ZPnvgH/workspace"}
[Kilo New][P0-Perf] {"corr":"d2181c65-d721-402a-a10f-d3578a4d15ed","stage":"sse.event","t":1786775241188,"d":69832,"surface":"extension","span":"end","dur":0,"eventType":"message.updated","dir":"/private/var/folders/9v/733tfwtj2jvgwygmtrbwj9gm0000gn/T/kilo-e2e-ZPnvgH/workspace"}
[Kilo New][P0-Perf] {"corr":"d2181c65-d721-402a-a10f-d3578a4d15ed","stage":"sse.event","t":1786775241188,"d":69832,"surface":"extension","span":"start","eventType":"message.updated.1","dir":"/private/var/folders/9v/733tfwtj2jvgwygmtrbwj9gm0000gn/T/kilo-e2e-ZPnvgH/workspace"}
[Kilo New][P0-Perf] {"corr":"d2181c65-d721-402a-a10f-d3578a4d15ed","stage":"sse.event","t":1786775241188,"d":69832,"surface":"extension","span":"end","dur":0,"eventType":"message.updated.1","dir":"/private/var/folders/9v/733tfwtj2jvgwygmtrbwj9gm0000gn/T/kilo-e2e-ZPnvgH/workspace"}
[Kilo New][P0-Perf] {"corr":"d2181c65-d721-402a-a10f-d3578a4d15ed","stage":"sse.event","t":1786775241189,"d":69833,"surface":"extension","span":"start","eventType":"session.status","dir":"/private/var/folders/9v/733tfwtj2jvgwygmtrbwj9gm0000gn/T/kilo-e2e-ZPnvgH/workspace"}
[Kilo New][P0-Perf] {"corr":"d2181c65-d721-402a-a10f-d3578a4d15ed","stage":"sse.event","t":1786775241189,"d":69833,"surface":"extension","span":"end","dur":0,"eventType":"session.status","dir":"/private/var/folders/9v/733tfwtj2jvgwygmtrbwj9gm0000gn/T/kilo-e2e-ZPnvgH/workspace"}
[Kilo New][P0-Perf] {"corr":"d2181c65-d721-402a-a10f-d3578a4d15ed","stage":"sse.event","t":1786775241189,"d":69833,"surface":"extension","span":"start","eventType":"message.updated","dir":"/private/var/folders/9v/733tfwtj2jvgwygmtrbwj9gm0000gn/T/kilo-e2e-ZPnvgH/workspace"}
[Kilo New][P0-Perf] {"corr":"d2181c65-d721-402a-a10f-d3578a4d15ed","stage":"sse.event","t":1786775241189,"d":69833,"surface":"extension","span":"end","dur":0,"eventType":"message.updated","dir":"/private/var/folders/9v/733tfwtj2jvgwygmtrbwj9gm0000gn/T/kilo-e2e-ZPnvgH/workspace"}
[Kilo New][P0-Perf] {"corr":"d2181c65-d721-402a-a10f-d3578a4d15ed","stage":"sse.event","t":1786775241189,"d":69833,"surface":"extension","span":"start","eventType":"message.updated.1","dir":"/private/var/folders/9v/733tfwtj2jvgwygmtrbwj9gm0000gn/T/kilo-e2e-ZPnvgH/workspace"}
[Kilo New][P0-Perf] {"corr":"d2181c65-d721-402a-a10f-d3578a4d15ed","stage":"model.firstEvent","t":1786775241189,"d":69833,"surface":"extension","sessionID":"ses_ffbe65b6affeWMAe9X7ERomdq3","messageID":"msg_0041a81db001Cf5GAFDMpv9rb5","parentID":"msg_0041a69780011dFP1Vhp5oezHa","dir":"/private/var/folders/9v/733tfwtj2jvgwygmtrbwj9gm0000gn/T/kilo-e2e-ZPnvgH/workspace"}
[Kilo New][P0-Perf] {"corr":"d2181c65-d721-402a-a10f-d3578a4d15ed","stage":"sse.event","t":1786775241190,"d":69834,"surface":"extension","span":"end","dur":1,"eventType":"message.updated.1","dir":"/private/var/folders/9v/733tfwtj2jvgwygmtrbwj9gm0000gn/T/kilo-e2e-ZPnvgH/workspace"}
[Kilo New][P0-Perf] {"corr":"d2181c65-d721-402a-a10f-d3578a4d15ed","stage":"sse.event","t":1786775241229,"d":69873,"surface":"extension","span":"start","eventType":"session.updated","dir":"/private/var/folders/9v/733tfwtj2jvgwygmtrbwj9gm0000gn/T/kilo-e2e-ZPnvgH/workspace"}
[Kilo New][P0-Perf] {"corr":"d2181c65-d721-402a-a10f-d3578a4d15ed","stage":"sse.event","t":1786775241230,"d":69874,"surface":"extension","span":"end","dur":1,"eventType":"session.updated","dir":"/private/var/folders/9v/733tfwtj2jvgwygmtrbwj9gm0000gn/T/kilo-e2e-ZPnvgH/workspace"}
[Kilo New][P0-Perf] {"corr":"d2181c65-d721-402a-a10f-d3578a4d15ed","stage":"sse.event","t":1786775241230,"d":69874,"surface":"extension","span":"start","eventType":"session.updated.1","dir":"/private/var/folders/9v/733tfwtj2jvgwygmtrbwj9gm0000gn/T/kilo-e2e-ZPnvgH/workspace"}
[Kilo New][P0-Perf] {"corr":"d2181c65-d721-402a-a10f-d3578a4d15ed","stage":"sse.event","t":1786775241230,"d":69874,"surface":"extension","span":"end","dur":0,"eventType":"session.updated.1","dir":"/private/var/folders/9v/733tfwtj2jvgwygmtrbwj9gm0000gn/T/kilo-e2e-ZPnvgH/workspace"}
[Kilo New][P0-Perf] {"corr":"d2181c65-d721-402a-a10f-d3578a4d15ed","stage":"sse.event","t":1786775241271,"d":69915,"surface":"extension","span":"start","eventType":"session.diff","dir":"/private/var/folders/9v/733tfwtj2jvgwygmtrbwj9gm0000gn/T/kilo-e2e-ZPnvgH/workspace"}
[Kilo New][P0-Perf] {"corr":"d2181c65-d721-402a-a10f-d3578a4d15ed","stage":"sse.event","t":1786775241271,"d":69915,"surface":"extension","span":"end","dur":0,"eventType":"session.diff","dir":"/private/var/folders/9v/733tfwtj2jvgwygmtrbwj9gm0000gn/T/kilo-e2e-ZPnvgH/workspace"}
[Kilo New][P0-Perf] {"corr":"d2181c65-d721-402a-a10f-d3578a4d15ed","stage":"sse.event","t":1786775241271,"d":69915,"surface":"extension","span":"start","eventType":"message.updated","dir":"/private/var/folders/9v/733tfwtj2jvgwygmtrbwj9gm0000gn/T/kilo-e2e-ZPnvgH/workspace"}
[Kilo New][P0-Perf] {"corr":"d2181c65-d721-402a-a10f-d3578a4d15ed","stage":"sse.event","t":1786775241272,"d":69916,"surface":"extension","span":"end","dur":1,"eventType":"message.updated","dir":"/private/var/folders/9v/733tfwtj2jvgwygmtrbwj9gm0000gn/T/kilo-e2e-ZPnvgH/workspace"}
[Kilo New][P0-Perf] {"corr":"d2181c65-d721-402a-a10f-d3578a4d15ed","stage":"sse.event","t":1786775241272,"d":69916,"surface":"extension","span":"start","eventType":"message.updated.1","dir":"/private/var/folders/9v/733tfwtj2jvgwygmtrbwj9gm0000gn/T/kilo-e2e-ZPnvgH/workspace"}
[Kilo New][P0-Perf] {"corr":"d2181c65-d721-402a-a10f-d3578a4d15ed","stage":"sse.event","t":1786775241272,"d":69916,"surface":"extension","span":"end","dur":0,"eventType":"message.updated.1","dir":"/private/var/folders/9v/733tfwtj2jvgwygmtrbwj9gm0000gn/T/kilo-e2e-ZPnvgH/workspace"}
[Kilo New] ServerManager: ⚠️ CLI Server stderr: WARN  2026-08-15T06:27:21 +204ms service=config dir=/var/folders/9v/733tfwtj2jvgwygmtrbwj9gm0000gn/T/kilo-e2e-ZPnvgH/xdg-config/kilo error=Cause([Fail(NpmInstallFailedError (cause: @kilocode/plugin: No matching version found for @kilocode/plugin@0.0.0-jorkey-refactor-vscode-agent-orchestrator-202608141823.))]) background dependency install failed
[Kilo New] ServerManager: ⚠️ CLI Server stderr: INFO  2026-08-15T06:27:21 +91ms service=snapshot hash=254323e02804415fd8fd90f2bfcd320908c07796 cwd=/private/var/folders/9v/733tfwtj2jvgwygmtrbwj9gm0000gn/T/kilo-e2e-ZPnvgH/workspace git=/var/folders/9v/733tfwtj2jvgwygmtrbwj9gm0000gn/T/kilo-e2e-ZPnvgH/xdg-data/kilo/snapshot/b289fb45de8da4fa44e139efaaf8b5478551cab5/9d6abdc242d21a47adc2bd681ec53d69051777f4 tracking
[Kilo New] ServerManager: ⚠️ CLI Server stderr: INFO  2026-08-15T06:27:21 +3ms service=session.tools status=started resolveTools
[Kilo New] ServerManager: ⚠️ CLI Server stderr: INFO  2026-08-15T06:27:21 +16ms service=tool.registry status=started invalid
[Kilo New] ServerManager: ⚠️ CLI Server stderr: INFO  2026-08-15T06:27:21 +0ms service=tool.registry status=completed duration=0 invalid
[Kilo New] ServerManager: ⚠️ CLI Server stderr: INFO  2026-08-15T06:27:21 +0ms service=tool.registry status=started question
[Kilo New] ServerManager: ⚠️ CLI Server stderr: INFO  2026-08-15T06:27:21 +1ms service=tool.registry status=completed duration=1 question
[Kilo New] ServerManager: ⚠️ CLI Server stderr: INFO  2026-08-15T06:27:21 +0ms service=tool.registry status=started bash
[Kilo New] ServerManager: ⚠️ CLI Server stderr: INFO  2026-08-15T06:27:21 +0ms service=tool.registry status=completed duration=0 bash
[Kilo New] ServerManager: ⚠️ CLI Server stderr: INFO  2026-08-15T06:27:21 +0ms service=tool.registry status=started read
[Kilo New] ServerManager: ⚠️ CLI Server stderr: INFO  2026-08-15T06:27:21 +0ms service=tool.registry status=completed duration=0 read
[Kilo New] ServerManager: ⚠️ CLI Server stderr: INFO  2026-08-15T06:27:21 +0ms service=tool.registry status=started glob
[Kilo New] ServerManager: ⚠️ CLI Server stderr: INFO  2026-08-15T06:27:21 +0ms service=tool.registry status=completed duration=0 glob
[Kilo New] ServerManager: ⚠️ CLI Server stderr: INFO  2026-08-15T06:27:21 +0ms service=tool.registry status=started grep
[Kilo New] ServerManager: ⚠️ CLI Server stderr: INFO  2026-08-15T06:27:21 +0ms service=tool.registry status=completed duration=0 grep
[Kilo New] ServerManager: ⚠️ CLI Server stderr: INFO  2026-08-15T06:27:21 +0ms service=tool.registry status=started edit
[Kilo New] ServerManager: ⚠️ CLI Server stderr: INFO  2026-08-15T06:27:21 +1ms service=tool.registry status=completed duration=1 edit
[Kilo New] ServerManager: ⚠️ CLI Server stderr: INFO  2026-08-15T06:27:21 +0ms service=tool.registry status=started write
[Kilo New] ServerManager: ⚠️ CLI Server stderr: INFO  2026-08-15T06:27:21 +0ms service=tool.registry status=completed duration=0 write
[Kilo New] ServerManager: ⚠️ CLI Server stderr: INFO  2026-08-15T06:27:21 +0ms service=tool.registry status=started task
[Kilo New] ServerManager: ⚠️ CLI Server stderr: INFO  2026-08-15T06:27:21 +2ms service=tool.registry status=completed duration=2 task
[Kilo New] ServerManager: ⚠️ CLI Server stderr: INFO  2026-08-15T06:27:21 +1ms service=tool.registry status=started webfetch
[Kilo New] ServerManager: ⚠️ CLI Server stderr: INFO  2026-08-15T06:27:21 +0ms service=tool.registry status=completed duration=0 webfetch
[Kilo New] ServerManager: ⚠️ CLI Server stderr: INFO  2026-08-15T06:27:21 +0ms service=tool.registry status=started todowrite
[Kilo New] ServerManager: ⚠️ CLI Server stderr: INFO  2026-08-15T06:27:21 +0ms service=tool.registry status=completed duration=0 todowrite
[Kilo New] ServerManager: ⚠️ CLI Server stderr: INFO  2026-08-15T06:27:21 +0ms service=tool.registry status=started skill
[Kilo New] ServerManager: ⚠️ CLI Server stderr: INFO  2026-08-15T06:27:21 +2ms service=tool.registry status=completed duration=2 skill
[Kilo New] ServerManager: ⚠️ CLI Server stderr: INFO  2026-08-15T06:27:21 +0ms service=tool.registry status=started plan_exit
[Kilo New] ServerManager: ⚠️ CLI Server stderr: INFO  2026-08-15T06:27:21 +0ms service=tool.registry status=completed duration=0 plan_exit
[Kilo New] ServerManager: ⚠️ CLI Server stderr: INFO  2026-08-15T06:27:21 +0ms service=tool.registry status=started kilo_local_recall
[Kilo New] ServerManager: ⚠️ CLI Server stderr: INFO  2026-08-15T06:27:21 +0ms service=tool.registry status=completed duration=0 kilo_local_recall
[Kilo New] ServerManager: ⚠️ CLI Server stderr: INFO  2026-08-15T06:27:21 +0ms service=tool.registry status=started background_process
[Kilo New] ServerManager: ⚠️ CLI Server stderr: INFO  2026-08-15T06:27:21 +0ms service=tool.registry status=completed duration=0 background_process
[Kilo New] ServerManager: ⚠️ CLI Server stderr: INFO  2026-08-15T06:27:21 +0ms service=tool.registry status=started agent_manager_models
[Kilo New] ServerManager: ⚠️ CLI Server stderr: INFO  2026-08-15T06:27:21 +0ms service=tool.registry status=completed duration=0 agent_manager_models
[Kilo New] ServerManager: ⚠️ CLI Server stderr: INFO  2026-08-15T06:27:21 +0ms service=tool.registry status=started agent_manager
[Kilo New] ServerManager: ⚠️ CLI Server stderr: INFO  2026-08-15T06:27:21 +1ms service=tool.registry status=completed duration=1 agent_manager
[Kilo New] ServerManager: ⚠️ CLI Server stderr: INFO  2026-08-15T06:27:21 +0ms service=tool.registry status=started e2e_marker
[Kilo New] ServerManager: ⚠️ CLI Server stderr: INFO  2026-08-15T06:27:21 +0ms service=tool.registry status=completed duration=0 e2e_marker
[Kilo New] ServerManager: ⚠️ CLI Server stderr: INFO  2026-08-15T06:27:21 +1ms service=session.tools status=completed duration=25 resolveTools
[Kilo New] ServerManager: ⚠️ CLI Server stderr: INFO  2026-08-15T06:27:21 +19ms service=session.processor session.id=ses_ffbe65b6affeWMAe9X7ERomdq3 messageID=msg_0041a81db001Cf5GAFDMpv9rb5 process
[Kilo New] ServerManager: ⚠️ CLI Server stderr: INFO  2026-08-15T06:27:21 +4ms service=llm providerID=e2e-local modelID=e2e-model session.id=ses_ffbe65b6affeWMAe9X7ERomdq3 small=false agent=e2e-agent mode=primary stream
[Kilo New] ServerManager: ⚠️ CLI Server stderr: INFO  2026-08-15T06:27:21 +4ms service=default llm.runtime=ai-sdk llm.provider=e2e-local llm.model=e2e-model llm runtime selected
[Kilo New][P0-Perf] {"corr":"d2181c65-d721-402a-a10f-d3578a4d15ed","stage":"sse.event","t":1786775241539,"d":70183,"surface":"extension","span":"start","eventType":"session.status","dir":"/private/var/folders/9v/733tfwtj2jvgwygmtrbwj9gm0000gn/T/kilo-e2e-ZPnvgH/workspace"}
[Kilo New][P0-Perf] {"corr":"d2181c65-d721-402a-a10f-d3578a4d15ed","stage":"sse.event","t":1786775241540,"d":70184,"surface":"extension","span":"end","dur":1,"eventType":"session.status","dir":"/private/var/folders/9v/733tfwtj2jvgwygmtrbwj9gm0000gn/T/kilo-e2e-ZPnvgH/workspace"}
[Kilo New][P0-Perf] {"corr":"d2181c65-d721-402a-a10f-d3578a4d15ed","stage":"sse.event","t":1786775241578,"d":70222,"surface":"extension","span":"start","eventType":"message.part.updated","dir":"/private/var/folders/9v/733tfwtj2jvgwygmtrbwj9gm0000gn/T/kilo-e2e-ZPnvgH/workspace"}
[Kilo New][P0-Perf] {"corr":"d2181c65-d721-402a-a10f-d3578a4d15ed","stage":"sse.event","t":1786775241578,"d":70222,"surface":"extension","span":"end","dur":0,"eventType":"message.part.updated","dir":"/private/var/folders/9v/733tfwtj2jvgwygmtrbwj9gm0000gn/T/kilo-e2e-ZPnvgH/workspace"}
[Kilo New][P0-Perf] {"corr":"d2181c65-d721-402a-a10f-d3578a4d15ed","stage":"sse.event","t":1786775241578,"d":70222,"surface":"extension","span":"start","eventType":"message.part.updated.1","dir":"/private/var/folders/9v/733tfwtj2jvgwygmtrbwj9gm0000gn/T/kilo-e2e-ZPnvgH/workspace"}
[Kilo New][P0-Perf] {"corr":"d2181c65-d721-402a-a10f-d3578a4d15ed","stage":"sse.event","t":1786775241579,"d":70223,"surface":"extension","span":"end","dur":1,"eventType":"message.part.updated.1","dir":"/private/var/folders/9v/733tfwtj2jvgwygmtrbwj9gm0000gn/T/kilo-e2e-ZPnvgH/workspace"}
[Kilo New][P0-Perf] {"corr":"d2181c65-d721-402a-a10f-d3578a4d15ed","stage":"sse.event","t":1786775241579,"d":70223,"surface":"extension","span":"start","eventType":"message.part.updated","dir":"/private/var/folders/9v/733tfwtj2jvgwygmtrbwj9gm0000gn/T/kilo-e2e-ZPnvgH/workspace"}
[Kilo New][P0-Perf] {"corr":"d2181c65-d721-402a-a10f-d3578a4d15ed","stage":"sse.event","t":1786775241579,"d":70223,"surface":"extension","span":"end","dur":0,"eventType":"message.part.updated","dir":"/private/var/folders/9v/733tfwtj2jvgwygmtrbwj9gm0000gn/T/kilo-e2e-ZPnvgH/workspace"}
[Kilo New][P0-Perf] {"corr":"d2181c65-d721-402a-a10f-d3578a4d15ed","stage":"sse.event","t":1786775241579,"d":70223,"surface":"extension","span":"start","eventType":"message.part.updated.1","dir":"/private/var/folders/9v/733tfwtj2jvgwygmtrbwj9gm0000gn/T/kilo-e2e-ZPnvgH/workspace"}
[Kilo New][P0-Perf] {"corr":"d2181c65-d721-402a-a10f-d3578a4d15ed","stage":"sse.event","t":1786775241579,"d":70223,"surface":"extension","span":"end","dur":0,"eventType":"message.part.updated.1","dir":"/private/var/folders/9v/733tfwtj2jvgwygmtrbwj9gm0000gn/T/kilo-e2e-ZPnvgH/workspace"}
[Kilo New][P0-Perf] {"corr":"d2181c65-d721-402a-a10f-d3578a4d15ed","stage":"sse.event","t":1786775241579,"d":70223,"surface":"extension","span":"start","eventType":"message.part.delta","dir":"/private/var/folders/9v/733tfwtj2jvgwygmtrbwj9gm0000gn/T/kilo-e2e-ZPnvgH/workspace"}
[Kilo New][P0-Perf] {"corr":"d2181c65-d721-402a-a10f-d3578a4d15ed","stage":"sse.event","t":1786775241579,"d":70223,"surface":"extension","span":"end","dur":0,"eventType":"message.part.delta","dir":"/private/var/folders/9v/733tfwtj2jvgwygmtrbwj9gm0000gn/T/kilo-e2e-ZPnvgH/workspace"}
[Kilo New][P0-Perf] {"corr":"d2181c65-d721-402a-a10f-d3578a4d15ed","stage":"sse.event","t":1786775241579,"d":70223,"surface":"extension","span":"start","eventType":"message.part.updated","dir":"/private/var/folders/9v/733tfwtj2jvgwygmtrbwj9gm0000gn/T/kilo-e2e-ZPnvgH/workspace"}
[Kilo New][P0-Perf] {"corr":"d2181c65-d721-402a-a10f-d3578a4d15ed","stage":"sse.event","t":1786775241579,"d":70223,"surface":"extension","span":"end","dur":0,"eventType":"message.part.updated","dir":"/private/var/folders/9v/733tfwtj2jvgwygmtrbwj9gm0000gn/T/kilo-e2e-ZPnvgH/workspace"}
[Kilo New][P0-Perf] {"corr":"d2181c65-d721-402a-a10f-d3578a4d15ed","stage":"sse.event","t":1786775241579,"d":70223,"surface":"extension","span":"start","eventType":"message.part.updated.1","dir":"/private/var/folders/9v/733tfwtj2jvgwygmtrbwj9gm0000gn/T/kilo-e2e-ZPnvgH/workspace"}
[Kilo New][P0-Perf] {"corr":"d2181c65-d721-402a-a10f-d3578a4d15ed","stage":"sse.event","t":1786775241579,"d":70223,"surface":"extension","span":"end","dur":0,"eventType":"message.part.updated.1","dir":"/private/var/folders/9v/733tfwtj2jvgwygmtrbwj9gm0000gn/T/kilo-e2e-ZPnvgH/workspace"}
[Kilo New] ServerManager: ⚠️ CLI Server stderr: INFO  2026-08-15T06:27:21 +176ms service=snapshot hash=254323e02804415fd8fd90f2bfcd320908c07796 cwd=/private/var/folders/9v/733tfwtj2jvgwygmtrbwj9gm0000gn/T/kilo-e2e-ZPnvgH/workspace git=/var/folders/9v/733tfwtj2jvgwygmtrbwj9gm0000gn/T/kilo-e2e-ZPnvgH/xdg-data/kilo/snapshot/b289fb45de8da4fa44e139efaaf8b5478551cab5/9d6abdc242d21a47adc2bd681ec53d69051777f4 tracking
[Kilo New][P0-Perf] {"corr":"d2181c65-d721-402a-a10f-d3578a4d15ed","stage":"sse.event","t":1786775241717,"d":70361,"surface":"extension","span":"start","eventType":"message.part.updated","dir":"/private/var/folders/9v/733tfwtj2jvgwygmtrbwj9gm0000gn/T/kilo-e2e-ZPnvgH/workspace"}
[Kilo New][P0-Perf] {"corr":"d2181c65-d721-402a-a10f-d3578a4d15ed","stage":"sse.event","t":1786775241717,"d":70361,"surface":"extension","span":"end","dur":0,"eventType":"message.part.updated","dir":"/private/var/folders/9v/733tfwtj2jvgwygmtrbwj9gm0000gn/T/kilo-e2e-ZPnvgH/workspace"}
[Kilo New][P0-Perf] {"corr":"d2181c65-d721-402a-a10f-d3578a4d15ed","stage":"sse.event","t":1786775241717,"d":70361,"surface":"extension","span":"start","eventType":"message.part.updated.1","dir":"/private/var/folders/9v/733tfwtj2jvgwygmtrbwj9gm0000gn/T/kilo-e2e-ZPnvgH/workspace"}
[Kilo New][P0-Perf] {"corr":"d2181c65-d721-402a-a10f-d3578a4d15ed","stage":"sse.event","t":1786775241717,"d":70361,"surface":"extension","span":"end","dur":0,"eventType":"message.part.updated.1","dir":"/private/var/folders/9v/733tfwtj2jvgwygmtrbwj9gm0000gn/T/kilo-e2e-ZPnvgH/workspace"}
[Kilo New][P0-Perf] {"corr":"d2181c65-d721-402a-a10f-d3578a4d15ed","stage":"sse.event","t":1786775241717,"d":70361,"surface":"extension","span":"start","eventType":"message.updated","dir":"/private/var/folders/9v/733tfwtj2jvgwygmtrbwj9gm0000gn/T/kilo-e2e-ZPnvgH/workspace"}
[Kilo New][P0-Perf] {"corr":"d2181c65-d721-402a-a10f-d3578a4d15ed","stage":"sse.event","t":1786775241718,"d":70362,"surface":"extension","span":"end","dur":1,"eventType":"message.updated","dir":"/private/var/folders/9v/733tfwtj2jvgwygmtrbwj9gm0000gn/T/kilo-e2e-ZPnvgH/workspace"}
[Kilo New][P0-Perf] {"corr":"d2181c65-d721-402a-a10f-d3578a4d15ed","stage":"sse.event","t":1786775241718,"d":70362,"surface":"extension","span":"start","eventType":"message.updated.1","dir":"/private/var/folders/9v/733tfwtj2jvgwygmtrbwj9gm0000gn/T/kilo-e2e-ZPnvgH/workspace"}
[Kilo New][P0-Perf] {"corr":"d2181c65-d721-402a-a10f-d3578a4d15ed","stage":"sse.event","t":1786775241718,"d":70362,"surface":"extension","span":"end","dur":0,"eventType":"message.updated.1","dir":"/private/var/folders/9v/733tfwtj2jvgwygmtrbwj9gm0000gn/T/kilo-e2e-ZPnvgH/workspace"}
[Kilo New] ServerManager: ⚠️ CLI Server stderr: INFO  2026-08-15T06:27:21 +163ms service=session.prompt session.id=ses_ffbe65b6affeWMAe9X7ERomdq3 step=2 loop
[Kilo New] ServerManager: ⚠️ CLI Server stderr: INFO  2026-08-15T06:27:21 +3ms service=session.prompt session.id=ses_ffbe65b6affeWMAe9X7ERomdq3 exiting loop
[Kilo New] ServerManager: ⚠️ CLI Server stderr: INFO  2026-08-15T06:27:21 +3ms service=bus type=session.turn.close publishing
[Kilo New][P0-Perf] {"corr":"d2181c65-d721-402a-a10f-d3578a4d15ed","stage":"sse.event","t":1786775241882,"d":70526,"surface":"extension","span":"start","eventType":"message.updated","dir":"/private/var/folders/9v/733tfwtj2jvgwygmtrbwj9gm0000gn/T/kilo-e2e-ZPnvgH/workspace"}
[Kilo New][P0-Perf] {"corr":"d2181c65-d721-402a-a10f-d3578a4d15ed","stage":"sse.event","t":1786775241882,"d":70526,"surface":"extension","span":"end","dur":0,"eventType":"message.updated","dir":"/private/var/folders/9v/733tfwtj2jvgwygmtrbwj9gm0000gn/T/kilo-e2e-ZPnvgH/workspace"}
[Kilo New][P0-Perf] {"corr":"d2181c65-d721-402a-a10f-d3578a4d15ed","stage":"sse.event","t":1786775241882,"d":70526,"surface":"extension","span":"start","eventType":"message.updated.1","dir":"/private/var/folders/9v/733tfwtj2jvgwygmtrbwj9gm0000gn/T/kilo-e2e-ZPnvgH/workspace"}
[Kilo New][P0-Perf] {"corr":"d2181c65-d721-402a-a10f-d3578a4d15ed","stage":"sse.event","t":1786775241882,"d":70526,"surface":"extension","span":"end","dur":0,"eventType":"message.updated.1","dir":"/private/var/folders/9v/733tfwtj2jvgwygmtrbwj9gm0000gn/T/kilo-e2e-ZPnvgH/workspace"}
[Kilo New][P0-Perf] {"corr":"d2181c65-d721-402a-a10f-d3578a4d15ed","stage":"sse.event","t":1786775241882,"d":70526,"surface":"extension","span":"start","eventType":"session.status","dir":"/private/var/folders/9v/733tfwtj2jvgwygmtrbwj9gm0000gn/T/kilo-e2e-ZPnvgH/workspace"}
[Kilo New][P0-Perf] {"corr":"d2181c65-d721-402a-a10f-d3578a4d15ed","stage":"sse.event","t":1786775241883,"d":70527,"surface":"extension","span":"end","dur":1,"eventType":"session.status","dir":"/private/var/folders/9v/733tfwtj2jvgwygmtrbwj9gm0000gn/T/kilo-e2e-ZPnvgH/workspace"}
[Kilo New][P0-Perf] {"corr":"d2181c65-d721-402a-a10f-d3578a4d15ed","stage":"sse.event","t":1786775241883,"d":70527,"surface":"extension","span":"start","eventType":"session.status","dir":"/private/var/folders/9v/733tfwtj2jvgwygmtrbwj9gm0000gn/T/kilo-e2e-ZPnvgH/workspace"}
[Kilo New][P0-Perf] {"corr":"d2181c65-d721-402a-a10f-d3578a4d15ed","stage":"sse.event","t":1786775241883,"d":70527,"surface":"extension","span":"end","dur":0,"eventType":"session.status","dir":"/private/var/folders/9v/733tfwtj2jvgwygmtrbwj9gm0000gn/T/kilo-e2e-ZPnvgH/workspace"}
[Kilo New][P0-Perf] {"corr":"d2181c65-d721-402a-a10f-d3578a4d15ed","stage":"sse.event","t":1786775241883,"d":70527,"surface":"extension","span":"start","eventType":"session.idle","dir":"/private/var/folders/9v/733tfwtj2jvgwygmtrbwj9gm0000gn/T/kilo-e2e-ZPnvgH/workspace"}
[Kilo New][P0-Perf] {"corr":"d2181c65-d721-402a-a10f-d3578a4d15ed","stage":"sse.event","t":1786775241883,"d":70527,"surface":"extension","span":"end","dur":0,"eventType":"session.idle","dir":"/private/var/folders/9v/733tfwtj2jvgwygmtrbwj9gm0000gn/T/kilo-e2e-ZPnvgH/workspace"}
[Kilo New][P0-Perf] {"corr":"d2181c65-d721-402a-a10f-d3578a4d15ed","stage":"sse.event","t":1786775241883,"d":70527,"surface":"extension","span":"start","eventType":"session.turn.close","dir":"/private/var/folders/9v/733tfwtj2jvgwygmtrbwj9gm0000gn/T/kilo-e2e-ZPnvgH/workspace"}
[Kilo New][P0-Perf] {"corr":"d2181c65-d721-402a-a10f-d3578a4d15ed","stage":"sse.event","t":1786775241884,"d":70528,"surface":"extension","span":"end","dur":1,"eventType":"session.turn.close","dir":"/private/var/folders/9v/733tfwtj2jvgwygmtrbwj9gm0000gn/T/kilo-e2e-ZPnvgH/workspace"}
[Kilo New][P0-Perf] {"corr":"d2181c65-d721-402a-a10f-d3578a4d15ed","stage":"sse.event","t":1786775241913,"d":70557,"surface":"extension","span":"start","eventType":"session.updated","dir":"/private/var/folders/9v/733tfwtj2jvgwygmtrbwj9gm0000gn/T/kilo-e2e-ZPnvgH/workspace"}
[Kilo New][P0-Perf] {"corr":"d2181c65-d721-402a-a10f-d3578a4d15ed","stage":"sse.event","t":1786775241913,"d":70557,"surface":"extension","span":"end","dur":0,"eventType":"session.updated","dir":"/private/var/folders/9v/733tfwtj2jvgwygmtrbwj9gm0000gn/T/kilo-e2e-ZPnvgH/workspace"}
[Kilo New][P0-Perf] {"corr":"d2181c65-d721-402a-a10f-d3578a4d15ed","stage":"sse.event","t":1786775241913,"d":70557,"surface":"extension","span":"start","eventType":"session.updated.1","dir":"/private/var/folders/9v/733tfwtj2jvgwygmtrbwj9gm0000gn/T/kilo-e2e-ZPnvgH/workspace"}
[Kilo New][P0-Perf] {"corr":"d2181c65-d721-402a-a10f-d3578a4d15ed","stage":"sse.event","t":1786775241913,"d":70557,"surface":"extension","span":"end","dur":0,"eventType":"session.updated.1","dir":"/private/var/folders/9v/733tfwtj2jvgwygmtrbwj9gm0000gn/T/kilo-e2e-ZPnvgH/workspace"}
[Kilo New][P0-Perf] {"corr":"d2181c65-d721-402a-a10f-d3578a4d15ed","stage":"sse.event","t":1786775241943,"d":70587,"surface":"extension","span":"start","eventType":"session.diff","dir":"/private/var/folders/9v/733tfwtj2jvgwygmtrbwj9gm0000gn/T/kilo-e2e-ZPnvgH/workspace"}
[Kilo New][P0-Perf] {"corr":"d2181c65-d721-402a-a10f-d3578a4d15ed","stage":"sse.event","t":1786775241943,"d":70587,"surface":"extension","span":"end","dur":0,"eventType":"session.diff","dir":"/private/var/folders/9v/733tfwtj2jvgwygmtrbwj9gm0000gn/T/kilo-e2e-ZPnvgH/workspace"}
[Kilo New][P0-Perf] {"corr":"d2181c65-d721-402a-a10f-d3578a4d15ed","stage":"sse.event","t":1786775241943,"d":70587,"surface":"extension","span":"start","eventType":"message.updated","dir":"/private/var/folders/9v/733tfwtj2jvgwygmtrbwj9gm0000gn/T/kilo-e2e-ZPnvgH/workspace"}
[Kilo New][P0-Perf] {"corr":"d2181c65-d721-402a-a10f-d3578a4d15ed","stage":"sse.event","t":1786775241944,"d":70588,"surface":"extension","span":"end","dur":1,"eventType":"message.updated","dir":"/private/var/folders/9v/733tfwtj2jvgwygmtrbwj9gm0000gn/T/kilo-e2e-ZPnvgH/workspace"}
[Kilo New][P0-Perf] {"corr":"d2181c65-d721-402a-a10f-d3578a4d15ed","stage":"sse.event","t":1786775241944,"d":70588,"surface":"extension","span":"start","eventType":"message.updated.1","dir":"/private/var/folders/9v/733tfwtj2jvgwygmtrbwj9gm0000gn/T/kilo-e2e-ZPnvgH/workspace"}
[Kilo New][P0-Perf] {"corr":"d2181c65-d721-402a-a10f-d3578a4d15ed","stage":"sse.event","t":1786775241944,"d":70588,"surface":"extension","span":"end","dur":0,"eventType":"message.updated.1","dir":"/private/var/folders/9v/733tfwtj2jvgwygmtrbwj9gm0000gn/T/kilo-e2e-ZPnvgH/workspace"}
[Kilo New] ServerManager: ⚠️ CLI Server stderr: INFO  2026-08-15T06:27:22 +790ms service=model-cache providerID=apertis refreshing models
[Kilo New] ServerManager: ⚠️ CLI Server stderr: INFO  2026-08-15T06:27:22 +4ms service=model-cache providerID=apertis count=0 models fetched and cached
[probe] PASS H-6 permission reply drains the pending request and completes
[probe] PASS H-6 permission dock gone
[probe] PASS H-6 panel shows the permission completion text: transcript text present
[Kilo New][P0-Perf] {"corr":"d2181c65-d721-402a-a10f-d3578a4d15ed","stage":"prompt.submit","t":1786775243278,"d":71922,"surface":"extension","sessionID":"ses_ffbe65b6affeWMAe9X7ERomdq3","messageID":"msg_0041a89f8001wZMLdj5XQ9KOO2","dir":"/var/folders/9v/733tfwtj2jvgwygmtrbwj9gm0000gn/T/kilo-e2e-ZPnvgH/workspace"}
[Kilo New][P0-Perf] {"corr":"d2181c65-d721-402a-a10f-d3578a4d15ed","stage":"sse.event","t":1786775243309,"d":71953,"surface":"extension","span":"start","eventType":"message.updated","dir":"/private/var/folders/9v/733tfwtj2jvgwygmtrbwj9gm0000gn/T/kilo-e2e-ZPnvgH/workspace"}
[Kilo New][P0-Perf] {"corr":"d2181c65-d721-402a-a10f-d3578a4d15ed","stage":"sse.event","t":1786775243309,"d":71953,"surface":"extension","span":"end","dur":0,"eventType":"message.updated","dir":"/private/var/folders/9v/733tfwtj2jvgwygmtrbwj9gm0000gn/T/kilo-e2e-ZPnvgH/workspace"}
[Kilo New][P0-Perf] {"corr":"d2181c65-d721-402a-a10f-d3578a4d15ed","stage":"sse.event","t":1786775243309,"d":71953,"surface":"extension","span":"start","eventType":"message.updated.1","dir":"/private/var/folders/9v/733tfwtj2jvgwygmtrbwj9gm0000gn/T/kilo-e2e-ZPnvgH/workspace"}
[Kilo New][P0-Perf] {"corr":"d2181c65-d721-402a-a10f-d3578a4d15ed","stage":"sse.event","t":1786775243310,"d":71954,"surface":"extension","span":"end","dur":1,"eventType":"message.updated.1","dir":"/private/var/folders/9v/733tfwtj2jvgwygmtrbwj9gm0000gn/T/kilo-e2e-ZPnvgH/workspace"}
[Kilo New][P0-Perf] {"corr":"d2181c65-d721-402a-a10f-d3578a4d15ed","stage":"sse.event","t":1786775243310,"d":71954,"surface":"extension","span":"start","eventType":"message.part.updated","dir":"/private/var/folders/9v/733tfwtj2jvgwygmtrbwj9gm0000gn/T/kilo-e2e-ZPnvgH/workspace"}
[Kilo New][P0-Perf] {"corr":"d2181c65-d721-402a-a10f-d3578a4d15ed","stage":"sse.event","t":1786775243310,"d":71954,"surface":"extension","span":"end","dur":0,"eventType":"message.part.updated","dir":"/private/var/folders/9v/733tfwtj2jvgwygmtrbwj9gm0000gn/T/kilo-e2e-ZPnvgH/workspace"}
[Kilo New][P0-Perf] {"corr":"d2181c65-d721-402a-a10f-d3578a4d15ed","stage":"sse.event","t":1786775243310,"d":71954,"surface":"extension","span":"start","eventType":"message.part.updated.1","dir":"/private/var/folders/9v/733tfwtj2jvgwygmtrbwj9gm0000gn/T/kilo-e2e-ZPnvgH/workspace"}
[Kilo New][P0-Perf] {"corr":"d2181c65-d721-402a-a10f-d3578a4d15ed","stage":"sse.event","t":1786775243310,"d":71954,"surface":"extension","span":"end","dur":0,"eventType":"message.part.updated.1","dir":"/private/var/folders/9v/733tfwtj2jvgwygmtrbwj9gm0000gn/T/kilo-e2e-ZPnvgH/workspace"}
[Kilo New][P0-Perf] {"corr":"d2181c65-d721-402a-a10f-d3578a4d15ed","stage":"sse.event","t":1786775243310,"d":71954,"surface":"extension","span":"start","eventType":"session.updated","dir":"/private/var/folders/9v/733tfwtj2jvgwygmtrbwj9gm0000gn/T/kilo-e2e-ZPnvgH/workspace"}
[Kilo New][P0-Perf] {"corr":"d2181c65-d721-402a-a10f-d3578a4d15ed","stage":"sse.event","t":1786775243310,"d":71954,"surface":"extension","span":"end","dur":0,"eventType":"session.updated","dir":"/private/var/folders/9v/733tfwtj2jvgwygmtrbwj9gm0000gn/T/kilo-e2e-ZPnvgH/workspace"}
[Kilo New][P0-Perf] {"corr":"d2181c65-d721-402a-a10f-d3578a4d15ed","stage":"sse.event","t":1786775243310,"d":71954,"surface":"extension","span":"start","eventType":"session.updated.1","dir":"/private/var/folders/9v/733tfwtj2jvgwygmtrbwj9gm0000gn/T/kilo-e2e-ZPnvgH/workspace"}
[Kilo New][P0-Perf] {"corr":"d2181c65-d721-402a-a10f-d3578a4d15ed","stage":"sse.event","t":1786775243310,"d":71954,"surface":"extension","span":"end","dur":0,"eventType":"session.updated.1","dir":"/private/var/folders/9v/733tfwtj2jvgwygmtrbwj9gm0000gn/T/kilo-e2e-ZPnvgH/workspace"}
[probe] sent prompt via real prompt input: E2E_QUESTION: ask me a question
[Kilo New] ServerManager: ⚠️ CLI Server stderr: INFO  2026-08-15T06:27:23 +676ms service=bus type=session.turn.open publishing
[Kilo New] ServerManager: ⚠️ CLI Server stderr: INFO  2026-08-15T06:27:23 +2ms service=session.prompt session.id=ses_ffbe65b6affeWMAe9X7ERomdq3 step=0 loop
[Kilo New] ServerManager: ⚠️ CLI Server stderr: INFO  2026-08-15T06:27:23 +7ms service=p0-perf event=p0.mark stage=processor_entry ts=1786775243355 id=ses_ffbe65b6affeWMAe9X7ERomdq3 meta={"messageID":"msg_0041a8a58001E8AZgEuc2XC0Lb","parentID":"msg_0041a89f8001wZMLdj5XQ9KOO2","model":"e2e-model","provider":"e2e-local"} processor_entry
[Kilo New][P0-Perf] {"corr":"d2181c65-d721-402a-a10f-d3578a4d15ed","stage":"sse.event","t":1786775243358,"d":72002,"surface":"extension","span":"start","eventType":"session.turn.open","dir":"/private/var/folders/9v/733tfwtj2jvgwygmtrbwj9gm0000gn/T/kilo-e2e-ZPnvgH/workspace"}
[Kilo New][P0-Perf] {"corr":"d2181c65-d721-402a-a10f-d3578a4d15ed","stage":"sse.event","t":1786775243358,"d":72002,"surface":"extension","span":"end","dur":0,"eventType":"session.turn.open","dir":"/private/var/folders/9v/733tfwtj2jvgwygmtrbwj9gm0000gn/T/kilo-e2e-ZPnvgH/workspace"}
[Kilo New][P0-Perf] {"corr":"d2181c65-d721-402a-a10f-d3578a4d15ed","stage":"sse.event","t":1786775243382,"d":72026,"surface":"extension","span":"start","eventType":"session.status","dir":"/private/var/folders/9v/733tfwtj2jvgwygmtrbwj9gm0000gn/T/kilo-e2e-ZPnvgH/workspace"}
[Kilo New][P0-Perf] {"corr":"d2181c65-d721-402a-a10f-d3578a4d15ed","stage":"sse.event","t":1786775243383,"d":72027,"surface":"extension","span":"end","dur":1,"eventType":"session.status","dir":"/private/var/folders/9v/733tfwtj2jvgwygmtrbwj9gm0000gn/T/kilo-e2e-ZPnvgH/workspace"}
[Kilo New][P0-Perf] {"corr":"d2181c65-d721-402a-a10f-d3578a4d15ed","stage":"sse.event","t":1786775243383,"d":72027,"surface":"extension","span":"start","eventType":"message.updated","dir":"/private/var/folders/9v/733tfwtj2jvgwygmtrbwj9gm0000gn/T/kilo-e2e-ZPnvgH/workspace"}
[Kilo New][P0-Perf] {"corr":"d2181c65-d721-402a-a10f-d3578a4d15ed","stage":"sse.event","t":1786775243383,"d":72027,"surface":"extension","span":"end","dur":0,"eventType":"message.updated","dir":"/private/var/folders/9v/733tfwtj2jvgwygmtrbwj9gm0000gn/T/kilo-e2e-ZPnvgH/workspace"}
[Kilo New][P0-Perf] {"corr":"d2181c65-d721-402a-a10f-d3578a4d15ed","stage":"sse.event","t":1786775243383,"d":72027,"surface":"extension","span":"start","eventType":"message.updated.1","dir":"/private/var/folders/9v/733tfwtj2jvgwygmtrbwj9gm0000gn/T/kilo-e2e-ZPnvgH/workspace"}
[Kilo New][P0-Perf] {"corr":"d2181c65-d721-402a-a10f-d3578a4d15ed","stage":"model.firstEvent","t":1786775243383,"d":72027,"surface":"extension","sessionID":"ses_ffbe65b6affeWMAe9X7ERomdq3","messageID":"msg_0041a8a58001E8AZgEuc2XC0Lb","parentID":"msg_0041a89f8001wZMLdj5XQ9KOO2","dir":"/private/var/folders/9v/733tfwtj2jvgwygmtrbwj9gm0000gn/T/kilo-e2e-ZPnvgH/workspace"}
[Kilo New][P0-Perf] {"corr":"d2181c65-d721-402a-a10f-d3578a4d15ed","stage":"sse.event","t":1786775243383,"d":72027,"surface":"extension","span":"end","dur":0,"eventType":"message.updated.1","dir":"/private/var/folders/9v/733tfwtj2jvgwygmtrbwj9gm0000gn/T/kilo-e2e-ZPnvgH/workspace"}
[Kilo New] ServerManager: ⚠️ CLI Server stderr: INFO  2026-08-15T06:27:23 +179ms service=snapshot hash=254323e02804415fd8fd90f2bfcd320908c07796 cwd=/private/var/folders/9v/733tfwtj2jvgwygmtrbwj9gm0000gn/T/kilo-e2e-ZPnvgH/workspace git=/var/folders/9v/733tfwtj2jvgwygmtrbwj9gm0000gn/T/kilo-e2e-ZPnvgH/xdg-data/kilo/snapshot/b289fb45de8da4fa44e139efaaf8b5478551cab5/9d6abdc242d21a47adc2bd681ec53d69051777f4 tracking
[Kilo New] ServerManager: ⚠️ CLI Server stderr: INFO  2026-08-15T06:27:24 +595ms service=model-cache providerID=apertis refreshing models
[Kilo New] ServerManager: ⚠️ CLI Server stderr: INFO  2026-08-15T06:27:24 +6ms service=session.tools status=started resolveTools
[Kilo New] ServerManager: ⚠️ CLI Server stderr: INFO  2026-08-15T06:27:24 +1ms service=tool.registry status=started invalid
[Kilo New] ServerManager: ⚠️ CLI Server stderr: INFO  2026-08-15T06:27:24 +0ms service=tool.registry status=completed duration=0 invalid
[Kilo New] ServerManager: ⚠️ CLI Server stderr: INFO  2026-08-15T06:27:24 +0ms service=tool.registry status=started question
[Kilo New] ServerManager: ⚠️ CLI Server stderr: INFO  2026-08-15T06:27:24 +0ms service=tool.registry status=completed duration=0 question
[Kilo New] ServerManager: ⚠️ CLI Server stderr: INFO  2026-08-15T06:27:24 +0ms service=tool.registry status=started bash
[Kilo New] ServerManager: ⚠️ CLI Server stderr: INFO  2026-08-15T06:27:24 +1ms service=tool.registry status=completed duration=0 bash
[Kilo New] ServerManager: ⚠️ CLI Server stderr: INFO  2026-08-15T06:27:24 +1ms service=tool.registry status=started read
[Kilo New] ServerManager: ⚠️ CLI Server stderr: INFO  2026-08-15T06:27:24 +0ms service=tool.registry status=completed duration=1 read
[Kilo New] ServerManager: ⚠️ CLI Server stderr: INFO  2026-08-15T06:27:24 +0ms service=tool.registry status=started glob
[Kilo New] ServerManager: ⚠️ CLI Server stderr: INFO  2026-08-15T06:27:24 +0ms service=tool.registry status=completed duration=0 glob
[Kilo New] ServerManager: ⚠️ CLI Server stderr: INFO  2026-08-15T06:27:24 +0ms service=tool.registry status=started grep
[Kilo New] ServerManager: ⚠️ CLI Server stderr: INFO  2026-08-15T06:27:24 +0ms service=tool.registry status=completed duration=0 grep
[Kilo New] ServerManager: ⚠️ CLI Server stderr: INFO  2026-08-15T06:27:24 +0ms service=tool.registry status=started edit
[Kilo New] ServerManager: ⚠️ CLI Server stderr: INFO  2026-08-15T06:27:24 +1ms service=tool.registry status=completed duration=1 edit
[Kilo New] ServerManager: ⚠️ CLI Server stderr: INFO  2026-08-15T06:27:24 +0ms service=tool.registry status=started write
[Kilo New] ServerManager: ⚠️ CLI Server stderr: INFO  2026-08-15T06:27:24 +0ms service=tool.registry status=completed duration=0 write
[Kilo New] ServerManager: ⚠️ CLI Server stderr: INFO  2026-08-15T06:27:24 +0ms service=tool.registry status=started task
[Kilo New] ServerManager: ⚠️ CLI Server stderr: INFO  2026-08-15T06:27:24 +0ms service=tool.registry status=completed duration=0 task
[Kilo New] ServerManager: ⚠️ CLI Server stderr: INFO  2026-08-15T06:27:24 +0ms service=tool.registry status=started webfetch
[Kilo New] ServerManager: ⚠️ CLI Server stderr: INFO  2026-08-15T06:27:24 +0ms service=tool.registry status=completed duration=0 webfetch
[Kilo New] ServerManager: ⚠️ CLI Server stderr: INFO  2026-08-15T06:27:24 +0ms service=tool.registry status=started todowrite
[Kilo New] ServerManager: ⚠️ CLI Server stderr: INFO  2026-08-15T06:27:24 +0ms service=tool.registry status=completed duration=0 todowrite
[Kilo New] ServerManager: ⚠️ CLI Server stderr: INFO  2026-08-15T06:27:24 +0ms service=tool.registry status=started skill
[Kilo New] ServerManager: ⚠️ CLI Server stderr: INFO  2026-08-15T06:27:24 +10ms service=tool.registry status=completed duration=10 skill
[Kilo New] ServerManager: ⚠️ CLI Server stderr: INFO  2026-08-15T06:27:24 +0ms service=tool.registry status=started plan_exit
[Kilo New] ServerManager: ⚠️ CLI Server stderr: INFO  2026-08-15T06:27:24 +0ms service=tool.registry status=completed duration=0 plan_exit
[Kilo New] ServerManager: ⚠️ CLI Server stderr: INFO  2026-08-15T06:27:24 +0ms service=tool.registry status=started kilo_local_recall
[Kilo New] ServerManager: ⚠️ CLI Server stderr: INFO  2026-08-15T06:27:24 +0ms service=tool.registry status=completed duration=0 kilo_local_recall
[Kilo New] ServerManager: ⚠️ CLI Server stderr: INFO  2026-08-15T06:27:24 +0ms service=tool.registry status=started background_process
[Kilo New] ServerManager: ⚠️ CLI Server stderr: INFO  2026-08-15T06:27:24 +0ms service=tool.registry status=completed duration=0 background_process
[Kilo New] ServerManager: ⚠️ CLI Server stderr: INFO  2026-08-15T06:27:24 +0ms service=tool.registry status=started agent_manager_models
[Kilo New] ServerManager: ⚠️ CLI Server stderr: INFO  2026-08-15T06:27:24 +1ms service=tool.registry status=completed duration=1 agent_manager_models
[Kilo New] ServerManager: ⚠️ CLI Server stderr: INFO  2026-08-15T06:27:24 +0ms service=tool.registry status=started agent_manager
[Kilo New] ServerManager: ⚠️ CLI Server stderr: INFO  2026-08-15T06:27:24 +2ms service=tool.registry status=completed duration=2 agent_manager
[Kilo New] ServerManager: ⚠️ CLI Server stderr: INFO  2026-08-15T06:27:24 +0ms service=tool.registry status=started e2e_marker
[Kilo New] ServerManager: ⚠️ CLI Server stderr: INFO  2026-08-15T06:27:24 +0ms service=tool.registry status=completed duration=0 e2e_marker
[Kilo New] ServerManager: ⚠️ CLI Server stderr: INFO  2026-08-15T06:27:24 +22ms service=session.tools status=completed duration=39 resolveTools
[Kilo New] ServerManager: ⚠️ CLI Server stderr: INFO  2026-08-15T06:27:24 +1ms service=model-cache providerID=apertis count=0 models fetched and cached
[Kilo New] ServerManager: ⚠️ CLI Server stderr: INFO  2026-08-15T06:27:24 +6ms service=session.processor session.id=ses_ffbe65b6affeWMAe9X7ERomdq3 messageID=msg_0041a8a58001E8AZgEuc2XC0Lb process
[Kilo New] ServerManager: ⚠️ CLI Server stderr: INFO  2026-08-15T06:27:24 +22ms service=llm providerID=e2e-local modelID=e2e-model session.id=ses_ffbe65b6affeWMAe9X7ERomdq3 small=false agent=e2e-agent mode=primary stream
[Kilo New] ServerManager: ⚠️ CLI Server stderr: INFO  2026-08-15T06:27:24 +9ms service=default llm.runtime=ai-sdk llm.provider=e2e-local llm.model=e2e-model llm runtime selected
[Kilo New][P0-Perf] {"corr":"d2181c65-d721-402a-a10f-d3578a4d15ed","stage":"sse.event","t":1786775244220,"d":72864,"surface":"extension","span":"start","eventType":"message.part.updated","dir":"/private/var/folders/9v/733tfwtj2jvgwygmtrbwj9gm0000gn/T/kilo-e2e-ZPnvgH/workspace"}
[Kilo New][P0-Perf] {"corr":"d2181c65-d721-402a-a10f-d3578a4d15ed","stage":"sse.event","t":1786775244220,"d":72864,"surface":"extension","span":"end","dur":0,"eventType":"message.part.updated","dir":"/private/var/folders/9v/733tfwtj2jvgwygmtrbwj9gm0000gn/T/kilo-e2e-ZPnvgH/workspace"}
[Kilo New][P0-Perf] {"corr":"d2181c65-d721-402a-a10f-d3578a4d15ed","stage":"sse.event","t":1786775244220,"d":72864,"surface":"extension","span":"start","eventType":"message.part.updated.1","dir":"/private/var/folders/9v/733tfwtj2jvgwygmtrbwj9gm0000gn/T/kilo-e2e-ZPnvgH/workspace"}
[Kilo New][P0-Perf] {"corr":"d2181c65-d721-402a-a10f-d3578a4d15ed","stage":"sse.event","t":1786775244220,"d":72864,"surface":"extension","span":"end","dur":0,"eventType":"message.part.updated.1","dir":"/private/var/folders/9v/733tfwtj2jvgwygmtrbwj9gm0000gn/T/kilo-e2e-ZPnvgH/workspace"}
[Kilo New][P0-Perf] {"corr":"d2181c65-d721-402a-a10f-d3578a4d15ed","stage":"sse.event","t":1786775244220,"d":72864,"surface":"extension","span":"start","eventType":"message.part.removed","dir":"/private/var/folders/9v/733tfwtj2jvgwygmtrbwj9gm0000gn/T/kilo-e2e-ZPnvgH/workspace"}
[Kilo New][P0-Perf] {"corr":"d2181c65-d721-402a-a10f-d3578a4d15ed","stage":"sse.event","t":1786775244221,"d":72865,"surface":"extension","span":"end","dur":1,"eventType":"message.part.removed","dir":"/private/var/folders/9v/733tfwtj2jvgwygmtrbwj9gm0000gn/T/kilo-e2e-ZPnvgH/workspace"}
[Kilo New][P0-Perf] {"corr":"d2181c65-d721-402a-a10f-d3578a4d15ed","stage":"sse.event","t":1786775244221,"d":72865,"surface":"extension","span":"start","eventType":"message.part.removed.1","dir":"/private/var/folders/9v/733tfwtj2jvgwygmtrbwj9gm0000gn/T/kilo-e2e-ZPnvgH/workspace"}
[Kilo New][P0-Perf] {"corr":"d2181c65-d721-402a-a10f-d3578a4d15ed","stage":"sse.event","t":1786775244221,"d":72865,"surface":"extension","span":"end","dur":0,"eventType":"message.part.removed.1","dir":"/private/var/folders/9v/733tfwtj2jvgwygmtrbwj9gm0000gn/T/kilo-e2e-ZPnvgH/workspace"}
[Kilo New] ServerManager: ⚠️ CLI Server stderr: INFO  2026-08-15T06:27:24 +20ms service=p0-perf event=p0.start stage=tool_execute ts=1786775244233 id=ses_ffbe65b6affeWMAe9X7ERomdq3 meta={"tool":"question","callID":"call_e2e_question_1","messageID":"msg_0041a8a58001E8AZgEuc2XC0Lb"} tool_execute
[Kilo New] ServerManager: ⚠️ CLI Server stderr: INFO  2026-08-15T06:27:24 +3ms service=question id=que_0041a8dcc001o4zRWVbMRMqmeP questions=1 asking
[Kilo New] ServerManager: ⚠️ CLI Server stderr: INFO  2026-08-15T06:27:24 +1ms service=p0-perf event=p0.start stage=question_wait ts=1786775244237 id=que_0041a8dcc001o4zRWVbMRMqmeP meta={"sessionID":"ses_ffbe65b6affeWMAe9X7ERomdq3"} question_wait
[Kilo New][P0-Perf] {"corr":"d2181c65-d721-402a-a10f-d3578a4d15ed","stage":"sse.event","t":1786775244245,"d":72889,"surface":"extension","span":"start","eventType":"session.status","dir":"/private/var/folders/9v/733tfwtj2jvgwygmtrbwj9gm0000gn/T/kilo-e2e-ZPnvgH/workspace"}
[Kilo New][P0-Perf] {"corr":"d2181c65-d721-402a-a10f-d3578a4d15ed","stage":"sse.event","t":1786775244246,"d":72890,"surface":"extension","span":"end","dur":1,"eventType":"session.status","dir":"/private/var/folders/9v/733tfwtj2jvgwygmtrbwj9gm0000gn/T/kilo-e2e-ZPnvgH/workspace"}
[Kilo New][P0-Perf] {"corr":"d2181c65-d721-402a-a10f-d3578a4d15ed","stage":"sse.event","t":1786775244246,"d":72890,"surface":"extension","span":"start","eventType":"session.updated","dir":"/private/var/folders/9v/733tfwtj2jvgwygmtrbwj9gm0000gn/T/kilo-e2e-ZPnvgH/workspace"}
[Kilo New][P0-Perf] {"corr":"d2181c65-d721-402a-a10f-d3578a4d15ed","stage":"sse.event","t":1786775244246,"d":72890,"surface":"extension","span":"end","dur":0,"eventType":"session.updated","dir":"/private/var/folders/9v/733tfwtj2jvgwygmtrbwj9gm0000gn/T/kilo-e2e-ZPnvgH/workspace"}
[Kilo New][P0-Perf] {"corr":"d2181c65-d721-402a-a10f-d3578a4d15ed","stage":"sse.event","t":1786775244246,"d":72890,"surface":"extension","span":"start","eventType":"session.updated.1","dir":"/private/var/folders/9v/733tfwtj2jvgwygmtrbwj9gm0000gn/T/kilo-e2e-ZPnvgH/workspace"}
[Kilo New][P0-Perf] {"corr":"d2181c65-d721-402a-a10f-d3578a4d15ed","stage":"sse.event","t":1786775244246,"d":72890,"surface":"extension","span":"end","dur":0,"eventType":"session.updated.1","dir":"/private/var/folders/9v/733tfwtj2jvgwygmtrbwj9gm0000gn/T/kilo-e2e-ZPnvgH/workspace"}
[Kilo New][P0-Perf] {"corr":"d2181c65-d721-402a-a10f-d3578a4d15ed","stage":"sse.event","t":1786775244246,"d":72890,"surface":"extension","span":"start","eventType":"session.diff","dir":"/private/var/folders/9v/733tfwtj2jvgwygmtrbwj9gm0000gn/T/kilo-e2e-ZPnvgH/workspace"}
[Kilo New][P0-Perf] {"corr":"d2181c65-d721-402a-a10f-d3578a4d15ed","stage":"sse.event","t":1786775244246,"d":72890,"surface":"extension","span":"end","dur":0,"eventType":"session.diff","dir":"/private/var/folders/9v/733tfwtj2jvgwygmtrbwj9gm0000gn/T/kilo-e2e-ZPnvgH/workspace"}
[Kilo New][P0-Perf] {"corr":"d2181c65-d721-402a-a10f-d3578a4d15ed","stage":"sse.event","t":1786775244246,"d":72890,"surface":"extension","span":"start","eventType":"message.updated","dir":"/private/var/folders/9v/733tfwtj2jvgwygmtrbwj9gm0000gn/T/kilo-e2e-ZPnvgH/workspace"}
[Kilo New][P0-Perf] {"corr":"d2181c65-d721-402a-a10f-d3578a4d15ed","stage":"sse.event","t":1786775244246,"d":72890,"surface":"extension","span":"end","dur":0,"eventType":"message.updated","dir":"/private/var/folders/9v/733tfwtj2jvgwygmtrbwj9gm0000gn/T/kilo-e2e-ZPnvgH/workspace"}
[Kilo New][P0-Perf] {"corr":"d2181c65-d721-402a-a10f-d3578a4d15ed","stage":"sse.event","t":1786775244247,"d":72891,"surface":"extension","span":"start","eventType":"message.updated.1","dir":"/private/var/folders/9v/733tfwtj2jvgwygmtrbwj9gm0000gn/T/kilo-e2e-ZPnvgH/workspace"}
[Kilo New][P0-Perf] {"corr":"d2181c65-d721-402a-a10f-d3578a4d15ed","stage":"sse.event","t":1786775244247,"d":72891,"surface":"extension","span":"end","dur":0,"eventType":"message.updated.1","dir":"/private/var/folders/9v/733tfwtj2jvgwygmtrbwj9gm0000gn/T/kilo-e2e-ZPnvgH/workspace"}
[Kilo New][P0-Perf] {"corr":"d2181c65-d721-402a-a10f-d3578a4d15ed","stage":"sse.event","t":1786775244247,"d":72891,"surface":"extension","span":"start","eventType":"message.part.updated","dir":"/private/var/folders/9v/733tfwtj2jvgwygmtrbwj9gm0000gn/T/kilo-e2e-ZPnvgH/workspace"}
[Kilo New][P0-Perf] {"corr":"d2181c65-d721-402a-a10f-d3578a4d15ed","stage":"sse.event","t":1786775244247,"d":72891,"surface":"extension","span":"end","dur":0,"eventType":"message.part.updated","dir":"/private/var/folders/9v/733tfwtj2jvgwygmtrbwj9gm0000gn/T/kilo-e2e-ZPnvgH/workspace"}
[Kilo New][P0-Perf] {"corr":"d2181c65-d721-402a-a10f-d3578a4d15ed","stage":"sse.event","t":1786775244247,"d":72891,"surface":"extension","span":"start","eventType":"message.part.updated.1","dir":"/private/var/folders/9v/733tfwtj2jvgwygmtrbwj9gm0000gn/T/kilo-e2e-ZPnvgH/workspace"}
[Kilo New][P0-Perf] {"corr":"d2181c65-d721-402a-a10f-d3578a4d15ed","stage":"sse.event","t":1786775244247,"d":72891,"surface":"extension","span":"end","dur":0,"eventType":"message.part.updated.1","dir":"/private/var/folders/9v/733tfwtj2jvgwygmtrbwj9gm0000gn/T/kilo-e2e-ZPnvgH/workspace"}
[Kilo New][P0-Perf] {"corr":"d2181c65-d721-402a-a10f-d3578a4d15ed","stage":"sse.event","t":1786775244247,"d":72891,"surface":"extension","span":"start","eventType":"message.part.updated","dir":"/private/var/folders/9v/733tfwtj2jvgwygmtrbwj9gm0000gn/T/kilo-e2e-ZPnvgH/workspace"}
[Kilo New][P0-Perf] {"corr":"d2181c65-d721-402a-a10f-d3578a4d15ed","stage":"sse.event","t":1786775244247,"d":72891,"surface":"extension","span":"end","dur":0,"eventType":"message.part.updated","dir":"/private/var/folders/9v/733tfwtj2jvgwygmtrbwj9gm0000gn/T/kilo-e2e-ZPnvgH/workspace"}
[Kilo New][P0-Perf] {"corr":"d2181c65-d721-402a-a10f-d3578a4d15ed","stage":"sse.event","t":1786775244247,"d":72891,"surface":"extension","span":"start","eventType":"message.part.updated.1","dir":"/private/var/folders/9v/733tfwtj2jvgwygmtrbwj9gm0000gn/T/kilo-e2e-ZPnvgH/workspace"}
[Kilo New][P0-Perf] {"corr":"d2181c65-d721-402a-a10f-d3578a4d15ed","stage":"sse.event","t":1786775244248,"d":72892,"surface":"extension","span":"end","dur":1,"eventType":"message.part.updated.1","dir":"/private/var/folders/9v/733tfwtj2jvgwygmtrbwj9gm0000gn/T/kilo-e2e-ZPnvgH/workspace"}
[Kilo New][P0-Perf] {"corr":"d2181c65-d721-402a-a10f-d3578a4d15ed","stage":"sse.event","t":1786775244248,"d":72892,"surface":"extension","span":"start","eventType":"question.asked","dir":"/private/var/folders/9v/733tfwtj2jvgwygmtrbwj9gm0000gn/T/kilo-e2e-ZPnvgH/workspace"}
[Kilo New][P0-Perf] {"corr":"d2181c65-d721-402a-a10f-d3578a4d15ed","stage":"question.asked","t":1786775244248,"d":72892,"surface":"extension","id":"que_0041a8dcc001o4zRWVbMRMqmeP"}
[Kilo New][P0-Perf] {"corr":"d2181c65-d721-402a-a10f-d3578a4d15ed","stage":"sse.event","t":1786775244248,"d":72892,"surface":"extension","span":"end","dur":0,"eventType":"question.asked","dir":"/private/var/folders/9v/733tfwtj2jvgwygmtrbwj9gm0000gn/T/kilo-e2e-ZPnvgH/workspace"}
[Kilo New][P0-Perf] {"corr":"d2181c65-d721-402a-a10f-d3578a4d15ed","stage":"sse.event","t":1786775244248,"d":72892,"surface":"extension","span":"start","eventType":"message.part.updated","dir":"/private/var/folders/9v/733tfwtj2jvgwygmtrbwj9gm0000gn/T/kilo-e2e-ZPnvgH/workspace"}
[Kilo New][P0-Perf] {"corr":"d2181c65-d721-402a-a10f-d3578a4d15ed","stage":"sse.event","t":1786775244248,"d":72892,"surface":"extension","span":"end","dur":0,"eventType":"message.part.updated","dir":"/private/var/folders/9v/733tfwtj2jvgwygmtrbwj9gm0000gn/T/kilo-e2e-ZPnvgH/workspace"}
[Kilo New][P0-Perf] {"corr":"d2181c65-d721-402a-a10f-d3578a4d15ed","stage":"sse.event","t":1786775244249,"d":72893,"surface":"extension","span":"start","eventType":"message.part.updated.1","dir":"/private/var/folders/9v/733tfwtj2jvgwygmtrbwj9gm0000gn/T/kilo-e2e-ZPnvgH/workspace"}
[Kilo New][P0-Perf] {"corr":"d2181c65-d721-402a-a10f-d3578a4d15ed","stage":"sse.event","t":1786775244249,"d":72893,"surface":"extension","span":"end","dur":0,"eventType":"message.part.updated.1","dir":"/private/var/folders/9v/733tfwtj2jvgwygmtrbwj9gm0000gn/T/kilo-e2e-ZPnvgH/workspace"}
[probe] PASS H-6 question: backend pending question observable (attempt 1)
[probe] PASS H-6 question dock visible
[probe] clicked QuestionDock option "B"
[probe] clicked QuestionDock Submit
[Kilo New] ServerManager: ⚠️ CLI Server stderr: INFO  2026-08-15T06:27:24 +460ms service=question requestID=que_0041a8dcc001o4zRWVbMRMqmeP answers=[["B"]] replied
[Kilo New] ServerManager: ⚠️ CLI Server stderr: INFO  2026-08-15T06:27:24 +0ms service=p0-perf event=p0.end stage=question_wait ts=1786775244697 duration=460 id=que_0041a8dcc001o4zRWVbMRMqmeP meta={"sessionID":"ses_ffbe65b6affeWMAe9X7ERomdq3"} question_wait
[Kilo New] ServerManager: ⚠️ CLI Server stderr: INFO  2026-08-15T06:27:24 +2ms service=p0-perf event=p0.end stage=tool_execute ts=1786775244698 duration=465 id=ses_ffbe65b6affeWMAe9X7ERomdq3 meta={"tool":"question","callID":"call_e2e_question_1","messageID":"msg_0041a8a58001E8AZgEuc2XC0Lb"} tool_execute
[Kilo New] ServerManager: ⚠️ CLI Server stderr: ERROR 2026-08-15T06:27:24 +1ms service=kilo-sessions sessionID=ses_ffbe65b6affeWMAe9X7ERomdq3 error=Error: InstanceRef not provided status sync failed
[Kilo New][P0-Perf] {"corr":"d2181c65-d721-402a-a10f-d3578a4d15ed","stage":"sse.event","t":1786775244705,"d":73349,"surface":"extension","span":"start","eventType":"question.replied","dir":"/private/var/folders/9v/733tfwtj2jvgwygmtrbwj9gm0000gn/T/kilo-e2e-ZPnvgH/workspace"}
[Kilo New][P0-Perf] {"corr":"d2181c65-d721-402a-a10f-d3578a4d15ed","stage":"question.replied","t":1786775244706,"d":73350,"surface":"extension","requestID":"que_0041a8dcc001o4zRWVbMRMqmeP"}
[Kilo New][P0-Perf] {"corr":"d2181c65-d721-402a-a10f-d3578a4d15ed","stage":"sse.event","t":1786775244706,"d":73350,"surface":"extension","span":"end","dur":1,"eventType":"question.replied","dir":"/private/var/folders/9v/733tfwtj2jvgwygmtrbwj9gm0000gn/T/kilo-e2e-ZPnvgH/workspace"}
[Kilo New][P0-Perf] {"corr":"d2181c65-d721-402a-a10f-d3578a4d15ed","stage":"sse.event","t":1786775244706,"d":73350,"surface":"extension","span":"start","eventType":"message.part.updated","dir":"/private/var/folders/9v/733tfwtj2jvgwygmtrbwj9gm0000gn/T/kilo-e2e-ZPnvgH/workspace"}
[Kilo New][P0-Perf] {"corr":"d2181c65-d721-402a-a10f-d3578a4d15ed","stage":"sse.event","t":1786775244706,"d":73350,"surface":"extension","span":"end","dur":0,"eventType":"message.part.updated","dir":"/private/var/folders/9v/733tfwtj2jvgwygmtrbwj9gm0000gn/T/kilo-e2e-ZPnvgH/workspace"}
[Kilo New][P0-Perf] {"corr":"d2181c65-d721-402a-a10f-d3578a4d15ed","stage":"sse.event","t":1786775244706,"d":73350,"surface":"extension","span":"start","eventType":"message.part.updated.1","dir":"/private/var/folders/9v/733tfwtj2jvgwygmtrbwj9gm0000gn/T/kilo-e2e-ZPnvgH/workspace"}
[Kilo New][P0-Perf] {"corr":"d2181c65-d721-402a-a10f-d3578a4d15ed","stage":"sse.event","t":1786775244706,"d":73350,"surface":"extension","span":"end","dur":0,"eventType":"message.part.updated.1","dir":"/private/var/folders/9v/733tfwtj2jvgwygmtrbwj9gm0000gn/T/kilo-e2e-ZPnvgH/workspace"}
[Kilo New] ServerManager: ⚠️ CLI Server stderr: INFO  2026-08-15T06:27:24 +145ms service=snapshot hash=254323e02804415fd8fd90f2bfcd320908c07796 cwd=/private/var/folders/9v/733tfwtj2jvgwygmtrbwj9gm0000gn/T/kilo-e2e-ZPnvgH/workspace git=/var/folders/9v/733tfwtj2jvgwygmtrbwj9gm0000gn/T/kilo-e2e-ZPnvgH/xdg-data/kilo/snapshot/b289fb45de8da4fa44e139efaaf8b5478551cab5/9d6abdc242d21a47adc2bd681ec53d69051777f4 tracking
[Kilo New][P0-Perf] {"corr":"d2181c65-d721-402a-a10f-d3578a4d15ed","stage":"sse.event","t":1786775244879,"d":73523,"surface":"extension","span":"start","eventType":"message.part.updated","dir":"/private/var/folders/9v/733tfwtj2jvgwygmtrbwj9gm0000gn/T/kilo-e2e-ZPnvgH/workspace"}
[Kilo New][P0-Perf] {"corr":"d2181c65-d721-402a-a10f-d3578a4d15ed","stage":"sse.event","t":1786775244879,"d":73523,"surface":"extension","span":"end","dur":0,"eventType":"message.part.updated","dir":"/private/var/folders/9v/733tfwtj2jvgwygmtrbwj9gm0000gn/T/kilo-e2e-ZPnvgH/workspace"}
[Kilo New][P0-Perf] {"corr":"d2181c65-d721-402a-a10f-d3578a4d15ed","stage":"sse.event","t":1786775244879,"d":73523,"surface":"extension","span":"start","eventType":"message.part.updated.1","dir":"/private/var/folders/9v/733tfwtj2jvgwygmtrbwj9gm0000gn/T/kilo-e2e-ZPnvgH/workspace"}
[Kilo New][P0-Perf] {"corr":"d2181c65-d721-402a-a10f-d3578a4d15ed","stage":"sse.event","t":1786775244879,"d":73523,"surface":"extension","span":"end","dur":0,"eventType":"message.part.updated.1","dir":"/private/var/folders/9v/733tfwtj2jvgwygmtrbwj9gm0000gn/T/kilo-e2e-ZPnvgH/workspace"}
[Kilo New][P0-Perf] {"corr":"d2181c65-d721-402a-a10f-d3578a4d15ed","stage":"sse.event","t":1786775244880,"d":73524,"surface":"extension","span":"start","eventType":"message.updated","dir":"/private/var/folders/9v/733tfwtj2jvgwygmtrbwj9gm0000gn/T/kilo-e2e-ZPnvgH/workspace"}
[Kilo New][P0-Perf] {"corr":"d2181c65-d721-402a-a10f-d3578a4d15ed","stage":"sse.event","t":1786775244880,"d":73524,"surface":"extension","span":"end","dur":0,"eventType":"message.updated","dir":"/private/var/folders/9v/733tfwtj2jvgwygmtrbwj9gm0000gn/T/kilo-e2e-ZPnvgH/workspace"}
[Kilo New][P0-Perf] {"corr":"d2181c65-d721-402a-a10f-d3578a4d15ed","stage":"sse.event","t":1786775244880,"d":73524,"surface":"extension","span":"start","eventType":"message.updated.1","dir":"/private/var/folders/9v/733tfwtj2jvgwygmtrbwj9gm0000gn/T/kilo-e2e-ZPnvgH/workspace"}
[Kilo New][P0-Perf] {"corr":"d2181c65-d721-402a-a10f-d3578a4d15ed","stage":"sse.event","t":1786775244880,"d":73524,"surface":"extension","span":"end","dur":0,"eventType":"message.updated.1","dir":"/private/var/folders/9v/733tfwtj2jvgwygmtrbwj9gm0000gn/T/kilo-e2e-ZPnvgH/workspace"}
[Kilo New] ServerManager: ⚠️ CLI Server stderr: INFO  2026-08-15T06:27:25 +713ms service=model-cache providerID=apertis refreshing models
[Kilo New] ServerManager: ⚠️ CLI Server stderr: INFO  2026-08-15T06:27:25 +14ms service=model-cache providerID=apertis count=0 models fetched and cached
[Kilo New] ServerManager: ⚠️ CLI Server stderr: INFO  2026-08-15T06:27:25 +103ms service=session.prompt session.id=ses_ffbe65b6affeWMAe9X7ERomdq3 step=1 loop
[Kilo New] ServerManager: ⚠️ CLI Server stderr: INFO  2026-08-15T06:27:25 +4ms service=p0-perf event=p0.mark stage=processor_entry ts=1786775245679 id=ses_ffbe65b6affeWMAe9X7ERomdq3 meta={"messageID":"msg_0041a936d001aMRdSAH4Bs1Kya","parentID":"msg_0041a89f8001wZMLdj5XQ9KOO2","model":"e2e-model","provider":"e2e-local"} processor_entry
[Kilo New][P0-Perf] {"corr":"d2181c65-d721-402a-a10f-d3578a4d15ed","stage":"sse.event","t":1786775245684,"d":74328,"surface":"extension","span":"start","eventType":"message.updated","dir":"/private/var/folders/9v/733tfwtj2jvgwygmtrbwj9gm0000gn/T/kilo-e2e-ZPnvgH/workspace"}
[Kilo New][P0-Perf] {"corr":"d2181c65-d721-402a-a10f-d3578a4d15ed","stage":"sse.event","t":1786775245684,"d":74328,"surface":"extension","span":"end","dur":0,"eventType":"message.updated","dir":"/private/var/folders/9v/733tfwtj2jvgwygmtrbwj9gm0000gn/T/kilo-e2e-ZPnvgH/workspace"}
[Kilo New][P0-Perf] {"corr":"d2181c65-d721-402a-a10f-d3578a4d15ed","stage":"sse.event","t":1786775245684,"d":74328,"surface":"extension","span":"start","eventType":"message.updated.1","dir":"/private/var/folders/9v/733tfwtj2jvgwygmtrbwj9gm0000gn/T/kilo-e2e-ZPnvgH/workspace"}
[Kilo New][P0-Perf] {"corr":"d2181c65-d721-402a-a10f-d3578a4d15ed","stage":"sse.event","t":1786775245684,"d":74328,"surface":"extension","span":"end","dur":0,"eventType":"message.updated.1","dir":"/private/var/folders/9v/733tfwtj2jvgwygmtrbwj9gm0000gn/T/kilo-e2e-ZPnvgH/workspace"}
[Kilo New][P0-Perf] {"corr":"d2181c65-d721-402a-a10f-d3578a4d15ed","stage":"sse.event","t":1786775245685,"d":74329,"surface":"extension","span":"start","eventType":"session.status","dir":"/private/var/folders/9v/733tfwtj2jvgwygmtrbwj9gm0000gn/T/kilo-e2e-ZPnvgH/workspace"}
[Kilo New][P0-Perf] {"corr":"d2181c65-d721-402a-a10f-d3578a4d15ed","stage":"sse.event","t":1786775245685,"d":74329,"surface":"extension","span":"end","dur":0,"eventType":"session.status","dir":"/private/var/folders/9v/733tfwtj2jvgwygmtrbwj9gm0000gn/T/kilo-e2e-ZPnvgH/workspace"}
[Kilo New][P0-Perf] {"corr":"d2181c65-d721-402a-a10f-d3578a4d15ed","stage":"sse.event","t":1786775245685,"d":74329,"surface":"extension","span":"start","eventType":"message.updated","dir":"/private/var/folders/9v/733tfwtj2jvgwygmtrbwj9gm0000gn/T/kilo-e2e-ZPnvgH/workspace"}
[Kilo New][P0-Perf] {"corr":"d2181c65-d721-402a-a10f-d3578a4d15ed","stage":"sse.event","t":1786775245685,"d":74329,"surface":"extension","span":"end","dur":0,"eventType":"message.updated","dir":"/private/var/folders/9v/733tfwtj2jvgwygmtrbwj9gm0000gn/T/kilo-e2e-ZPnvgH/workspace"}
[Kilo New][P0-Perf] {"corr":"d2181c65-d721-402a-a10f-d3578a4d15ed","stage":"sse.event","t":1786775245685,"d":74329,"surface":"extension","span":"start","eventType":"message.updated.1","dir":"/private/var/folders/9v/733tfwtj2jvgwygmtrbwj9gm0000gn/T/kilo-e2e-ZPnvgH/workspace"}
[Kilo New][P0-Perf] {"corr":"d2181c65-d721-402a-a10f-d3578a4d15ed","stage":"model.firstEvent","t":1786775245685,"d":74329,"surface":"extension","sessionID":"ses_ffbe65b6affeWMAe9X7ERomdq3","messageID":"msg_0041a936d001aMRdSAH4Bs1Kya","parentID":"msg_0041a89f8001wZMLdj5XQ9KOO2","dir":"/private/var/folders/9v/733tfwtj2jvgwygmtrbwj9gm0000gn/T/kilo-e2e-ZPnvgH/workspace"}
[Kilo New][P0-Perf] {"corr":"d2181c65-d721-402a-a10f-d3578a4d15ed","stage":"sse.event","t":1786775245685,"d":74329,"surface":"extension","span":"end","dur":0,"eventType":"message.updated.1","dir":"/private/var/folders/9v/733tfwtj2jvgwygmtrbwj9gm0000gn/T/kilo-e2e-ZPnvgH/workspace"}
[Kilo New][P0-Perf] {"corr":"d2181c65-d721-402a-a10f-d3578a4d15ed","stage":"sse.event","t":1786775245703,"d":74347,"surface":"extension","span":"start","eventType":"session.updated","dir":"/private/var/folders/9v/733tfwtj2jvgwygmtrbwj9gm0000gn/T/kilo-e2e-ZPnvgH/workspace"}
[Kilo New][P0-Perf] {"corr":"d2181c65-d721-402a-a10f-d3578a4d15ed","stage":"sse.event","t":1786775245703,"d":74347,"surface":"extension","span":"end","dur":0,"eventType":"session.updated","dir":"/private/var/folders/9v/733tfwtj2jvgwygmtrbwj9gm0000gn/T/kilo-e2e-ZPnvgH/workspace"}
[Kilo New][P0-Perf] {"corr":"d2181c65-d721-402a-a10f-d3578a4d15ed","stage":"sse.event","t":1786775245703,"d":74347,"surface":"extension","span":"start","eventType":"session.updated.1","dir":"/private/var/folders/9v/733tfwtj2jvgwygmtrbwj9gm0000gn/T/kilo-e2e-ZPnvgH/workspace"}
[Kilo New][P0-Perf] {"corr":"d2181c65-d721-402a-a10f-d3578a4d15ed","stage":"sse.event","t":1786775245703,"d":74347,"surface":"extension","span":"end","dur":0,"eventType":"session.updated.1","dir":"/private/var/folders/9v/733tfwtj2jvgwygmtrbwj9gm0000gn/T/kilo-e2e-ZPnvgH/workspace"}
[Kilo New][P0-Perf] {"corr":"d2181c65-d721-402a-a10f-d3578a4d15ed","stage":"sse.event","t":1786775245703,"d":74347,"surface":"extension","span":"start","eventType":"session.diff","dir":"/private/var/folders/9v/733tfwtj2jvgwygmtrbwj9gm0000gn/T/kilo-e2e-ZPnvgH/workspace"}
[Kilo New][P0-Perf] {"corr":"d2181c65-d721-402a-a10f-d3578a4d15ed","stage":"sse.event","t":1786775245703,"d":74347,"surface":"extension","span":"end","dur":0,"eventType":"session.diff","dir":"/private/var/folders/9v/733tfwtj2jvgwygmtrbwj9gm0000gn/T/kilo-e2e-ZPnvgH/workspace"}
[Kilo New][P0-Perf] {"corr":"d2181c65-d721-402a-a10f-d3578a4d15ed","stage":"sse.event","t":1786775245704,"d":74348,"surface":"extension","span":"start","eventType":"message.updated","dir":"/private/var/folders/9v/733tfwtj2jvgwygmtrbwj9gm0000gn/T/kilo-e2e-ZPnvgH/workspace"}
[Kilo New][P0-Perf] {"corr":"d2181c65-d721-402a-a10f-d3578a4d15ed","stage":"sse.event","t":1786775245704,"d":74348,"surface":"extension","span":"end","dur":0,"eventType":"message.updated","dir":"/private/var/folders/9v/733tfwtj2jvgwygmtrbwj9gm0000gn/T/kilo-e2e-ZPnvgH/workspace"}
[Kilo New][P0-Perf] {"corr":"d2181c65-d721-402a-a10f-d3578a4d15ed","stage":"sse.event","t":1786775245704,"d":74348,"surface":"extension","span":"start","eventType":"message.updated.1","dir":"/private/var/folders/9v/733tfwtj2jvgwygmtrbwj9gm0000gn/T/kilo-e2e-ZPnvgH/workspace"}
[Kilo New][P0-Perf] {"corr":"d2181c65-d721-402a-a10f-d3578a4d15ed","stage":"sse.event","t":1786775245704,"d":74348,"surface":"extension","span":"end","dur":0,"eventType":"message.updated.1","dir":"/private/var/folders/9v/733tfwtj2jvgwygmtrbwj9gm0000gn/T/kilo-e2e-ZPnvgH/workspace"}
[Kilo New] ServerManager: ⚠️ CLI Server stderr: INFO  2026-08-15T06:27:26 +464ms service=snapshot hash=254323e02804415fd8fd90f2bfcd320908c07796 cwd=/private/var/folders/9v/733tfwtj2jvgwygmtrbwj9gm0000gn/T/kilo-e2e-ZPnvgH/workspace git=/var/folders/9v/733tfwtj2jvgwygmtrbwj9gm0000gn/T/kilo-e2e-ZPnvgH/xdg-data/kilo/snapshot/b289fb45de8da4fa44e139efaaf8b5478551cab5/9d6abdc242d21a47adc2bd681ec53d69051777f4 tracking
[Kilo New] ServerManager: ⚠️ CLI Server stderr: INFO  2026-08-15T06:27:26 +19ms service=session.tools status=started resolveTools
[Kilo New] ServerManager: ⚠️ CLI Server stderr: INFO  2026-08-15T06:27:26 +2ms service=tool.registry status=started invalid
[Kilo New] ServerManager: ⚠️ CLI Server stderr: INFO  2026-08-15T06:27:26 +0ms service=tool.registry status=completed duration=1 invalid
[Kilo New] ServerManager: ⚠️ CLI Server stderr: INFO  2026-08-15T06:27:26 +0ms service=tool.registry status=started question
[Kilo New] ServerManager: ⚠️ CLI Server stderr: INFO  2026-08-15T06:27:26 +1ms service=tool.registry status=completed duration=1 question
[Kilo New] ServerManager: ⚠️ CLI Server stderr: INFO  2026-08-15T06:27:26 +0ms service=tool.registry status=started bash
[Kilo New] ServerManager: ⚠️ CLI Server stderr: INFO  2026-08-15T06:27:26 +0ms service=tool.registry status=completed duration=0 bash
[Kilo New] ServerManager: ⚠️ CLI Server stderr: INFO  2026-08-15T06:27:26 +0ms service=tool.registry status=started read
[Kilo New] ServerManager: ⚠️ CLI Server stderr: INFO  2026-08-15T06:27:26 +1ms service=tool.registry status=completed duration=1 read
[Kilo New] ServerManager: ⚠️ CLI Server stderr: INFO  2026-08-15T06:27:26 +0ms service=tool.registry status=started glob
[Kilo New] ServerManager: ⚠️ CLI Server stderr: INFO  2026-08-15T06:27:26 +0ms service=tool.registry status=completed duration=0 glob
[Kilo New] ServerManager: ⚠️ CLI Server stderr: INFO  2026-08-15T06:27:26 +1ms service=tool.registry status=started grep
[Kilo New] ServerManager: ⚠️ CLI Server stderr: INFO  2026-08-15T06:27:26 +0ms service=tool.registry status=completed duration=0 grep
[Kilo New] ServerManager: ⚠️ CLI Server stderr: INFO  2026-08-15T06:27:26 +0ms service=tool.registry status=started edit
[Kilo New] ServerManager: ⚠️ CLI Server stderr: INFO  2026-08-15T06:27:26 +0ms service=tool.registry status=completed duration=0 edit
[Kilo New] ServerManager: ⚠️ CLI Server stderr: INFO  2026-08-15T06:27:26 +0ms service=tool.registry status=started write
[Kilo New] ServerManager: ⚠️ CLI Server stderr: INFO  2026-08-15T06:27:26 +0ms service=tool.registry status=completed duration=0 write
[Kilo New] ServerManager: ⚠️ CLI Server stderr: INFO  2026-08-15T06:27:26 +0ms service=tool.registry status=started task
[Kilo New] ServerManager: ⚠️ CLI Server stderr: INFO  2026-08-15T06:27:26 +2ms service=tool.registry status=completed duration=2 task
[Kilo New] ServerManager: ⚠️ CLI Server stderr: INFO  2026-08-15T06:27:26 +0ms service=tool.registry status=started webfetch
[Kilo New] ServerManager: ⚠️ CLI Server stderr: INFO  2026-08-15T06:27:26 +0ms service=tool.registry status=completed duration=0 webfetch
[Kilo New] ServerManager: ⚠️ CLI Server stderr: INFO  2026-08-15T06:27:26 +0ms service=tool.registry status=started todowrite
[Kilo New] ServerManager: ⚠️ CLI Server stderr: INFO  2026-08-15T06:27:26 +1ms service=tool.registry status=completed duration=1 todowrite
[Kilo New] ServerManager: ⚠️ CLI Server stderr: INFO  2026-08-15T06:27:26 +0ms service=tool.registry status=started skill
[Kilo New] ServerManager: ⚠️ CLI Server stderr: INFO  2026-08-15T06:27:26 +0ms service=tool.registry status=completed duration=0 skill
[Kilo New] ServerManager: ⚠️ CLI Server stderr: INFO  2026-08-15T06:27:26 +0ms service=tool.registry status=started plan_exit
[Kilo New] ServerManager: ⚠️ CLI Server stderr: INFO  2026-08-15T06:27:26 +1ms service=tool.registry status=completed duration=1 plan_exit
[Kilo New] ServerManager: ⚠️ CLI Server stderr: INFO  2026-08-15T06:27:26 +0ms service=tool.registry status=started kilo_local_recall
[Kilo New] ServerManager: ⚠️ CLI Server stderr: INFO  2026-08-15T06:27:26 +0ms service=tool.registry status=completed duration=0 kilo_local_recall
[Kilo New] ServerManager: ⚠️ CLI Server stderr: INFO  2026-08-15T06:27:26 +0ms service=tool.registry status=started background_process
[Kilo New] ServerManager: ⚠️ CLI Server stderr: INFO  2026-08-15T06:27:26 +0ms service=tool.registry status=completed duration=0 background_process
[Kilo New] ServerManager: ⚠️ CLI Server stderr: INFO  2026-08-15T06:27:26 +0ms service=tool.registry status=started agent_manager_models
[Kilo New] ServerManager: ⚠️ CLI Server stderr: INFO  2026-08-15T06:27:26 +0ms service=tool.registry status=completed duration=0 agent_manager_models
[Kilo New] ServerManager: ⚠️ CLI Server stderr: INFO  2026-08-15T06:27:26 +0ms service=tool.registry status=started agent_manager
[Kilo New] ServerManager: ⚠️ CLI Server stderr: INFO  2026-08-15T06:27:26 +1ms service=tool.registry status=completed duration=1 agent_manager
[Kilo New] ServerManager: ⚠️ CLI Server stderr: INFO  2026-08-15T06:27:26 +0ms service=tool.registry status=started e2e_marker
[Kilo New] ServerManager: ⚠️ CLI Server stderr: INFO  2026-08-15T06:27:26 +1ms service=tool.registry status=completed duration=1 e2e_marker
[Kilo New] ServerManager: ⚠️ CLI Server stderr: INFO  2026-08-15T06:27:26 +0ms service=session.tools status=completed duration=11 resolveTools
[Kilo New] ServerManager: ⚠️ CLI Server stderr: INFO  2026-08-15T06:27:26 +78ms service=session.processor session.id=ses_ffbe65b6affeWMAe9X7ERomdq3 messageID=msg_0041a936d001aMRdSAH4Bs1Kya process
[Kilo New] ServerManager: ⚠️ CLI Server stderr: INFO  2026-08-15T06:27:26 +4ms service=llm providerID=e2e-local modelID=e2e-model session.id=ses_ffbe65b6affeWMAe9X7ERomdq3 small=false agent=e2e-agent mode=primary stream
[Kilo New][P0-Perf] {"corr":"d2181c65-d721-402a-a10f-d3578a4d15ed","stage":"sse.event","t":1786775246259,"d":74903,"surface":"extension","span":"start","eventType":"session.status","dir":"/private/var/folders/9v/733tfwtj2jvgwygmtrbwj9gm0000gn/T/kilo-e2e-ZPnvgH/workspace"}
[Kilo New][P0-Perf] {"corr":"d2181c65-d721-402a-a10f-d3578a4d15ed","stage":"sse.event","t":1786775246259,"d":74903,"surface":"extension","span":"end","dur":0,"eventType":"session.status","dir":"/private/var/folders/9v/733tfwtj2jvgwygmtrbwj9gm0000gn/T/kilo-e2e-ZPnvgH/workspace"}
[Kilo New] ServerManager: ⚠️ CLI Server stderr: INFO  2026-08-15T06:27:26 +42ms service=default llm.runtime=ai-sdk llm.provider=e2e-local llm.model=e2e-model llm runtime selected
[Kilo New][P0-Perf] {"corr":"d2181c65-d721-402a-a10f-d3578a4d15ed","stage":"sse.event","t":1786775246341,"d":74985,"surface":"extension","span":"start","eventType":"message.part.updated","dir":"/private/var/folders/9v/733tfwtj2jvgwygmtrbwj9gm0000gn/T/kilo-e2e-ZPnvgH/workspace"}
[Kilo New][P0-Perf] {"corr":"d2181c65-d721-402a-a10f-d3578a4d15ed","stage":"sse.event","t":1786775246341,"d":74985,"surface":"extension","span":"end","dur":0,"eventType":"message.part.updated","dir":"/private/var/folders/9v/733tfwtj2jvgwygmtrbwj9gm0000gn/T/kilo-e2e-ZPnvgH/workspace"}
[Kilo New][P0-Perf] {"corr":"d2181c65-d721-402a-a10f-d3578a4d15ed","stage":"sse.event","t":1786775246341,"d":74985,"surface":"extension","span":"start","eventType":"message.part.updated.1","dir":"/private/var/folders/9v/733tfwtj2jvgwygmtrbwj9gm0000gn/T/kilo-e2e-ZPnvgH/workspace"}
[Kilo New][P0-Perf] {"corr":"d2181c65-d721-402a-a10f-d3578a4d15ed","stage":"sse.event","t":1786775246341,"d":74985,"surface":"extension","span":"end","dur":0,"eventType":"message.part.updated.1","dir":"/private/var/folders/9v/733tfwtj2jvgwygmtrbwj9gm0000gn/T/kilo-e2e-ZPnvgH/workspace"}
[Kilo New][P0-Perf] {"corr":"d2181c65-d721-402a-a10f-d3578a4d15ed","stage":"sse.event","t":1786775246341,"d":74985,"surface":"extension","span":"start","eventType":"message.part.updated","dir":"/private/var/folders/9v/733tfwtj2jvgwygmtrbwj9gm0000gn/T/kilo-e2e-ZPnvgH/workspace"}
[Kilo New][P0-Perf] {"corr":"d2181c65-d721-402a-a10f-d3578a4d15ed","stage":"sse.event","t":1786775246341,"d":74985,"surface":"extension","span":"end","dur":0,"eventType":"message.part.updated","dir":"/private/var/folders/9v/733tfwtj2jvgwygmtrbwj9gm0000gn/T/kilo-e2e-ZPnvgH/workspace"}
[Kilo New][P0-Perf] {"corr":"d2181c65-d721-402a-a10f-d3578a4d15ed","stage":"sse.event","t":1786775246341,"d":74985,"surface":"extension","span":"start","eventType":"message.part.updated.1","dir":"/private/var/folders/9v/733tfwtj2jvgwygmtrbwj9gm0000gn/T/kilo-e2e-ZPnvgH/workspace"}
[Kilo New][P0-Perf] {"corr":"d2181c65-d721-402a-a10f-d3578a4d15ed","stage":"sse.event","t":1786775246341,"d":74985,"surface":"extension","span":"end","dur":0,"eventType":"message.part.updated.1","dir":"/private/var/folders/9v/733tfwtj2jvgwygmtrbwj9gm0000gn/T/kilo-e2e-ZPnvgH/workspace"}
[Kilo New][P0-Perf] {"corr":"d2181c65-d721-402a-a10f-d3578a4d15ed","stage":"sse.event","t":1786775246342,"d":74986,"surface":"extension","span":"start","eventType":"message.part.delta","dir":"/private/var/folders/9v/733tfwtj2jvgwygmtrbwj9gm0000gn/T/kilo-e2e-ZPnvgH/workspace"}
[Kilo New][P0-Perf] {"corr":"d2181c65-d721-402a-a10f-d3578a4d15ed","stage":"sse.event","t":1786775246342,"d":74986,"surface":"extension","span":"end","dur":0,"eventType":"message.part.delta","dir":"/private/var/folders/9v/733tfwtj2jvgwygmtrbwj9gm0000gn/T/kilo-e2e-ZPnvgH/workspace"}
[Kilo New][P0-Perf] {"corr":"d2181c65-d721-402a-a10f-d3578a4d15ed","stage":"sse.event","t":1786775246342,"d":74986,"surface":"extension","span":"start","eventType":"message.part.updated","dir":"/private/var/folders/9v/733tfwtj2jvgwygmtrbwj9gm0000gn/T/kilo-e2e-ZPnvgH/workspace"}
[Kilo New][P0-Perf] {"corr":"d2181c65-d721-402a-a10f-d3578a4d15ed","stage":"sse.event","t":1786775246342,"d":74986,"surface":"extension","span":"end","dur":0,"eventType":"message.part.updated","dir":"/private/var/folders/9v/733tfwtj2jvgwygmtrbwj9gm0000gn/T/kilo-e2e-ZPnvgH/workspace"}
[Kilo New][P0-Perf] {"corr":"d2181c65-d721-402a-a10f-d3578a4d15ed","stage":"sse.event","t":1786775246342,"d":74986,"surface":"extension","span":"start","eventType":"message.part.updated.1","dir":"/private/var/folders/9v/733tfwtj2jvgwygmtrbwj9gm0000gn/T/kilo-e2e-ZPnvgH/workspace"}
[Kilo New][P0-Perf] {"corr":"d2181c65-d721-402a-a10f-d3578a4d15ed","stage":"sse.event","t":1786775246342,"d":74986,"surface":"extension","span":"end","dur":0,"eventType":"message.part.updated.1","dir":"/private/var/folders/9v/733tfwtj2jvgwygmtrbwj9gm0000gn/T/kilo-e2e-ZPnvgH/workspace"}
[Kilo New] ServerManager: ⚠️ CLI Server stderr: INFO  2026-08-15T06:27:26 +244ms service=snapshot hash=254323e02804415fd8fd90f2bfcd320908c07796 cwd=/private/var/folders/9v/733tfwtj2jvgwygmtrbwj9gm0000gn/T/kilo-e2e-ZPnvgH/workspace git=/var/folders/9v/733tfwtj2jvgwygmtrbwj9gm0000gn/T/kilo-e2e-ZPnvgH/xdg-data/kilo/snapshot/b289fb45de8da4fa44e139efaaf8b5478551cab5/9d6abdc242d21a47adc2bd681ec53d69051777f4 tracking
[Kilo New][P0-Perf] {"corr":"d2181c65-d721-402a-a10f-d3578a4d15ed","stage":"sse.event","t":1786775246561,"d":75205,"surface":"extension","span":"start","eventType":"message.part.updated","dir":"/private/var/folders/9v/733tfwtj2jvgwygmtrbwj9gm0000gn/T/kilo-e2e-ZPnvgH/workspace"}
[Kilo New][P0-Perf] {"corr":"d2181c65-d721-402a-a10f-d3578a4d15ed","stage":"sse.event","t":1786775246561,"d":75205,"surface":"extension","span":"end","dur":0,"eventType":"message.part.updated","dir":"/private/var/folders/9v/733tfwtj2jvgwygmtrbwj9gm0000gn/T/kilo-e2e-ZPnvgH/workspace"}
[Kilo New][P0-Perf] {"corr":"d2181c65-d721-402a-a10f-d3578a4d15ed","stage":"sse.event","t":1786775246561,"d":75205,"surface":"extension","span":"start","eventType":"message.part.updated.1","dir":"/private/var/folders/9v/733tfwtj2jvgwygmtrbwj9gm0000gn/T/kilo-e2e-ZPnvgH/workspace"}
[Kilo New][P0-Perf] {"corr":"d2181c65-d721-402a-a10f-d3578a4d15ed","stage":"sse.event","t":1786775246561,"d":75205,"surface":"extension","span":"end","dur":0,"eventType":"message.part.updated.1","dir":"/private/var/folders/9v/733tfwtj2jvgwygmtrbwj9gm0000gn/T/kilo-e2e-ZPnvgH/workspace"}
[Kilo New][P0-Perf] {"corr":"d2181c65-d721-402a-a10f-d3578a4d15ed","stage":"sse.event","t":1786775246561,"d":75205,"surface":"extension","span":"start","eventType":"message.updated","dir":"/private/var/folders/9v/733tfwtj2jvgwygmtrbwj9gm0000gn/T/kilo-e2e-ZPnvgH/workspace"}
[Kilo New][P0-Perf] {"corr":"d2181c65-d721-402a-a10f-d3578a4d15ed","stage":"sse.event","t":1786775246562,"d":75206,"surface":"extension","span":"end","dur":1,"eventType":"message.updated","dir":"/private/var/folders/9v/733tfwtj2jvgwygmtrbwj9gm0000gn/T/kilo-e2e-ZPnvgH/workspace"}
[Kilo New][P0-Perf] {"corr":"d2181c65-d721-402a-a10f-d3578a4d15ed","stage":"sse.event","t":1786775246562,"d":75206,"surface":"extension","span":"start","eventType":"message.updated.1","dir":"/private/var/folders/9v/733tfwtj2jvgwygmtrbwj9gm0000gn/T/kilo-e2e-ZPnvgH/workspace"}
[Kilo New][P0-Perf] {"corr":"d2181c65-d721-402a-a10f-d3578a4d15ed","stage":"sse.event","t":1786775246562,"d":75206,"surface":"extension","span":"end","dur":0,"eventType":"message.updated.1","dir":"/private/var/folders/9v/733tfwtj2jvgwygmtrbwj9gm0000gn/T/kilo-e2e-ZPnvgH/workspace"}
[Kilo New] ServerManager: ⚠️ CLI Server stderr: INFO  2026-08-15T06:27:26 +381ms service=session.prompt session.id=ses_ffbe65b6affeWMAe9X7ERomdq3 step=2 loop
[Kilo New] ServerManager: ⚠️ CLI Server stderr: INFO  2026-08-15T06:27:26 +2ms service=session.prompt session.id=ses_ffbe65b6affeWMAe9X7ERomdq3 exiting loop
[Kilo New] ServerManager: ⚠️ CLI Server stderr: INFO  2026-08-15T06:27:26 +2ms service=bus type=session.turn.close publishing
[Kilo New] ServerManager: ⚠️ CLI Server stderr: INFO  2026-08-15T06:27:27 +637ms service=model-cache providerID=apertis refreshing models
[Kilo New][P0-Perf] {"corr":"d2181c65-d721-402a-a10f-d3578a4d15ed","stage":"sse.event","t":1786775247564,"d":76208,"surface":"extension","span":"start","eventType":"message.updated","dir":"/private/var/folders/9v/733tfwtj2jvgwygmtrbwj9gm0000gn/T/kilo-e2e-ZPnvgH/workspace"}
[Kilo New][P0-Perf] {"corr":"d2181c65-d721-402a-a10f-d3578a4d15ed","stage":"sse.event","t":1786775247564,"d":76208,"surface":"extension","span":"end","dur":0,"eventType":"message.updated","dir":"/private/var/folders/9v/733tfwtj2jvgwygmtrbwj9gm0000gn/T/kilo-e2e-ZPnvgH/workspace"}
[Kilo New][P0-Perf] {"corr":"d2181c65-d721-402a-a10f-d3578a4d15ed","stage":"sse.event","t":1786775247564,"d":76208,"surface":"extension","span":"start","eventType":"message.updated.1","dir":"/private/var/folders/9v/733tfwtj2jvgwygmtrbwj9gm0000gn/T/kilo-e2e-ZPnvgH/workspace"}
[Kilo New][P0-Perf] {"corr":"d2181c65-d721-402a-a10f-d3578a4d15ed","stage":"sse.event","t":1786775247564,"d":76208,"surface":"extension","span":"end","dur":0,"eventType":"message.updated.1","dir":"/private/var/folders/9v/733tfwtj2jvgwygmtrbwj9gm0000gn/T/kilo-e2e-ZPnvgH/workspace"}
[Kilo New][P0-Perf] {"corr":"d2181c65-d721-402a-a10f-d3578a4d15ed","stage":"sse.event","t":1786775247564,"d":76208,"surface":"extension","span":"start","eventType":"session.status","dir":"/private/var/folders/9v/733tfwtj2jvgwygmtrbwj9gm0000gn/T/kilo-e2e-ZPnvgH/workspace"}
[Kilo New][P0-Perf] {"corr":"d2181c65-d721-402a-a10f-d3578a4d15ed","stage":"sse.event","t":1786775247565,"d":76209,"surface":"extension","span":"end","dur":1,"eventType":"session.status","dir":"/private/var/folders/9v/733tfwtj2jvgwygmtrbwj9gm0000gn/T/kilo-e2e-ZPnvgH/workspace"}
[Kilo New][P0-Perf] {"corr":"d2181c65-d721-402a-a10f-d3578a4d15ed","stage":"sse.event","t":1786775247565,"d":76209,"surface":"extension","span":"start","eventType":"session.status","dir":"/private/var/folders/9v/733tfwtj2jvgwygmtrbwj9gm0000gn/T/kilo-e2e-ZPnvgH/workspace"}
[Kilo New][P0-Perf] {"corr":"d2181c65-d721-402a-a10f-d3578a4d15ed","stage":"sse.event","t":1786775247565,"d":76209,"surface":"extension","span":"end","dur":0,"eventType":"session.status","dir":"/private/var/folders/9v/733tfwtj2jvgwygmtrbwj9gm0000gn/T/kilo-e2e-ZPnvgH/workspace"}
[Kilo New][P0-Perf] {"corr":"d2181c65-d721-402a-a10f-d3578a4d15ed","stage":"sse.event","t":1786775247565,"d":76209,"surface":"extension","span":"start","eventType":"session.idle","dir":"/private/var/folders/9v/733tfwtj2jvgwygmtrbwj9gm0000gn/T/kilo-e2e-ZPnvgH/workspace"}
[Kilo New][P0-Perf] {"corr":"d2181c65-d721-402a-a10f-d3578a4d15ed","stage":"sse.event","t":1786775247565,"d":76209,"surface":"extension","span":"end","dur":0,"eventType":"session.idle","dir":"/private/var/folders/9v/733tfwtj2jvgwygmtrbwj9gm0000gn/T/kilo-e2e-ZPnvgH/workspace"}
[Kilo New][P0-Perf] {"corr":"d2181c65-d721-402a-a10f-d3578a4d15ed","stage":"sse.event","t":1786775247565,"d":76209,"surface":"extension","span":"start","eventType":"session.turn.close","dir":"/private/var/folders/9v/733tfwtj2jvgwygmtrbwj9gm0000gn/T/kilo-e2e-ZPnvgH/workspace"}
[Kilo New][P0-Perf] {"corr":"d2181c65-d721-402a-a10f-d3578a4d15ed","stage":"sse.event","t":1786775247566,"d":76210,"surface":"extension","span":"end","dur":1,"eventType":"session.turn.close","dir":"/private/var/folders/9v/733tfwtj2jvgwygmtrbwj9gm0000gn/T/kilo-e2e-ZPnvgH/workspace"}
[Kilo New] ServerManager: ⚠️ CLI Server stderr: INFO  2026-08-15T06:27:27 +85ms service=model-cache providerID=apertis count=0 models fetched and cached
[Kilo New][P0-Perf] {"corr":"d2181c65-d721-402a-a10f-d3578a4d15ed","stage":"sse.event","t":1786775247653,"d":76297,"surface":"extension","span":"start","eventType":"session.updated","dir":"/private/var/folders/9v/733tfwtj2jvgwygmtrbwj9gm0000gn/T/kilo-e2e-ZPnvgH/workspace"}
[Kilo New][P0-Perf] {"corr":"d2181c65-d721-402a-a10f-d3578a4d15ed","stage":"sse.event","t":1786775247653,"d":76297,"surface":"extension","span":"end","dur":0,"eventType":"session.updated","dir":"/private/var/folders/9v/733tfwtj2jvgwygmtrbwj9gm0000gn/T/kilo-e2e-ZPnvgH/workspace"}
[Kilo New][P0-Perf] {"corr":"d2181c65-d721-402a-a10f-d3578a4d15ed","stage":"sse.event","t":1786775247653,"d":76297,"surface":"extension","span":"start","eventType":"session.updated.1","dir":"/private/var/folders/9v/733tfwtj2jvgwygmtrbwj9gm0000gn/T/kilo-e2e-ZPnvgH/workspace"}
[Kilo New][P0-Perf] {"corr":"d2181c65-d721-402a-a10f-d3578a4d15ed","stage":"sse.event","t":1786775247653,"d":76297,"surface":"extension","span":"end","dur":0,"eventType":"session.updated.1","dir":"/private/var/folders/9v/733tfwtj2jvgwygmtrbwj9gm0000gn/T/kilo-e2e-ZPnvgH/workspace"}
[Kilo New][P0-Perf] {"corr":"d2181c65-d721-402a-a10f-d3578a4d15ed","stage":"sse.event","t":1786775247653,"d":76297,"surface":"extension","span":"start","eventType":"session.diff","dir":"/private/var/folders/9v/733tfwtj2jvgwygmtrbwj9gm0000gn/T/kilo-e2e-ZPnvgH/workspace"}
[Kilo New][P0-Perf] {"corr":"d2181c65-d721-402a-a10f-d3578a4d15ed","stage":"sse.event","t":1786775247653,"d":76297,"surface":"extension","span":"end","dur":0,"eventType":"session.diff","dir":"/private/var/folders/9v/733tfwtj2jvgwygmtrbwj9gm0000gn/T/kilo-e2e-ZPnvgH/workspace"}
[Kilo New][P0-Perf] {"corr":"d2181c65-d721-402a-a10f-d3578a4d15ed","stage":"sse.event","t":1786775247653,"d":76297,"surface":"extension","span":"start","eventType":"message.updated","dir":"/private/var/folders/9v/733tfwtj2jvgwygmtrbwj9gm0000gn/T/kilo-e2e-ZPnvgH/workspace"}
[Kilo New][P0-Perf] {"corr":"d2181c65-d721-402a-a10f-d3578a4d15ed","stage":"sse.event","t":1786775247654,"d":76298,"surface":"extension","span":"end","dur":1,"eventType":"message.updated","dir":"/private/var/folders/9v/733tfwtj2jvgwygmtrbwj9gm0000gn/T/kilo-e2e-ZPnvgH/workspace"}
[Kilo New][P0-Perf] {"corr":"d2181c65-d721-402a-a10f-d3578a4d15ed","stage":"sse.event","t":1786775247654,"d":76298,"surface":"extension","span":"start","eventType":"message.updated.1","dir":"/private/var/folders/9v/733tfwtj2jvgwygmtrbwj9gm0000gn/T/kilo-e2e-ZPnvgH/workspace"}
[Kilo New][P0-Perf] {"corr":"d2181c65-d721-402a-a10f-d3578a4d15ed","stage":"sse.event","t":1786775247654,"d":76298,"surface":"extension","span":"end","dur":0,"eventType":"message.updated.1","dir":"/private/var/folders/9v/733tfwtj2jvgwygmtrbwj9gm0000gn/T/kilo-e2e-ZPnvgH/workspace"}
[Kilo New][P0-Perf] {"corr":"d2181c65-d721-402a-a10f-d3578a4d15ed","stage":"sse.event","t":1786775248087,"d":76731,"surface":"extension","span":"start","eventType":"server.heartbeat"}
[Kilo New][P0-Perf] {"corr":"d2181c65-d721-402a-a10f-d3578a4d15ed","stage":"sse.event","t":1786775248087,"d":76731,"surface":"extension","span":"end","dur":0,"eventType":"server.heartbeat"}
[Kilo New] ServerManager: ⚠️ CLI Server stderr: INFO  2026-08-15T06:27:29 +2030ms service=model-cache providerID=apertis refreshing models
[Kilo New] ServerManager: ⚠️ CLI Server stderr: INFO  2026-08-15T06:27:29 +6ms service=model-cache providerID=apertis count=0 models fetched and cached
[probe] PASS H-6 question reply drains the pending request and completes
[probe] PASS H-6 question dock gone
[probe] PASS H-6 panel shows the question completion text: transcript text present
[Kilo New] ServerManager: ⚠️ CLI Server stderr: INFO  2026-08-15T06:27:31 +1407ms service=model-cache providerID=apertis refreshing models
[Kilo New] ServerManager: ⚠️ CLI Server stderr: INFO  2026-08-15T06:27:31 +4ms service=model-cache providerID=apertis count=0 models fetched and cached
[telemetry] Agent Manager Opened { source: 'agent-manager' }
[Kilo New] KiloProvider: 🔧 Starting initializeConnection...
[Kilo New] KiloProvider: checking config warnings {
  from: 'init',
  dir: '/var/folders/9v/733tfwtj2jvgwygmtrbwj9gm0000gn/T/kilo-e2e-ZPnvgH/workspace'
}
[Kilo New] KiloProvider: 🔄 syncWebviewState() {
  reason: 'initializeConnection',
  isWebviewReady: false,
  connectionState: 'connected',
  hasClient: true,
  hasServerInfo: true
}
[Kilo New] KiloProvider: ⏭️ syncWebviewState skipped (webview not ready)
[Kilo New][P0-Perf] {"corr":"d2181c65-d721-402a-a10f-d3578a4d15ed","stage":"dataReady.start","t":1786775251562,"d":80206,"surface":"extension"}
[Kilo New] ServerManager: ⚠️ CLI Server stderr: INFO  2026-08-15T06:27:31 +460ms service=session.prompt session.id=ses_ffbe65b6affeWMAe9X7ERomdq3 cancel
[Kilo New] ServerManager: ⚠️ CLI Server stderr: ERROR 2026-08-15T06:27:31 +96ms service=kilo-sessions sessionID=ses_ffbe65b6affeWMAe9X7ERomdq3 error=Error: InstanceRef not provided status sync failed
[Kilo New] ServerManager: ⚠️ CLI Server stderr: ERROR 2026-08-15T06:27:31 +0ms service=kilo-sessions sessionID=ses_ffbe644cfffeVzsT19uQV3hmQN error=Error: InstanceRef not provided status sync failed
[Kilo New][P0-Perf] {"corr":"d2181c65-d721-402a-a10f-d3578a4d15ed","stage":"sse.event","t":1786775251673,"d":80317,"surface":"extension","span":"start","eventType":"session.status","dir":"/private/var/folders/9v/733tfwtj2jvgwygmtrbwj9gm0000gn/T/kilo-e2e-ZPnvgH/workspace"}
[Kilo New][P0-Perf] {"corr":"d2181c65-d721-402a-a10f-d3578a4d15ed","stage":"sse.event","t":1786775251673,"d":80317,"surface":"extension","span":"end","dur":0,"eventType":"session.status","dir":"/private/var/folders/9v/733tfwtj2jvgwygmtrbwj9gm0000gn/T/kilo-e2e-ZPnvgH/workspace"}
[Kilo New][P0-Perf] {"corr":"d2181c65-d721-402a-a10f-d3578a4d15ed","stage":"sse.event","t":1786775251673,"d":80317,"surface":"extension","span":"start","eventType":"session.idle","dir":"/private/var/folders/9v/733tfwtj2jvgwygmtrbwj9gm0000gn/T/kilo-e2e-ZPnvgH/workspace"}
[Kilo New][P0-Perf] {"corr":"d2181c65-d721-402a-a10f-d3578a4d15ed","stage":"sse.event","t":1786775251673,"d":80317,"surface":"extension","span":"end","dur":0,"eventType":"session.idle","dir":"/private/var/folders/9v/733tfwtj2jvgwygmtrbwj9gm0000gn/T/kilo-e2e-ZPnvgH/workspace"}
[Kilo New][P0-Perf] {"corr":"d2181c65-d721-402a-a10f-d3578a4d15ed","stage":"sse.event","t":1786775251673,"d":80317,"surface":"extension","span":"start","eventType":"session.status","dir":"/private/var/folders/9v/733tfwtj2jvgwygmtrbwj9gm0000gn/T/kilo-e2e-ZPnvgH/workspace"}
[Kilo New][P0-Perf] {"corr":"d2181c65-d721-402a-a10f-d3578a4d15ed","stage":"sse.event","t":1786775251673,"d":80317,"surface":"extension","span":"end","dur":0,"eventType":"session.status","dir":"/private/var/folders/9v/733tfwtj2jvgwygmtrbwj9gm0000gn/T/kilo-e2e-ZPnvgH/workspace"}
[Kilo New][P0-Perf] {"corr":"d2181c65-d721-402a-a10f-d3578a4d15ed","stage":"sse.event","t":1786775251674,"d":80318,"surface":"extension","span":"start","eventType":"session.idle","dir":"/private/var/folders/9v/733tfwtj2jvgwygmtrbwj9gm0000gn/T/kilo-e2e-ZPnvgH/workspace"}
[Kilo New][P0-Perf] {"corr":"d2181c65-d721-402a-a10f-d3578a4d15ed","stage":"sse.event","t":1786775251674,"d":80318,"surface":"extension","span":"end","dur":0,"eventType":"session.idle","dir":"/private/var/folders/9v/733tfwtj2jvgwygmtrbwj9gm0000gn/T/kilo-e2e-ZPnvgH/workspace"}
[Kilo New] KiloProvider: config warnings fetched { from: 'init', count: 0 }
[Kilo New][P0-Perf] {"corr":"d2181c65-d721-402a-a10f-d3578a4d15ed","stage":"webview.load","t":1786775252518,"d":81162,"surface":"webview","wd":184}
[Kilo New][P0-Perf] {"corr":"d2181c65-d721-402a-a10f-d3578a4d15ed","stage":"webview.mount","t":1786775252557,"d":81201,"surface":"webview","wd":223}
[Kilo New] ServerManager: ⚠️ CLI Server stderr: INFO  2026-08-15T06:27:33 +1524ms service=model-cache providerID=apertis refreshing models
[Kilo New] ServerManager: ⚠️ CLI Server stderr: INFO  2026-08-15T06:27:33 +139ms service=model-cache providerID=apertis count=0 models fetched and cached
[Kilo New] KiloProvider: ✅ webviewReady received
[Kilo New][P0-Perf] {"corr":"d2181c65-d721-402a-a10f-d3578a4d15ed","stage":"webview.ready","t":1786775253548,"d":82192,"surface":"extension"}
[Kilo New] KiloProvider: 🔄 syncWebviewState() {
  reason: 'webviewReady',
  isWebviewReady: true,
  connectionState: 'connected',
  hasClient: true,
  hasServerInfo: true
}
[Kilo New] KiloProvider: 👤 syncWebviewState fetching profile...
[Kilo New][P0-Perf] {"corr":"d2181c65-d721-402a-a10f-d3578a4d15ed","stage":"webview.render","t":1786775253589,"d":82233,"surface":"webview","wd":1255}
[Kilo New][P0-Perf] {"corr":"d2181c65-d721-402a-a10f-d3578a4d15ed","stage":"webview.paint","t":1786775253667,"d":82311,"surface":"webview","wd":1333}
[Kilo New] ServerManager: ⚠️ CLI Server stderr: INFO  2026-08-15T06:27:34 +745ms service=model-cache providerID=apertis refreshing models
[Kilo New] KiloProvider: 👤 syncWebviewState profile: null
[Kilo New] ServerManager: ⚠️ CLI Server stderr: INFO  2026-08-15T06:27:34 +91ms service=model-cache providerID=apertis count=0 models fetched and cached
[Kilo New][P0-Perf] {"corr":"d2181c65-d721-402a-a10f-d3578a4d15ed","stage":"dataReady.done","t":1786775254434,"d":83078,"surface":"extension"}
[Kilo New] KiloProvider: ✅ initializeConnection completed successfully
[Kilo New] ServerManager: ⚠️ CLI Server stderr: INFO  2026-08-15T06:27:36 +2001ms service=model-cache providerID=apertis refreshing models
[Kilo New] ServerManager: ⚠️ CLI Server stderr: INFO  2026-08-15T06:27:36 +56ms service=model-cache providerID=apertis count=0 models fetched and cached
[probe] PASS H-7 backend parentID/children facts persist after panel reopen
[probe] clicked sidebar topic row ses_ffbe65b6affeWMAe9X7ERomdq3
[probe] PASS H-7 reopened panel renders parent topic "E2E task delegation with fixed string reply" with child row "E2E read-only reply sub-task (@general subagent)"
[probe] PASS H-5 cleanup: recorded MCP child pids 7753 exited after disconnect
[Kilo New] ServerManager: ⚠️ CLI Server stderr: INFO  2026-08-15T06:27:37 +1684ms service=model-cache providerID=apertis refreshing models
[Kilo New] ServerManager: ⚠️ CLI Server stderr: INFO  2026-08-15T06:27:37 +3ms service=model-cache providerID=apertis count=0 models fetched and cached
[probe] PASS H-5 snapshot shows the MCP server disabled after disconnect
[Kilo New][P0-Perf] {"corr":"d2181c65-d721-402a-a10f-d3578a4d15ed","stage":"sse.event","t":1786775258135,"d":86779,"surface":"extension","span":"start","eventType":"server.heartbeat"}
[Kilo New][P0-Perf] {"corr":"d2181c65-d721-402a-a10f-d3578a4d15ed","stage":"sse.event","t":1786775258135,"d":86779,"surface":"extension","span":"end","dur":0,"eventType":"server.heartbeat"}
[probe] PASS custom agent served in ModeSwitcher: "E2E Agent"
[probe] picked "E2E Agent" from agent picker
[probe] PASS custom agent selected (reopened panel): "E2E Agent"
[probe] picked "Low" from variant picker
[probe] PASS variant Low selected (reopened panel): "Low"
[probe] PASS custom model visibly selected (reopened panel): "E2E Local / E2E Model"
[Kilo New][P0-Perf] {"corr":"d2181c65-d721-402a-a10f-d3578a4d15ed","stage":"prompt.submit","t":1786775259349,"d":87993,"surface":"extension","sessionID":"ses_ffbe65b6affeWMAe9X7ERomdq3","messageID":"msg_0041ac8be001y4bx6cOpIib5R4","dir":"/var/folders/9v/733tfwtj2jvgwygmtrbwj9gm0000gn/T/kilo-e2e-ZPnvgH/workspace"}
[Kilo New] ServerManager: ⚠️ CLI Server stderr: INFO  2026-08-15T06:27:39 +1489ms service=bus type=session.turn.open publishing
[Kilo New] ServerManager: ⚠️ CLI Server stderr: INFO  2026-08-15T06:27:39 +5ms service=session.prompt session.id=ses_ffbe65b6affeWMAe9X7ERomdq3 step=0 loop
[Kilo New] ServerManager: ⚠️ CLI Server stderr: INFO  2026-08-15T06:27:39 +7ms service=p0-perf event=p0.mark stage=processor_entry ts=1786775259395 id=ses_ffbe65b6affeWMAe9X7ERomdq3 meta={"messageID":"msg_0041ac900001juHJoFJk0HkTnV","parentID":"msg_0041ac8be001y4bx6cOpIib5R4","model":"e2e-model","provider":"e2e-local"} processor_entry
[Kilo New][P0-Perf] {"corr":"d2181c65-d721-402a-a10f-d3578a4d15ed","stage":"sse.event","t":1786775259397,"d":88041,"surface":"extension","span":"start","eventType":"message.updated","dir":"/private/var/folders/9v/733tfwtj2jvgwygmtrbwj9gm0000gn/T/kilo-e2e-ZPnvgH/workspace"}
[Kilo New][P0-Perf] {"corr":"d2181c65-d721-402a-a10f-d3578a4d15ed","stage":"sse.event","t":1786775259397,"d":88041,"surface":"extension","span":"end","dur":0,"eventType":"message.updated","dir":"/private/var/folders/9v/733tfwtj2jvgwygmtrbwj9gm0000gn/T/kilo-e2e-ZPnvgH/workspace"}
[Kilo New][P0-Perf] {"corr":"d2181c65-d721-402a-a10f-d3578a4d15ed","stage":"sse.event","t":1786775259398,"d":88042,"surface":"extension","span":"start","eventType":"message.updated.1","dir":"/private/var/folders/9v/733tfwtj2jvgwygmtrbwj9gm0000gn/T/kilo-e2e-ZPnvgH/workspace"}
[Kilo New][P0-Perf] {"corr":"d2181c65-d721-402a-a10f-d3578a4d15ed","stage":"sse.event","t":1786775259398,"d":88042,"surface":"extension","span":"end","dur":0,"eventType":"message.updated.1","dir":"/private/var/folders/9v/733tfwtj2jvgwygmtrbwj9gm0000gn/T/kilo-e2e-ZPnvgH/workspace"}
[Kilo New][P0-Perf] {"corr":"d2181c65-d721-402a-a10f-d3578a4d15ed","stage":"sse.event","t":1786775259398,"d":88042,"surface":"extension","span":"start","eventType":"message.part.updated","dir":"/private/var/folders/9v/733tfwtj2jvgwygmtrbwj9gm0000gn/T/kilo-e2e-ZPnvgH/workspace"}
[Kilo New][P0-Perf] {"corr":"d2181c65-d721-402a-a10f-d3578a4d15ed","stage":"sse.event","t":1786775259398,"d":88042,"surface":"extension","span":"end","dur":0,"eventType":"message.part.updated","dir":"/private/var/folders/9v/733tfwtj2jvgwygmtrbwj9gm0000gn/T/kilo-e2e-ZPnvgH/workspace"}
[Kilo New][P0-Perf] {"corr":"d2181c65-d721-402a-a10f-d3578a4d15ed","stage":"sse.event","t":1786775259398,"d":88042,"surface":"extension","span":"start","eventType":"message.part.updated.1","dir":"/private/var/folders/9v/733tfwtj2jvgwygmtrbwj9gm0000gn/T/kilo-e2e-ZPnvgH/workspace"}
[Kilo New][P0-Perf] {"corr":"d2181c65-d721-402a-a10f-d3578a4d15ed","stage":"sse.event","t":1786775259398,"d":88042,"surface":"extension","span":"end","dur":0,"eventType":"message.part.updated.1","dir":"/private/var/folders/9v/733tfwtj2jvgwygmtrbwj9gm0000gn/T/kilo-e2e-ZPnvgH/workspace"}
[Kilo New][P0-Perf] {"corr":"d2181c65-d721-402a-a10f-d3578a4d15ed","stage":"sse.event","t":1786775259398,"d":88042,"surface":"extension","span":"start","eventType":"session.updated","dir":"/private/var/folders/9v/733tfwtj2jvgwygmtrbwj9gm0000gn/T/kilo-e2e-ZPnvgH/workspace"}
[Kilo New][P0-Perf] {"corr":"d2181c65-d721-402a-a10f-d3578a4d15ed","stage":"sse.event","t":1786775259398,"d":88042,"surface":"extension","span":"end","dur":0,"eventType":"session.updated","dir":"/private/var/folders/9v/733tfwtj2jvgwygmtrbwj9gm0000gn/T/kilo-e2e-ZPnvgH/workspace"}
[Kilo New][P0-Perf] {"corr":"d2181c65-d721-402a-a10f-d3578a4d15ed","stage":"sse.event","t":1786775259398,"d":88042,"surface":"extension","span":"start","eventType":"session.updated.1","dir":"/private/var/folders/9v/733tfwtj2jvgwygmtrbwj9gm0000gn/T/kilo-e2e-ZPnvgH/workspace"}
[Kilo New][P0-Perf] {"corr":"d2181c65-d721-402a-a10f-d3578a4d15ed","stage":"sse.event","t":1786775259399,"d":88043,"surface":"extension","span":"end","dur":1,"eventType":"session.updated.1","dir":"/private/var/folders/9v/733tfwtj2jvgwygmtrbwj9gm0000gn/T/kilo-e2e-ZPnvgH/workspace"}
[Kilo New][P0-Perf] {"corr":"d2181c65-d721-402a-a10f-d3578a4d15ed","stage":"sse.event","t":1786775259399,"d":88043,"surface":"extension","span":"start","eventType":"session.turn.open","dir":"/private/var/folders/9v/733tfwtj2jvgwygmtrbwj9gm0000gn/T/kilo-e2e-ZPnvgH/workspace"}
[Kilo New][P0-Perf] {"corr":"d2181c65-d721-402a-a10f-d3578a4d15ed","stage":"sse.event","t":1786775259399,"d":88043,"surface":"extension","span":"end","dur":0,"eventType":"session.turn.open","dir":"/private/var/folders/9v/733tfwtj2jvgwygmtrbwj9gm0000gn/T/kilo-e2e-ZPnvgH/workspace"}
[probe] sent prompt via real prompt input: E2E_ROLLBACK_EDIT: edit the tracked file
[Kilo New][P0-Perf] {"corr":"d2181c65-d721-402a-a10f-d3578a4d15ed","stage":"sse.event","t":1786775259425,"d":88069,"surface":"extension","span":"start","eventType":"session.status","dir":"/private/var/folders/9v/733tfwtj2jvgwygmtrbwj9gm0000gn/T/kilo-e2e-ZPnvgH/workspace"}
[Kilo New][P0-Perf] {"corr":"d2181c65-d721-402a-a10f-d3578a4d15ed","stage":"sse.event","t":1786775259425,"d":88069,"surface":"extension","span":"end","dur":0,"eventType":"session.status","dir":"/private/var/folders/9v/733tfwtj2jvgwygmtrbwj9gm0000gn/T/kilo-e2e-ZPnvgH/workspace"}
[Kilo New][P0-Perf] {"corr":"d2181c65-d721-402a-a10f-d3578a4d15ed","stage":"sse.event","t":1786775259425,"d":88069,"surface":"extension","span":"start","eventType":"message.updated","dir":"/private/var/folders/9v/733tfwtj2jvgwygmtrbwj9gm0000gn/T/kilo-e2e-ZPnvgH/workspace"}
[Kilo New][P0-Perf] {"corr":"d2181c65-d721-402a-a10f-d3578a4d15ed","stage":"sse.event","t":1786775259425,"d":88069,"surface":"extension","span":"end","dur":0,"eventType":"message.updated","dir":"/private/var/folders/9v/733tfwtj2jvgwygmtrbwj9gm0000gn/T/kilo-e2e-ZPnvgH/workspace"}
[Kilo New][P0-Perf] {"corr":"d2181c65-d721-402a-a10f-d3578a4d15ed","stage":"sse.event","t":1786775259426,"d":88070,"surface":"extension","span":"start","eventType":"message.updated.1","dir":"/private/var/folders/9v/733tfwtj2jvgwygmtrbwj9gm0000gn/T/kilo-e2e-ZPnvgH/workspace"}
[Kilo New][P0-Perf] {"corr":"d2181c65-d721-402a-a10f-d3578a4d15ed","stage":"model.firstEvent","t":1786775259426,"d":88070,"surface":"extension","sessionID":"ses_ffbe65b6affeWMAe9X7ERomdq3","messageID":"msg_0041ac900001juHJoFJk0HkTnV","parentID":"msg_0041ac8be001y4bx6cOpIib5R4","dir":"/private/var/folders/9v/733tfwtj2jvgwygmtrbwj9gm0000gn/T/kilo-e2e-ZPnvgH/workspace"}
[Kilo New][P0-Perf] {"corr":"d2181c65-d721-402a-a10f-d3578a4d15ed","stage":"sse.event","t":1786775259426,"d":88070,"surface":"extension","span":"end","dur":0,"eventType":"message.updated.1","dir":"/private/var/folders/9v/733tfwtj2jvgwygmtrbwj9gm0000gn/T/kilo-e2e-ZPnvgH/workspace"}
[Kilo New] ServerManager: ⚠️ CLI Server stderr: INFO  2026-08-15T06:27:40 +696ms service=model-cache providerID=apertis refreshing models
[Kilo New] ServerManager: ⚠️ CLI Server stderr: INFO  2026-08-15T06:27:40 +42ms service=model-cache providerID=apertis count=0 models fetched and cached
[Kilo New][P0-Perf] {"corr":"d2181c65-d721-402a-a10f-d3578a4d15ed","stage":"sse.event","t":1786775260180,"d":88824,"surface":"extension","span":"start","eventType":"message.part.updated","dir":"/private/var/folders/9v/733tfwtj2jvgwygmtrbwj9gm0000gn/T/kilo-e2e-ZPnvgH/workspace"}
[Kilo New][P0-Perf] {"corr":"d2181c65-d721-402a-a10f-d3578a4d15ed","stage":"sse.event","t":1786775260180,"d":88824,"surface":"extension","span":"end","dur":0,"eventType":"message.part.updated","dir":"/private/var/folders/9v/733tfwtj2jvgwygmtrbwj9gm0000gn/T/kilo-e2e-ZPnvgH/workspace"}
[Kilo New][P0-Perf] {"corr":"d2181c65-d721-402a-a10f-d3578a4d15ed","stage":"sse.event","t":1786775260180,"d":88824,"surface":"extension","span":"start","eventType":"message.part.updated.1","dir":"/private/var/folders/9v/733tfwtj2jvgwygmtrbwj9gm0000gn/T/kilo-e2e-ZPnvgH/workspace"}
[Kilo New][P0-Perf] {"corr":"d2181c65-d721-402a-a10f-d3578a4d15ed","stage":"sse.event","t":1786775260180,"d":88824,"surface":"extension","span":"end","dur":0,"eventType":"message.part.updated.1","dir":"/private/var/folders/9v/733tfwtj2jvgwygmtrbwj9gm0000gn/T/kilo-e2e-ZPnvgH/workspace"}
[Kilo New] ServerManager: ⚠️ CLI Server stderr: INFO  2026-08-15T06:27:40 +86ms service=snapshot hash=254323e02804415fd8fd90f2bfcd320908c07796 cwd=/private/var/folders/9v/733tfwtj2jvgwygmtrbwj9gm0000gn/T/kilo-e2e-ZPnvgH/workspace git=/var/folders/9v/733tfwtj2jvgwygmtrbwj9gm0000gn/T/kilo-e2e-ZPnvgH/xdg-data/kilo/snapshot/b289fb45de8da4fa44e139efaaf8b5478551cab5/9d6abdc242d21a47adc2bd681ec53d69051777f4 tracking
[Kilo New] ServerManager: ⚠️ CLI Server stderr: INFO  2026-08-15T06:27:40 +38ms service=session.tools status=started resolveTools
[Kilo New][P0-Perf] {"corr":"d2181c65-d721-402a-a10f-d3578a4d15ed","stage":"sse.event","t":1786775260261,"d":88905,"surface":"extension","span":"start","eventType":"message.part.updated","dir":"/private/var/folders/9v/733tfwtj2jvgwygmtrbwj9gm0000gn/T/kilo-e2e-ZPnvgH/workspace"}
[Kilo New][P0-Perf] {"corr":"d2181c65-d721-402a-a10f-d3578a4d15ed","stage":"sse.event","t":1786775260261,"d":88905,"surface":"extension","span":"end","dur":0,"eventType":"message.part.updated","dir":"/private/var/folders/9v/733tfwtj2jvgwygmtrbwj9gm0000gn/T/kilo-e2e-ZPnvgH/workspace"}
[Kilo New][P0-Perf] {"corr":"d2181c65-d721-402a-a10f-d3578a4d15ed","stage":"sse.event","t":1786775260261,"d":88905,"surface":"extension","span":"start","eventType":"message.part.updated.1","dir":"/private/var/folders/9v/733tfwtj2jvgwygmtrbwj9gm0000gn/T/kilo-e2e-ZPnvgH/workspace"}
[Kilo New][P0-Perf] {"corr":"d2181c65-d721-402a-a10f-d3578a4d15ed","stage":"sse.event","t":1786775260261,"d":88905,"surface":"extension","span":"end","dur":0,"eventType":"message.part.updated.1","dir":"/private/var/folders/9v/733tfwtj2jvgwygmtrbwj9gm0000gn/T/kilo-e2e-ZPnvgH/workspace"}
[Kilo New][P0-Perf] {"corr":"d2181c65-d721-402a-a10f-d3578a4d15ed","stage":"sse.event","t":1786775260261,"d":88905,"surface":"extension","span":"start","eventType":"message.part.removed","dir":"/private/var/folders/9v/733tfwtj2jvgwygmtrbwj9gm0000gn/T/kilo-e2e-ZPnvgH/workspace"}
[Kilo New][P0-Perf] {"corr":"d2181c65-d721-402a-a10f-d3578a4d15ed","stage":"sse.event","t":1786775260262,"d":88906,"surface":"extension","span":"end","dur":1,"eventType":"message.part.removed","dir":"/private/var/folders/9v/733tfwtj2jvgwygmtrbwj9gm0000gn/T/kilo-e2e-ZPnvgH/workspace"}
[Kilo New][P0-Perf] {"corr":"d2181c65-d721-402a-a10f-d3578a4d15ed","stage":"sse.event","t":1786775260262,"d":88906,"surface":"extension","span":"start","eventType":"message.part.removed.1","dir":"/private/var/folders/9v/733tfwtj2jvgwygmtrbwj9gm0000gn/T/kilo-e2e-ZPnvgH/workspace"}
[Kilo New][P0-Perf] {"corr":"d2181c65-d721-402a-a10f-d3578a4d15ed","stage":"sse.event","t":1786775260262,"d":88906,"surface":"extension","span":"end","dur":0,"eventType":"message.part.removed.1","dir":"/private/var/folders/9v/733tfwtj2jvgwygmtrbwj9gm0000gn/T/kilo-e2e-ZPnvgH/workspace"}
[Kilo New] ServerManager: ⚠️ CLI Server stderr: INFO  2026-08-15T06:27:40 +49ms service=tool.registry status=started invalid
[Kilo New] ServerManager: ⚠️ CLI Server stderr: INFO  2026-08-15T06:27:40 +1ms service=tool.registry status=completed duration=1 invalid
[Kilo New] ServerManager: ⚠️ CLI Server stderr: INFO  2026-08-15T06:27:40 +0ms service=tool.registry status=started question
[Kilo New] ServerManager: ⚠️ CLI Server stderr: INFO  2026-08-15T06:27:40 +0ms service=tool.registry status=completed duration=0 question
[Kilo New] ServerManager: ⚠️ CLI Server stderr: INFO  2026-08-15T06:27:40 +0ms service=tool.registry status=started bash
[Kilo New] ServerManager: ⚠️ CLI Server stderr: INFO  2026-08-15T06:27:40 +1ms service=tool.registry status=completed duration=0 bash
[Kilo New] ServerManager: ⚠️ CLI Server stderr: INFO  2026-08-15T06:27:40 +0ms service=tool.registry status=started read
[Kilo New] ServerManager: ⚠️ CLI Server stderr: INFO  2026-08-15T06:27:40 +0ms service=tool.registry status=completed duration=0 read
[Kilo New] ServerManager: ⚠️ CLI Server stderr: INFO  2026-08-15T06:27:40 +0ms service=tool.registry status=started glob
[Kilo New] ServerManager: ⚠️ CLI Server stderr: INFO  2026-08-15T06:27:40 +0ms service=tool.registry status=completed duration=0 glob
[Kilo New] ServerManager: ⚠️ CLI Server stderr: INFO  2026-08-15T06:27:40 +0ms service=tool.registry status=started grep
[Kilo New] ServerManager: ⚠️ CLI Server stderr: INFO  2026-08-15T06:27:40 +0ms service=tool.registry status=completed duration=0 grep
[Kilo New] ServerManager: ⚠️ CLI Server stderr: INFO  2026-08-15T06:27:40 +0ms service=tool.registry status=started edit
[Kilo New] ServerManager: ⚠️ CLI Server stderr: INFO  2026-08-15T06:27:40 +0ms service=tool.registry status=completed duration=0 edit
[Kilo New] ServerManager: ⚠️ CLI Server stderr: INFO  2026-08-15T06:27:40 +0ms service=tool.registry status=started write
[Kilo New] ServerManager: ⚠️ CLI Server stderr: INFO  2026-08-15T06:27:40 +0ms service=tool.registry status=completed duration=0 write
[Kilo New] ServerManager: ⚠️ CLI Server stderr: INFO  2026-08-15T06:27:40 +0ms service=tool.registry status=started task
[Kilo New] ServerManager: ⚠️ CLI Server stderr: INFO  2026-08-15T06:27:40 +1ms service=tool.registry status=completed duration=1 task
[Kilo New] ServerManager: ⚠️ CLI Server stderr: INFO  2026-08-15T06:27:40 +0ms service=tool.registry status=started webfetch
[Kilo New] ServerManager: ⚠️ CLI Server stderr: INFO  2026-08-15T06:27:40 +0ms service=tool.registry status=completed duration=0 webfetch
[Kilo New] ServerManager: ⚠️ CLI Server stderr: INFO  2026-08-15T06:27:40 +0ms service=tool.registry status=started todowrite
[Kilo New] ServerManager: ⚠️ CLI Server stderr: INFO  2026-08-15T06:27:40 +0ms service=tool.registry status=completed duration=0 todowrite
[Kilo New] ServerManager: ⚠️ CLI Server stderr: INFO  2026-08-15T06:27:40 +0ms service=tool.registry status=started skill
[Kilo New] ServerManager: ⚠️ CLI Server stderr: INFO  2026-08-15T06:27:40 +1ms service=tool.registry status=completed duration=1 skill
[Kilo New] ServerManager: ⚠️ CLI Server stderr: INFO  2026-08-15T06:27:40 +0ms service=tool.registry status=started plan_exit
[Kilo New] ServerManager: ⚠️ CLI Server stderr: INFO  2026-08-15T06:27:40 +0ms service=tool.registry status=completed duration=0 plan_exit
[Kilo New] ServerManager: ⚠️ CLI Server stderr: INFO  2026-08-15T06:27:40 +0ms service=tool.registry status=started kilo_local_recall
[Kilo New] ServerManager: ⚠️ CLI Server stderr: INFO  2026-08-15T06:27:40 +0ms service=tool.registry status=completed duration=0 kilo_local_recall
[Kilo New] ServerManager: ⚠️ CLI Server stderr: INFO  2026-08-15T06:27:40 +0ms service=tool.registry status=started background_process
[Kilo New] ServerManager: ⚠️ CLI Server stderr: INFO  2026-08-15T06:27:40 +0ms service=tool.registry status=completed duration=0 background_process
[Kilo New] ServerManager: ⚠️ CLI Server stderr: INFO  2026-08-15T06:27:40 +0ms service=tool.registry status=started agent_manager_models
[Kilo New] ServerManager: ⚠️ CLI Server stderr: INFO  2026-08-15T06:27:40 +0ms service=tool.registry status=completed duration=0 agent_manager_models
[Kilo New] ServerManager: ⚠️ CLI Server stderr: INFO  2026-08-15T06:27:40 +0ms service=tool.registry status=started agent_manager
[Kilo New] ServerManager: ⚠️ CLI Server stderr: INFO  2026-08-15T06:27:40 +0ms service=tool.registry status=completed duration=0 agent_manager
[Kilo New] ServerManager: ⚠️ CLI Server stderr: INFO  2026-08-15T06:27:40 +0ms service=tool.registry status=started e2e_marker
[Kilo New] ServerManager: ⚠️ CLI Server stderr: INFO  2026-08-15T06:27:40 +1ms service=tool.registry status=completed duration=0 e2e_marker
[Kilo New] ServerManager: ⚠️ CLI Server stderr: INFO  2026-08-15T06:27:40 +3ms service=session.tools status=completed duration=57 resolveTools
[Kilo New][P0-Perf] {"corr":"d2181c65-d721-402a-a10f-d3578a4d15ed","stage":"sse.event","t":1786775260382,"d":89026,"surface":"extension","span":"start","eventType":"session.updated","dir":"/private/var/folders/9v/733tfwtj2jvgwygmtrbwj9gm0000gn/T/kilo-e2e-ZPnvgH/workspace"}
[Kilo New][P0-Perf] {"corr":"d2181c65-d721-402a-a10f-d3578a4d15ed","stage":"sse.event","t":1786775260382,"d":89026,"surface":"extension","span":"end","dur":0,"eventType":"session.updated","dir":"/private/var/folders/9v/733tfwtj2jvgwygmtrbwj9gm0000gn/T/kilo-e2e-ZPnvgH/workspace"}
[Kilo New][P0-Perf] {"corr":"d2181c65-d721-402a-a10f-d3578a4d15ed","stage":"sse.event","t":1786775260382,"d":89026,"surface":"extension","span":"start","eventType":"session.updated.1","dir":"/private/var/folders/9v/733tfwtj2jvgwygmtrbwj9gm0000gn/T/kilo-e2e-ZPnvgH/workspace"}
[Kilo New][P0-Perf] {"corr":"d2181c65-d721-402a-a10f-d3578a4d15ed","stage":"sse.event","t":1786775260382,"d":89026,"surface":"extension","span":"end","dur":0,"eventType":"session.updated.1","dir":"/private/var/folders/9v/733tfwtj2jvgwygmtrbwj9gm0000gn/T/kilo-e2e-ZPnvgH/workspace"}
[Kilo New] ServerManager: ⚠️ CLI Server stderr: INFO  2026-08-15T06:27:40 +112ms service=session.processor session.id=ses_ffbe65b6affeWMAe9X7ERomdq3 messageID=msg_0041ac900001juHJoFJk0HkTnV process
[Kilo New] ServerManager: ⚠️ CLI Server stderr: INFO  2026-08-15T06:27:40 +5ms service=llm providerID=e2e-local modelID=e2e-model session.id=ses_ffbe65b6affeWMAe9X7ERomdq3 small=false agent=e2e-agent mode=primary stream
[Kilo New][P0-Perf] {"corr":"d2181c65-d721-402a-a10f-d3578a4d15ed","stage":"sse.event","t":1786775260434,"d":89078,"surface":"extension","span":"start","eventType":"session.diff","dir":"/private/var/folders/9v/733tfwtj2jvgwygmtrbwj9gm0000gn/T/kilo-e2e-ZPnvgH/workspace"}
[Kilo New][P0-Perf] {"corr":"d2181c65-d721-402a-a10f-d3578a4d15ed","stage":"sse.event","t":1786775260434,"d":89078,"surface":"extension","span":"end","dur":0,"eventType":"session.diff","dir":"/private/var/folders/9v/733tfwtj2jvgwygmtrbwj9gm0000gn/T/kilo-e2e-ZPnvgH/workspace"}
[Kilo New][P0-Perf] {"corr":"d2181c65-d721-402a-a10f-d3578a4d15ed","stage":"sse.event","t":1786775260434,"d":89078,"surface":"extension","span":"start","eventType":"message.updated","dir":"/private/var/folders/9v/733tfwtj2jvgwygmtrbwj9gm0000gn/T/kilo-e2e-ZPnvgH/workspace"}
[Kilo New][P0-Perf] {"corr":"d2181c65-d721-402a-a10f-d3578a4d15ed","stage":"sse.event","t":1786775260435,"d":89079,"surface":"extension","span":"end","dur":1,"eventType":"message.updated","dir":"/private/var/folders/9v/733tfwtj2jvgwygmtrbwj9gm0000gn/T/kilo-e2e-ZPnvgH/workspace"}
[Kilo New][P0-Perf] {"corr":"d2181c65-d721-402a-a10f-d3578a4d15ed","stage":"sse.event","t":1786775260435,"d":89079,"surface":"extension","span":"start","eventType":"message.updated.1","dir":"/private/var/folders/9v/733tfwtj2jvgwygmtrbwj9gm0000gn/T/kilo-e2e-ZPnvgH/workspace"}
[Kilo New][P0-Perf] {"corr":"d2181c65-d721-402a-a10f-d3578a4d15ed","stage":"sse.event","t":1786775260435,"d":89079,"surface":"extension","span":"end","dur":0,"eventType":"message.updated.1","dir":"/private/var/folders/9v/733tfwtj2jvgwygmtrbwj9gm0000gn/T/kilo-e2e-ZPnvgH/workspace"}
[Kilo New][P0-Perf] {"corr":"d2181c65-d721-402a-a10f-d3578a4d15ed","stage":"sse.event","t":1786775260435,"d":89079,"surface":"extension","span":"start","eventType":"session.status","dir":"/private/var/folders/9v/733tfwtj2jvgwygmtrbwj9gm0000gn/T/kilo-e2e-ZPnvgH/workspace"}
[Kilo New][P0-Perf] {"corr":"d2181c65-d721-402a-a10f-d3578a4d15ed","stage":"sse.event","t":1786775260435,"d":89079,"surface":"extension","span":"end","dur":0,"eventType":"session.status","dir":"/private/var/folders/9v/733tfwtj2jvgwygmtrbwj9gm0000gn/T/kilo-e2e-ZPnvgH/workspace"}
[Kilo New] ServerManager: ⚠️ CLI Server stderr: INFO  2026-08-15T06:27:40 +73ms service=default llm.runtime=ai-sdk llm.provider=e2e-local llm.model=e2e-model llm runtime selected
[Kilo New] ServerManager: ⚠️ CLI Server stderr: INFO  2026-08-15T06:27:40 +40ms service=p0-perf event=p0.start stage=tool_execute ts=1786775260544 id=ses_ffbe65b6affeWMAe9X7ERomdq3 meta={"tool":"write","callID":"call_e2e_rollback_1","messageID":"msg_0041ac900001juHJoFJk0HkTnV"} tool_execute
[Kilo New][P0-Perf] {"corr":"d2181c65-d721-402a-a10f-d3578a4d15ed","stage":"sse.event","t":1786775260553,"d":89197,"surface":"extension","span":"start","eventType":"message.part.updated","dir":"/private/var/folders/9v/733tfwtj2jvgwygmtrbwj9gm0000gn/T/kilo-e2e-ZPnvgH/workspace"}
[Kilo New][P0-Perf] {"corr":"d2181c65-d721-402a-a10f-d3578a4d15ed","stage":"sse.event","t":1786775260553,"d":89197,"surface":"extension","span":"end","dur":0,"eventType":"message.part.updated","dir":"/private/var/folders/9v/733tfwtj2jvgwygmtrbwj9gm0000gn/T/kilo-e2e-ZPnvgH/workspace"}
[Kilo New][P0-Perf] {"corr":"d2181c65-d721-402a-a10f-d3578a4d15ed","stage":"sse.event","t":1786775260553,"d":89197,"surface":"extension","span":"start","eventType":"message.part.updated.1","dir":"/private/var/folders/9v/733tfwtj2jvgwygmtrbwj9gm0000gn/T/kilo-e2e-ZPnvgH/workspace"}
[Kilo New][P0-Perf] {"corr":"d2181c65-d721-402a-a10f-d3578a4d15ed","stage":"sse.event","t":1786775260553,"d":89197,"surface":"extension","span":"end","dur":0,"eventType":"message.part.updated.1","dir":"/private/var/folders/9v/733tfwtj2jvgwygmtrbwj9gm0000gn/T/kilo-e2e-ZPnvgH/workspace"}
[Kilo New][P0-Perf] {"corr":"d2181c65-d721-402a-a10f-d3578a4d15ed","stage":"sse.event","t":1786775260553,"d":89197,"surface":"extension","span":"start","eventType":"message.part.updated","dir":"/private/var/folders/9v/733tfwtj2jvgwygmtrbwj9gm0000gn/T/kilo-e2e-ZPnvgH/workspace"}
[Kilo New][P0-Perf] {"corr":"d2181c65-d721-402a-a10f-d3578a4d15ed","stage":"sse.event","t":1786775260553,"d":89197,"surface":"extension","span":"end","dur":0,"eventType":"message.part.updated","dir":"/private/var/folders/9v/733tfwtj2jvgwygmtrbwj9gm0000gn/T/kilo-e2e-ZPnvgH/workspace"}
[Kilo New][P0-Perf] {"corr":"d2181c65-d721-402a-a10f-d3578a4d15ed","stage":"sse.event","t":1786775260554,"d":89198,"surface":"extension","span":"start","eventType":"message.part.updated.1","dir":"/private/var/folders/9v/733tfwtj2jvgwygmtrbwj9gm0000gn/T/kilo-e2e-ZPnvgH/workspace"}
[Kilo New][P0-Perf] {"corr":"d2181c65-d721-402a-a10f-d3578a4d15ed","stage":"sse.event","t":1786775260554,"d":89198,"surface":"extension","span":"end","dur":0,"eventType":"message.part.updated.1","dir":"/private/var/folders/9v/733tfwtj2jvgwygmtrbwj9gm0000gn/T/kilo-e2e-ZPnvgH/workspace"}
[Kilo New][P0-Perf] {"corr":"d2181c65-d721-402a-a10f-d3578a4d15ed","stage":"sse.event","t":1786775260554,"d":89198,"surface":"extension","span":"start","eventType":"message.part.updated","dir":"/private/var/folders/9v/733tfwtj2jvgwygmtrbwj9gm0000gn/T/kilo-e2e-ZPnvgH/workspace"}
[Kilo New][P0-Perf] {"corr":"d2181c65-d721-402a-a10f-d3578a4d15ed","stage":"sse.event","t":1786775260554,"d":89198,"surface":"extension","span":"end","dur":0,"eventType":"message.part.updated","dir":"/private/var/folders/9v/733tfwtj2jvgwygmtrbwj9gm0000gn/T/kilo-e2e-ZPnvgH/workspace"}
[Kilo New][P0-Perf] {"corr":"d2181c65-d721-402a-a10f-d3578a4d15ed","stage":"sse.event","t":1786775260554,"d":89198,"surface":"extension","span":"start","eventType":"message.part.updated.1","dir":"/private/var/folders/9v/733tfwtj2jvgwygmtrbwj9gm0000gn/T/kilo-e2e-ZPnvgH/workspace"}
[Kilo New][P0-Perf] {"corr":"d2181c65-d721-402a-a10f-d3578a4d15ed","stage":"sse.event","t":1786775260554,"d":89198,"surface":"extension","span":"end","dur":0,"eventType":"message.part.updated.1","dir":"/private/var/folders/9v/733tfwtj2jvgwygmtrbwj9gm0000gn/T/kilo-e2e-ZPnvgH/workspace"}
[Kilo New] ServerManager: ⚠️ CLI Server stderr: INFO  2026-08-15T06:27:40 +46ms service=permission permission=edit pattern=rollback.txt action={"permission":"edit","pattern":"rollback.txt","action":"allow"} evaluated
[Kilo New] ServerManager: ⚠️ CLI Server stderr: INFO  2026-08-15T06:27:40 +34ms service=format file=/private/var/folders/9v/733tfwtj2jvgwygmtrbwj9gm0000gn/T/kilo-e2e-ZPnvgH/workspace/rollback.txt formatting
[Kilo New] ServerManager: ⚠️ CLI Server stderr: INFO  2026-08-15T06:27:40 +3ms service=lsp file=/private/var/folders/9v/733tfwtj2jvgwygmtrbwj9gm0000gn/T/kilo-e2e-ZPnvgH/workspace/rollback.txt touching file
[Kilo New] ServerManager: ⚠️ CLI Server stderr: INFO  2026-08-15T06:27:40 +2ms service=p0-perf event=p0.end stage=tool_execute ts=1786775260629 duration=86 id=ses_ffbe65b6affeWMAe9X7ERomdq3 meta={"tool":"write","callID":"call_e2e_rollback_1","messageID":"msg_0041ac900001juHJoFJk0HkTnV"} tool_execute
[Kilo New][P0-Perf] {"corr":"d2181c65-d721-402a-a10f-d3578a4d15ed","stage":"sse.event","t":1786775260643,"d":89287,"surface":"extension","span":"start","eventType":"file.edited","dir":"/private/var/folders/9v/733tfwtj2jvgwygmtrbwj9gm0000gn/T/kilo-e2e-ZPnvgH/workspace"}
[Kilo New][P0-Perf] {"corr":"d2181c65-d721-402a-a10f-d3578a4d15ed","stage":"sse.event","t":1786775260643,"d":89287,"surface":"extension","span":"end","dur":0,"eventType":"file.edited","dir":"/private/var/folders/9v/733tfwtj2jvgwygmtrbwj9gm0000gn/T/kilo-e2e-ZPnvgH/workspace"}
[Kilo New][P0-Perf] {"corr":"d2181c65-d721-402a-a10f-d3578a4d15ed","stage":"sse.event","t":1786775260643,"d":89287,"surface":"extension","span":"start","eventType":"file.watcher.updated","dir":"/private/var/folders/9v/733tfwtj2jvgwygmtrbwj9gm0000gn/T/kilo-e2e-ZPnvgH/workspace"}
[Kilo New][P0-Perf] {"corr":"d2181c65-d721-402a-a10f-d3578a4d15ed","stage":"sse.event","t":1786775260643,"d":89287,"surface":"extension","span":"end","dur":0,"eventType":"file.watcher.updated","dir":"/private/var/folders/9v/733tfwtj2jvgwygmtrbwj9gm0000gn/T/kilo-e2e-ZPnvgH/workspace"}
[Kilo New][P0-Perf] {"corr":"d2181c65-d721-402a-a10f-d3578a4d15ed","stage":"sse.event","t":1786775260644,"d":89288,"surface":"extension","span":"start","eventType":"message.part.updated","dir":"/private/var/folders/9v/733tfwtj2jvgwygmtrbwj9gm0000gn/T/kilo-e2e-ZPnvgH/workspace"}
[Kilo New][P0-Perf] {"corr":"d2181c65-d721-402a-a10f-d3578a4d15ed","stage":"sse.event","t":1786775260644,"d":89288,"surface":"extension","span":"end","dur":0,"eventType":"message.part.updated","dir":"/private/var/folders/9v/733tfwtj2jvgwygmtrbwj9gm0000gn/T/kilo-e2e-ZPnvgH/workspace"}
[Kilo New][P0-Perf] {"corr":"d2181c65-d721-402a-a10f-d3578a4d15ed","stage":"sse.event","t":1786775260644,"d":89288,"surface":"extension","span":"start","eventType":"message.part.updated.1","dir":"/private/var/folders/9v/733tfwtj2jvgwygmtrbwj9gm0000gn/T/kilo-e2e-ZPnvgH/workspace"}
[Kilo New][P0-Perf] {"corr":"d2181c65-d721-402a-a10f-d3578a4d15ed","stage":"sse.event","t":1786775260644,"d":89288,"surface":"extension","span":"end","dur":0,"eventType":"message.part.updated.1","dir":"/private/var/folders/9v/733tfwtj2jvgwygmtrbwj9gm0000gn/T/kilo-e2e-ZPnvgH/workspace"}
[Kilo New][P0-Perf] {"corr":"d2181c65-d721-402a-a10f-d3578a4d15ed","stage":"sse.event","t":1786775261156,"d":89800,"surface":"extension","span":"start","eventType":"message.part.updated","dir":"/private/var/folders/9v/733tfwtj2jvgwygmtrbwj9gm0000gn/T/kilo-e2e-ZPnvgH/workspace"}
[Kilo New][P0-Perf] {"corr":"d2181c65-d721-402a-a10f-d3578a4d15ed","stage":"sse.event","t":1786775261156,"d":89800,"surface":"extension","span":"end","dur":0,"eventType":"message.part.updated","dir":"/private/var/folders/9v/733tfwtj2jvgwygmtrbwj9gm0000gn/T/kilo-e2e-ZPnvgH/workspace"}
[Kilo New][P0-Perf] {"corr":"d2181c65-d721-402a-a10f-d3578a4d15ed","stage":"sse.event","t":1786775261156,"d":89800,"surface":"extension","span":"start","eventType":"message.part.updated.1","dir":"/private/var/folders/9v/733tfwtj2jvgwygmtrbwj9gm0000gn/T/kilo-e2e-ZPnvgH/workspace"}
[Kilo New][P0-Perf] {"corr":"d2181c65-d721-402a-a10f-d3578a4d15ed","stage":"sse.event","t":1786775261156,"d":89800,"surface":"extension","span":"end","dur":0,"eventType":"message.part.updated.1","dir":"/private/var/folders/9v/733tfwtj2jvgwygmtrbwj9gm0000gn/T/kilo-e2e-ZPnvgH/workspace"}
[Kilo New] ServerManager: ⚠️ CLI Server stderr: INFO  2026-08-15T06:27:42 +1398ms service=model-cache providerID=apertis refreshing models
[Kilo New][P0-Perf] {"corr":"d2181c65-d721-402a-a10f-d3578a4d15ed","stage":"sse.event","t":1786775262039,"d":90683,"surface":"extension","span":"start","eventType":"message.part.updated","dir":"/private/var/folders/9v/733tfwtj2jvgwygmtrbwj9gm0000gn/T/kilo-e2e-ZPnvgH/workspace"}
[Kilo New][P0-Perf] {"corr":"d2181c65-d721-402a-a10f-d3578a4d15ed","stage":"sse.event","t":1786775262039,"d":90683,"surface":"extension","span":"end","dur":0,"eventType":"message.part.updated","dir":"/private/var/folders/9v/733tfwtj2jvgwygmtrbwj9gm0000gn/T/kilo-e2e-ZPnvgH/workspace"}
[Kilo New][P0-Perf] {"corr":"d2181c65-d721-402a-a10f-d3578a4d15ed","stage":"sse.event","t":1786775262040,"d":90684,"surface":"extension","span":"start","eventType":"message.part.updated.1","dir":"/private/var/folders/9v/733tfwtj2jvgwygmtrbwj9gm0000gn/T/kilo-e2e-ZPnvgH/workspace"}
[Kilo New][P0-Perf] {"corr":"d2181c65-d721-402a-a10f-d3578a4d15ed","stage":"sse.event","t":1786775262040,"d":90684,"surface":"extension","span":"end","dur":0,"eventType":"message.part.updated.1","dir":"/private/var/folders/9v/733tfwtj2jvgwygmtrbwj9gm0000gn/T/kilo-e2e-ZPnvgH/workspace"}
[Kilo New] ServerManager: ⚠️ CLI Server stderr: INFO  2026-08-15T06:27:42 +13ms service=model-cache providerID=apertis count=0 models fetched and cached
[Kilo New] ServerManager: ⚠️ CLI Server stderr: INFO  2026-08-15T06:27:42 +138ms service=snapshot hash=3d349936edb34f577e45cf44da02f96cd7d4a208 cwd=/private/var/folders/9v/733tfwtj2jvgwygmtrbwj9gm0000gn/T/kilo-e2e-ZPnvgH/workspace git=/var/folders/9v/733tfwtj2jvgwygmtrbwj9gm0000gn/T/kilo-e2e-ZPnvgH/xdg-data/kilo/snapshot/b289fb45de8da4fa44e139efaaf8b5478551cab5/9d6abdc242d21a47adc2bd681ec53d69051777f4 tracking
[Kilo New][P0-Perf] {"corr":"d2181c65-d721-402a-a10f-d3578a4d15ed","stage":"sse.event","t":1786775262214,"d":90858,"surface":"extension","span":"start","eventType":"message.part.updated","dir":"/private/var/folders/9v/733tfwtj2jvgwygmtrbwj9gm0000gn/T/kilo-e2e-ZPnvgH/workspace"}
[Kilo New][P0-Perf] {"corr":"d2181c65-d721-402a-a10f-d3578a4d15ed","stage":"sse.event","t":1786775262215,"d":90859,"surface":"extension","span":"end","dur":1,"eventType":"message.part.updated","dir":"/private/var/folders/9v/733tfwtj2jvgwygmtrbwj9gm0000gn/T/kilo-e2e-ZPnvgH/workspace"}
[Kilo New][P0-Perf] {"corr":"d2181c65-d721-402a-a10f-d3578a4d15ed","stage":"sse.event","t":1786775262215,"d":90859,"surface":"extension","span":"start","eventType":"message.part.updated.1","dir":"/private/var/folders/9v/733tfwtj2jvgwygmtrbwj9gm0000gn/T/kilo-e2e-ZPnvgH/workspace"}
[Kilo New][P0-Perf] {"corr":"d2181c65-d721-402a-a10f-d3578a4d15ed","stage":"sse.event","t":1786775262215,"d":90859,"surface":"extension","span":"end","dur":0,"eventType":"message.part.updated.1","dir":"/private/var/folders/9v/733tfwtj2jvgwygmtrbwj9gm0000gn/T/kilo-e2e-ZPnvgH/workspace"}
[Kilo New][P0-Perf] {"corr":"d2181c65-d721-402a-a10f-d3578a4d15ed","stage":"sse.event","t":1786775262215,"d":90859,"surface":"extension","span":"start","eventType":"message.part.updated","dir":"/private/var/folders/9v/733tfwtj2jvgwygmtrbwj9gm0000gn/T/kilo-e2e-ZPnvgH/workspace"}
[Kilo New][P0-Perf] {"corr":"d2181c65-d721-402a-a10f-d3578a4d15ed","stage":"sse.event","t":1786775262215,"d":90859,"surface":"extension","span":"end","dur":0,"eventType":"message.part.updated","dir":"/private/var/folders/9v/733tfwtj2jvgwygmtrbwj9gm0000gn/T/kilo-e2e-ZPnvgH/workspace"}
[Kilo New][P0-Perf] {"corr":"d2181c65-d721-402a-a10f-d3578a4d15ed","stage":"sse.event","t":1786775262215,"d":90859,"surface":"extension","span":"start","eventType":"message.part.updated.1","dir":"/private/var/folders/9v/733tfwtj2jvgwygmtrbwj9gm0000gn/T/kilo-e2e-ZPnvgH/workspace"}
[Kilo New][P0-Perf] {"corr":"d2181c65-d721-402a-a10f-d3578a4d15ed","stage":"sse.event","t":1786775262215,"d":90859,"surface":"extension","span":"end","dur":0,"eventType":"message.part.updated.1","dir":"/private/var/folders/9v/733tfwtj2jvgwygmtrbwj9gm0000gn/T/kilo-e2e-ZPnvgH/workspace"}
[Kilo New][P0-Perf] {"corr":"d2181c65-d721-402a-a10f-d3578a4d15ed","stage":"sse.event","t":1786775262215,"d":90859,"surface":"extension","span":"start","eventType":"message.updated","dir":"/private/var/folders/9v/733tfwtj2jvgwygmtrbwj9gm0000gn/T/kilo-e2e-ZPnvgH/workspace"}
[Kilo New][P0-Perf] {"corr":"d2181c65-d721-402a-a10f-d3578a4d15ed","stage":"sse.event","t":1786775262216,"d":90860,"surface":"extension","span":"end","dur":1,"eventType":"message.updated","dir":"/private/var/folders/9v/733tfwtj2jvgwygmtrbwj9gm0000gn/T/kilo-e2e-ZPnvgH/workspace"}
[Kilo New][P0-Perf] {"corr":"d2181c65-d721-402a-a10f-d3578a4d15ed","stage":"sse.event","t":1786775262216,"d":90860,"surface":"extension","span":"start","eventType":"message.updated.1","dir":"/private/var/folders/9v/733tfwtj2jvgwygmtrbwj9gm0000gn/T/kilo-e2e-ZPnvgH/workspace"}
[Kilo New][P0-Perf] {"corr":"d2181c65-d721-402a-a10f-d3578a4d15ed","stage":"sse.event","t":1786775262216,"d":90860,"surface":"extension","span":"end","dur":0,"eventType":"message.updated.1","dir":"/private/var/folders/9v/733tfwtj2jvgwygmtrbwj9gm0000gn/T/kilo-e2e-ZPnvgH/workspace"}
[Kilo New][P0-Perf] {"corr":"d2181c65-d721-402a-a10f-d3578a4d15ed","stage":"sse.event","t":1786775262216,"d":90860,"surface":"extension","span":"start","eventType":"message.part.removed","dir":"/private/var/folders/9v/733tfwtj2jvgwygmtrbwj9gm0000gn/T/kilo-e2e-ZPnvgH/workspace"}
[Kilo New][P0-Perf] {"corr":"d2181c65-d721-402a-a10f-d3578a4d15ed","stage":"sse.event","t":1786775262216,"d":90860,"surface":"extension","span":"end","dur":0,"eventType":"message.part.removed","dir":"/private/var/folders/9v/733tfwtj2jvgwygmtrbwj9gm0000gn/T/kilo-e2e-ZPnvgH/workspace"}
[Kilo New][P0-Perf] {"corr":"d2181c65-d721-402a-a10f-d3578a4d15ed","stage":"sse.event","t":1786775262216,"d":90860,"surface":"extension","span":"start","eventType":"message.part.removed.1","dir":"/private/var/folders/9v/733tfwtj2jvgwygmtrbwj9gm0000gn/T/kilo-e2e-ZPnvgH/workspace"}
[Kilo New][P0-Perf] {"corr":"d2181c65-d721-402a-a10f-d3578a4d15ed","stage":"sse.event","t":1786775262216,"d":90860,"surface":"extension","span":"end","dur":0,"eventType":"message.part.removed.1","dir":"/private/var/folders/9v/733tfwtj2jvgwygmtrbwj9gm0000gn/T/kilo-e2e-ZPnvgH/workspace"}
[Kilo New] ServerManager: ⚠️ CLI Server stderr: INFO  2026-08-15T06:27:42 +402ms service=session.prompt session.id=ses_ffbe65b6affeWMAe9X7ERomdq3 step=1 loop
[Kilo New] ServerManager: ⚠️ CLI Server stderr: INFO  2026-08-15T06:27:42 +8ms service=p0-perf event=p0.mark stage=processor_entry ts=1786775262588 id=ses_ffbe65b6affeWMAe9X7ERomdq3 meta={"messageID":"msg_0041ad57a001NypkC7S0hMnbe7","parentID":"msg_0041ac8be001y4bx6cOpIib5R4","model":"e2e-model","provider":"e2e-local"} processor_entry
[Kilo New][P0-Perf] {"corr":"d2181c65-d721-402a-a10f-d3578a4d15ed","stage":"sse.event","t":1786775262599,"d":91243,"surface":"extension","span":"start","eventType":"message.part.updated","dir":"/private/var/folders/9v/733tfwtj2jvgwygmtrbwj9gm0000gn/T/kilo-e2e-ZPnvgH/workspace"}
[Kilo New][P0-Perf] {"corr":"d2181c65-d721-402a-a10f-d3578a4d15ed","stage":"sse.event","t":1786775262599,"d":91243,"surface":"extension","span":"end","dur":0,"eventType":"message.part.updated","dir":"/private/var/folders/9v/733tfwtj2jvgwygmtrbwj9gm0000gn/T/kilo-e2e-ZPnvgH/workspace"}
[Kilo New][P0-Perf] {"corr":"d2181c65-d721-402a-a10f-d3578a4d15ed","stage":"sse.event","t":1786775262599,"d":91243,"surface":"extension","span":"start","eventType":"message.part.updated.1","dir":"/private/var/folders/9v/733tfwtj2jvgwygmtrbwj9gm0000gn/T/kilo-e2e-ZPnvgH/workspace"}
[Kilo New][P0-Perf] {"corr":"d2181c65-d721-402a-a10f-d3578a4d15ed","stage":"sse.event","t":1786775262599,"d":91243,"surface":"extension","span":"end","dur":0,"eventType":"message.part.updated.1","dir":"/private/var/folders/9v/733tfwtj2jvgwygmtrbwj9gm0000gn/T/kilo-e2e-ZPnvgH/workspace"}
[Kilo New][P0-Perf] {"corr":"d2181c65-d721-402a-a10f-d3578a4d15ed","stage":"sse.event","t":1786775262599,"d":91243,"surface":"extension","span":"start","eventType":"message.updated","dir":"/private/var/folders/9v/733tfwtj2jvgwygmtrbwj9gm0000gn/T/kilo-e2e-ZPnvgH/workspace"}
[Kilo New][P0-Perf] {"corr":"d2181c65-d721-402a-a10f-d3578a4d15ed","stage":"sse.event","t":1786775262600,"d":91244,"surface":"extension","span":"end","dur":1,"eventType":"message.updated","dir":"/private/var/folders/9v/733tfwtj2jvgwygmtrbwj9gm0000gn/T/kilo-e2e-ZPnvgH/workspace"}
[Kilo New][P0-Perf] {"corr":"d2181c65-d721-402a-a10f-d3578a4d15ed","stage":"sse.event","t":1786775262600,"d":91244,"surface":"extension","span":"start","eventType":"message.updated.1","dir":"/private/var/folders/9v/733tfwtj2jvgwygmtrbwj9gm0000gn/T/kilo-e2e-ZPnvgH/workspace"}
[Kilo New][P0-Perf] {"corr":"d2181c65-d721-402a-a10f-d3578a4d15ed","stage":"sse.event","t":1786775262600,"d":91244,"surface":"extension","span":"end","dur":0,"eventType":"message.updated.1","dir":"/private/var/folders/9v/733tfwtj2jvgwygmtrbwj9gm0000gn/T/kilo-e2e-ZPnvgH/workspace"}
[Kilo New][P0-Perf] {"corr":"d2181c65-d721-402a-a10f-d3578a4d15ed","stage":"sse.event","t":1786775262600,"d":91244,"surface":"extension","span":"start","eventType":"session.status","dir":"/private/var/folders/9v/733tfwtj2jvgwygmtrbwj9gm0000gn/T/kilo-e2e-ZPnvgH/workspace"}
[Kilo New][P0-Perf] {"corr":"d2181c65-d721-402a-a10f-d3578a4d15ed","stage":"sse.event","t":1786775262600,"d":91244,"surface":"extension","span":"end","dur":0,"eventType":"session.status","dir":"/private/var/folders/9v/733tfwtj2jvgwygmtrbwj9gm0000gn/T/kilo-e2e-ZPnvgH/workspace"}
[Kilo New][P0-Perf] {"corr":"d2181c65-d721-402a-a10f-d3578a4d15ed","stage":"sse.event","t":1786775262600,"d":91244,"surface":"extension","span":"start","eventType":"message.updated","dir":"/private/var/folders/9v/733tfwtj2jvgwygmtrbwj9gm0000gn/T/kilo-e2e-ZPnvgH/workspace"}
[Kilo New][P0-Perf] {"corr":"d2181c65-d721-402a-a10f-d3578a4d15ed","stage":"sse.event","t":1786775262601,"d":91245,"surface":"extension","span":"end","dur":1,"eventType":"message.updated","dir":"/private/var/folders/9v/733tfwtj2jvgwygmtrbwj9gm0000gn/T/kilo-e2e-ZPnvgH/workspace"}
[Kilo New][P0-Perf] {"corr":"d2181c65-d721-402a-a10f-d3578a4d15ed","stage":"sse.event","t":1786775262601,"d":91245,"surface":"extension","span":"start","eventType":"message.updated.1","dir":"/private/var/folders/9v/733tfwtj2jvgwygmtrbwj9gm0000gn/T/kilo-e2e-ZPnvgH/workspace"}
[Kilo New][P0-Perf] {"corr":"d2181c65-d721-402a-a10f-d3578a4d15ed","stage":"model.firstEvent","t":1786775262601,"d":91245,"surface":"extension","sessionID":"ses_ffbe65b6affeWMAe9X7ERomdq3","messageID":"msg_0041ad57a001NypkC7S0hMnbe7","parentID":"msg_0041ac8be001y4bx6cOpIib5R4","dir":"/private/var/folders/9v/733tfwtj2jvgwygmtrbwj9gm0000gn/T/kilo-e2e-ZPnvgH/workspace"}
[Kilo New][P0-Perf] {"corr":"d2181c65-d721-402a-a10f-d3578a4d15ed","stage":"sse.event","t":1786775262601,"d":91245,"surface":"extension","span":"end","dur":0,"eventType":"message.updated.1","dir":"/private/var/folders/9v/733tfwtj2jvgwygmtrbwj9gm0000gn/T/kilo-e2e-ZPnvgH/workspace"}
[Kilo New] ServerManager: ⚠️ CLI Server stderr: INFO  2026-08-15T06:27:42 +302ms service=snapshot hash=3d349936edb34f577e45cf44da02f96cd7d4a208 cwd=/private/var/folders/9v/733tfwtj2jvgwygmtrbwj9gm0000gn/T/kilo-e2e-ZPnvgH/workspace git=/var/folders/9v/733tfwtj2jvgwygmtrbwj9gm0000gn/T/kilo-e2e-ZPnvgH/xdg-data/kilo/snapshot/b289fb45de8da4fa44e139efaaf8b5478551cab5/9d6abdc242d21a47adc2bd681ec53d69051777f4 tracking
[Kilo New] ServerManager: ⚠️ CLI Server stderr: INFO  2026-08-15T06:27:42 +2ms service=session.tools status=started resolveTools
[Kilo New] ServerManager: ⚠️ CLI Server stderr: INFO  2026-08-15T06:27:42 +1ms service=tool.registry status=started invalid
[Kilo New] ServerManager: ⚠️ CLI Server stderr: INFO  2026-08-15T06:27:42 +1ms service=tool.registry status=completed duration=1 invalid
[Kilo New] ServerManager: ⚠️ CLI Server stderr: INFO  2026-08-15T06:27:42 +0ms service=tool.registry status=started question
[Kilo New] ServerManager: ⚠️ CLI Server stderr: INFO  2026-08-15T06:27:42 +0ms service=tool.registry status=completed duration=0 question
[Kilo New] ServerManager: ⚠️ CLI Server stderr: INFO  2026-08-15T06:27:42 +0ms service=tool.registry status=started bash
[Kilo New] ServerManager: ⚠️ CLI Server stderr: INFO  2026-08-15T06:27:42 +0ms service=tool.registry status=completed duration=0 bash
[Kilo New] ServerManager: ⚠️ CLI Server stderr: INFO  2026-08-15T06:27:42 +0ms service=tool.registry status=started read
[Kilo New] ServerManager: ⚠️ CLI Server stderr: INFO  2026-08-15T06:27:42 +1ms service=tool.registry status=completed duration=1 read
[Kilo New] ServerManager: ⚠️ CLI Server stderr: INFO  2026-08-15T06:27:42 +0ms service=tool.registry status=started glob
[Kilo New] ServerManager: ⚠️ CLI Server stderr: INFO  2026-08-15T06:27:42 +0ms service=tool.registry status=completed duration=0 glob
[Kilo New] ServerManager: ⚠️ CLI Server stderr: INFO  2026-08-15T06:27:42 +0ms service=tool.registry status=started grep
[Kilo New] ServerManager: ⚠️ CLI Server stderr: INFO  2026-08-15T06:27:42 +0ms service=tool.registry status=completed duration=0 grep
[Kilo New] ServerManager: ⚠️ CLI Server stderr: INFO  2026-08-15T06:27:42 +0ms service=tool.registry status=started edit
[Kilo New] ServerManager: ⚠️ CLI Server stderr: INFO  2026-08-15T06:27:42 +0ms service=tool.registry status=completed duration=0 edit
[Kilo New] ServerManager: ⚠️ CLI Server stderr: INFO  2026-08-15T06:27:42 +0ms service=tool.registry status=started write
[Kilo New] ServerManager: ⚠️ CLI Server stderr: INFO  2026-08-15T06:27:42 +0ms service=tool.registry status=completed duration=0 write
[Kilo New] ServerManager: ⚠️ CLI Server stderr: INFO  2026-08-15T06:27:42 +0ms service=tool.registry status=started task
[Kilo New] ServerManager: ⚠️ CLI Server stderr: INFO  2026-08-15T06:27:42 +1ms service=tool.registry status=completed duration=1 task
[Kilo New] ServerManager: ⚠️ CLI Server stderr: INFO  2026-08-15T06:27:42 +0ms service=tool.registry status=started webfetch
[Kilo New] ServerManager: ⚠️ CLI Server stderr: INFO  2026-08-15T06:27:42 +0ms service=tool.registry status=completed duration=0 webfetch
[Kilo New] ServerManager: ⚠️ CLI Server stderr: INFO  2026-08-15T06:27:42 +1ms service=tool.registry status=started todowrite
[Kilo New] ServerManager: ⚠️ CLI Server stderr: INFO  2026-08-15T06:27:42 +0ms service=tool.registry status=completed duration=0 todowrite
[Kilo New] ServerManager: ⚠️ CLI Server stderr: INFO  2026-08-15T06:27:42 +0ms service=tool.registry status=started skill
[Kilo New] ServerManager: ⚠️ CLI Server stderr: INFO  2026-08-15T06:27:42 +0ms service=tool.registry status=completed duration=0 skill
[Kilo New] ServerManager: ⚠️ CLI Server stderr: INFO  2026-08-15T06:27:42 +0ms service=tool.registry status=started plan_exit
[Kilo New] ServerManager: ⚠️ CLI Server stderr: INFO  2026-08-15T06:27:42 +0ms service=tool.registry status=completed duration=0 plan_exit
[Kilo New] ServerManager: ⚠️ CLI Server stderr: INFO  2026-08-15T06:27:42 +0ms service=tool.registry status=started kilo_local_recall
[Kilo New] ServerManager: ⚠️ CLI Server stderr: INFO  2026-08-15T06:27:42 +0ms service=tool.registry status=completed duration=0 kilo_local_recall
[Kilo New] ServerManager: ⚠️ CLI Server stderr: INFO  2026-08-15T06:27:42 +0ms service=tool.registry status=started background_process
[Kilo New] ServerManager: ⚠️ CLI Server stderr: INFO  2026-08-15T06:27:42 +0ms service=tool.registry status=completed duration=0 background_process
[Kilo New] ServerManager: ⚠️ CLI Server stderr: INFO  2026-08-15T06:27:42 +0ms service=tool.registry status=started agent_manager_models
[Kilo New] ServerManager: ⚠️ CLI Server stderr: INFO  2026-08-15T06:27:42 +1ms service=tool.registry status=completed duration=1 agent_manager_models
[Kilo New] ServerManager: ⚠️ CLI Server stderr: INFO  2026-08-15T06:27:42 +0ms service=tool.registry status=started agent_manager
[Kilo New] ServerManager: ⚠️ CLI Server stderr: INFO  2026-08-15T06:27:42 +0ms service=tool.registry status=completed duration=0 agent_manager
[Kilo New] ServerManager: ⚠️ CLI Server stderr: INFO  2026-08-15T06:27:42 +0ms service=tool.registry status=started e2e_marker
[Kilo New] ServerManager: ⚠️ CLI Server stderr: INFO  2026-08-15T06:27:42 +0ms service=tool.registry status=completed duration=0 e2e_marker
[Kilo New] ServerManager: ⚠️ CLI Server stderr: INFO  2026-08-15T06:27:42 +1ms service=session.tools status=completed duration=7 resolveTools
[Kilo New] ServerManager: ⚠️ CLI Server stderr: INFO  2026-08-15T06:27:42 +21ms service=session.processor session.id=ses_ffbe65b6affeWMAe9X7ERomdq3 messageID=msg_0041ad57a001NypkC7S0hMnbe7 process
[Kilo New] ServerManager: ⚠️ CLI Server stderr: INFO  2026-08-15T06:27:42 +4ms service=llm providerID=e2e-local modelID=e2e-model session.id=ses_ffbe65b6affeWMAe9X7ERomdq3 small=false agent=e2e-agent mode=primary stream
[Kilo New][P0-Perf] {"corr":"d2181c65-d721-402a-a10f-d3578a4d15ed","stage":"sse.event","t":1786775262944,"d":91588,"surface":"extension","span":"start","eventType":"session.status","dir":"/private/var/folders/9v/733tfwtj2jvgwygmtrbwj9gm0000gn/T/kilo-e2e-ZPnvgH/workspace"}
[Kilo New][P0-Perf] {"corr":"d2181c65-d721-402a-a10f-d3578a4d15ed","stage":"sse.event","t":1786775262944,"d":91588,"surface":"extension","span":"end","dur":0,"eventType":"session.status","dir":"/private/var/folders/9v/733tfwtj2jvgwygmtrbwj9gm0000gn/T/kilo-e2e-ZPnvgH/workspace"}
[Kilo New] ServerManager: ⚠️ CLI Server stderr: INFO  2026-08-15T06:27:42 +67ms service=default llm.runtime=ai-sdk llm.provider=e2e-local llm.model=e2e-model llm runtime selected
[Kilo New][P0-Perf] {"corr":"d2181c65-d721-402a-a10f-d3578a4d15ed","stage":"sse.event","t":1786775263039,"d":91683,"surface":"extension","span":"start","eventType":"message.part.updated","dir":"/private/var/folders/9v/733tfwtj2jvgwygmtrbwj9gm0000gn/T/kilo-e2e-ZPnvgH/workspace"}
[Kilo New][P0-Perf] {"corr":"d2181c65-d721-402a-a10f-d3578a4d15ed","stage":"sse.event","t":1786775263039,"d":91683,"surface":"extension","span":"end","dur":0,"eventType":"message.part.updated","dir":"/private/var/folders/9v/733tfwtj2jvgwygmtrbwj9gm0000gn/T/kilo-e2e-ZPnvgH/workspace"}
[Kilo New][P0-Perf] {"corr":"d2181c65-d721-402a-a10f-d3578a4d15ed","stage":"sse.event","t":1786775263039,"d":91683,"surface":"extension","span":"start","eventType":"message.part.updated.1","dir":"/private/var/folders/9v/733tfwtj2jvgwygmtrbwj9gm0000gn/T/kilo-e2e-ZPnvgH/workspace"}
[Kilo New][P0-Perf] {"corr":"d2181c65-d721-402a-a10f-d3578a4d15ed","stage":"sse.event","t":1786775263039,"d":91683,"surface":"extension","span":"end","dur":0,"eventType":"message.part.updated.1","dir":"/private/var/folders/9v/733tfwtj2jvgwygmtrbwj9gm0000gn/T/kilo-e2e-ZPnvgH/workspace"}
[Kilo New][P0-Perf] {"corr":"d2181c65-d721-402a-a10f-d3578a4d15ed","stage":"sse.event","t":1786775263039,"d":91683,"surface":"extension","span":"start","eventType":"message.part.updated","dir":"/private/var/folders/9v/733tfwtj2jvgwygmtrbwj9gm0000gn/T/kilo-e2e-ZPnvgH/workspace"}
[Kilo New][P0-Perf] {"corr":"d2181c65-d721-402a-a10f-d3578a4d15ed","stage":"sse.event","t":1786775263039,"d":91683,"surface":"extension","span":"end","dur":0,"eventType":"message.part.updated","dir":"/private/var/folders/9v/733tfwtj2jvgwygmtrbwj9gm0000gn/T/kilo-e2e-ZPnvgH/workspace"}
[Kilo New][P0-Perf] {"corr":"d2181c65-d721-402a-a10f-d3578a4d15ed","stage":"sse.event","t":1786775263039,"d":91683,"surface":"extension","span":"start","eventType":"message.part.updated.1","dir":"/private/var/folders/9v/733tfwtj2jvgwygmtrbwj9gm0000gn/T/kilo-e2e-ZPnvgH/workspace"}
[Kilo New][P0-Perf] {"corr":"d2181c65-d721-402a-a10f-d3578a4d15ed","stage":"sse.event","t":1786775263040,"d":91684,"surface":"extension","span":"end","dur":1,"eventType":"message.part.updated.1","dir":"/private/var/folders/9v/733tfwtj2jvgwygmtrbwj9gm0000gn/T/kilo-e2e-ZPnvgH/workspace"}
[Kilo New][P0-Perf] {"corr":"d2181c65-d721-402a-a10f-d3578a4d15ed","stage":"sse.event","t":1786775263040,"d":91684,"surface":"extension","span":"start","eventType":"message.part.delta","dir":"/private/var/folders/9v/733tfwtj2jvgwygmtrbwj9gm0000gn/T/kilo-e2e-ZPnvgH/workspace"}
[Kilo New][P0-Perf] {"corr":"d2181c65-d721-402a-a10f-d3578a4d15ed","stage":"sse.event","t":1786775263040,"d":91684,"surface":"extension","span":"end","dur":0,"eventType":"message.part.delta","dir":"/private/var/folders/9v/733tfwtj2jvgwygmtrbwj9gm0000gn/T/kilo-e2e-ZPnvgH/workspace"}
[Kilo New][P0-Perf] {"corr":"d2181c65-d721-402a-a10f-d3578a4d15ed","stage":"sse.event","t":1786775263040,"d":91684,"surface":"extension","span":"start","eventType":"message.part.updated","dir":"/private/var/folders/9v/733tfwtj2jvgwygmtrbwj9gm0000gn/T/kilo-e2e-ZPnvgH/workspace"}
[Kilo New][P0-Perf] {"corr":"d2181c65-d721-402a-a10f-d3578a4d15ed","stage":"sse.event","t":1786775263040,"d":91684,"surface":"extension","span":"end","dur":0,"eventType":"message.part.updated","dir":"/private/var/folders/9v/733tfwtj2jvgwygmtrbwj9gm0000gn/T/kilo-e2e-ZPnvgH/workspace"}
[Kilo New][P0-Perf] {"corr":"d2181c65-d721-402a-a10f-d3578a4d15ed","stage":"sse.event","t":1786775263040,"d":91684,"surface":"extension","span":"start","eventType":"message.part.updated.1","dir":"/private/var/folders/9v/733tfwtj2jvgwygmtrbwj9gm0000gn/T/kilo-e2e-ZPnvgH/workspace"}
[Kilo New][P0-Perf] {"corr":"d2181c65-d721-402a-a10f-d3578a4d15ed","stage":"sse.event","t":1786775263040,"d":91684,"surface":"extension","span":"end","dur":0,"eventType":"message.part.updated.1","dir":"/private/var/folders/9v/733tfwtj2jvgwygmtrbwj9gm0000gn/T/kilo-e2e-ZPnvgH/workspace"}
[Kilo New][P0-Perf] {"corr":"d2181c65-d721-402a-a10f-d3578a4d15ed","stage":"sse.event","t":1786775263206,"d":91850,"surface":"extension","span":"start","eventType":"session.updated","dir":"/private/var/folders/9v/733tfwtj2jvgwygmtrbwj9gm0000gn/T/kilo-e2e-ZPnvgH/workspace"}
[Kilo New][P0-Perf] {"corr":"d2181c65-d721-402a-a10f-d3578a4d15ed","stage":"sse.event","t":1786775263207,"d":91851,"surface":"extension","span":"end","dur":1,"eventType":"session.updated","dir":"/private/var/folders/9v/733tfwtj2jvgwygmtrbwj9gm0000gn/T/kilo-e2e-ZPnvgH/workspace"}
[Kilo New][P0-Perf] {"corr":"d2181c65-d721-402a-a10f-d3578a4d15ed","stage":"sse.event","t":1786775263207,"d":91851,"surface":"extension","span":"start","eventType":"session.updated.1","dir":"/private/var/folders/9v/733tfwtj2jvgwygmtrbwj9gm0000gn/T/kilo-e2e-ZPnvgH/workspace"}
[Kilo New][P0-Perf] {"corr":"d2181c65-d721-402a-a10f-d3578a4d15ed","stage":"sse.event","t":1786775263207,"d":91851,"surface":"extension","span":"end","dur":0,"eventType":"session.updated.1","dir":"/private/var/folders/9v/733tfwtj2jvgwygmtrbwj9gm0000gn/T/kilo-e2e-ZPnvgH/workspace"}
[Kilo New][P0-Perf] {"corr":"d2181c65-d721-402a-a10f-d3578a4d15ed","stage":"sse.event","t":1786775263214,"d":91858,"surface":"extension","span":"start","eventType":"session.diff","dir":"/private/var/folders/9v/733tfwtj2jvgwygmtrbwj9gm0000gn/T/kilo-e2e-ZPnvgH/workspace"}
[Kilo New][P0-Perf] {"corr":"d2181c65-d721-402a-a10f-d3578a4d15ed","stage":"sse.event","t":1786775263214,"d":91858,"surface":"extension","span":"end","dur":0,"eventType":"session.diff","dir":"/private/var/folders/9v/733tfwtj2jvgwygmtrbwj9gm0000gn/T/kilo-e2e-ZPnvgH/workspace"}
[Kilo New] ServerManager: ⚠️ CLI Server stderr: INFO  2026-08-15T06:27:44 +1276ms service=model-cache providerID=apertis refreshing models
[Kilo New] ServerManager: ⚠️ CLI Server stderr: INFO  2026-08-15T06:27:44 +49ms service=model-cache providerID=apertis count=0 models fetched and cached
[Kilo New][P0-Perf] {"corr":"d2181c65-d721-402a-a10f-d3578a4d15ed","stage":"sse.event","t":1786775264317,"d":92961,"surface":"extension","span":"start","eventType":"message.part.updated","dir":"/private/var/folders/9v/733tfwtj2jvgwygmtrbwj9gm0000gn/T/kilo-e2e-ZPnvgH/workspace"}
[Kilo New][P0-Perf] {"corr":"d2181c65-d721-402a-a10f-d3578a4d15ed","stage":"sse.event","t":1786775264317,"d":92961,"surface":"extension","span":"end","dur":0,"eventType":"message.part.updated","dir":"/private/var/folders/9v/733tfwtj2jvgwygmtrbwj9gm0000gn/T/kilo-e2e-ZPnvgH/workspace"}
[Kilo New][P0-Perf] {"corr":"d2181c65-d721-402a-a10f-d3578a4d15ed","stage":"sse.event","t":1786775264317,"d":92961,"surface":"extension","span":"start","eventType":"message.part.updated.1","dir":"/private/var/folders/9v/733tfwtj2jvgwygmtrbwj9gm0000gn/T/kilo-e2e-ZPnvgH/workspace"}
[Kilo New][P0-Perf] {"corr":"d2181c65-d721-402a-a10f-d3578a4d15ed","stage":"sse.event","t":1786775264317,"d":92961,"surface":"extension","span":"end","dur":0,"eventType":"message.part.updated.1","dir":"/private/var/folders/9v/733tfwtj2jvgwygmtrbwj9gm0000gn/T/kilo-e2e-ZPnvgH/workspace"}
[Kilo New][P0-Perf] {"corr":"d2181c65-d721-402a-a10f-d3578a4d15ed","stage":"sse.event","t":1786775264441,"d":93085,"surface":"extension","span":"start","eventType":"message.part.updated","dir":"/private/var/folders/9v/733tfwtj2jvgwygmtrbwj9gm0000gn/T/kilo-e2e-ZPnvgH/workspace"}
[Kilo New][P0-Perf] {"corr":"d2181c65-d721-402a-a10f-d3578a4d15ed","stage":"sse.event","t":1786775264441,"d":93085,"surface":"extension","span":"end","dur":0,"eventType":"message.part.updated","dir":"/private/var/folders/9v/733tfwtj2jvgwygmtrbwj9gm0000gn/T/kilo-e2e-ZPnvgH/workspace"}
[Kilo New][P0-Perf] {"corr":"d2181c65-d721-402a-a10f-d3578a4d15ed","stage":"sse.event","t":1786775264441,"d":93085,"surface":"extension","span":"start","eventType":"message.part.updated.1","dir":"/private/var/folders/9v/733tfwtj2jvgwygmtrbwj9gm0000gn/T/kilo-e2e-ZPnvgH/workspace"}
[Kilo New][P0-Perf] {"corr":"d2181c65-d721-402a-a10f-d3578a4d15ed","stage":"sse.event","t":1786775264441,"d":93085,"surface":"extension","span":"end","dur":0,"eventType":"message.part.updated.1","dir":"/private/var/folders/9v/733tfwtj2jvgwygmtrbwj9gm0000gn/T/kilo-e2e-ZPnvgH/workspace"}
[Kilo New][P0-Perf] {"corr":"d2181c65-d721-402a-a10f-d3578a4d15ed","stage":"sse.event","t":1786775264624,"d":93268,"surface":"extension","span":"start","eventType":"message.part.updated","dir":"/private/var/folders/9v/733tfwtj2jvgwygmtrbwj9gm0000gn/T/kilo-e2e-ZPnvgH/workspace"}
[Kilo New][P0-Perf] {"corr":"d2181c65-d721-402a-a10f-d3578a4d15ed","stage":"sse.event","t":1786775264624,"d":93268,"surface":"extension","span":"end","dur":0,"eventType":"message.part.updated","dir":"/private/var/folders/9v/733tfwtj2jvgwygmtrbwj9gm0000gn/T/kilo-e2e-ZPnvgH/workspace"}
[Kilo New][P0-Perf] {"corr":"d2181c65-d721-402a-a10f-d3578a4d15ed","stage":"sse.event","t":1786775264624,"d":93268,"surface":"extension","span":"start","eventType":"message.part.updated.1","dir":"/private/var/folders/9v/733tfwtj2jvgwygmtrbwj9gm0000gn/T/kilo-e2e-ZPnvgH/workspace"}
[Kilo New][P0-Perf] {"corr":"d2181c65-d721-402a-a10f-d3578a4d15ed","stage":"sse.event","t":1786775264625,"d":93269,"surface":"extension","span":"end","dur":1,"eventType":"message.part.updated.1","dir":"/private/var/folders/9v/733tfwtj2jvgwygmtrbwj9gm0000gn/T/kilo-e2e-ZPnvgH/workspace"}
[Kilo New] ServerManager: ⚠️ CLI Server stderr: INFO  2026-08-15T06:27:44 +491ms service=snapshot hash=3d349936edb34f577e45cf44da02f96cd7d4a208 cwd=/private/var/folders/9v/733tfwtj2jvgwygmtrbwj9gm0000gn/T/kilo-e2e-ZPnvgH/workspace git=/var/folders/9v/733tfwtj2jvgwygmtrbwj9gm0000gn/T/kilo-e2e-ZPnvgH/xdg-data/kilo/snapshot/b289fb45de8da4fa44e139efaaf8b5478551cab5/9d6abdc242d21a47adc2bd681ec53d69051777f4 tracking
[Kilo New][P0-Perf] {"corr":"d2181c65-d721-402a-a10f-d3578a4d15ed","stage":"sse.event","t":1786775264809,"d":93453,"surface":"extension","span":"start","eventType":"message.part.updated","dir":"/private/var/folders/9v/733tfwtj2jvgwygmtrbwj9gm0000gn/T/kilo-e2e-ZPnvgH/workspace"}
[Kilo New][P0-Perf] {"corr":"d2181c65-d721-402a-a10f-d3578a4d15ed","stage":"sse.event","t":1786775264809,"d":93453,"surface":"extension","span":"end","dur":0,"eventType":"message.part.updated","dir":"/private/var/folders/9v/733tfwtj2jvgwygmtrbwj9gm0000gn/T/kilo-e2e-ZPnvgH/workspace"}
[Kilo New][P0-Perf] {"corr":"d2181c65-d721-402a-a10f-d3578a4d15ed","stage":"sse.event","t":1786775264810,"d":93454,"surface":"extension","span":"start","eventType":"message.part.updated.1","dir":"/private/var/folders/9v/733tfwtj2jvgwygmtrbwj9gm0000gn/T/kilo-e2e-ZPnvgH/workspace"}
[Kilo New][P0-Perf] {"corr":"d2181c65-d721-402a-a10f-d3578a4d15ed","stage":"sse.event","t":1786775264810,"d":93454,"surface":"extension","span":"end","dur":0,"eventType":"message.part.updated.1","dir":"/private/var/folders/9v/733tfwtj2jvgwygmtrbwj9gm0000gn/T/kilo-e2e-ZPnvgH/workspace"}
[Kilo New][P0-Perf] {"corr":"d2181c65-d721-402a-a10f-d3578a4d15ed","stage":"sse.event","t":1786775264982,"d":93626,"surface":"extension","span":"start","eventType":"message.part.updated","dir":"/private/var/folders/9v/733tfwtj2jvgwygmtrbwj9gm0000gn/T/kilo-e2e-ZPnvgH/workspace"}
[Kilo New][P0-Perf] {"corr":"d2181c65-d721-402a-a10f-d3578a4d15ed","stage":"sse.event","t":1786775264982,"d":93626,"surface":"extension","span":"end","dur":0,"eventType":"message.part.updated","dir":"/private/var/folders/9v/733tfwtj2jvgwygmtrbwj9gm0000gn/T/kilo-e2e-ZPnvgH/workspace"}
[Kilo New][P0-Perf] {"corr":"d2181c65-d721-402a-a10f-d3578a4d15ed","stage":"sse.event","t":1786775264982,"d":93626,"surface":"extension","span":"start","eventType":"message.part.updated.1","dir":"/private/var/folders/9v/733tfwtj2jvgwygmtrbwj9gm0000gn/T/kilo-e2e-ZPnvgH/workspace"}
[Kilo New][P0-Perf] {"corr":"d2181c65-d721-402a-a10f-d3578a4d15ed","stage":"sse.event","t":1786775264982,"d":93626,"surface":"extension","span":"end","dur":0,"eventType":"message.part.updated.1","dir":"/private/var/folders/9v/733tfwtj2jvgwygmtrbwj9gm0000gn/T/kilo-e2e-ZPnvgH/workspace"}
[Kilo New][P0-Perf] {"corr":"d2181c65-d721-402a-a10f-d3578a4d15ed","stage":"sse.event","t":1786775264982,"d":93626,"surface":"extension","span":"start","eventType":"message.updated","dir":"/private/var/folders/9v/733tfwtj2jvgwygmtrbwj9gm0000gn/T/kilo-e2e-ZPnvgH/workspace"}
[Kilo New][P0-Perf] {"corr":"d2181c65-d721-402a-a10f-d3578a4d15ed","stage":"sse.event","t":1786775264983,"d":93627,"surface":"extension","span":"end","dur":1,"eventType":"message.updated","dir":"/private/var/folders/9v/733tfwtj2jvgwygmtrbwj9gm0000gn/T/kilo-e2e-ZPnvgH/workspace"}
[Kilo New][P0-Perf] {"corr":"d2181c65-d721-402a-a10f-d3578a4d15ed","stage":"sse.event","t":1786775264983,"d":93627,"surface":"extension","span":"start","eventType":"message.updated.1","dir":"/private/var/folders/9v/733tfwtj2jvgwygmtrbwj9gm0000gn/T/kilo-e2e-ZPnvgH/workspace"}
[Kilo New][P0-Perf] {"corr":"d2181c65-d721-402a-a10f-d3578a4d15ed","stage":"sse.event","t":1786775264983,"d":93627,"surface":"extension","span":"end","dur":0,"eventType":"message.updated.1","dir":"/private/var/folders/9v/733tfwtj2jvgwygmtrbwj9gm0000gn/T/kilo-e2e-ZPnvgH/workspace"}
[Kilo New][P0-Perf] {"corr":"d2181c65-d721-402a-a10f-d3578a4d15ed","stage":"sse.event","t":1786775264983,"d":93627,"surface":"extension","span":"start","eventType":"message.part.removed","dir":"/private/var/folders/9v/733tfwtj2jvgwygmtrbwj9gm0000gn/T/kilo-e2e-ZPnvgH/workspace"}
[Kilo New][P0-Perf] {"corr":"d2181c65-d721-402a-a10f-d3578a4d15ed","stage":"sse.event","t":1786775264984,"d":93628,"surface":"extension","span":"end","dur":1,"eventType":"message.part.removed","dir":"/private/var/folders/9v/733tfwtj2jvgwygmtrbwj9gm0000gn/T/kilo-e2e-ZPnvgH/workspace"}
[Kilo New][P0-Perf] {"corr":"d2181c65-d721-402a-a10f-d3578a4d15ed","stage":"sse.event","t":1786775264984,"d":93628,"surface":"extension","span":"start","eventType":"message.part.removed.1","dir":"/private/var/folders/9v/733tfwtj2jvgwygmtrbwj9gm0000gn/T/kilo-e2e-ZPnvgH/workspace"}
[Kilo New][P0-Perf] {"corr":"d2181c65-d721-402a-a10f-d3578a4d15ed","stage":"sse.event","t":1786775264984,"d":93628,"surface":"extension","span":"end","dur":0,"eventType":"message.part.removed.1","dir":"/private/var/folders/9v/733tfwtj2jvgwygmtrbwj9gm0000gn/T/kilo-e2e-ZPnvgH/workspace"}
[Kilo New] ServerManager: ⚠️ CLI Server stderr: INFO  2026-08-15T06:27:45 +523ms service=session.prompt session.id=ses_ffbe65b6affeWMAe9X7ERomdq3 step=2 loop
[Kilo New] ServerManager: ⚠️ CLI Server stderr: INFO  2026-08-15T06:27:45 +4ms service=session.prompt session.id=ses_ffbe65b6affeWMAe9X7ERomdq3 exiting loop
[Kilo New] ServerManager: ⚠️ CLI Server stderr: INFO  2026-08-15T06:27:45 +14ms service=bus type=session.turn.close publishing
[Kilo New][P0-Perf] {"corr":"d2181c65-d721-402a-a10f-d3578a4d15ed","stage":"sse.event","t":1786775265355,"d":93999,"surface":"extension","span":"start","eventType":"message.updated","dir":"/private/var/folders/9v/733tfwtj2jvgwygmtrbwj9gm0000gn/T/kilo-e2e-ZPnvgH/workspace"}
[Kilo New][P0-Perf] {"corr":"d2181c65-d721-402a-a10f-d3578a4d15ed","stage":"sse.event","t":1786775265355,"d":93999,"surface":"extension","span":"end","dur":0,"eventType":"message.updated","dir":"/private/var/folders/9v/733tfwtj2jvgwygmtrbwj9gm0000gn/T/kilo-e2e-ZPnvgH/workspace"}
[Kilo New][P0-Perf] {"corr":"d2181c65-d721-402a-a10f-d3578a4d15ed","stage":"sse.event","t":1786775265355,"d":93999,"surface":"extension","span":"start","eventType":"message.updated.1","dir":"/private/var/folders/9v/733tfwtj2jvgwygmtrbwj9gm0000gn/T/kilo-e2e-ZPnvgH/workspace"}
[Kilo New][P0-Perf] {"corr":"d2181c65-d721-402a-a10f-d3578a4d15ed","stage":"sse.event","t":1786775265355,"d":93999,"surface":"extension","span":"end","dur":0,"eventType":"message.updated.1","dir":"/private/var/folders/9v/733tfwtj2jvgwygmtrbwj9gm0000gn/T/kilo-e2e-ZPnvgH/workspace"}
[Kilo New][P0-Perf] {"corr":"d2181c65-d721-402a-a10f-d3578a4d15ed","stage":"sse.event","t":1786775265355,"d":93999,"surface":"extension","span":"start","eventType":"session.status","dir":"/private/var/folders/9v/733tfwtj2jvgwygmtrbwj9gm0000gn/T/kilo-e2e-ZPnvgH/workspace"}
[Kilo New][P0-Perf] {"corr":"d2181c65-d721-402a-a10f-d3578a4d15ed","stage":"sse.event","t":1786775265356,"d":94000,"surface":"extension","span":"end","dur":1,"eventType":"session.status","dir":"/private/var/folders/9v/733tfwtj2jvgwygmtrbwj9gm0000gn/T/kilo-e2e-ZPnvgH/workspace"}
[Kilo New][P0-Perf] {"corr":"d2181c65-d721-402a-a10f-d3578a4d15ed","stage":"sse.event","t":1786775265356,"d":94000,"surface":"extension","span":"start","eventType":"session.status","dir":"/private/var/folders/9v/733tfwtj2jvgwygmtrbwj9gm0000gn/T/kilo-e2e-ZPnvgH/workspace"}
[Kilo New][P0-Perf] {"corr":"d2181c65-d721-402a-a10f-d3578a4d15ed","stage":"sse.event","t":1786775265356,"d":94000,"surface":"extension","span":"end","dur":0,"eventType":"session.status","dir":"/private/var/folders/9v/733tfwtj2jvgwygmtrbwj9gm0000gn/T/kilo-e2e-ZPnvgH/workspace"}
[Kilo New][P0-Perf] {"corr":"d2181c65-d721-402a-a10f-d3578a4d15ed","stage":"sse.event","t":1786775265356,"d":94000,"surface":"extension","span":"start","eventType":"session.idle","dir":"/private/var/folders/9v/733tfwtj2jvgwygmtrbwj9gm0000gn/T/kilo-e2e-ZPnvgH/workspace"}
[Kilo New][P0-Perf] {"corr":"d2181c65-d721-402a-a10f-d3578a4d15ed","stage":"sse.event","t":1786775265356,"d":94000,"surface":"extension","span":"end","dur":0,"eventType":"session.idle","dir":"/private/var/folders/9v/733tfwtj2jvgwygmtrbwj9gm0000gn/T/kilo-e2e-ZPnvgH/workspace"}
[Kilo New][P0-Perf] {"corr":"d2181c65-d721-402a-a10f-d3578a4d15ed","stage":"sse.event","t":1786775265356,"d":94000,"surface":"extension","span":"start","eventType":"session.turn.close","dir":"/private/var/folders/9v/733tfwtj2jvgwygmtrbwj9gm0000gn/T/kilo-e2e-ZPnvgH/workspace"}
[Kilo New][P0-Perf] {"corr":"d2181c65-d721-402a-a10f-d3578a4d15ed","stage":"sse.event","t":1786775265357,"d":94001,"surface":"extension","span":"end","dur":1,"eventType":"session.turn.close","dir":"/private/var/folders/9v/733tfwtj2jvgwygmtrbwj9gm0000gn/T/kilo-e2e-ZPnvgH/workspace"}
[Kilo New][P0-Perf] {"corr":"d2181c65-d721-402a-a10f-d3578a4d15ed","stage":"sse.event","t":1786775265425,"d":94069,"surface":"extension","span":"start","eventType":"session.updated","dir":"/private/var/folders/9v/733tfwtj2jvgwygmtrbwj9gm0000gn/T/kilo-e2e-ZPnvgH/workspace"}
[Kilo New][P0-Perf] {"corr":"d2181c65-d721-402a-a10f-d3578a4d15ed","stage":"sse.event","t":1786775265425,"d":94069,"surface":"extension","span":"end","dur":0,"eventType":"session.updated","dir":"/private/var/folders/9v/733tfwtj2jvgwygmtrbwj9gm0000gn/T/kilo-e2e-ZPnvgH/workspace"}
[Kilo New][P0-Perf] {"corr":"d2181c65-d721-402a-a10f-d3578a4d15ed","stage":"sse.event","t":1786775265425,"d":94069,"surface":"extension","span":"start","eventType":"session.updated.1","dir":"/private/var/folders/9v/733tfwtj2jvgwygmtrbwj9gm0000gn/T/kilo-e2e-ZPnvgH/workspace"}
[Kilo New][P0-Perf] {"corr":"d2181c65-d721-402a-a10f-d3578a4d15ed","stage":"sse.event","t":1786775265425,"d":94069,"surface":"extension","span":"end","dur":0,"eventType":"session.updated.1","dir":"/private/var/folders/9v/733tfwtj2jvgwygmtrbwj9gm0000gn/T/kilo-e2e-ZPnvgH/workspace"}
[Kilo New][P0-Perf] {"corr":"d2181c65-d721-402a-a10f-d3578a4d15ed","stage":"sse.event","t":1786775265470,"d":94114,"surface":"extension","span":"start","eventType":"session.diff","dir":"/private/var/folders/9v/733tfwtj2jvgwygmtrbwj9gm0000gn/T/kilo-e2e-ZPnvgH/workspace"}
[Kilo New][P0-Perf] {"corr":"d2181c65-d721-402a-a10f-d3578a4d15ed","stage":"sse.event","t":1786775265470,"d":94114,"surface":"extension","span":"end","dur":0,"eventType":"session.diff","dir":"/private/var/folders/9v/733tfwtj2jvgwygmtrbwj9gm0000gn/T/kilo-e2e-ZPnvgH/workspace"}
[Kilo New] ServerManager: ⚠️ CLI Server stderr: INFO  2026-08-15T06:27:46 +1113ms service=model-cache providerID=apertis refreshing models
[Kilo New] ServerManager: ⚠️ CLI Server stderr: INFO  2026-08-15T06:27:46 +43ms service=model-cache providerID=apertis count=0 models fetched and cached
[Kilo New][P0-Perf] {"corr":"d2181c65-d721-402a-a10f-d3578a4d15ed","stage":"sse.event","t":1786775266569,"d":95213,"surface":"extension","span":"start","eventType":"message.updated","dir":"/private/var/folders/9v/733tfwtj2jvgwygmtrbwj9gm0000gn/T/kilo-e2e-ZPnvgH/workspace"}
[Kilo New][P0-Perf] {"corr":"d2181c65-d721-402a-a10f-d3578a4d15ed","stage":"sse.event","t":1786775266569,"d":95213,"surface":"extension","span":"end","dur":0,"eventType":"message.updated","dir":"/private/var/folders/9v/733tfwtj2jvgwygmtrbwj9gm0000gn/T/kilo-e2e-ZPnvgH/workspace"}
[Kilo New][P0-Perf] {"corr":"d2181c65-d721-402a-a10f-d3578a4d15ed","stage":"sse.event","t":1786775266569,"d":95213,"surface":"extension","span":"start","eventType":"message.updated.1","dir":"/private/var/folders/9v/733tfwtj2jvgwygmtrbwj9gm0000gn/T/kilo-e2e-ZPnvgH/workspace"}
[Kilo New][P0-Perf] {"corr":"d2181c65-d721-402a-a10f-d3578a4d15ed","stage":"sse.event","t":1786775266569,"d":95213,"surface":"extension","span":"end","dur":0,"eventType":"message.updated.1","dir":"/private/var/folders/9v/733tfwtj2jvgwygmtrbwj9gm0000gn/T/kilo-e2e-ZPnvgH/workspace"}
[Kilo New][P0-Perf] {"corr":"d2181c65-d721-402a-a10f-d3578a4d15ed","stage":"sse.event","t":1786775266570,"d":95214,"surface":"extension","span":"start","eventType":"message.updated","dir":"/private/var/folders/9v/733tfwtj2jvgwygmtrbwj9gm0000gn/T/kilo-e2e-ZPnvgH/workspace"}
[Kilo New][P0-Perf] {"corr":"d2181c65-d721-402a-a10f-d3578a4d15ed","stage":"sse.event","t":1786775266570,"d":95214,"surface":"extension","span":"end","dur":0,"eventType":"message.updated","dir":"/private/var/folders/9v/733tfwtj2jvgwygmtrbwj9gm0000gn/T/kilo-e2e-ZPnvgH/workspace"}
[Kilo New][P0-Perf] {"corr":"d2181c65-d721-402a-a10f-d3578a4d15ed","stage":"sse.event","t":1786775266570,"d":95214,"surface":"extension","span":"start","eventType":"message.updated.1","dir":"/private/var/folders/9v/733tfwtj2jvgwygmtrbwj9gm0000gn/T/kilo-e2e-ZPnvgH/workspace"}
[Kilo New][P0-Perf] {"corr":"d2181c65-d721-402a-a10f-d3578a4d15ed","stage":"sse.event","t":1786775266570,"d":95214,"surface":"extension","span":"end","dur":0,"eventType":"message.updated.1","dir":"/private/var/folders/9v/733tfwtj2jvgwygmtrbwj9gm0000gn/T/kilo-e2e-ZPnvgH/workspace"}
[probe] PASS H-12 write: completed write tool part in the backend (attempt 1)
[probe] PASS H-12 tracked file edited: /var/folders/9v/733tfwtj2jvgwygmtrbwj9gm0000gn/T/kilo-e2e-ZPnvgH/workspace/rollback.txt = "E2E_ROLLBACK_EDITED\n"
[probe] PASS H-12 panel shows the edit completion text: transcript text present
[Kilo New][P0-Perf] {"corr":"d2181c65-d721-402a-a10f-d3578a4d15ed","stage":"prompt.submit","t":1786775267484,"d":96128,"surface":"extension","sessionID":"ses_ffbe65b6affeWMAe9X7ERomdq3","messageID":"msg_0041ae8850012h7WKwDOwwd1jq","dir":"/var/folders/9v/733tfwtj2jvgwygmtrbwj9gm0000gn/T/kilo-e2e-ZPnvgH/workspace"}
[Kilo New][P0-Perf] {"corr":"d2181c65-d721-402a-a10f-d3578a4d15ed","stage":"sse.event","t":1786775267531,"d":96175,"surface":"extension","span":"start","eventType":"message.updated","dir":"/private/var/folders/9v/733tfwtj2jvgwygmtrbwj9gm0000gn/T/kilo-e2e-ZPnvgH/workspace"}
[Kilo New][P0-Perf] {"corr":"d2181c65-d721-402a-a10f-d3578a4d15ed","stage":"sse.event","t":1786775267532,"d":96176,"surface":"extension","span":"end","dur":1,"eventType":"message.updated","dir":"/private/var/folders/9v/733tfwtj2jvgwygmtrbwj9gm0000gn/T/kilo-e2e-ZPnvgH/workspace"}
[Kilo New][P0-Perf] {"corr":"d2181c65-d721-402a-a10f-d3578a4d15ed","stage":"sse.event","t":1786775267532,"d":96176,"surface":"extension","span":"start","eventType":"message.updated.1","dir":"/private/var/folders/9v/733tfwtj2jvgwygmtrbwj9gm0000gn/T/kilo-e2e-ZPnvgH/workspace"}
[Kilo New][P0-Perf] {"corr":"d2181c65-d721-402a-a10f-d3578a4d15ed","stage":"sse.event","t":1786775267532,"d":96176,"surface":"extension","span":"end","dur":0,"eventType":"message.updated.1","dir":"/private/var/folders/9v/733tfwtj2jvgwygmtrbwj9gm0000gn/T/kilo-e2e-ZPnvgH/workspace"}
[Kilo New][P0-Perf] {"corr":"d2181c65-d721-402a-a10f-d3578a4d15ed","stage":"sse.event","t":1786775267532,"d":96176,"surface":"extension","span":"start","eventType":"message.part.updated","dir":"/private/var/folders/9v/733tfwtj2jvgwygmtrbwj9gm0000gn/T/kilo-e2e-ZPnvgH/workspace"}
[Kilo New][P0-Perf] {"corr":"d2181c65-d721-402a-a10f-d3578a4d15ed","stage":"sse.event","t":1786775267532,"d":96176,"surface":"extension","span":"end","dur":0,"eventType":"message.part.updated","dir":"/private/var/folders/9v/733tfwtj2jvgwygmtrbwj9gm0000gn/T/kilo-e2e-ZPnvgH/workspace"}
[Kilo New][P0-Perf] {"corr":"d2181c65-d721-402a-a10f-d3578a4d15ed","stage":"sse.event","t":1786775267532,"d":96176,"surface":"extension","span":"start","eventType":"message.part.updated.1","dir":"/private/var/folders/9v/733tfwtj2jvgwygmtrbwj9gm0000gn/T/kilo-e2e-ZPnvgH/workspace"}
[Kilo New][P0-Perf] {"corr":"d2181c65-d721-402a-a10f-d3578a4d15ed","stage":"sse.event","t":1786775267532,"d":96176,"surface":"extension","span":"end","dur":0,"eventType":"message.part.updated.1","dir":"/private/var/folders/9v/733tfwtj2jvgwygmtrbwj9gm0000gn/T/kilo-e2e-ZPnvgH/workspace"}
[Kilo New][P0-Perf] {"corr":"d2181c65-d721-402a-a10f-d3578a4d15ed","stage":"sse.event","t":1786775267532,"d":96176,"surface":"extension","span":"start","eventType":"session.updated","dir":"/private/var/folders/9v/733tfwtj2jvgwygmtrbwj9gm0000gn/T/kilo-e2e-ZPnvgH/workspace"}
[Kilo New][P0-Perf] {"corr":"d2181c65-d721-402a-a10f-d3578a4d15ed","stage":"sse.event","t":1786775267533,"d":96177,"surface":"extension","span":"end","dur":1,"eventType":"session.updated","dir":"/private/var/folders/9v/733tfwtj2jvgwygmtrbwj9gm0000gn/T/kilo-e2e-ZPnvgH/workspace"}
[Kilo New][P0-Perf] {"corr":"d2181c65-d721-402a-a10f-d3578a4d15ed","stage":"sse.event","t":1786775267533,"d":96177,"surface":"extension","span":"start","eventType":"session.updated.1","dir":"/private/var/folders/9v/733tfwtj2jvgwygmtrbwj9gm0000gn/T/kilo-e2e-ZPnvgH/workspace"}
[Kilo New][P0-Perf] {"corr":"d2181c65-d721-402a-a10f-d3578a4d15ed","stage":"sse.event","t":1786775267533,"d":96177,"surface":"extension","span":"end","dur":0,"eventType":"session.updated.1","dir":"/private/var/folders/9v/733tfwtj2jvgwygmtrbwj9gm0000gn/T/kilo-e2e-ZPnvgH/workspace"}
[Kilo New] ServerManager: ⚠️ CLI Server stderr: INFO  2026-08-15T06:27:47 +1078ms service=bus type=session.turn.open publishing
[Kilo New] ServerManager: ⚠️ CLI Server stderr: INFO  2026-08-15T06:27:47 +6ms service=session.prompt session.id=ses_ffbe65b6affeWMAe9X7ERomdq3 step=0 loop
[Kilo New] ServerManager: ⚠️ CLI Server stderr: INFO  2026-08-15T06:27:47 +7ms service=p0-perf event=p0.mark stage=processor_entry ts=1786775267595 id=ses_ffbe65b6affeWMAe9X7ERomdq3 meta={"messageID":"msg_0041ae907001T4MXjat81F0E8a","parentID":"msg_0041ae8850012h7WKwDOwwd1jq","model":"e2e-model","provider":"e2e-local"} processor_entry
[Kilo New][P0-Perf] {"corr":"d2181c65-d721-402a-a10f-d3578a4d15ed","stage":"sse.event","t":1786775267597,"d":96241,"surface":"extension","span":"start","eventType":"session.turn.open","dir":"/private/var/folders/9v/733tfwtj2jvgwygmtrbwj9gm0000gn/T/kilo-e2e-ZPnvgH/workspace"}
[Kilo New][P0-Perf] {"corr":"d2181c65-d721-402a-a10f-d3578a4d15ed","stage":"sse.event","t":1786775267597,"d":96241,"surface":"extension","span":"end","dur":0,"eventType":"session.turn.open","dir":"/private/var/folders/9v/733tfwtj2jvgwygmtrbwj9gm0000gn/T/kilo-e2e-ZPnvgH/workspace"}
[probe] sent prompt via real prompt input: E2E_ROLLBACK_SUMMARY: summarize the edit
[Kilo New][P0-Perf] {"corr":"d2181c65-d721-402a-a10f-d3578a4d15ed","stage":"sse.event","t":1786775267631,"d":96275,"surface":"extension","span":"start","eventType":"session.status","dir":"/private/var/folders/9v/733tfwtj2jvgwygmtrbwj9gm0000gn/T/kilo-e2e-ZPnvgH/workspace"}
[Kilo New][P0-Perf] {"corr":"d2181c65-d721-402a-a10f-d3578a4d15ed","stage":"sse.event","t":1786775267632,"d":96276,"surface":"extension","span":"end","dur":1,"eventType":"session.status","dir":"/private/var/folders/9v/733tfwtj2jvgwygmtrbwj9gm0000gn/T/kilo-e2e-ZPnvgH/workspace"}
[Kilo New][P0-Perf] {"corr":"d2181c65-d721-402a-a10f-d3578a4d15ed","stage":"sse.event","t":1786775267632,"d":96276,"surface":"extension","span":"start","eventType":"message.updated","dir":"/private/var/folders/9v/733tfwtj2jvgwygmtrbwj9gm0000gn/T/kilo-e2e-ZPnvgH/workspace"}
[Kilo New][P0-Perf] {"corr":"d2181c65-d721-402a-a10f-d3578a4d15ed","stage":"sse.event","t":1786775267632,"d":96276,"surface":"extension","span":"end","dur":0,"eventType":"message.updated","dir":"/private/var/folders/9v/733tfwtj2jvgwygmtrbwj9gm0000gn/T/kilo-e2e-ZPnvgH/workspace"}
[Kilo New][P0-Perf] {"corr":"d2181c65-d721-402a-a10f-d3578a4d15ed","stage":"sse.event","t":1786775267632,"d":96276,"surface":"extension","span":"start","eventType":"message.updated.1","dir":"/private/var/folders/9v/733tfwtj2jvgwygmtrbwj9gm0000gn/T/kilo-e2e-ZPnvgH/workspace"}
[Kilo New][P0-Perf] {"corr":"d2181c65-d721-402a-a10f-d3578a4d15ed","stage":"model.firstEvent","t":1786775267632,"d":96276,"surface":"extension","sessionID":"ses_ffbe65b6affeWMAe9X7ERomdq3","messageID":"msg_0041ae907001T4MXjat81F0E8a","parentID":"msg_0041ae8850012h7WKwDOwwd1jq","dir":"/private/var/folders/9v/733tfwtj2jvgwygmtrbwj9gm0000gn/T/kilo-e2e-ZPnvgH/workspace"}
[Kilo New][P0-Perf] {"corr":"d2181c65-d721-402a-a10f-d3578a4d15ed","stage":"sse.event","t":1786775267632,"d":96276,"surface":"extension","span":"end","dur":0,"eventType":"message.updated.1","dir":"/private/var/folders/9v/733tfwtj2jvgwygmtrbwj9gm0000gn/T/kilo-e2e-ZPnvgH/workspace"}
[Kilo New] ServerManager: ⚠️ CLI Server stderr: INFO  2026-08-15T06:27:47 +298ms service=snapshot hash=3d349936edb34f577e45cf44da02f96cd7d4a208 cwd=/private/var/folders/9v/733tfwtj2jvgwygmtrbwj9gm0000gn/T/kilo-e2e-ZPnvgH/workspace git=/var/folders/9v/733tfwtj2jvgwygmtrbwj9gm0000gn/T/kilo-e2e-ZPnvgH/xdg-data/kilo/snapshot/b289fb45de8da4fa44e139efaaf8b5478551cab5/9d6abdc242d21a47adc2bd681ec53d69051777f4 tracking
[Kilo New] ServerManager: ⚠️ CLI Server stderr: INFO  2026-08-15T06:27:49 +1644ms service=model-cache providerID=apertis refreshing models
[Kilo New] ServerManager: ⚠️ CLI Server stderr: INFO  2026-08-15T06:27:49 +54ms service=session.tools status=started resolveTools
[Kilo New] ServerManager: ⚠️ CLI Server stderr: INFO  2026-08-15T06:27:49 +5ms service=model-cache providerID=apertis count=0 models fetched and cached
[Kilo New] ServerManager: ⚠️ CLI Server stderr: INFO  2026-08-15T06:27:49 +42ms service=tool.registry status=started invalid
[Kilo New] ServerManager: ⚠️ CLI Server stderr: INFO  2026-08-15T06:27:49 +1ms service=tool.registry status=completed duration=1 invalid
[Kilo New] ServerManager: ⚠️ CLI Server stderr: INFO  2026-08-15T06:27:49 +0ms service=tool.registry status=started question
[Kilo New] ServerManager: ⚠️ CLI Server stderr: INFO  2026-08-15T06:27:49 +0ms service=tool.registry status=completed duration=0 question
[Kilo New] ServerManager: ⚠️ CLI Server stderr: INFO  2026-08-15T06:27:49 +0ms service=tool.registry status=started bash
[Kilo New] ServerManager: ⚠️ CLI Server stderr: INFO  2026-08-15T06:27:49 +0ms service=tool.registry status=completed duration=0 bash
[Kilo New] ServerManager: ⚠️ CLI Server stderr: INFO  2026-08-15T06:27:49 +0ms service=tool.registry status=started read
[Kilo New] ServerManager: ⚠️ CLI Server stderr: INFO  2026-08-15T06:27:49 +0ms service=tool.registry status=completed duration=0 read
[Kilo New] ServerManager: ⚠️ CLI Server stderr: INFO  2026-08-15T06:27:49 +0ms service=tool.registry status=started glob
[Kilo New] ServerManager: ⚠️ CLI Server stderr: INFO  2026-08-15T06:27:49 +0ms service=tool.registry status=completed duration=0 glob
[Kilo New] ServerManager: ⚠️ CLI Server stderr: INFO  2026-08-15T06:27:49 +0ms service=tool.registry status=started grep
[Kilo New] ServerManager: ⚠️ CLI Server stderr: INFO  2026-08-15T06:27:49 +1ms service=tool.registry status=completed duration=1 grep
[Kilo New] ServerManager: ⚠️ CLI Server stderr: INFO  2026-08-15T06:27:49 +0ms service=tool.registry status=started edit
[Kilo New] ServerManager: ⚠️ CLI Server stderr: INFO  2026-08-15T06:27:49 +0ms service=tool.registry status=completed duration=0 edit
[Kilo New] ServerManager: ⚠️ CLI Server stderr: INFO  2026-08-15T06:27:49 +0ms service=tool.registry status=started write
[Kilo New] ServerManager: ⚠️ CLI Server stderr: INFO  2026-08-15T06:27:49 +0ms service=tool.registry status=completed duration=0 write
[Kilo New] ServerManager: ⚠️ CLI Server stderr: INFO  2026-08-15T06:27:49 +0ms service=tool.registry status=started task
[Kilo New] ServerManager: ⚠️ CLI Server stderr: INFO  2026-08-15T06:27:49 +0ms service=tool.registry status=completed duration=0 task
[Kilo New] ServerManager: ⚠️ CLI Server stderr: INFO  2026-08-15T06:27:49 +0ms service=tool.registry status=started webfetch
[Kilo New] ServerManager: ⚠️ CLI Server stderr: INFO  2026-08-15T06:27:49 +0ms service=tool.registry status=completed duration=0 webfetch
[Kilo New] ServerManager: ⚠️ CLI Server stderr: INFO  2026-08-15T06:27:49 +0ms service=tool.registry status=started todowrite
[Kilo New] ServerManager: ⚠️ CLI Server stderr: INFO  2026-08-15T06:27:49 +0ms service=tool.registry status=completed duration=0 todowrite
[Kilo New] ServerManager: ⚠️ CLI Server stderr: INFO  2026-08-15T06:27:49 +0ms service=tool.registry status=started skill
[Kilo New] ServerManager: ⚠️ CLI Server stderr: INFO  2026-08-15T06:27:49 +2ms service=tool.registry status=completed duration=2 skill
[Kilo New] ServerManager: ⚠️ CLI Server stderr: INFO  2026-08-15T06:27:49 +0ms service=tool.registry status=started plan_exit
[Kilo New] ServerManager: ⚠️ CLI Server stderr: INFO  2026-08-15T06:27:49 +1ms service=tool.registry status=completed duration=1 plan_exit
[Kilo New] ServerManager: ⚠️ CLI Server stderr: INFO  2026-08-15T06:27:49 +0ms service=tool.registry status=started kilo_local_recall
[Kilo New] ServerManager: ⚠️ CLI Server stderr: INFO  2026-08-15T06:27:49 +0ms service=tool.registry status=completed duration=0 kilo_local_recall
[Kilo New] ServerManager: ⚠️ CLI Server stderr: INFO  2026-08-15T06:27:49 +0ms service=tool.registry status=started background_process
[Kilo New] ServerManager: ⚠️ CLI Server stderr: INFO  2026-08-15T06:27:49 +0ms service=tool.registry status=completed duration=0 background_process
[Kilo New] ServerManager: ⚠️ CLI Server stderr: INFO  2026-08-15T06:27:49 +0ms service=tool.registry status=started agent_manager_models
[Kilo New] ServerManager: ⚠️ CLI Server stderr: INFO  2026-08-15T06:27:49 +0ms service=tool.registry status=completed duration=0 agent_manager_models
[Kilo New] ServerManager: ⚠️ CLI Server stderr: INFO  2026-08-15T06:27:49 +0ms service=tool.registry status=started agent_manager
[Kilo New] ServerManager: ⚠️ CLI Server stderr: INFO  2026-08-15T06:27:49 +0ms service=tool.registry status=completed duration=0 agent_manager
[Kilo New] ServerManager: ⚠️ CLI Server stderr: INFO  2026-08-15T06:27:49 +0ms service=tool.registry status=started e2e_marker
[Kilo New] ServerManager: ⚠️ CLI Server stderr: INFO  2026-08-15T06:27:49 +0ms service=tool.registry status=completed duration=0 e2e_marker
[Kilo New] ServerManager: ⚠️ CLI Server stderr: INFO  2026-08-15T06:27:49 +1ms service=session.tools status=completed duration=53 resolveTools
[Kilo New][P0-Perf] {"corr":"d2181c65-d721-402a-a10f-d3578a4d15ed","stage":"sse.event","t":1786775269643,"d":98287,"surface":"extension","span":"start","eventType":"server.heartbeat"}
[Kilo New][P0-Perf] {"corr":"d2181c65-d721-402a-a10f-d3578a4d15ed","stage":"sse.event","t":1786775269643,"d":98287,"surface":"extension","span":"end","dur":0,"eventType":"server.heartbeat"}
[Kilo New][P0-Perf] {"corr":"d2181c65-d721-402a-a10f-d3578a4d15ed","stage":"sse.event","t":1786775269643,"d":98287,"surface":"extension","span":"start","eventType":"message.part.updated","dir":"/private/var/folders/9v/733tfwtj2jvgwygmtrbwj9gm0000gn/T/kilo-e2e-ZPnvgH/workspace"}
[Kilo New][P0-Perf] {"corr":"d2181c65-d721-402a-a10f-d3578a4d15ed","stage":"sse.event","t":1786775269644,"d":98288,"surface":"extension","span":"end","dur":1,"eventType":"message.part.updated","dir":"/private/var/folders/9v/733tfwtj2jvgwygmtrbwj9gm0000gn/T/kilo-e2e-ZPnvgH/workspace"}
[Kilo New][P0-Perf] {"corr":"d2181c65-d721-402a-a10f-d3578a4d15ed","stage":"sse.event","t":1786775269644,"d":98288,"surface":"extension","span":"start","eventType":"message.part.updated.1","dir":"/private/var/folders/9v/733tfwtj2jvgwygmtrbwj9gm0000gn/T/kilo-e2e-ZPnvgH/workspace"}
[Kilo New][P0-Perf] {"corr":"d2181c65-d721-402a-a10f-d3578a4d15ed","stage":"sse.event","t":1786775269644,"d":98288,"surface":"extension","span":"end","dur":0,"eventType":"message.part.updated.1","dir":"/private/var/folders/9v/733tfwtj2jvgwygmtrbwj9gm0000gn/T/kilo-e2e-ZPnvgH/workspace"}
[Kilo New][P0-Perf] {"corr":"d2181c65-d721-402a-a10f-d3578a4d15ed","stage":"sse.event","t":1786775269644,"d":98288,"surface":"extension","span":"start","eventType":"message.part.removed","dir":"/private/var/folders/9v/733tfwtj2jvgwygmtrbwj9gm0000gn/T/kilo-e2e-ZPnvgH/workspace"}
[Kilo New][P0-Perf] {"corr":"d2181c65-d721-402a-a10f-d3578a4d15ed","stage":"sse.event","t":1786775269644,"d":98288,"surface":"extension","span":"end","dur":0,"eventType":"message.part.removed","dir":"/private/var/folders/9v/733tfwtj2jvgwygmtrbwj9gm0000gn/T/kilo-e2e-ZPnvgH/workspace"}
[Kilo New][P0-Perf] {"corr":"d2181c65-d721-402a-a10f-d3578a4d15ed","stage":"sse.event","t":1786775269644,"d":98288,"surface":"extension","span":"start","eventType":"message.part.removed.1","dir":"/private/var/folders/9v/733tfwtj2jvgwygmtrbwj9gm0000gn/T/kilo-e2e-ZPnvgH/workspace"}
[Kilo New][P0-Perf] {"corr":"d2181c65-d721-402a-a10f-d3578a4d15ed","stage":"sse.event","t":1786775269644,"d":98288,"surface":"extension","span":"end","dur":0,"eventType":"message.part.removed.1","dir":"/private/var/folders/9v/733tfwtj2jvgwygmtrbwj9gm0000gn/T/kilo-e2e-ZPnvgH/workspace"}
[Kilo New][P0-Perf] {"corr":"d2181c65-d721-402a-a10f-d3578a4d15ed","stage":"sse.event","t":1786775269802,"d":98446,"surface":"extension","span":"start","eventType":"session.updated","dir":"/private/var/folders/9v/733tfwtj2jvgwygmtrbwj9gm0000gn/T/kilo-e2e-ZPnvgH/workspace"}
[Kilo New][P0-Perf] {"corr":"d2181c65-d721-402a-a10f-d3578a4d15ed","stage":"sse.event","t":1786775269802,"d":98446,"surface":"extension","span":"end","dur":0,"eventType":"session.updated","dir":"/private/var/folders/9v/733tfwtj2jvgwygmtrbwj9gm0000gn/T/kilo-e2e-ZPnvgH/workspace"}
[Kilo New][P0-Perf] {"corr":"d2181c65-d721-402a-a10f-d3578a4d15ed","stage":"sse.event","t":1786775269803,"d":98447,"surface":"extension","span":"start","eventType":"session.updated.1","dir":"/private/var/folders/9v/733tfwtj2jvgwygmtrbwj9gm0000gn/T/kilo-e2e-ZPnvgH/workspace"}
[Kilo New][P0-Perf] {"corr":"d2181c65-d721-402a-a10f-d3578a4d15ed","stage":"sse.event","t":1786775269803,"d":98447,"surface":"extension","span":"end","dur":0,"eventType":"session.updated.1","dir":"/private/var/folders/9v/733tfwtj2jvgwygmtrbwj9gm0000gn/T/kilo-e2e-ZPnvgH/workspace"}
[Kilo New] ServerManager: ⚠️ CLI Server stderr: INFO  2026-08-15T06:27:49 +219ms service=session.processor session.id=ses_ffbe65b6affeWMAe9X7ERomdq3 messageID=msg_0041ae907001T4MXjat81F0E8a process
[Kilo New] ServerManager: ⚠️ CLI Server stderr: INFO  2026-08-15T06:27:49 +3ms service=llm providerID=e2e-local modelID=e2e-model session.id=ses_ffbe65b6affeWMAe9X7ERomdq3 small=false agent=e2e-agent mode=primary stream
[Kilo New][P0-Perf] {"corr":"d2181c65-d721-402a-a10f-d3578a4d15ed","stage":"sse.event","t":1786775269870,"d":98514,"surface":"extension","span":"start","eventType":"session.diff","dir":"/private/var/folders/9v/733tfwtj2jvgwygmtrbwj9gm0000gn/T/kilo-e2e-ZPnvgH/workspace"}
[Kilo New][P0-Perf] {"corr":"d2181c65-d721-402a-a10f-d3578a4d15ed","stage":"sse.event","t":1786775269870,"d":98514,"surface":"extension","span":"end","dur":0,"eventType":"session.diff","dir":"/private/var/folders/9v/733tfwtj2jvgwygmtrbwj9gm0000gn/T/kilo-e2e-ZPnvgH/workspace"}
[Kilo New][P0-Perf] {"corr":"d2181c65-d721-402a-a10f-d3578a4d15ed","stage":"sse.event","t":1786775269870,"d":98514,"surface":"extension","span":"start","eventType":"message.updated","dir":"/private/var/folders/9v/733tfwtj2jvgwygmtrbwj9gm0000gn/T/kilo-e2e-ZPnvgH/workspace"}
[Kilo New][P0-Perf] {"corr":"d2181c65-d721-402a-a10f-d3578a4d15ed","stage":"sse.event","t":1786775269871,"d":98515,"surface":"extension","span":"end","dur":1,"eventType":"message.updated","dir":"/private/var/folders/9v/733tfwtj2jvgwygmtrbwj9gm0000gn/T/kilo-e2e-ZPnvgH/workspace"}
[Kilo New][P0-Perf] {"corr":"d2181c65-d721-402a-a10f-d3578a4d15ed","stage":"sse.event","t":1786775269871,"d":98515,"surface":"extension","span":"start","eventType":"message.updated.1","dir":"/private/var/folders/9v/733tfwtj2jvgwygmtrbwj9gm0000gn/T/kilo-e2e-ZPnvgH/workspace"}
[Kilo New][P0-Perf] {"corr":"d2181c65-d721-402a-a10f-d3578a4d15ed","stage":"sse.event","t":1786775269871,"d":98515,"surface":"extension","span":"end","dur":0,"eventType":"message.updated.1","dir":"/private/var/folders/9v/733tfwtj2jvgwygmtrbwj9gm0000gn/T/kilo-e2e-ZPnvgH/workspace"}
[Kilo New][P0-Perf] {"corr":"d2181c65-d721-402a-a10f-d3578a4d15ed","stage":"sse.event","t":1786775269871,"d":98515,"surface":"extension","span":"start","eventType":"session.status","dir":"/private/var/folders/9v/733tfwtj2jvgwygmtrbwj9gm0000gn/T/kilo-e2e-ZPnvgH/workspace"}
[Kilo New][P0-Perf] {"corr":"d2181c65-d721-402a-a10f-d3578a4d15ed","stage":"sse.event","t":1786775269871,"d":98515,"surface":"extension","span":"end","dur":0,"eventType":"session.status","dir":"/private/var/folders/9v/733tfwtj2jvgwygmtrbwj9gm0000gn/T/kilo-e2e-ZPnvgH/workspace"}
[Kilo New] ServerManager: ⚠️ CLI Server stderr: INFO  2026-08-15T06:27:49 +20ms service=default llm.runtime=ai-sdk llm.provider=e2e-local llm.model=e2e-model llm runtime selected
[Kilo New][P0-Perf] {"corr":"d2181c65-d721-402a-a10f-d3578a4d15ed","stage":"sse.event","t":1786775269990,"d":98634,"surface":"extension","span":"start","eventType":"message.part.updated","dir":"/private/var/folders/9v/733tfwtj2jvgwygmtrbwj9gm0000gn/T/kilo-e2e-ZPnvgH/workspace"}
[Kilo New][P0-Perf] {"corr":"d2181c65-d721-402a-a10f-d3578a4d15ed","stage":"sse.event","t":1786775269990,"d":98634,"surface":"extension","span":"end","dur":0,"eventType":"message.part.updated","dir":"/private/var/folders/9v/733tfwtj2jvgwygmtrbwj9gm0000gn/T/kilo-e2e-ZPnvgH/workspace"}
[Kilo New][P0-Perf] {"corr":"d2181c65-d721-402a-a10f-d3578a4d15ed","stage":"sse.event","t":1786775269990,"d":98634,"surface":"extension","span":"start","eventType":"message.part.updated.1","dir":"/private/var/folders/9v/733tfwtj2jvgwygmtrbwj9gm0000gn/T/kilo-e2e-ZPnvgH/workspace"}
[Kilo New][P0-Perf] {"corr":"d2181c65-d721-402a-a10f-d3578a4d15ed","stage":"sse.event","t":1786775269990,"d":98634,"surface":"extension","span":"end","dur":0,"eventType":"message.part.updated.1","dir":"/private/var/folders/9v/733tfwtj2jvgwygmtrbwj9gm0000gn/T/kilo-e2e-ZPnvgH/workspace"}
[Kilo New][P0-Perf] {"corr":"d2181c65-d721-402a-a10f-d3578a4d15ed","stage":"sse.event","t":1786775269990,"d":98634,"surface":"extension","span":"start","eventType":"message.part.updated","dir":"/private/var/folders/9v/733tfwtj2jvgwygmtrbwj9gm0000gn/T/kilo-e2e-ZPnvgH/workspace"}
[Kilo New][P0-Perf] {"corr":"d2181c65-d721-402a-a10f-d3578a4d15ed","stage":"sse.event","t":1786775269991,"d":98635,"surface":"extension","span":"end","dur":1,"eventType":"message.part.updated","dir":"/private/var/folders/9v/733tfwtj2jvgwygmtrbwj9gm0000gn/T/kilo-e2e-ZPnvgH/workspace"}
[Kilo New][P0-Perf] {"corr":"d2181c65-d721-402a-a10f-d3578a4d15ed","stage":"sse.event","t":1786775269991,"d":98635,"surface":"extension","span":"start","eventType":"message.part.updated.1","dir":"/private/var/folders/9v/733tfwtj2jvgwygmtrbwj9gm0000gn/T/kilo-e2e-ZPnvgH/workspace"}
[Kilo New][P0-Perf] {"corr":"d2181c65-d721-402a-a10f-d3578a4d15ed","stage":"sse.event","t":1786775269991,"d":98635,"surface":"extension","span":"end","dur":0,"eventType":"message.part.updated.1","dir":"/private/var/folders/9v/733tfwtj2jvgwygmtrbwj9gm0000gn/T/kilo-e2e-ZPnvgH/workspace"}
[Kilo New][P0-Perf] {"corr":"d2181c65-d721-402a-a10f-d3578a4d15ed","stage":"sse.event","t":1786775269991,"d":98635,"surface":"extension","span":"start","eventType":"message.part.delta","dir":"/private/var/folders/9v/733tfwtj2jvgwygmtrbwj9gm0000gn/T/kilo-e2e-ZPnvgH/workspace"}
[Kilo New][P0-Perf] {"corr":"d2181c65-d721-402a-a10f-d3578a4d15ed","stage":"sse.event","t":1786775269991,"d":98635,"surface":"extension","span":"end","dur":0,"eventType":"message.part.delta","dir":"/private/var/folders/9v/733tfwtj2jvgwygmtrbwj9gm0000gn/T/kilo-e2e-ZPnvgH/workspace"}
[Kilo New][P0-Perf] {"corr":"d2181c65-d721-402a-a10f-d3578a4d15ed","stage":"sse.event","t":1786775269991,"d":98635,"surface":"extension","span":"start","eventType":"message.part.updated","dir":"/private/var/folders/9v/733tfwtj2jvgwygmtrbwj9gm0000gn/T/kilo-e2e-ZPnvgH/workspace"}
[Kilo New][P0-Perf] {"corr":"d2181c65-d721-402a-a10f-d3578a4d15ed","stage":"sse.event","t":1786775269991,"d":98635,"surface":"extension","span":"end","dur":0,"eventType":"message.part.updated","dir":"/private/var/folders/9v/733tfwtj2jvgwygmtrbwj9gm0000gn/T/kilo-e2e-ZPnvgH/workspace"}
[Kilo New][P0-Perf] {"corr":"d2181c65-d721-402a-a10f-d3578a4d15ed","stage":"sse.event","t":1786775269991,"d":98635,"surface":"extension","span":"start","eventType":"message.part.updated.1","dir":"/private/var/folders/9v/733tfwtj2jvgwygmtrbwj9gm0000gn/T/kilo-e2e-ZPnvgH/workspace"}
[Kilo New][P0-Perf] {"corr":"d2181c65-d721-402a-a10f-d3578a4d15ed","stage":"sse.event","t":1786775269992,"d":98636,"surface":"extension","span":"end","dur":1,"eventType":"message.part.updated.1","dir":"/private/var/folders/9v/733tfwtj2jvgwygmtrbwj9gm0000gn/T/kilo-e2e-ZPnvgH/workspace"}
[Kilo New] ServerManager: ⚠️ CLI Server stderr: INFO  2026-08-15T06:27:50 +346ms service=snapshot hash=3d349936edb34f577e45cf44da02f96cd7d4a208 cwd=/private/var/folders/9v/733tfwtj2jvgwygmtrbwj9gm0000gn/T/kilo-e2e-ZPnvgH/workspace git=/var/folders/9v/733tfwtj2jvgwygmtrbwj9gm0000gn/T/kilo-e2e-ZPnvgH/xdg-data/kilo/snapshot/b289fb45de8da4fa44e139efaaf8b5478551cab5/9d6abdc242d21a47adc2bd681ec53d69051777f4 tracking
[Kilo New][P0-Perf] {"corr":"d2181c65-d721-402a-a10f-d3578a4d15ed","stage":"sse.event","t":1786775270246,"d":98890,"surface":"extension","span":"start","eventType":"message.part.updated","dir":"/private/var/folders/9v/733tfwtj2jvgwygmtrbwj9gm0000gn/T/kilo-e2e-ZPnvgH/workspace"}
[Kilo New][P0-Perf] {"corr":"d2181c65-d721-402a-a10f-d3578a4d15ed","stage":"sse.event","t":1786775270246,"d":98890,"surface":"extension","span":"end","dur":0,"eventType":"message.part.updated","dir":"/private/var/folders/9v/733tfwtj2jvgwygmtrbwj9gm0000gn/T/kilo-e2e-ZPnvgH/workspace"}
[Kilo New][P0-Perf] {"corr":"d2181c65-d721-402a-a10f-d3578a4d15ed","stage":"sse.event","t":1786775270246,"d":98890,"surface":"extension","span":"start","eventType":"message.part.updated.1","dir":"/private/var/folders/9v/733tfwtj2jvgwygmtrbwj9gm0000gn/T/kilo-e2e-ZPnvgH/workspace"}
[Kilo New][P0-Perf] {"corr":"d2181c65-d721-402a-a10f-d3578a4d15ed","stage":"sse.event","t":1786775270247,"d":98891,"surface":"extension","span":"end","dur":1,"eventType":"message.part.updated.1","dir":"/private/var/folders/9v/733tfwtj2jvgwygmtrbwj9gm0000gn/T/kilo-e2e-ZPnvgH/workspace"}
[Kilo New][P0-Perf] {"corr":"d2181c65-d721-402a-a10f-d3578a4d15ed","stage":"sse.event","t":1786775270247,"d":98891,"surface":"extension","span":"start","eventType":"message.updated","dir":"/private/var/folders/9v/733tfwtj2jvgwygmtrbwj9gm0000gn/T/kilo-e2e-ZPnvgH/workspace"}
[Kilo New][P0-Perf] {"corr":"d2181c65-d721-402a-a10f-d3578a4d15ed","stage":"sse.event","t":1786775270247,"d":98891,"surface":"extension","span":"end","dur":0,"eventType":"message.updated","dir":"/private/var/folders/9v/733tfwtj2jvgwygmtrbwj9gm0000gn/T/kilo-e2e-ZPnvgH/workspace"}
[Kilo New][P0-Perf] {"corr":"d2181c65-d721-402a-a10f-d3578a4d15ed","stage":"sse.event","t":1786775270247,"d":98891,"surface":"extension","span":"start","eventType":"message.updated.1","dir":"/private/var/folders/9v/733tfwtj2jvgwygmtrbwj9gm0000gn/T/kilo-e2e-ZPnvgH/workspace"}
[Kilo New][P0-Perf] {"corr":"d2181c65-d721-402a-a10f-d3578a4d15ed","stage":"sse.event","t":1786775270247,"d":98891,"surface":"extension","span":"end","dur":0,"eventType":"message.updated.1","dir":"/private/var/folders/9v/733tfwtj2jvgwygmtrbwj9gm0000gn/T/kilo-e2e-ZPnvgH/workspace"}
[Kilo New] ServerManager: ⚠️ CLI Server stderr: INFO  2026-08-15T06:27:50 +205ms service=session.prompt session.id=ses_ffbe65b6affeWMAe9X7ERomdq3 step=1 loop
[Kilo New] ServerManager: ⚠️ CLI Server stderr: INFO  2026-08-15T06:27:50 +2ms service=session.prompt session.id=ses_ffbe65b6affeWMAe9X7ERomdq3 exiting loop
[Kilo New] ServerManager: ⚠️ CLI Server stderr: INFO  2026-08-15T06:27:50 +3ms service=bus type=session.turn.close publishing
[Kilo New][P0-Perf] {"corr":"d2181c65-d721-402a-a10f-d3578a4d15ed","stage":"sse.event","t":1786775270447,"d":99091,"surface":"extension","span":"start","eventType":"message.updated","dir":"/private/var/folders/9v/733tfwtj2jvgwygmtrbwj9gm0000gn/T/kilo-e2e-ZPnvgH/workspace"}
[Kilo New][P0-Perf] {"corr":"d2181c65-d721-402a-a10f-d3578a4d15ed","stage":"sse.event","t":1786775270448,"d":99092,"surface":"extension","span":"end","dur":1,"eventType":"message.updated","dir":"/private/var/folders/9v/733tfwtj2jvgwygmtrbwj9gm0000gn/T/kilo-e2e-ZPnvgH/workspace"}
[Kilo New][P0-Perf] {"corr":"d2181c65-d721-402a-a10f-d3578a4d15ed","stage":"sse.event","t":1786775270448,"d":99092,"surface":"extension","span":"start","eventType":"message.updated.1","dir":"/private/var/folders/9v/733tfwtj2jvgwygmtrbwj9gm0000gn/T/kilo-e2e-ZPnvgH/workspace"}
[Kilo New][P0-Perf] {"corr":"d2181c65-d721-402a-a10f-d3578a4d15ed","stage":"sse.event","t":1786775270448,"d":99092,"surface":"extension","span":"end","dur":0,"eventType":"message.updated.1","dir":"/private/var/folders/9v/733tfwtj2jvgwygmtrbwj9gm0000gn/T/kilo-e2e-ZPnvgH/workspace"}
[Kilo New][P0-Perf] {"corr":"d2181c65-d721-402a-a10f-d3578a4d15ed","stage":"sse.event","t":1786775270448,"d":99092,"surface":"extension","span":"start","eventType":"session.status","dir":"/private/var/folders/9v/733tfwtj2jvgwygmtrbwj9gm0000gn/T/kilo-e2e-ZPnvgH/workspace"}
[Kilo New][P0-Perf] {"corr":"d2181c65-d721-402a-a10f-d3578a4d15ed","stage":"sse.event","t":1786775270448,"d":99092,"surface":"extension","span":"end","dur":0,"eventType":"session.status","dir":"/private/var/folders/9v/733tfwtj2jvgwygmtrbwj9gm0000gn/T/kilo-e2e-ZPnvgH/workspace"}
[Kilo New][P0-Perf] {"corr":"d2181c65-d721-402a-a10f-d3578a4d15ed","stage":"sse.event","t":1786775270448,"d":99092,"surface":"extension","span":"start","eventType":"session.status","dir":"/private/var/folders/9v/733tfwtj2jvgwygmtrbwj9gm0000gn/T/kilo-e2e-ZPnvgH/workspace"}
[Kilo New][P0-Perf] {"corr":"d2181c65-d721-402a-a10f-d3578a4d15ed","stage":"sse.event","t":1786775270449,"d":99093,"surface":"extension","span":"end","dur":1,"eventType":"session.status","dir":"/private/var/folders/9v/733tfwtj2jvgwygmtrbwj9gm0000gn/T/kilo-e2e-ZPnvgH/workspace"}
[Kilo New][P0-Perf] {"corr":"d2181c65-d721-402a-a10f-d3578a4d15ed","stage":"sse.event","t":1786775270449,"d":99093,"surface":"extension","span":"start","eventType":"session.idle","dir":"/private/var/folders/9v/733tfwtj2jvgwygmtrbwj9gm0000gn/T/kilo-e2e-ZPnvgH/workspace"}
[Kilo New][P0-Perf] {"corr":"d2181c65-d721-402a-a10f-d3578a4d15ed","stage":"sse.event","t":1786775270449,"d":99093,"surface":"extension","span":"end","dur":0,"eventType":"session.idle","dir":"/private/var/folders/9v/733tfwtj2jvgwygmtrbwj9gm0000gn/T/kilo-e2e-ZPnvgH/workspace"}
[Kilo New][P0-Perf] {"corr":"d2181c65-d721-402a-a10f-d3578a4d15ed","stage":"sse.event","t":1786775270449,"d":99093,"surface":"extension","span":"start","eventType":"session.turn.close","dir":"/private/var/folders/9v/733tfwtj2jvgwygmtrbwj9gm0000gn/T/kilo-e2e-ZPnvgH/workspace"}
[Kilo New][P0-Perf] {"corr":"d2181c65-d721-402a-a10f-d3578a4d15ed","stage":"sse.event","t":1786775270449,"d":99093,"surface":"extension","span":"end","dur":0,"eventType":"session.turn.close","dir":"/private/var/folders/9v/733tfwtj2jvgwygmtrbwj9gm0000gn/T/kilo-e2e-ZPnvgH/workspace"}
[Kilo New][P0-Perf] {"corr":"d2181c65-d721-402a-a10f-d3578a4d15ed","stage":"sse.event","t":1786775270464,"d":99108,"surface":"extension","span":"start","eventType":"session.updated","dir":"/private/var/folders/9v/733tfwtj2jvgwygmtrbwj9gm0000gn/T/kilo-e2e-ZPnvgH/workspace"}
[Kilo New][P0-Perf] {"corr":"d2181c65-d721-402a-a10f-d3578a4d15ed","stage":"sse.event","t":1786775270464,"d":99108,"surface":"extension","span":"end","dur":0,"eventType":"session.updated","dir":"/private/var/folders/9v/733tfwtj2jvgwygmtrbwj9gm0000gn/T/kilo-e2e-ZPnvgH/workspace"}
[Kilo New][P0-Perf] {"corr":"d2181c65-d721-402a-a10f-d3578a4d15ed","stage":"sse.event","t":1786775270464,"d":99108,"surface":"extension","span":"start","eventType":"session.updated.1","dir":"/private/var/folders/9v/733tfwtj2jvgwygmtrbwj9gm0000gn/T/kilo-e2e-ZPnvgH/workspace"}
[Kilo New][P0-Perf] {"corr":"d2181c65-d721-402a-a10f-d3578a4d15ed","stage":"sse.event","t":1786775270464,"d":99108,"surface":"extension","span":"end","dur":0,"eventType":"session.updated.1","dir":"/private/var/folders/9v/733tfwtj2jvgwygmtrbwj9gm0000gn/T/kilo-e2e-ZPnvgH/workspace"}
[Kilo New][P0-Perf] {"corr":"d2181c65-d721-402a-a10f-d3578a4d15ed","stage":"sse.event","t":1786775270464,"d":99108,"surface":"extension","span":"start","eventType":"session.diff","dir":"/private/var/folders/9v/733tfwtj2jvgwygmtrbwj9gm0000gn/T/kilo-e2e-ZPnvgH/workspace"}
[Kilo New][P0-Perf] {"corr":"d2181c65-d721-402a-a10f-d3578a4d15ed","stage":"sse.event","t":1786775270464,"d":99108,"surface":"extension","span":"end","dur":0,"eventType":"session.diff","dir":"/private/var/folders/9v/733tfwtj2jvgwygmtrbwj9gm0000gn/T/kilo-e2e-ZPnvgH/workspace"}
[Kilo New][P0-Perf] {"corr":"d2181c65-d721-402a-a10f-d3578a4d15ed","stage":"sse.event","t":1786775270464,"d":99108,"surface":"extension","span":"start","eventType":"message.updated","dir":"/private/var/folders/9v/733tfwtj2jvgwygmtrbwj9gm0000gn/T/kilo-e2e-ZPnvgH/workspace"}
[Kilo New][P0-Perf] {"corr":"d2181c65-d721-402a-a10f-d3578a4d15ed","stage":"sse.event","t":1786775270464,"d":99108,"surface":"extension","span":"end","dur":0,"eventType":"message.updated","dir":"/private/var/folders/9v/733tfwtj2jvgwygmtrbwj9gm0000gn/T/kilo-e2e-ZPnvgH/workspace"}
[Kilo New][P0-Perf] {"corr":"d2181c65-d721-402a-a10f-d3578a4d15ed","stage":"sse.event","t":1786775270465,"d":99109,"surface":"extension","span":"start","eventType":"message.updated.1","dir":"/private/var/folders/9v/733tfwtj2jvgwygmtrbwj9gm0000gn/T/kilo-e2e-ZPnvgH/workspace"}
[Kilo New][P0-Perf] {"corr":"d2181c65-d721-402a-a10f-d3578a4d15ed","stage":"sse.event","t":1786775270465,"d":99109,"surface":"extension","span":"end","dur":0,"eventType":"message.updated.1","dir":"/private/var/folders/9v/733tfwtj2jvgwygmtrbwj9gm0000gn/T/kilo-e2e-ZPnvgH/workspace"}
[Kilo New] ServerManager: ⚠️ CLI Server stderr: INFO  2026-08-15T06:27:51 +1423ms service=model-cache providerID=apertis refreshing models
[Kilo New] ServerManager: ⚠️ CLI Server stderr: INFO  2026-08-15T06:27:51 +7ms service=model-cache providerID=apertis count=0 models fetched and cached
[probe] PASS H-12 summary: second user turn completes and the session is idle (attempt 1)
[probe] PASS H-12 panel shows the summary text: transcript text present
[probe] H-12 revert boundary user message: msg_0041ac8be001y4bx6cOpIib5R4
[probe] clicked production Revert-to-here on user message msg_0041ac8be001y4bx6cOpIib5R4
[Kilo New] ServerManager: ⚠️ CLI Server stderr: INFO  2026-08-15T06:27:53 +1403ms service=snapshot hash=3d349936edb34f577e45cf44da02f96cd7d4a208 cwd=/private/var/folders/9v/733tfwtj2jvgwygmtrbwj9gm0000gn/T/kilo-e2e-ZPnvgH/workspace git=/var/folders/9v/733tfwtj2jvgwygmtrbwj9gm0000gn/T/kilo-e2e-ZPnvgH/xdg-data/kilo/snapshot/b289fb45de8da4fa44e139efaaf8b5478551cab5/9d6abdc242d21a47adc2bd681ec53d69051777f4 tracking
[Kilo New] ServerManager: ⚠️ CLI Server stderr: INFO  2026-08-15T06:27:53 +1ms service=model-cache providerID=apertis refreshing models
[Kilo New] ServerManager: ⚠️ CLI Server stderr: INFO  2026-08-15T06:27:53 +12ms service=model-cache providerID=apertis count=0 models fetched and cached
[Kilo New] ServerManager: ⚠️ CLI Server stderr: INFO  2026-08-15T06:27:53 +122ms service=snapshot file=/private/var/folders/9v/733tfwtj2jvgwygmtrbwj9gm0000gn/T/kilo-e2e-ZPnvgH/workspace/rollback.txt hash=254323e02804415fd8fd90f2bfcd320908c07796 reverting
[Kilo New][P0-Perf] {"corr":"d2181c65-d721-402a-a10f-d3578a4d15ed","stage":"sse.event","t":1786775273702,"d":102346,"surface":"extension","span":"start","eventType":"session.diff","dir":"/private/var/folders/9v/733tfwtj2jvgwygmtrbwj9gm0000gn/T/kilo-e2e-ZPnvgH/workspace"}
[Kilo New][P0-Perf] {"corr":"d2181c65-d721-402a-a10f-d3578a4d15ed","stage":"sse.event","t":1786775273702,"d":102346,"surface":"extension","span":"end","dur":0,"eventType":"session.diff","dir":"/private/var/folders/9v/733tfwtj2jvgwygmtrbwj9gm0000gn/T/kilo-e2e-ZPnvgH/workspace"}
[Kilo New][P0-Perf] {"corr":"d2181c65-d721-402a-a10f-d3578a4d15ed","stage":"sse.event","t":1786775273702,"d":102346,"surface":"extension","span":"start","eventType":"session.updated","dir":"/private/var/folders/9v/733tfwtj2jvgwygmtrbwj9gm0000gn/T/kilo-e2e-ZPnvgH/workspace"}
[Kilo New][P0-Perf] {"corr":"d2181c65-d721-402a-a10f-d3578a4d15ed","stage":"sse.event","t":1786775273702,"d":102346,"surface":"extension","span":"end","dur":0,"eventType":"session.updated","dir":"/private/var/folders/9v/733tfwtj2jvgwygmtrbwj9gm0000gn/T/kilo-e2e-ZPnvgH/workspace"}
[Kilo New][P0-Perf] {"corr":"d2181c65-d721-402a-a10f-d3578a4d15ed","stage":"sse.event","t":1786775273702,"d":102346,"surface":"extension","span":"start","eventType":"session.updated.1","dir":"/private/var/folders/9v/733tfwtj2jvgwygmtrbwj9gm0000gn/T/kilo-e2e-ZPnvgH/workspace"}
[Kilo New][P0-Perf] {"corr":"d2181c65-d721-402a-a10f-d3578a4d15ed","stage":"sse.event","t":1786775273703,"d":102347,"surface":"extension","span":"end","dur":1,"eventType":"session.updated.1","dir":"/private/var/folders/9v/733tfwtj2jvgwygmtrbwj9gm0000gn/T/kilo-e2e-ZPnvgH/workspace"}
[Kilo New] ServerManager: ⚠️ CLI Server stderr: INFO  2026-08-15T06:27:55 +1856ms service=model-cache providerID=apertis refreshing models
[Kilo New] ServerManager: ⚠️ CLI Server stderr: INFO  2026-08-15T06:27:55 +54ms service=model-cache providerID=apertis count=0 models fetched and cached
[probe] PASS H-12 backend revert/checkpoint fact + summary diff
[probe] PASS H-12 exact initial bytes restored
[probe] PASS H-12 restored bytes: /var/folders/9v/733tfwtj2jvgwygmtrbwj9gm0000gn/T/kilo-e2e-ZPnvgH/workspace/rollback.txt = "E2E_ROLLBACK_ORIGINAL\n"
[probe] PASS H-12 RevertBanner visible
[probe] PASS H-12 RevertBanner lists the reverted file: banner lists "rollback.txt"
[Kilo New] ServerManager: ⚠️ CLI Server stderr: INFO  2026-08-15T06:27:55 +527ms service=session.revert sessionID=ses_ffbe65b6affeWMAe9X7ERomdq3 unreverting
[Kilo New] ServerManager: ⚠️ CLI Server stderr: INFO  2026-08-15T06:27:55 +12ms service=snapshot commit=3d349936edb34f577e45cf44da02f96cd7d4a208 restore
[probe] clicked RevertBanner Redo All (production unrevert path)
[Kilo New][P0-Perf] {"corr":"d2181c65-d721-402a-a10f-d3578a4d15ed","stage":"sse.event","t":1786775276079,"d":104723,"surface":"extension","span":"start","eventType":"session.updated","dir":"/private/var/folders/9v/733tfwtj2jvgwygmtrbwj9gm0000gn/T/kilo-e2e-ZPnvgH/workspace"}
[Kilo New][P0-Perf] {"corr":"d2181c65-d721-402a-a10f-d3578a4d15ed","stage":"sse.event","t":1786775276079,"d":104723,"surface":"extension","span":"end","dur":0,"eventType":"session.updated","dir":"/private/var/folders/9v/733tfwtj2jvgwygmtrbwj9gm0000gn/T/kilo-e2e-ZPnvgH/workspace"}
[Kilo New][P0-Perf] {"corr":"d2181c65-d721-402a-a10f-d3578a4d15ed","stage":"sse.event","t":1786775276079,"d":104723,"surface":"extension","span":"start","eventType":"session.updated.1","dir":"/private/var/folders/9v/733tfwtj2jvgwygmtrbwj9gm0000gn/T/kilo-e2e-ZPnvgH/workspace"}
[Kilo New][P0-Perf] {"corr":"d2181c65-d721-402a-a10f-d3578a4d15ed","stage":"sse.event","t":1786775276079,"d":104723,"surface":"extension","span":"end","dur":0,"eventType":"session.updated.1","dir":"/private/var/folders/9v/733tfwtj2jvgwygmtrbwj9gm0000gn/T/kilo-e2e-ZPnvgH/workspace"}
[Kilo New] ServerManager: ⚠️ CLI Server stderr: INFO  2026-08-15T06:27:57 +1518ms service=model-cache providerID=apertis refreshing models
[Kilo New] ServerManager: ⚠️ CLI Server stderr: INFO  2026-08-15T06:27:57 +17ms service=model-cache providerID=apertis count=0 models fetched and cached
[Kilo New] ServerManager: ⚠️ CLI Server stderr: INFO  2026-08-15T06:27:59 +2106ms service=model-cache providerID=apertis refreshing models
[Kilo New] ServerManager: ⚠️ CLI Server stderr: INFO  2026-08-15T06:27:59 +11ms service=model-cache providerID=apertis count=0 models fetched and cached
[Kilo New][P0-Perf] {"corr":"d2181c65-d721-402a-a10f-d3578a4d15ed","stage":"sse.event","t":1786775279692,"d":108336,"surface":"extension","span":"start","eventType":"server.heartbeat"}
[Kilo New][P0-Perf] {"corr":"d2181c65-d721-402a-a10f-d3578a4d15ed","stage":"sse.event","t":1786775279693,"d":108337,"surface":"extension","span":"end","dur":1,"eventType":"server.heartbeat"}
[probe] PASS H-12 Redo All clears the backend checkpoint and the session stays idle
[probe] PASS H-12 edited bytes restored by Redo All
[probe] PASS H-12 RevertBanner gone after Redo All
[probe] PASS H-12 reverted turns re-shown in the transcript: transcript text present
[probe] PASS H-12 rollback lifecycle passed
[Kilo New] ServerManager: ⚠️ CLI Server stderr: INFO  2026-08-15T06:28:01 +1505ms service=model-cache providerID=apertis refreshing models
[Kilo New] ServerManager: ⚠️ CLI Server stderr: INFO  2026-08-15T06:28:01 +33ms service=model-cache providerID=apertis count=0 models fetched and cached
[probe] PIN EVIDENCE: [
  {
    "prompt": "E2E_TASK_DELEGATE: delegate one read-only sub-task that only replies with a fixed text string, wait for it, and report its reply verbatim",
    "expected": {
      "agent": "e2e-agent",
      "model": "e2e-local/e2e-model",
      "variant": "low"
    },
    "users": [
      {
        "id": "msg_00419a466001esUIhqEdQxw3zl",
        "agent": "e2e-agent",
        "model": "e2e-local/e2e-model/low",
        "pass": true
      }
    ]
  },
  {
    "prompt": "E2E_USER_TOOL: call the user-defined tool",
    "expected": {
      "agent": "e2e-agent",
      "model": "e2e-local/e2e-model",
      "variant": "low"
    },
    "users": [
      {
        "id": "msg_00419e994001pyZtCcgbg7l56J",
        "agent": "e2e-agent",
        "model": "e2e-local/e2e-model/low",
        "pass": true
      }
    ]
  },
  {
    "prompt": "E2E_SKILL: load the e2e skill",
    "expected": {
      "agent": "e2e-agent",
      "model": "e2e-local/e2e-model",
      "variant": "low"
    },
    "users": [
      {
        "id": "msg_0041a111d0010ghRLrKEHZzRDP",
        "agent": "e2e-agent",
        "model": "e2e-local/e2e-model/low",
        "pass": true
      }
    ]
  },
  {
    "prompt": "E2E_MCP_TOOL: call the mcp echo tool",
    "expected": {
      "agent": "e2e-agent",
      "model": "e2e-local/e2e-model",
      "variant": "low"
    },
    "users": [
      {
        "id": "msg_0041a3a55001WvXhsXVZq7RF2j",
        "agent": "e2e-agent",
        "model": "e2e-local/e2e-model/low",
        "pass": true
      }
    ]
  },
  {
    "prompt": "E2E_PERMISSION_READ: read the ask.txt file",
    "expected": {
      "agent": "e2e-agent",
      "model": "e2e-local/e2e-model",
      "variant": "low"
    },
    "users": [
      {
        "id": "msg_0041a69780011dFP1Vhp5oezHa",
        "agent": "e2e-agent",
        "model": "e2e-local/e2e-model/low",
        "pass": true
      }
    ]
  },
  {
    "prompt": "E2E_QUESTION: ask me a question",
    "expected": {
      "agent": "e2e-agent",
      "model": "e2e-local/e2e-model",
      "variant": "low"
    },
    "users": [
      {
        "id": "msg_0041a89f8001wZMLdj5XQ9KOO2",
        "agent": "e2e-agent",
        "model": "e2e-local/e2e-model/low",
        "pass": true
      }
    ]
  },
  {
    "prompt": "E2E_ROLLBACK_EDIT: edit the tracked file",
    "expected": {
      "agent": "e2e-agent",
      "model": "e2e-local/e2e-model",
      "variant": "low"
    },
    "users": [
      {
        "id": "msg_0041ac8be001y4bx6cOpIib5R4",
        "agent": "e2e-agent",
        "model": "e2e-local/e2e-model/low",
        "pass": true
      }
    ]
  },
  {
    "prompt": "E2E_ROLLBACK_SUMMARY: summarize the edit",
    "expected": {
      "agent": "e2e-agent",
      "model": "e2e-local/e2e-model",
      "variant": "low"
    },
    "users": [
      {
        "id": "msg_0041ae8850012h7WKwDOwwd1jq",
        "agent": "e2e-agent",
        "model": "e2e-local/e2e-model/low",
        "pass": true
      }
    ]
  }
]
[probe] real-completed lifecycle passed
[probe] real-completed lifecycle assertion passed
[90m[main 2026-08-15T06:28:01.815Z][0m Extension host with pid 7009 exited with code: 0, signal: unknown.
Exit code:   0
[probe] VS Code exited (code 0)
[probe] cleanup: no owned VS Code process remains
[probe] cleanup: CDP port 60559 released
[probe] cleanup: scratch dir removed: true
[probe] total elapsed: 140s
E2E_RUN_EXIT=0
